
mtllib textured.mtl
usemtl mesh

v -0.083417 -0.123233 -0.347325
v -0.073651 -0.115193 -0.384891
v -0.049619 -0.069706 -0.395328
v -0.059916 -0.084312 -0.351560
v -0.077395 -0.093714 -0.304633
v -0.100431 -0.128952 -0.317805
v -0.115357 -0.175324 -0.327613
v -0.101174 -0.173642 -0.350053
v -0.094066 -0.170961 -0.378505
v -0.127542 0.195982 -0.401886
v -0.128406 0.204791 -0.373099
v -0.086814 0.213815 -0.378575
v -0.085918 0.201294 -0.408748
v -0.083120 0.179065 -0.439425
v -0.127666 0.175061 -0.430332
v -0.127542 0.195982 -0.401886
v -0.127666 0.175061 -0.430332
v -0.158640 0.161997 -0.421825
v -0.165190 0.176288 -0.399570
v -0.166269 0.180745 -0.369678
v -0.128406 0.204791 -0.373099
v -0.157828 0.050957 0.243086
v -0.158401 0.012725 0.232705
v -0.116218 0.008727 0.256728
v -0.117868 0.036011 0.269523
v -0.128844 0.060611 0.284002
v -0.159921 0.084922 0.237566
v -0.157828 0.050957 0.243086
v -0.159921 0.084922 0.237566
v -0.176459 0.091121 0.211435
v -0.183599 0.065556 0.210207
v -0.187063 0.015700 0.203160
v -0.158401 0.012725 0.232705
v -0.195548 0.124808 -0.406751
v -0.213164 0.060728 -0.414411
v -0.216561 0.056020 -0.372573
v -0.197719 0.124447 -0.371380
v -0.177641 0.126339 -0.435882
v -0.189565 0.066886 -0.449416
v -0.035636 0.147142 -0.472667
v -0.028038 0.100836 -0.490017
v -0.067404 0.089675 -0.493727
v -0.076864 0.139624 -0.471088
v -0.041361 0.185416 -0.445665
v -0.000985 0.189225 -0.448097
v -0.000925 0.150911 -0.470620
v -0.000838 0.106181 -0.483328
v -0.222131 0.110898 0.031721
v -0.237075 0.031641 0.033814
v -0.228456 0.028270 0.080028
v -0.218531 0.106357 0.079215
v -0.195888 0.176358 0.083968
v -0.192263 0.182400 0.033720
v -0.183675 0.183893 -0.033595
v -0.217912 0.113881 -0.034897
v -0.236493 0.035877 -0.033744
v -0.201572 0.116828 -0.128741
v -0.218386 0.041492 -0.132699
v -0.169293 0.185206 -0.122815
v -0.157624 0.185830 -0.208382
v -0.186734 0.118965 -0.215654
v -0.200477 0.045602 -0.221612
v -0.162012 0.229700 0.046594
v -0.172570 0.226983 0.104104
v -0.147582 0.273964 0.142614
v -0.133550 0.258173 0.063296
v -0.108454 0.247058 -0.010045
v -0.149674 0.223423 -0.026810
v -0.162012 0.229700 0.046594
v -0.149674 0.223423 -0.026810
v -0.172570 0.226983 0.104104
v -0.136151 0.221020 -0.116132
v -0.098239 0.238713 -0.110785
v -0.090070 0.236784 -0.196942
v -0.126148 0.220254 -0.201863
v -0.136151 0.221020 -0.116132
v -0.126148 0.220254 -0.201863
v -0.157478 -0.121088 0.030555
v -0.115348 -0.135516 0.032878
v -0.114753 -0.145184 0.076412
v -0.151704 -0.144353 0.067000
v -0.157478 -0.121088 0.030555
v -0.151704 -0.144353 0.067000
v -0.182299 -0.122502 0.075495
v -0.191657 -0.092576 0.031577
v -0.192396 -0.076327 -0.032028
v -0.156458 -0.109901 -0.029243
v -0.156458 -0.109901 -0.029243
v -0.112892 -0.131340 -0.025706
v -0.141270 -0.094813 -0.119980
v -0.101351 -0.120968 -0.110258
v -0.141270 -0.094813 -0.119980
v -0.175020 -0.058780 -0.129708
v -0.156034 -0.049175 -0.220602
v -0.124178 -0.083349 -0.208085
v -0.124178 -0.083349 -0.208085
v -0.088099 -0.108339 -0.195495
v -0.205130 -0.015195 -0.133485
v -0.223532 -0.027630 -0.033158
v -0.185856 -0.008318 -0.224186
v -0.222553 -0.038925 0.033214
v -0.213621 -0.046613 0.076596
v -0.020146 0.052531 -0.491523
v -0.015759 0.008933 -0.476330
v -0.044074 -0.026782 -0.482598
v -0.054995 0.035926 -0.497330
v -0.000734 0.061562 -0.483617
v -0.000621 0.020364 -0.470114
v -0.212587 0.003233 -0.413531
v -0.202308 -0.052088 -0.407300
v -0.206241 -0.060257 -0.361240
v -0.216601 -0.004417 -0.367627
v -0.184293 0.011238 -0.453544
v -0.173323 -0.044815 -0.448585
v -0.154847 -0.039661 0.209357
v -0.149729 -0.103861 0.183763
v -0.114070 -0.096380 0.199242
v -0.114241 -0.035175 0.232721
v -0.154847 -0.039661 0.209357
v -0.182242 -0.043234 0.183986
v -0.172757 -0.109787 0.163618
v -0.149729 -0.103861 0.183763
v -0.208163 -0.048229 0.107953
v -0.189522 -0.120876 0.101944
v -0.190046 -0.117467 0.122559
v -0.203413 -0.046807 0.133296
v -0.209657 0.022263 0.144281
v -0.218966 0.025252 0.114957
v -0.145609 -0.177532 0.166643
v -0.128184 -0.175979 0.170654
v -0.145609 -0.177532 0.166643
v -0.162228 -0.182492 0.152990
v -0.153473 -0.250707 0.152575
v -0.142356 -0.247953 0.160719
v -0.142356 -0.247953 0.160719
v -0.130825 -0.246414 0.161371
v -0.180756 0.202407 0.145742
v -0.181936 0.165180 0.179461
v -0.176303 0.177509 0.214723
v -0.171541 0.224813 0.182423
v -0.147582 0.273964 0.142614
v -0.172570 0.226983 0.104104
v -0.180756 0.202407 0.145742
v -0.195379 0.161402 0.121988
v -0.191477 0.140827 0.154089
v -0.181936 0.165180 0.179461
v -0.211411 0.098739 0.115681
v -0.203198 0.088998 0.146787
v -0.184214 -0.013699 -0.261681
v -0.151943 -0.056750 -0.263852
v -0.200493 0.045324 -0.259038
v -0.208459 0.045209 -0.280986
v -0.193578 -0.019595 -0.281812
v -0.160188 -0.080819 -0.287959
v -0.187016 0.119522 -0.261485
v -0.157178 0.185257 -0.264733
v -0.161694 0.184100 -0.304026
v -0.193436 0.120102 -0.291373
v -0.124370 0.218892 -0.264496
v -0.087504 0.235024 -0.262709
v -0.087586 0.231463 -0.311924
v -0.126418 0.216220 -0.309998
v -0.124370 0.218892 -0.264496
v -0.126418 0.216220 -0.309998
v -0.117442 -0.083035 -0.259990
v -0.080510 -0.097398 -0.256136
v -0.117442 -0.083035 -0.259990
v -0.119249 -0.097558 -0.287607
v -0.119249 -0.097558 -0.287607
v -0.040942 -0.104686 -0.258327
v -0.000058 -0.106514 -0.260960
v 0.000075 -0.125330 -0.192015
v -0.045611 -0.121649 -0.191691
v -0.036829 -0.086061 -0.312142
v -0.000179 -0.085417 -0.316791
v -0.045492 0.248250 -0.261309
v -0.047156 0.249966 -0.194464
v -0.000811 0.255773 -0.193866
v -0.000894 0.254188 -0.260734
v -0.000953 0.251087 -0.312376
v -0.045172 0.244824 -0.312441
v -0.053346 -0.140277 0.130655
v 0.000550 -0.144126 0.142891
v 0.000557 -0.127257 0.179220
v -0.049909 -0.126902 0.165865
v -0.090537 -0.142529 0.144734
v -0.095799 -0.150040 0.113607
v -0.058538 -0.145536 0.090272
v 0.000511 -0.150978 0.100318
v -0.060249 -0.030292 0.252047
v -0.058162 -0.067500 0.228821
v 0.000484 -0.060292 0.242450
v 0.000432 -0.027681 0.260661
v 0.000387 -0.001312 0.273270
v -0.061134 0.002379 0.269635
v -0.120736 0.022148 -0.483073
v -0.113317 -0.036609 -0.474517
v -0.131113 0.077447 -0.478023
v -0.120736 0.022148 -0.483073
v -0.131113 0.077447 -0.478023
v -0.113317 -0.036609 -0.474517
v -0.052737 -0.134923 -0.106500
v 0.000217 -0.138789 -0.106146
v 0.000347 -0.147428 -0.020705
v -0.058879 -0.143635 -0.022322
v -0.060598 -0.146914 0.041274
v 0.000444 -0.151785 0.046951
v -0.051651 0.252731 -0.108872
v -0.052924 0.259794 -0.023873
v -0.000617 0.265726 -0.024590
v -0.000709 0.258880 -0.108806
v -0.044922 0.274400 0.041190
v -0.035156 0.293595 0.093027
v -0.000538 0.296003 0.091039
v -0.000563 0.278526 0.039746
v -0.083129 0.270023 0.051504
v -0.070093 0.289900 0.101535
v -0.131139 0.131983 -0.458077
v -0.131139 0.131983 -0.458077
v -0.062576 0.022441 0.282204
v 0.000362 0.016072 0.285064
v 0.000352 0.026937 0.297610
v -0.061838 0.033744 0.294531
v -0.043635 0.209626 -0.415206
v -0.044177 0.225041 -0.383035
v -0.001001 0.231255 -0.385040
v -0.001005 0.214597 -0.418361
v -0.018672 -0.023252 -0.443583
v -0.000504 -0.014107 -0.441444
v -0.000390 -0.042413 -0.403785
v -0.025127 -0.047629 -0.401643
v -0.040089 -0.053206 -0.440834
v -0.044074 -0.026782 -0.482598
v -0.015759 0.008933 -0.476330
v -0.000621 0.020364 -0.470114
v -0.139435 -0.223554 -0.340823
v -0.123247 -0.224746 -0.347556
v -0.136643 -0.175001 -0.316864
v -0.139435 -0.223554 -0.340823
v -0.136643 -0.175001 -0.316864
v -0.158347 -0.173271 -0.319092
v -0.155476 -0.221935 -0.343886
v -0.152230 -0.269326 -0.363825
v -0.139622 -0.271038 -0.360059
v -0.139622 -0.271038 -0.360059
v -0.126935 -0.272392 -0.363807
v -0.124635 -0.301047 0.157681
v -0.122847 -0.301430 0.143408
v -0.119834 -0.251153 0.134926
v -0.123114 -0.248227 0.150968
v -0.130147 -0.301196 0.167576
v -0.125642 -0.343513 0.183970
v -0.121742 -0.339941 0.170308
v -0.121407 -0.339396 0.155825
v -0.173563 -0.191861 0.104204
v -0.175139 -0.188977 0.120797
v -0.164760 -0.194255 0.091773
v -0.155596 -0.255976 0.102395
v -0.161608 -0.255265 0.112439
v -0.162427 -0.253905 0.126475
v -0.190822 -0.109650 -0.398908
v -0.193887 -0.114891 -0.358108
v -0.168154 -0.105483 -0.434856
v -0.164739 -0.165503 -0.421884
v -0.179240 -0.166442 -0.394571
v -0.181300 -0.168183 -0.362143
v -0.146503 -0.195678 0.087675
v -0.146503 -0.195678 0.087675
v -0.127215 -0.195972 0.093675
v -0.128964 -0.254179 0.105891
v -0.142506 -0.255401 0.100341
v -0.142506 -0.255401 0.100341
v -0.116271 -0.182612 0.157334
v -0.111455 -0.191066 0.134895
v -0.095730 -0.126245 0.174289
v -0.127782 -0.130608 -0.302845
v -0.127782 -0.130608 -0.302845
v -0.157363 -0.128287 -0.304487
v -0.122162 -0.101524 -0.453642
v -0.122162 -0.101524 -0.453642
v -0.113317 -0.036609 -0.474517
v -0.079806 -0.100860 -0.451329
v -0.105970 -0.166225 -0.428229
v -0.134931 -0.165363 -0.433097
v -0.134931 -0.165363 -0.433097
v -0.137195 -0.358343 0.214862
v -0.124820 -0.361915 0.215580
v -0.125024 -0.356962 0.206430
v -0.137370 -0.353101 0.204731
v -0.137195 -0.358343 0.214862
v -0.137370 -0.353101 0.204731
v -0.149414 -0.356170 0.203690
v -0.149316 -0.360448 0.213311
v -0.146075 -0.365323 0.218139
v -0.136957 -0.365274 0.221332
v -0.136957 -0.365274 0.221332
v -0.127728 -0.366599 0.219604
v -0.140339 -0.303859 0.112760
v -0.150447 -0.305008 0.114602
v -0.140339 -0.303859 0.112760
v -0.129888 -0.302527 0.117912
v -0.129358 -0.338047 0.130385
v -0.139052 -0.338696 0.125636
v -0.139052 -0.338696 0.125636
v -0.148365 -0.339827 0.127928
v -0.154977 -0.305166 0.124354
v -0.155646 -0.304825 0.138061
v -0.152868 -0.340800 0.137956
v -0.154154 -0.341524 0.151919
v -0.139838 -0.302399 0.168711
v -0.139838 -0.302399 0.168711
v -0.149310 -0.303785 0.162852
v -0.150050 -0.344756 0.180310
v -0.138186 -0.337618 0.182578
v -0.138186 -0.337618 0.182578
v -0.136266 -0.374161 0.165724
v -0.121345 -0.370454 0.163507
v -0.117999 -0.374428 0.175941
v -0.136229 -0.378571 0.177718
v -0.136266 -0.374161 0.165724
v -0.136229 -0.378571 0.177718
v -0.154778 -0.375013 0.173654
v -0.151657 -0.371134 0.161438
v -0.146486 -0.366177 0.152299
v -0.136642 -0.367134 0.153489
v -0.136642 -0.367134 0.153489
v -0.127224 -0.365523 0.153803
v -0.115342 -0.363780 0.181684
v -0.116424 -0.362550 0.167657
v -0.115651 -0.364533 0.193834
v -0.116431 -0.376568 0.200267
v -0.116477 -0.376068 0.189341
v -0.154477 -0.361401 0.151249
v -0.157308 -0.363792 0.164419
v -0.148404 -0.358908 0.141906
v -0.137695 -0.357550 0.139669
v -0.137695 -0.357550 0.139669
v -0.126742 -0.357763 0.143955
v -0.140669 -0.312220 -0.359911
v -0.129258 -0.313435 -0.362543
v -0.140669 -0.312220 -0.359911
v -0.152087 -0.310483 -0.363863
v -0.155967 -0.345391 -0.353299
v -0.141815 -0.341536 -0.350621
v -0.141815 -0.341536 -0.350621
v -0.128246 -0.348194 -0.351806
v -0.139284 -0.220892 -0.425533
v -0.159035 -0.219611 -0.419193
v -0.139284 -0.220892 -0.425533
v -0.119422 -0.222411 -0.420492
v -0.125547 -0.270035 -0.417505
v -0.139701 -0.268366 -0.421757
v -0.139701 -0.268366 -0.421757
v -0.153756 -0.267006 -0.418099
v -0.168673 -0.219459 -0.400509
v -0.170244 -0.219998 -0.377255
v -0.160834 -0.266956 -0.405984
v -0.162327 -0.267589 -0.390042
v -0.112488 -0.224613 -0.363627
v -0.107708 -0.223883 -0.384348
v -0.119299 -0.272367 -0.375271
v -0.116463 -0.271672 -0.390587
v -0.120317 -0.363731 -0.360200
v -0.121316 -0.361058 -0.370719
v -0.124121 -0.342632 -0.376263
v -0.124229 -0.344400 -0.363998
v -0.120333 -0.366397 -0.351019
v -0.122910 -0.376799 -0.351639
v -0.123157 -0.373674 -0.359211
v -0.124431 -0.370235 -0.368104
v -0.157434 -0.307188 -0.400260
v -0.159157 -0.308212 -0.387102
v -0.151613 -0.306888 -0.409919
v -0.152286 -0.337256 -0.399223
v -0.158047 -0.337963 -0.390262
v -0.160267 -0.339493 -0.378033
v -0.123552 -0.313121 -0.372209
v -0.122218 -0.312046 -0.385389
v -0.140665 -0.308038 -0.412579
v -0.140665 -0.308038 -0.412579
v -0.129723 -0.309712 -0.408656
v -0.131550 -0.339538 -0.397937
v -0.141867 -0.338029 -0.401642
v -0.141867 -0.338029 -0.401642
v -0.144092 -0.370742 -0.376116
v -0.127016 -0.368008 -0.377005
v -0.144090 -0.373078 -0.367765
v -0.144092 -0.370742 -0.376116
v -0.144090 -0.373078 -0.367765
v -0.163330 -0.369408 -0.369332
v -0.160700 -0.367147 -0.378208
v -0.154506 -0.363796 -0.384576
v -0.143819 -0.366349 -0.384412
v -0.143819 -0.366349 -0.384412
v -0.132741 -0.364620 -0.383676
v -0.142998 -0.356455 -0.392587
v -0.155453 -0.356115 -0.390580
v -0.142998 -0.356455 -0.392587
v -0.130622 -0.357608 -0.389340
v -0.121868 -0.372187 -0.331682
v -0.125913 -0.379111 -0.333562
v -0.124463 -0.378526 -0.341599
v -0.121148 -0.370119 -0.338710
v -0.128894 -0.361120 -0.336073
v -0.128585 -0.364724 -0.330090
v -0.132153 -0.368094 -0.327041
v -0.127692 -0.373628 -0.326137
v -0.131170 -0.377910 -0.328460
v -0.162243 -0.357085 -0.382918
v -0.165191 -0.359052 -0.372432
v -0.143529 -0.373510 -0.324793
v -0.143108 -0.366583 -0.326218
v -0.143529 -0.373510 -0.324793
v -0.143108 -0.366583 -0.326218
v -0.154159 -0.366764 -0.327754
v -0.159298 -0.372191 -0.327181
v -0.156391 -0.377002 -0.329188
v -0.143882 -0.379236 -0.327100
v -0.143882 -0.379236 -0.327100
v -0.144023 -0.381017 -0.334584
v -0.161818 -0.377968 -0.334445
v -0.163252 -0.377321 -0.342425
v -0.144053 -0.380920 -0.342945
v -0.144023 -0.381017 -0.334584
v -0.144053 -0.380920 -0.342945
v -0.164917 -0.370029 -0.332834
v -0.157255 -0.362629 -0.330936
v -0.156479 -0.358769 -0.336761
v -0.165397 -0.367749 -0.339719
v -0.142762 -0.361199 -0.329931
v -0.142492 -0.356948 -0.335485
v -0.142762 -0.361199 -0.329931
v -0.142492 -0.356948 -0.335485
v -0.136604 -0.373083 0.220798
v -0.123682 -0.373197 0.219760
v -0.136604 -0.373083 0.220798
v -0.149566 -0.371275 0.218033
v -0.146801 -0.376517 0.215306
v -0.136291 -0.379197 0.216462
v -0.136291 -0.379197 0.216462
v -0.125958 -0.377870 0.216623
v -0.154889 -0.368658 0.211791
v -0.156263 -0.366340 0.204345
v -0.153364 -0.376821 0.205852
v -0.151361 -0.377386 0.210973
v -0.136178 -0.381044 0.211524
v -0.136166 -0.380823 0.207366
v -0.136178 -0.381044 0.211524
v -0.136166 -0.380823 0.207366
v -0.119268 -0.377895 0.208221
v -0.121249 -0.379027 0.212910
v -0.118484 -0.370730 0.214595
v -0.117272 -0.367584 0.207751
v -0.037856 0.326316 0.437686
v -0.023865 0.306671 0.454239
v -0.000100 0.308907 0.453445
v -0.000171 0.329593 0.435859
v -0.000250 0.349440 0.410221
v -0.035420 0.346199 0.410306
v -0.067968 0.340851 0.406950
v -0.071828 0.327805 0.430511
v -0.078682 0.318458 0.443987
v -0.055703 0.314277 0.450385
v -0.040997 0.300845 0.458100
v -0.122216 0.200428 0.454114
v -0.118090 0.194419 0.455163
v -0.111702 0.197148 0.459592
v -0.115723 0.204754 0.459090
v -0.119546 0.214403 0.457035
v -0.126226 0.208542 0.451660
v -0.131024 0.204044 0.446379
v -0.126926 0.197443 0.449349
v -0.122643 0.194155 0.451450
v -0.066239 0.271256 0.464570
v -0.073964 0.285015 0.458801
v -0.089709 0.278160 0.455257
v -0.079567 0.263455 0.462374
v -0.072528 0.249132 0.468314
v -0.058028 0.256113 0.470405
v -0.044382 0.261640 0.471784
v -0.053014 0.277105 0.466065
v -0.062673 0.291431 0.459787
v -0.015459 0.143550 0.474774
v 0.000305 0.146278 0.475783
v 0.000293 0.151500 0.475426
v -0.017490 0.149130 0.474388
v -0.034147 0.142599 0.470663
v -0.031083 0.136790 0.471512
v -0.023029 0.131709 0.471416
v -0.011300 0.138330 0.474268
v 0.000317 0.140640 0.475081
v -0.168520 0.150876 0.276924
v -0.176308 0.193271 0.251697
v -0.163501 0.126068 0.247020
v -0.128844 0.060611 0.284002
v -0.157292 0.116339 0.303417
v -0.171242 0.151912 0.324417
v -0.176225 0.179987 0.305386
v -0.176927 0.213937 0.290724
v -0.101016 0.303045 0.157180
v -0.105683 0.288284 0.119198
v -0.133795 0.293533 0.178808
v -0.101016 0.303045 0.157180
v -0.133795 0.293533 0.178808
v -0.125551 0.308952 0.206174
v -0.093550 0.317867 0.189461
v -0.060260 0.326837 0.181953
v -0.063905 0.309167 0.145251
v -0.063905 0.309167 0.145251
v -0.153569 0.278101 0.214812
v -0.133795 0.293533 0.178808
v -0.161814 0.261490 0.212506
v -0.171283 0.256056 0.259810
v -0.166938 0.266141 0.248716
v -0.153569 0.278101 0.214812
v -0.166938 0.266141 0.248716
v -0.161844 0.279401 0.248083
v -0.147196 0.290852 0.226425
v -0.158297 -0.364841 0.178136
v -0.158100 -0.365177 0.190090
v -0.153816 -0.341909 0.166018
v -0.156218 -0.376549 0.186830
v -0.156252 -0.376779 0.197621
v -0.119938 -0.359987 0.154182
v -0.123710 -0.338522 0.141483
v -0.136191 -0.380307 0.190810
v -0.136163 -0.380613 0.201271
v -0.136191 -0.380307 0.190810
v -0.136163 -0.380613 0.201271
v -0.154168 -0.304479 0.151764
v -0.159940 -0.252539 0.140508
v -0.115317 -0.194977 0.111545
v -0.121595 -0.252950 0.118659
v -0.171716 -0.186080 0.137383
v -0.185327 -0.114046 0.143167
v -0.124328 -0.301820 0.129140
v -0.053114 -0.101173 0.199340
v 0.000531 -0.096398 0.213855
v -0.196325 0.078087 0.178202
v -0.201586 0.018979 0.173684
v -0.184920 0.117932 0.186582
v -0.171474 0.124507 0.213213
v -0.159921 0.084922 0.237566
v -0.171474 0.124507 0.213213
v -0.196602 -0.045379 0.158636
v -0.166118 -0.361705 -0.361956
v -0.165985 -0.364295 -0.352681
v -0.160068 -0.341189 -0.365808
v -0.164585 -0.372874 -0.360469
v -0.164796 -0.375950 -0.352848
v -0.144088 -0.376793 -0.359428
v -0.144084 -0.380051 -0.352375
v -0.144088 -0.376793 -0.359428
v -0.144084 -0.380051 -0.352375
v -0.123925 -0.310980 -0.398565
v -0.118173 -0.271016 -0.405890
v -0.126098 -0.341042 -0.388527
v -0.157812 -0.309229 -0.373948
v -0.159629 -0.268277 -0.374904
v -0.124073 -0.359080 -0.381241
v -0.109458 -0.223279 -0.405034
v -0.094006 -0.168290 -0.407298
v -0.165796 -0.220787 -0.357206
v -0.173784 -0.170729 -0.335584
v -0.181065 -0.122076 -0.324771
v -0.191093 -0.071148 -0.320980
v -0.031368 -0.067804 -0.358872
v -0.000286 -0.065117 -0.363317
v -0.044712 0.236931 -0.350899
v -0.000986 0.243430 -0.351762
v -0.087363 0.224132 -0.348423
v -0.207319 -0.014264 -0.320424
v -0.214404 0.049811 -0.323465
v -0.197009 0.122311 -0.330462
v -0.164914 0.182972 -0.338419
v -0.127898 0.211529 -0.344334
v -0.127898 0.211529 -0.344334
v -0.068041 -0.106576 -0.423985
v -0.069129 0.173186 0.487189
v -0.078407 0.185471 0.484928
v -0.096633 0.165522 0.475045
v -0.087105 0.153933 0.476572
v -0.075814 0.142206 0.475334
v -0.058553 0.159588 0.486537
v -0.038670 0.176759 0.494582
v -0.051862 0.190460 0.493337
v -0.060023 0.203279 0.490707
v -0.113483 0.105901 0.407705
v -0.130532 0.103181 0.381320
v -0.126438 0.097044 0.373943
v -0.108498 0.102442 0.403622
v -0.088873 0.106918 0.431319
v -0.094989 0.110509 0.436125
v -0.103577 0.117278 0.439207
v -0.119499 0.112248 0.411256
v -0.134139 0.109899 0.386169
v -0.039569 0.201362 0.495163
v -0.044667 0.214836 0.492534
v -0.032125 0.188942 0.496187
v -0.026446 0.193755 0.496202
v -0.031763 0.207409 0.495019
v -0.033729 0.221388 0.492420
v -0.140167 0.272436 0.426955
v -0.139547 0.260814 0.433529
v -0.124872 0.273561 0.441591
v -0.124695 0.285039 0.435683
v -0.124229 0.294119 0.428856
v -0.139569 0.282689 0.419363
v -0.150573 0.270487 0.407442
v -0.151741 0.259244 0.415548
v -0.152446 0.242015 0.424747
v -0.141147 0.099977 0.367559
v -0.143955 0.107534 0.373906
v -0.152607 0.112413 0.364886
v -0.147446 0.098638 0.354794
v -0.137295 0.084156 0.346580
v -0.134436 0.090878 0.360856
v -0.012823 0.234858 0.488081
v 0.000114 0.235861 0.488503
v 0.000093 0.242310 0.483815
v -0.012551 0.241535 0.483133
v -0.022821 0.240190 0.482018
v -0.023139 0.233191 0.487419
v -0.023618 0.225475 0.492430
v -0.013121 0.227527 0.492624
v 0.000136 0.228759 0.492746
v -0.027738 0.349305 0.207973
v -0.000520 0.352678 0.206691
v -0.000525 0.337113 0.174762
v -0.029712 0.333971 0.176782
v -0.054853 0.341923 0.210939
v -0.051661 0.355116 0.236026
v -0.027140 0.361704 0.234502
v -0.000514 0.364916 0.233662
v -0.086592 0.347437 0.372458
v -0.105609 0.339566 0.363903
v -0.118609 0.321055 0.394995
v -0.095998 0.331627 0.401712
v -0.063972 0.354248 0.378129
v -0.061030 0.365763 0.346956
v -0.077719 0.362497 0.340581
v -0.091714 0.361010 0.330462
v -0.033630 0.377491 0.316292
v -0.032967 0.378650 0.284990
v -0.059127 0.374315 0.287336
v -0.060333 0.373159 0.316335
v -0.033630 0.377491 0.316292
v -0.060333 0.373159 0.316335
v -0.033437 0.370885 0.349385
v -0.000385 0.373948 0.349591
v -0.000444 0.380138 0.315235
v -0.000444 0.380138 0.315235
v -0.000488 0.381044 0.282957
v -0.160772 0.157749 0.396850
v -0.156952 0.164197 0.412002
v -0.164550 0.184342 0.402967
v -0.168678 0.179463 0.387147
v -0.171440 0.174472 0.369749
v -0.163058 0.150747 0.381076
v -0.150004 0.130873 0.394575
v -0.149991 0.143638 0.409774
v -0.149825 0.153229 0.417877
v -0.119982 0.354516 0.315959
v -0.138725 0.339776 0.302637
v -0.136924 0.333907 0.307210
v -0.117045 0.347339 0.321699
v -0.091714 0.361010 0.330462
v -0.103828 0.366338 0.324608
v -0.117344 0.368081 0.332451
v -0.129388 0.355570 0.323848
v -0.145080 0.340103 0.311785
v -0.116477 0.176794 0.453950
v -0.104326 0.185626 0.461271
v -0.105129 0.186641 0.456944
v -0.114674 0.181901 0.450874
v -0.123627 0.182035 0.445226
v -0.127318 0.174742 0.446954
v -0.132705 0.161482 0.446188
v -0.117755 0.169360 0.457676
v -0.103225 0.182796 0.466888
v -0.158936 0.250773 0.399780
v -0.162821 0.246789 0.382372
v -0.164982 0.232150 0.388823
v -0.160289 0.235950 0.406894
v -0.157685 0.260093 0.390802
v -0.160770 0.254211 0.380341
v -0.033990 0.360755 0.380798
v -0.000321 0.363970 0.381359
v -0.151141 0.303425 0.322021
v -0.140993 0.317975 0.338594
v -0.136924 0.333907 0.307210
v -0.148837 0.319266 0.297621
v -0.157278 0.300659 0.289604
v -0.158774 0.284423 0.305204
v -0.161919 0.267683 0.326190
v -0.154801 0.286377 0.350808
v -0.146440 0.300932 0.373940
v -0.074080 0.370596 0.312321
v -0.083892 0.370348 0.310890
v -0.074080 0.370596 0.312321
v -0.072664 0.370735 0.286326
v -0.084712 0.368143 0.284878
v -0.083892 0.370348 0.310890
v -0.029622 0.087453 0.443986
v 0.000409 0.083471 0.443228
v 0.000388 0.100283 0.456981
v -0.026933 0.104004 0.457643
v -0.048512 0.110458 0.458075
v -0.053391 0.094292 0.444638
v -0.056200 0.079190 0.426626
v -0.030974 0.072520 0.426298
v 0.000421 0.068704 0.425867
v -0.151548 0.101509 0.331393
v -0.136797 0.075710 0.322474
v -0.162536 0.128296 0.346320
v -0.150401 0.170466 0.427656
v -0.142887 0.176588 0.439059
v -0.149908 0.195077 0.433456
v -0.157766 0.190188 0.420300
v -0.142954 0.154161 0.431321
v -0.012760 0.253842 0.478478
v 0.000058 0.254789 0.478979
v 0.000012 0.271168 0.473082
v -0.013997 0.269857 0.472964
v -0.026276 0.267346 0.472704
v -0.023603 0.252093 0.477599
v -0.083560 0.194459 0.480099
v -0.087098 0.199044 0.473953
v -0.101333 0.175619 0.471648
v -0.065031 0.211531 0.485206
v -0.069770 0.218709 0.478140
v -0.176312 0.194464 0.334861
v -0.173783 0.219448 0.328303
v -0.174126 0.168288 0.347684
v -0.172887 0.200728 0.361036
v -0.170249 0.225315 0.355200
v -0.116510 0.158954 0.459839
v -0.129319 0.146605 0.444882
v -0.124433 0.134548 0.442498
v -0.111510 0.147545 0.460905
v -0.145950 0.214962 0.432086
v -0.144332 0.233236 0.430459
v -0.153329 0.216705 0.427791
v -0.142558 0.197085 0.436746
v -0.137032 0.197816 0.435992
v -0.140042 0.211993 0.432156
v -0.138714 0.226947 0.430926
v -0.172463 0.283161 0.279084
v -0.180026 0.266365 0.270332
v -0.171283 0.256056 0.259810
v -0.166741 0.275331 0.279830
v -0.157278 0.300659 0.289604
v -0.161676 0.306236 0.287941
v -0.169242 0.306393 0.293985
v -0.180837 0.286007 0.284201
v -0.189565 0.271772 0.275674
v -0.110458 0.263988 0.448126
v -0.108188 0.278632 0.448215
v -0.123292 0.259882 0.441862
v -0.121500 0.248254 0.440388
v -0.112330 0.251769 0.446542
v -0.104274 0.250467 0.452636
v -0.098891 0.261709 0.454051
v -0.124779 0.329884 0.352585
v -0.134899 0.311657 0.387204
v -0.117045 0.347339 0.321699
v -0.105809 0.291743 0.443413
v -0.088458 0.294443 0.449677
v -0.084721 0.305336 0.446687
v -0.104111 0.302199 0.438214
v -0.015941 0.166356 0.492202
v 0.000275 0.168077 0.491448
v 0.000251 0.181354 0.497188
v -0.019131 0.177675 0.496013
v -0.032439 0.159730 0.490553
v -0.027347 0.151338 0.484516
v -0.013218 0.158186 0.485811
v 0.000284 0.160411 0.484618
v -0.101528 0.137097 0.461341
v -0.114622 0.125032 0.440969
v -0.089919 0.127683 0.460062
v -0.142893 0.309082 0.239342
v -0.158285 0.298844 0.250631
v -0.155436 0.315012 0.256455
v -0.143266 0.326403 0.254070
v -0.125265 0.340628 0.257637
v -0.125300 0.324704 0.234848
v -0.171733 0.231678 0.227513
v -0.173109 0.238095 0.267902
v -0.098789 0.372965 0.318680
v -0.083892 0.370348 0.310890
v -0.098789 0.372965 0.318680
v -0.103519 0.372770 0.305324
v -0.121432 0.375716 0.323601
v -0.115523 0.375249 0.331351
v -0.115523 0.375249 0.331351
v -0.070458 0.361921 0.261240
v -0.054661 0.367107 0.261029
v -0.071988 0.348079 0.237309
v -0.085891 0.343767 0.239176
v -0.084577 0.354051 0.256623
v -0.081780 0.333137 0.214777
v -0.100841 0.330276 0.224273
v -0.080809 0.227402 0.469933
v -0.068671 0.234678 0.473465
v -0.084374 0.241416 0.465533
v -0.092623 0.235102 0.463306
v -0.089049 0.221914 0.466713
v -0.089291 0.207889 0.467150
v -0.082297 0.212595 0.471314
v -0.135211 0.211656 0.439746
v -0.134085 0.222615 0.439107
v -0.134952 0.223514 0.435624
v -0.136200 0.211364 0.436381
v -0.133851 0.200155 0.439307
v -0.133105 0.201564 0.442345
v -0.132951 0.213569 0.443805
v -0.132271 0.221408 0.442458
v -0.102712 0.199130 0.463239
v -0.098491 0.208232 0.466389
v -0.101769 0.209277 0.465785
v -0.105501 0.203036 0.463846
v -0.109104 0.192953 0.458609
v -0.107416 0.190564 0.457108
v -0.100299 0.197440 0.462288
v -0.095602 0.207532 0.465846
v -0.128864 0.231784 0.441584
v -0.121942 0.238078 0.445851
v -0.121372 0.240636 0.443138
v -0.129103 0.233666 0.438374
v -0.128600 0.227508 0.445088
v -0.122188 0.233397 0.449247
v -0.135682 0.248920 0.434845
v -0.131414 0.239507 0.434426
v -0.091534 0.198115 0.467743
v -0.095659 0.195718 0.463132
v -0.136179 0.182592 0.441461
v -0.131320 0.187585 0.440307
v -0.090299 0.253519 0.460046
v -0.097701 0.244766 0.458419
v -0.130849 0.374003 0.344564
v -0.131234 0.366964 0.343150
v -0.130849 0.374003 0.344564
v -0.137095 0.374520 0.339491
v -0.151341 0.366441 0.352617
v -0.145127 0.366388 0.356485
v -0.145127 0.366388 0.356485
v -0.144915 0.359857 0.354279
v -0.029843 0.372436 0.258950
v -0.000507 0.375171 0.257425
v -0.172655 0.339898 0.304607
v -0.159525 0.354845 0.316799
v -0.146815 0.355403 0.299765
v -0.162002 0.340479 0.288592
v -0.175565 0.323009 0.279454
v -0.184810 0.322496 0.293836
v -0.192806 0.315671 0.309256
v -0.182780 0.331916 0.320334
v -0.171862 0.346319 0.332007
v -0.180503 0.267043 0.264043
v -0.176999 0.279747 0.260916
v -0.180503 0.267043 0.264043
v -0.166938 0.266141 0.248716
v -0.192364 0.272554 0.270926
v -0.192364 0.272554 0.270926
v -0.190423 0.284222 0.270033
v -0.031135 0.314427 0.138345
v -0.031135 0.314427 0.138345
v -0.000528 0.316876 0.136128
v -0.000528 0.316876 0.136128
v -0.109056 0.273198 0.076781
v -0.104359 0.340670 0.244217
v -0.105310 0.355043 0.268669
v -0.194244 0.302717 0.285568
v -0.184930 0.302649 0.273071
v -0.199876 0.285158 0.280542
v -0.206141 0.281933 0.292453
v -0.201177 0.297677 0.299434
v -0.172621 0.299029 0.261650
v -0.164788 0.319663 0.265350
v -0.116672 0.364123 0.291690
v -0.133916 0.350763 0.279660
v -0.132577 0.368124 0.312253
v -0.150921 0.336425 0.271116
v -0.151526 0.324395 0.294544
v -0.148837 0.319266 0.297621
v -0.157844 0.324068 0.302505
v -0.173932 0.339972 0.355783
v -0.165004 0.348736 0.362600
v -0.160817 0.358789 0.343613
v -0.183643 0.327056 0.346629
v -0.192020 0.302728 0.359620
v -0.183698 0.316219 0.365768
v -0.175536 0.326438 0.370056
v -0.206346 0.285973 0.314963
v -0.199839 0.300085 0.326474
v -0.209998 0.273925 0.305773
v -0.211501 0.263429 0.319630
v -0.209049 0.271154 0.330496
v -0.204246 0.280593 0.343146
v -0.209003 0.266433 0.302265
v -0.205947 0.272440 0.289897
v -0.209003 0.266433 0.302265
v -0.205947 0.272440 0.289897
v -0.201591 0.272326 0.292552
v -0.204757 0.266323 0.305290
v -0.206017 0.257842 0.319290
v -0.209976 0.258178 0.315657
v -0.209976 0.258178 0.315657
v -0.147163 0.367260 0.329332
v -0.141060 0.354658 0.333848
v -0.154675 0.339407 0.321568
v -0.153442 0.348076 0.345062
v -0.165443 0.333483 0.333085
v -0.188086 0.287220 0.291139
v -0.196640 0.273951 0.282880
v -0.177250 0.306367 0.301508
v -0.184918 0.302490 0.312375
v -0.194072 0.284718 0.301202
v -0.200623 0.274417 0.279497
v -0.200623 0.274417 0.279497
v -0.166425 0.323537 0.311220
v -0.175655 0.318516 0.322596
v -0.208586 0.256771 0.344376
v -0.204362 0.262050 0.356923
v -0.210702 0.252741 0.333153
v -0.208129 0.246496 0.343301
v -0.206149 0.245816 0.354053
v -0.201943 0.248285 0.366081
v -0.209049 0.249457 0.329125
v -0.209049 0.249457 0.329125
v -0.205252 0.248786 0.332747
v -0.204103 0.244153 0.342922
v -0.206582 0.242938 0.342842
v -0.206582 0.242938 0.342842
v -0.200934 0.252598 0.344468
v -0.201171 0.264868 0.331242
v -0.195663 0.275524 0.345143
v -0.196299 0.259110 0.357835
v -0.196337 0.246698 0.365946
v -0.200626 0.243455 0.353629
v -0.192275 0.313770 0.336944
v -0.198720 0.290985 0.352466
v -0.158719 0.349565 0.365277
v -0.157802 0.343635 0.363409
v -0.158719 0.349565 0.365277
v -0.169318 0.328365 0.371628
v -0.169318 0.328365 0.371628
v -0.167818 0.323006 0.370546
v -0.164977 0.332121 0.356592
v -0.175322 0.318119 0.347434
v -0.173810 0.311371 0.366870
v -0.182655 0.297662 0.361322
v -0.183917 0.304721 0.338545
v -0.191462 0.291097 0.328455
v -0.189715 0.286085 0.354624
v -0.198659 0.276421 0.315695
v -0.202930 0.241286 0.356981
v -0.198742 0.243128 0.368892
v -0.202930 0.241286 0.356981
v -0.198742 0.243128 0.368892
v -0.194665 0.247090 0.375926
v -0.189978 0.255230 0.379300
v -0.192603 0.261353 0.376760
v -0.197550 0.252859 0.373139
v -0.194665 0.247090 0.375926
v -0.192258 0.251685 0.373579
v -0.187345 0.260358 0.377535
v -0.189978 0.255230 0.379300
v -0.183957 0.269606 0.380230
v -0.180550 0.274659 0.378821
v -0.176689 0.288131 0.378177
v -0.178280 0.287856 0.379082
v -0.183957 0.269606 0.380230
v -0.178280 0.287856 0.379082
v -0.181748 0.289101 0.378077
v -0.186733 0.275584 0.378479
v -0.187306 0.292939 0.373496
v -0.180390 0.304578 0.375599
v -0.194145 0.279006 0.369932
v -0.199690 0.269086 0.364925
v -0.174619 0.307619 0.376222
v -0.172886 0.302684 0.375689
v -0.174619 0.307619 0.376222
v -0.178084 0.290399 0.374323
v -0.185783 0.276455 0.371449
v -0.191552 0.266544 0.366391
v -0.113511 0.245937 0.446857
v -0.121042 0.242934 0.441066
v -0.114479 0.243237 0.448422
v -0.108283 0.242240 0.453880
v -0.106881 0.244932 0.452752
v -0.137301 0.211135 0.433720
v -0.134645 0.198873 0.437018
v -0.136041 0.224332 0.432772
v -0.114343 0.185323 0.450664
v -0.106125 0.188374 0.456054
v -0.114942 0.187936 0.452124
v -0.122299 0.188906 0.447417
v -0.122293 0.186255 0.445649
v -0.093092 0.220022 0.465712
v -0.096333 0.232326 0.462882
v -0.098137 0.231143 0.463462
v -0.095335 0.219808 0.465963
v -0.093131 0.206809 0.465714
v -0.101043 0.240513 0.458327
v -0.102645 0.238415 0.459164
v -0.129587 0.235332 0.435796
v -0.129352 0.190675 0.441047
v -0.128910 0.192824 0.443066
v -0.098265 0.195898 0.461783
v -0.108668 0.211227 0.463321
v -0.102378 0.217032 0.466045
v -0.104902 0.226595 0.463974
v -0.111816 0.220974 0.461354
v -0.104830 0.236126 0.460323
v -0.110051 0.239522 0.455505
v -0.111503 0.236687 0.456560
v -0.108499 0.233290 0.460312
v -0.100668 0.229609 0.464251
v -0.128613 0.120095 0.414929
v -0.140310 0.118062 0.391834
v -0.136790 0.129546 0.419811
v -0.076489 0.074626 0.403432
v -0.069074 0.083792 0.425971
v -0.073523 0.087901 0.424078
v -0.082440 0.078756 0.402229
v -0.091655 0.074339 0.381192
v -0.085252 0.069613 0.380588
v -0.068787 0.064543 0.380800
v -0.061588 0.070164 0.404466
v -0.049509 0.146661 0.482629
v -0.065821 0.131694 0.470437
v -0.058301 0.126475 0.463224
v -0.042744 0.139636 0.475895
v -0.093746 0.067127 0.362008
v -0.099004 0.073706 0.366854
v -0.107022 0.077415 0.360112
v -0.104531 0.069501 0.351632
v -0.093537 0.057698 0.336922
v -0.077029 0.059655 0.358264
v -0.098844 0.096170 0.351350
v -0.100382 0.104967 0.353455
v -0.105654 0.101247 0.368697
v -0.104968 0.093397 0.363996
v -0.099923 0.086841 0.366276
v -0.093955 0.089801 0.352861
v -0.090466 0.092614 0.342222
v -0.092916 0.097668 0.337506
v -0.095145 0.106866 0.337381
v -0.056180 0.040139 0.311398
v 0.000356 0.033750 0.312474
v 0.000367 0.039332 0.331604
v -0.048755 0.044835 0.332364
v -0.101169 0.052596 0.313251
v -0.061838 0.033744 0.294531
v 0.000352 0.026937 0.297610
v -0.039004 0.143747 0.466766
v -0.024354 0.154905 0.474924
v -0.054431 0.130626 0.455038
v -0.039004 0.143747 0.466766
v -0.054431 0.130626 0.455038
v -0.052297 0.142411 0.437744
v -0.036700 0.156103 0.447860
v -0.022451 0.166873 0.454690
v -0.024354 0.154905 0.474924
v -0.098936 0.079638 0.371430
v -0.104882 0.082954 0.366843
v -0.092443 0.080154 0.382057
v -0.098936 0.079638 0.371430
v -0.092443 0.080154 0.382057
v -0.089335 0.085321 0.376960
v -0.095210 0.084427 0.369644
v -0.104882 0.082954 0.366843
v -0.069537 0.118384 0.442097
v -0.072909 0.115249 0.449776
v -0.085245 0.108702 0.424387
v -0.069537 0.118384 0.442097
v -0.085245 0.108702 0.424387
v -0.083584 0.115400 0.407889
v -0.068256 0.127933 0.424734
v -0.043174 0.138565 0.459755
v -0.054893 0.124870 0.448610
v -0.059833 0.118971 0.453681
v -0.048560 0.132405 0.463689
v -0.029754 0.148558 0.468152
v -0.043174 0.138565 0.459755
v -0.029754 0.148558 0.468152
v -0.022907 0.144899 0.458888
v -0.035338 0.136586 0.449665
v -0.047767 0.124651 0.437264
v -0.054893 0.124870 0.448610
v -0.011577 0.161258 0.477155
v 0.000267 0.163248 0.476782
v -0.011577 0.161258 0.477155
v -0.010534 0.172582 0.457843
v 0.000218 0.174185 0.458493
v 0.000267 0.163248 0.476782
v -0.080041 0.119374 0.455986
v -0.054834 0.101944 0.396161
v -0.066390 0.094258 0.377782
v -0.070557 0.096249 0.407900
v -0.059525 0.109721 0.423319
v -0.042448 0.110460 0.415324
v -0.039367 0.100268 0.386524
v -0.051609 0.096638 0.365343
v -0.062938 0.093212 0.346427
v -0.076240 0.089988 0.366380
v -0.084051 0.088106 0.359679
v -0.080806 0.088689 0.391079
v -0.072179 0.091387 0.340471
v -0.079557 0.090792 0.340412
v -0.030110 0.117222 0.429081
v -0.018610 0.121854 0.437781
v -0.016520 0.104205 0.405989
v -0.027387 0.102708 0.399271
v -0.067397 0.143049 0.389468
v -0.049986 0.160092 0.403207
v -0.083370 0.126555 0.374383
v -0.081109 0.132691 0.341434
v -0.065046 0.151565 0.353303
v -0.047222 0.169825 0.365970
v -0.015058 0.154141 0.472365
v 0.000280 0.155847 0.473416
v -0.015058 0.154141 0.472365
v 0.000280 0.155847 0.473416
v 0.000282 0.149949 0.464293
v -0.011146 0.148965 0.463298
v -0.102478 0.103260 0.398350
v -0.113932 0.098388 0.375275
v -0.102478 0.103260 0.398350
v -0.113932 0.098388 0.375275
v -0.097288 0.107544 0.386269
v -0.064488 0.108182 0.436148
v -0.073476 0.093092 0.420693
v -0.067071 0.102721 0.440853
v -0.064488 0.108182 0.436148
v -0.073476 0.093092 0.420693
v -0.083376 0.084194 0.400570
v -0.083376 0.084194 0.400570
v -0.112307 0.090411 0.366449
v -0.118245 0.086030 0.361863
v -0.112307 0.090411 0.366449
v -0.086162 0.096832 0.331459
v -0.085300 0.091058 0.339186
v -0.078819 0.095667 0.329358
v -0.080013 0.100913 0.326720
v -0.086967 0.104261 0.328311
v -0.008350 0.177467 0.345277
v -0.017924 0.173635 0.344242
v -0.017052 0.144766 0.336520
v -0.007953 0.147098 0.337427
v 0.000124 0.148033 0.338002
v 0.000062 0.178894 0.345852
v 0.000060 0.197588 0.377621
v -0.008854 0.195853 0.376983
v -0.019064 0.190792 0.375192
v -0.059284 0.141314 0.333240
v -0.073306 0.124331 0.326606
v -0.065234 0.110247 0.324551
v -0.053492 0.122567 0.329308
v -0.040607 0.134861 0.334344
v -0.043730 0.157767 0.340576
v -0.071121 0.096179 0.327353
v -0.062166 0.099208 0.329920
v -0.074216 0.103555 0.323611
v -0.029830 0.167805 0.343459
v -0.028199 0.141473 0.336121
v -0.031875 0.182509 0.372394
v -0.089490 0.087578 0.355405
v -0.094795 0.114478 0.361756
v -0.091176 0.118165 0.337409
v -0.034244 0.173816 0.411798
v -0.020631 0.183686 0.416727
v -0.009605 0.189169 0.419478
v 0.000131 0.190826 0.420304
v -0.008741 0.123986 0.441776
v 0.000313 0.124437 0.442591
v 0.000315 0.105241 0.409716
v -0.007612 0.105005 0.409082
v -0.027067 0.115283 0.361505
v -0.038953 0.112048 0.354595
v -0.016292 0.116732 0.364669
v -0.082608 0.112704 0.325828
v -0.051048 0.105594 0.341534
v -0.007528 0.117827 0.366497
v 0.000230 0.118294 0.367072
v -0.123034 0.064152 0.323261
v -0.120834 0.071214 0.340661
v -0.120162 0.079069 0.353397
v -0.116311 -0.365659 0.201677
v -0.117512 -0.377126 0.205283
v -0.125377 -0.354135 0.197144
v -0.136158 -0.380732 0.205369
v -0.155147 -0.376744 0.202682
v -0.136158 -0.380732 0.205369
v -0.157378 -0.365428 0.197969
v -0.149342 -0.354170 0.194183
v -0.137531 -0.350355 0.194277
v -0.137531 -0.350355 0.194277
v -0.142299 -0.353420 -0.342430
v -0.129124 -0.358059 -0.342638
v -0.142299 -0.353420 -0.342430
v -0.155918 -0.355679 -0.343583
v -0.165749 -0.366074 -0.345802
v -0.164299 -0.377040 -0.347696
v -0.144073 -0.381012 -0.347878
v -0.144073 -0.381012 -0.347878
v -0.123403 -0.378086 -0.346697
v -0.120624 -0.368358 -0.344506
v -0.052941 0.241934 0.475401
v -0.049840 0.230326 0.480585
v -0.035293 0.236577 0.481059
v -0.038565 0.247718 0.476370
v -0.139781 0.290479 0.414990
v -0.150144 0.278748 0.400571
v -0.124947 0.300602 0.425827
v -0.125431 0.305855 0.422080
v -0.139924 0.296679 0.410895
v -0.149500 0.285843 0.396445
v -0.103880 0.308883 0.437111
v -0.082221 0.312154 0.447085
v -0.103471 0.314383 0.433832
v -0.027959 0.210118 0.495260
v -0.028600 0.224182 0.492373
v -0.023714 0.196270 0.496871
v -0.020071 0.197717 0.497752
v -0.023315 0.211423 0.495677
v -0.042590 0.281184 0.466289
v -0.052809 0.296236 0.459751
v -0.035101 0.264996 0.472430
v -0.031632 0.284399 0.465872
v -0.047586 0.222892 0.486986
v -0.034293 0.229456 0.487087
v -0.077591 0.295035 0.454004
v -0.071572 0.301935 0.453524
v -0.160480 0.213885 0.413556
v -0.166393 0.209164 0.395465
v -0.167443 0.259162 0.290481
v -0.169728 0.244539 0.308469
v -0.166741 0.275331 0.279830
v -0.115928 0.190612 0.454063
v -0.122624 0.191495 0.449731
v -0.115713 0.240415 0.450586
v -0.116106 0.236257 0.453581
v -0.114551 0.229547 0.457639
v -0.121545 0.224728 0.453364
v -0.128629 0.194995 0.445749
v -0.098183 0.219351 0.466500
v -0.128037 0.218665 0.448549
v -0.156179 0.277630 0.367045
v -0.148770 0.291729 0.390395
v -0.162468 0.260593 0.344013
v -0.161887 0.258632 0.356894
v -0.156703 0.272335 0.374901
v -0.164465 0.247054 0.366044
v -0.167712 0.229542 0.372973
v -0.161526 0.255962 0.368685
v -0.161526 0.255962 0.368685
v -0.161644 0.257279 0.363056
v -0.166377 0.244033 0.352502
v -0.008352 0.193020 0.499628
v 0.000229 0.192747 0.500000
v 0.000211 0.199875 0.498743
v -0.011660 0.199327 0.498400
v -0.011726 0.191037 0.499245
v 0.000236 0.189709 0.499849
v -0.022170 0.184050 0.496924
v -0.015825 0.186664 0.497287
v -0.016805 0.287659 0.465442
v -0.000040 0.289320 0.465212
v -0.101233 0.321287 0.422101
v -0.124267 0.311245 0.413095
v -0.065609 0.307249 0.453991
v -0.012992 0.213257 0.496065
v 0.000174 0.214321 0.496242
v -0.013280 0.188955 0.498263
v 0.000241 0.186948 0.498894
v -0.028221 0.232140 0.487160
v -0.028344 0.239202 0.481432
v -0.030495 0.250578 0.476999
v -0.168752 0.241345 0.331226
v -0.170054 0.205203 0.379598
v -0.146519 0.114715 0.380298
v -0.154095 0.123234 0.376441
v -0.165009 0.142819 0.363557
v -0.157799 0.265645 0.378544
v -0.139123 0.302164 0.404136
v -0.139994 0.140712 0.426990
v -0.033803 0.063726 0.405622
v -0.037815 0.057694 0.382381
v 0.000401 0.053868 0.383490
v 0.000416 0.060053 0.406208
v -0.007349 0.134400 0.473612
v 0.000329 0.135048 0.473913
v -0.012451 0.127931 0.471092
v 0.000344 0.126954 0.471033
v -0.064623 0.098736 0.443639
v -0.058592 0.114806 0.456795
v -0.042716 0.051041 0.356994
v 0.000384 0.046499 0.356949
v -0.020094 0.117648 0.466224
v 0.000365 0.115071 0.465819
v -0.036912 0.122674 0.466510
v -0.046437 0.127350 0.465803
v 0.083156 -0.122846 -0.347540
v 0.059463 -0.084035 -0.351714
v 0.048987 -0.069478 -0.395455
v 0.073256 -0.114853 -0.385080
v 0.093946 -0.170525 -0.378748
v 0.101139 -0.173172 -0.350313
v 0.115388 -0.174788 -0.327911
v 0.100272 -0.128486 -0.318064
v 0.077107 -0.093356 -0.304832
v 0.125659 0.196570 -0.402212
v 0.083993 0.201688 -0.408967
v 0.084909 0.214213 -0.378796
v 0.126556 0.205383 -0.373427
v 0.125659 0.196570 -0.402212
v 0.126556 0.205383 -0.373427
v 0.164538 0.181512 -0.370104
v 0.163403 0.177051 -0.399993
v 0.156862 0.162729 -0.422231
v 0.125806 0.175648 -0.430659
v 0.125806 0.175648 -0.430659
v 0.081219 0.179447 -0.439637
v 0.158278 0.051690 0.242678
v 0.118457 0.036559 0.269218
v 0.116900 0.009268 0.256428
v 0.159002 0.013461 0.232297
v 0.158278 0.051690 0.242678
v 0.159002 0.013461 0.232297
v 0.187574 0.016570 0.202677
v 0.183897 0.066408 0.209733
v 0.176642 0.091940 0.210980
v 0.160200 0.085664 0.237153
v 0.160200 0.085664 0.237153
v 0.129356 0.061210 0.283670
v 0.193982 0.125711 -0.407253
v 0.196245 0.125361 -0.371887
v 0.215401 0.057022 -0.373130
v 0.211874 0.061713 -0.414959
v 0.188157 0.067762 -0.449902
v 0.175992 0.127159 -0.436338
v 0.033798 0.147303 -0.472756
v 0.075065 0.139976 -0.471284
v 0.065778 0.089984 -0.493898
v 0.026370 0.100962 -0.490088
v 0.039416 0.185604 -0.445769
v 0.221759 0.111927 0.031149
v 0.218302 0.107371 0.078652
v 0.228592 0.029330 0.079440
v 0.237075 0.032740 0.033203
v 0.236300 0.036973 -0.034353
v 0.217353 0.114890 -0.035458
v 0.182796 0.184743 -0.034067
v 0.191564 0.183290 0.033226
v 0.195346 0.177266 0.083464
v 0.200759 0.117761 -0.129259
v 0.217912 0.042504 -0.133262
v 0.199755 0.046530 -0.222128
v 0.185687 0.119829 -0.216134
v 0.156286 0.186558 -0.208786
v 0.168178 0.185989 -0.123250
v 0.161127 0.230449 0.046178
v 0.132577 0.258790 0.062953
v 0.146740 0.274646 0.142234
v 0.171846 0.227781 0.103660
v 0.161127 0.230449 0.046178
v 0.171846 0.227781 0.103660
v 0.148630 0.224115 -0.027195
v 0.148630 0.224115 -0.027195
v 0.107344 0.247559 -0.010323
v 0.134888 0.221649 -0.116481
v 0.096908 0.239166 -0.111037
v 0.134888 0.221649 -0.116481
v 0.124667 0.220836 -0.202186
v 0.124667 0.220836 -0.202186
v 0.088526 0.237198 -0.197172
v 0.158180 -0.120355 0.030149
v 0.152607 -0.143648 0.066608
v 0.115685 -0.144650 0.076115
v 0.116124 -0.134979 0.032580
v 0.113497 -0.130816 -0.025998
v 0.156952 -0.109174 -0.029647
v 0.158180 -0.120355 0.030149
v 0.156952 -0.109174 -0.029647
v 0.192728 -0.075433 -0.032524
v 0.192228 -0.091685 0.031082
v 0.183122 -0.121654 0.075024
v 0.152607 -0.143648 0.066608
v 0.141462 -0.094157 -0.120344
v 0.101690 -0.120497 -0.110520
v 0.088160 -0.107931 -0.195722
v 0.124090 -0.082773 -0.208405
v 0.141462 -0.094157 -0.120344
v 0.124090 -0.082773 -0.208405
v 0.155755 -0.048452 -0.221004
v 0.175020 -0.057968 -0.130159
v 0.204917 -0.014244 -0.134013
v 0.223635 -0.026593 -0.033734
v 0.185377 -0.007457 -0.224664
v 0.222879 -0.037892 0.032640
v 0.214094 -0.045621 0.076045
v 0.018699 0.052621 -0.491574
v 0.053609 0.036178 -0.497470
v 0.043016 -0.026580 -0.482711
v 0.014553 0.009003 -0.476369
v 0.211566 0.004217 -0.414078
v 0.215733 -0.003415 -0.368184
v 0.205650 -0.059301 -0.361770
v 0.201561 -0.051151 -0.407820
v 0.172436 -0.044013 -0.449030
v 0.183133 0.012091 -0.454017
v 0.155631 -0.038941 0.208958
v 0.115065 -0.034643 0.232426
v 0.115093 -0.095849 0.198947
v 0.150746 -0.103164 0.183376
v 0.155631 -0.038941 0.208958
v 0.150746 -0.103164 0.183376
v 0.173749 -0.108983 0.163172
v 0.182977 -0.042388 0.183516
v 0.208726 -0.047262 0.107416
v 0.204033 -0.045862 0.132771
v 0.190967 -0.116584 0.122068
v 0.190406 -0.119995 0.101454
v 0.219205 0.026268 0.114392
v 0.209986 0.023236 0.143741
v 0.146924 -0.176854 0.166266
v 0.129501 -0.175381 0.170322
v 0.132445 -0.245803 0.161032
v 0.143982 -0.247288 0.160350
v 0.146924 -0.176854 0.166266
v 0.143982 -0.247288 0.160350
v 0.155090 -0.249991 0.152178
v 0.163530 -0.181737 0.152570
v 0.180253 0.203244 0.145276
v 0.171029 0.225608 0.181982
v 0.176093 0.178327 0.214269
v 0.181693 0.166023 0.178992
v 0.180253 0.203244 0.145276
v 0.181693 0.166023 0.178992
v 0.191281 0.141715 0.153596
v 0.195005 0.162307 0.121485
v 0.171846 0.227781 0.103660
v 0.146740 0.274646 0.142234
v 0.211311 0.099720 0.115136
v 0.203224 0.089940 0.146264
v 0.183664 -0.012846 -0.262155
v 0.151588 -0.056046 -0.264243
v 0.159882 -0.080077 -0.288371
v 0.193003 -0.018699 -0.282310
v 0.207586 0.046174 -0.281522
v 0.199676 0.046252 -0.259553
v 0.185849 0.120386 -0.261965
v 0.192189 0.120996 -0.291870
v 0.160117 0.184847 -0.304441
v 0.155697 0.185983 -0.265136
v 0.122734 0.219465 -0.264814
v 0.085798 0.235426 -0.262932
v 0.122734 0.219465 -0.264814
v 0.124678 0.216803 -0.310321
v 0.124678 0.216803 -0.310321
v 0.085770 0.231865 -0.312147
v 0.117219 -0.082490 -0.260293
v 0.080363 -0.097024 -0.256343
v 0.119022 -0.097005 -0.287914
v 0.117219 -0.082490 -0.260293
v 0.119022 -0.097005 -0.287914
v 0.040824 -0.104496 -0.258432
v 0.045743 -0.121437 -0.191809
v 0.000075 -0.125330 -0.192015
v -0.000058 -0.106514 -0.260960
v -0.000179 -0.085417 -0.316791
v 0.036486 -0.085891 -0.312237
v 0.043729 0.248457 -0.261424
v 0.045558 0.250181 -0.194584
v 0.043294 0.245029 -0.312555
v 0.054396 -0.140027 0.130516
v 0.050987 -0.126668 0.165734
v 0.000557 -0.127257 0.179220
v 0.000550 -0.144126 0.142891
v 0.000511 -0.150978 0.100318
v 0.059508 -0.145262 0.090120
v 0.096850 -0.149594 0.113359
v 0.091634 -0.142106 0.144500
v 0.061101 -0.030011 0.251890
v 0.000432 -0.027681 0.260661
v 0.000484 -0.060292 0.242450
v 0.059127 -0.067229 0.228669
v 0.061880 0.002664 0.269477
v 0.000387 -0.001312 0.273270
v 0.119450 0.022705 -0.483383
v 0.112326 -0.036086 -0.474807
v 0.119450 0.022705 -0.483383
v 0.112326 -0.036086 -0.474807
v 0.129583 0.078051 -0.478359
v 0.129583 0.078051 -0.478359
v 0.053150 -0.134677 -0.106636
v 0.059550 -0.143361 -0.022474
v 0.000347 -0.147428 -0.020705
v 0.000217 -0.138789 -0.106146
v 0.061448 -0.146631 0.041117
v 0.000444 -0.151785 0.046951
v 0.050260 0.252968 -0.109003
v 0.051719 0.260037 -0.024008
v 0.043818 0.274605 0.041076
v 0.034097 0.293755 0.092938
v 0.069072 0.290223 0.101356
v 0.082071 0.270407 0.051291
v 0.129408 0.132587 -0.458413
v 0.129408 0.132587 -0.458413
v 0.063262 0.022733 0.282041
v 0.000362 0.016072 0.285064
v 0.062502 0.034032 0.294371
v 0.000352 0.026937 0.297610
v 0.041655 0.209823 -0.415316
v 0.042209 0.225241 -0.383146
v 0.017700 -0.023167 -0.443630
v 0.024376 -0.047514 -0.401707
v -0.000390 -0.042413 -0.403785
v -0.000504 -0.014107 -0.441444
v -0.000621 0.020364 -0.470114
v 0.014553 0.009003 -0.476369
v 0.043016 -0.026580 -0.482711
v 0.039262 -0.053022 -0.440936
v 0.139655 -0.222907 -0.341182
v 0.136699 -0.174367 -0.317216
v 0.123455 -0.224173 -0.347874
v 0.127322 -0.271802 -0.364135
v 0.140013 -0.270389 -0.360419
v 0.139655 -0.222907 -0.341182
v 0.140013 -0.270389 -0.360419
v 0.152603 -0.268619 -0.364218
v 0.155681 -0.221214 -0.344287
v 0.158389 -0.172536 -0.319500
v 0.136699 -0.174367 -0.317216
v 0.126500 -0.300465 0.157358
v 0.124716 -0.247653 0.150649
v 0.121409 -0.250594 0.134614
v 0.124677 -0.300856 0.143089
v 0.123444 -0.338828 0.155510
v 0.123819 -0.339372 0.169991
v 0.127771 -0.342926 0.183643
v 0.132037 -0.300587 0.167238
v 0.174783 -0.191053 0.103755
v 0.176388 -0.188161 0.120344
v 0.163992 -0.253148 0.126055
v 0.163143 -0.254511 0.112021
v 0.157108 -0.255251 0.101992
v 0.165959 -0.193488 0.091347
v 0.190364 -0.108765 -0.399399
v 0.193558 -0.113993 -0.358607
v 0.181208 -0.167343 -0.362610
v 0.179056 -0.165611 -0.395033
v 0.164480 -0.164739 -0.422308
v 0.167583 -0.104704 -0.435289
v 0.147698 -0.194996 0.087295
v 0.144010 -0.254736 0.099971
v 0.147698 -0.194996 0.087295
v 0.144010 -0.254736 0.099971
v 0.130477 -0.253577 0.105556
v 0.128426 -0.195379 0.093346
v 0.117585 -0.182070 0.157033
v 0.096827 -0.125799 0.174040
v 0.112751 -0.190546 0.134605
v 0.127668 -0.130015 -0.303174
v 0.127668 -0.130015 -0.303174
v 0.157234 -0.127557 -0.304892
v 0.121526 -0.100959 -0.453956
v 0.134644 -0.164738 -0.433444
v 0.121526 -0.100959 -0.453956
v 0.134644 -0.164738 -0.433444
v 0.105699 -0.165734 -0.428502
v 0.079173 -0.100491 -0.451534
v 0.112326 -0.036086 -0.474807
v 0.139472 -0.357702 0.214506
v 0.139596 -0.352458 0.204374
v 0.127273 -0.356377 0.206106
v 0.127116 -0.361331 0.215255
v 0.130056 -0.366001 0.219271
v 0.139283 -0.364634 0.220976
v 0.139472 -0.357702 0.214506
v 0.139283 -0.364634 0.220976
v 0.148392 -0.364640 0.217760
v 0.151599 -0.359750 0.212923
v 0.151652 -0.355472 0.203303
v 0.139596 -0.352458 0.204374
v 0.142100 -0.303204 0.112396
v 0.152218 -0.304306 0.114212
v 0.150332 -0.339134 0.127543
v 0.141008 -0.338046 0.125275
v 0.142100 -0.303204 0.112396
v 0.141008 -0.338046 0.125275
v 0.131323 -0.337442 0.130049
v 0.131657 -0.301920 0.117575
v 0.156774 -0.304442 0.123952
v 0.157477 -0.304099 0.137657
v 0.156191 -0.340804 0.151519
v 0.154866 -0.340086 0.137559
v 0.141736 -0.301746 0.168348
v 0.140283 -0.336972 0.182219
v 0.141736 -0.301746 0.168348
v 0.140283 -0.336972 0.182219
v 0.152175 -0.344055 0.179920
v 0.151200 -0.303088 0.162464
v 0.138490 -0.373523 0.165371
v 0.138504 -0.377934 0.177364
v 0.120251 -0.373876 0.175635
v 0.123546 -0.369886 0.163192
v 0.129377 -0.364928 0.153473
v 0.138801 -0.366495 0.153134
v 0.138490 -0.373523 0.165371
v 0.138801 -0.366495 0.153134
v 0.148638 -0.365492 0.151918
v 0.153856 -0.370425 0.161044
v 0.157026 -0.374290 0.173252
v 0.138504 -0.377934 0.177364
v 0.117559 -0.363240 0.181384
v 0.118600 -0.362004 0.167354
v 0.118771 -0.375522 0.189038
v 0.118755 -0.376022 0.199964
v 0.117903 -0.363991 0.193533
v 0.156604 -0.360680 0.150848
v 0.159481 -0.363058 0.164011
v 0.150497 -0.358215 0.141521
v 0.139775 -0.356906 0.139311
v 0.139775 -0.356906 0.139311
v 0.128834 -0.357170 0.143626
v 0.141251 -0.311566 -0.360274
v 0.129838 -0.312834 -0.362877
v 0.129016 -0.347597 -0.352137
v 0.142557 -0.340877 -0.350987
v 0.141251 -0.311566 -0.360274
v 0.142557 -0.340877 -0.350987
v 0.156720 -0.344665 -0.353702
v 0.152651 -0.309777 -0.364255
v 0.139272 -0.220246 -0.425892
v 0.159035 -0.218873 -0.419603
v 0.153978 -0.266293 -0.418496
v 0.139920 -0.267717 -0.422117
v 0.139272 -0.220246 -0.425892
v 0.139920 -0.267717 -0.422117
v 0.125785 -0.269452 -0.417829
v 0.119432 -0.221857 -0.420800
v 0.168720 -0.218677 -0.400943
v 0.170354 -0.219207 -0.377694
v 0.162624 -0.266835 -0.390460
v 0.161087 -0.266209 -0.406399
v 0.112654 -0.224091 -0.363917
v 0.107817 -0.223383 -0.384626
v 0.116778 -0.271132 -0.390887
v 0.119657 -0.271813 -0.375579
v 0.121138 -0.363170 -0.360511
v 0.124950 -0.343822 -0.364319
v 0.124802 -0.342055 -0.376584
v 0.122098 -0.360493 -0.371032
v 0.125261 -0.369656 -0.368425
v 0.124026 -0.373101 -0.359530
v 0.123813 -0.376227 -0.351957
v 0.121190 -0.365837 -0.351330
v 0.157889 -0.306457 -0.400666
v 0.159650 -0.307473 -0.387512
v 0.160929 -0.338747 -0.378446
v 0.158669 -0.337228 -0.390670
v 0.152883 -0.336548 -0.399617
v 0.152041 -0.306183 -0.410311
v 0.124106 -0.312546 -0.372528
v 0.122735 -0.311479 -0.385705
v 0.141091 -0.307385 -0.412942
v 0.142460 -0.337369 -0.402008
v 0.141091 -0.307385 -0.412942
v 0.142460 -0.337369 -0.402008
v 0.132161 -0.338926 -0.398277
v 0.130168 -0.309110 -0.408991
v 0.144903 -0.370072 -0.376488
v 0.144934 -0.372407 -0.368138
v 0.127814 -0.367417 -0.377333
v 0.133505 -0.364002 -0.384019
v 0.144589 -0.365680 -0.384784
v 0.144903 -0.370072 -0.376488
v 0.144589 -0.365680 -0.384784
v 0.155264 -0.363077 -0.384975
v 0.161489 -0.366400 -0.378623
v 0.164154 -0.368648 -0.369754
v 0.144934 -0.372407 -0.368138
v 0.143701 -0.355790 -0.392957
v 0.156159 -0.355392 -0.390982
v 0.143701 -0.355790 -0.392957
v 0.131339 -0.357000 -0.389677
v 0.122801 -0.371620 -0.331997
v 0.122053 -0.369555 -0.339024
v 0.125400 -0.377946 -0.341921
v 0.126874 -0.378525 -0.333888
v 0.132138 -0.377299 -0.328799
v 0.128646 -0.373034 -0.326467
v 0.133079 -0.367479 -0.327383
v 0.129487 -0.364125 -0.330422
v 0.129765 -0.360520 -0.336406
v 0.162974 -0.356330 -0.383337
v 0.165957 -0.358284 -0.372859
v 0.144486 -0.372842 -0.325164
v 0.144029 -0.365918 -0.326588
v 0.144860 -0.378566 -0.327472
v 0.144486 -0.372842 -0.325164
v 0.144860 -0.378566 -0.327472
v 0.157353 -0.376275 -0.329592
v 0.160242 -0.371449 -0.327593
v 0.155077 -0.366047 -0.328153
v 0.144029 -0.365918 -0.326588
v 0.144990 -0.380346 -0.334957
v 0.144997 -0.380249 -0.343317
v 0.164181 -0.376562 -0.342847
v 0.162770 -0.377215 -0.334863
v 0.144990 -0.380346 -0.334957
v 0.144997 -0.380249 -0.343317
v 0.165837 -0.369262 -0.333261
v 0.166288 -0.366980 -0.340146
v 0.157337 -0.358042 -0.337165
v 0.158145 -0.361898 -0.331343
v 0.143648 -0.360535 -0.330300
v 0.143344 -0.356285 -0.335853
v 0.143648 -0.360535 -0.330300
v 0.143344 -0.356285 -0.335853
v 0.138964 -0.372444 0.220443
v 0.126041 -0.372618 0.219439
v 0.128331 -0.377280 0.216296
v 0.138670 -0.378560 0.216108
v 0.138964 -0.372444 0.220443
v 0.138670 -0.378560 0.216108
v 0.149163 -0.375830 0.214925
v 0.151912 -0.370575 0.217645
v 0.157206 -0.367934 0.211389
v 0.158550 -0.365610 0.203939
v 0.153716 -0.376679 0.210579
v 0.155704 -0.376104 0.205454
v 0.138552 -0.380407 0.211170
v 0.138528 -0.380186 0.207012
v 0.138552 -0.380407 0.211170
v 0.123617 -0.378460 0.212594
v 0.121619 -0.377336 0.207910
v 0.138528 -0.380186 0.207012
v 0.120818 -0.370175 0.214287
v 0.119574 -0.367034 0.207446
v 0.037533 0.326491 0.437588
v -0.000171 0.329593 0.435859
v -0.000100 0.308907 0.453445
v 0.023675 0.306782 0.454177
v 0.040845 0.301035 0.457995
v 0.055468 0.314535 0.450242
v 0.078411 0.318822 0.443785
v 0.071479 0.328137 0.430326
v 0.067498 0.341165 0.406775
v 0.034934 0.346363 0.410215
v -0.000250 0.349440 0.410221
v 0.122518 0.200996 0.453799
v 0.116018 0.205291 0.458791
v 0.112033 0.197667 0.459304
v 0.118423 0.194968 0.454859
v 0.122967 0.194725 0.451133
v 0.127229 0.198033 0.449021
v 0.131289 0.204652 0.446041
v 0.126484 0.209128 0.451334
v 0.119790 0.214958 0.456727
v 0.066241 0.271563 0.464399
v 0.079599 0.263825 0.462168
v 0.089654 0.278576 0.455025
v 0.073886 0.285357 0.458611
v 0.062568 0.291721 0.459626
v 0.052992 0.277350 0.465928
v 0.044447 0.261846 0.471669
v 0.058114 0.256382 0.470255
v 0.072642 0.249469 0.468127
v 0.016079 0.143623 0.474734
v 0.018084 0.149212 0.474342
v 0.000293 0.151500 0.475426
v 0.000305 0.146278 0.475783
v 0.000317 0.140640 0.475081
v 0.011943 0.138384 0.474239
v 0.023695 0.131817 0.471357
v 0.031726 0.136936 0.471432
v 0.034761 0.142759 0.470575
v 0.168594 0.151657 0.276490
v 0.163613 0.126827 0.246598
v 0.176121 0.194088 0.251242
v 0.176744 0.214757 0.290269
v 0.176238 0.180805 0.304931
v 0.171434 0.152706 0.323976
v 0.157595 0.117069 0.303011
v 0.129356 0.061210 0.283670
v 0.100077 0.303512 0.156921
v 0.132956 0.294151 0.178464
v 0.104714 0.288772 0.118928
v 0.062907 0.309461 0.145088
v 0.100077 0.303512 0.156921
v 0.062907 0.309461 0.145088
v 0.059275 0.327114 0.181799
v 0.092625 0.318299 0.189221
v 0.124711 0.309532 0.205852
v 0.132956 0.294151 0.178464
v 0.152893 0.278812 0.214417
v 0.161210 0.262239 0.212090
v 0.132956 0.294151 0.178464
v 0.152893 0.278812 0.214417
v 0.146491 0.291533 0.226047
v 0.161248 0.280150 0.247666
v 0.166405 0.266914 0.248286
v 0.166405 0.266914 0.248286
v 0.170826 0.256849 0.259369
v 0.160509 -0.364102 0.177726
v 0.155891 -0.341191 0.165619
v 0.160345 -0.364438 0.189680
v 0.158570 -0.376049 0.197216
v 0.158508 -0.375819 0.186425
v 0.122067 -0.359426 0.153871
v 0.125707 -0.337944 0.141162
v 0.138508 -0.379671 0.190457
v 0.138509 -0.379976 0.200918
v 0.138508 -0.379671 0.190457
v 0.138509 -0.379976 0.200918
v 0.156033 -0.303759 0.151364
v 0.161533 -0.251793 0.140094
v 0.116571 -0.194439 0.111246
v 0.123136 -0.252382 0.118344
v 0.172994 -0.185281 0.136939
v 0.186285 -0.113185 0.142688
v 0.126122 -0.301239 0.128817
v 0.054160 -0.100924 0.199201
v 0.000531 -0.096398 0.213855
v 0.196482 0.078997 0.177696
v 0.202006 0.019916 0.173163
v 0.184915 0.118790 0.186105
v 0.171506 0.125302 0.212771
v 0.160200 0.085664 0.237153
v 0.171506 0.125302 0.212771
v 0.197281 -0.044465 0.158128
v 0.166924 -0.360933 -0.362385
v 0.160769 -0.340445 -0.366221
v 0.166827 -0.363523 -0.353110
v 0.165692 -0.375183 -0.353274
v 0.165447 -0.372108 -0.360895
v 0.144971 -0.376122 -0.359800
v 0.145000 -0.379380 -0.352747
v 0.144971 -0.376122 -0.359800
v 0.145000 -0.379380 -0.352747
v 0.124402 -0.310403 -0.398885
v 0.118446 -0.270468 -0.406194
v 0.126740 -0.340456 -0.388852
v 0.158344 -0.308496 -0.374355
v 0.159969 -0.267536 -0.375316
v 0.124818 -0.358502 -0.381562
v 0.109512 -0.222771 -0.405316
v 0.093799 -0.167854 -0.407540
v 0.165960 -0.220017 -0.357633
v 0.173772 -0.169923 -0.336032
v 0.180856 -0.121236 -0.325238
v 0.190657 -0.070263 -0.321472
v 0.030821 -0.067660 -0.358952
v -0.000286 -0.065117 -0.363317
v 0.042771 0.237134 -0.351011
v 0.085487 0.224533 -0.348645
v 0.206620 -0.013304 -0.320957
v 0.213399 0.050803 -0.324015
v 0.195650 0.123222 -0.330968
v 0.163254 0.183733 -0.338842
v 0.126090 0.212118 -0.344661
v 0.126090 0.212118 -0.344661
v 0.067505 -0.106262 -0.424160
v 0.069643 0.173507 0.487010
v 0.087681 0.154338 0.476347
v 0.097151 0.165972 0.474795
v 0.078859 0.185835 0.484726
v 0.060407 0.203558 0.490552
v 0.052312 0.190701 0.493203
v 0.039187 0.176939 0.494481
v 0.059128 0.159861 0.486385
v 0.076442 0.142559 0.475138
v 0.114103 0.106429 0.407412
v 0.109125 0.102946 0.403342
v 0.127013 0.097632 0.373617
v 0.131098 0.103788 0.380982
v 0.134686 0.110522 0.385823
v 0.120099 0.112804 0.410948
v 0.104227 0.117760 0.438940
v 0.095662 0.110951 0.435880
v 0.089551 0.107332 0.431090
v 0.039974 0.201546 0.495060
v 0.045002 0.215044 0.492419
v 0.034034 0.221545 0.492332
v 0.032140 0.207557 0.494936
v 0.026888 0.193879 0.496134
v 0.032591 0.189092 0.496104
v 0.140065 0.273086 0.426594
v 0.124557 0.285617 0.435362
v 0.124802 0.274140 0.441270
v 0.139515 0.261462 0.433169
v 0.152479 0.242722 0.424355
v 0.151671 0.259947 0.415157
v 0.150429 0.271185 0.407055
v 0.139399 0.283336 0.419003
v 0.124032 0.294695 0.428536
v 0.141692 0.100634 0.367195
v 0.147964 0.099323 0.354413
v 0.153087 0.113122 0.364493
v 0.144481 0.108203 0.373535
v 0.135006 0.091503 0.360509
v 0.137859 0.084794 0.346226
v 0.013054 0.234918 0.488047
v 0.012738 0.241593 0.483101
v 0.000093 0.242310 0.483815
v 0.000114 0.235861 0.488503
v 0.000136 0.228759 0.492746
v 0.013398 0.227588 0.492590
v 0.023904 0.225585 0.492369
v 0.023376 0.233298 0.487360
v 0.023011 0.240297 0.481959
v 0.026717 0.349432 0.207903
v 0.028681 0.334106 0.176707
v 0.026129 0.361827 0.234433
v 0.050684 0.355353 0.235894
v 0.053873 0.342175 0.210799
v 0.086002 0.347837 0.372236
v 0.095557 0.332072 0.401465
v 0.118199 0.321604 0.394690
v 0.105033 0.340055 0.363631
v 0.090952 0.361433 0.330226
v 0.076977 0.362856 0.340381
v 0.060290 0.366044 0.346800
v 0.063366 0.354544 0.377966
v 0.032757 0.377645 0.316207
v 0.059479 0.373437 0.316181
v 0.058193 0.374587 0.287185
v 0.032007 0.378801 0.284907
v 0.032757 0.377645 0.316207
v -0.000444 0.380138 0.315235
v -0.000385 0.373948 0.349591
v 0.032680 0.371038 0.349299
v 0.059479 0.373437 0.316181
v 0.161123 0.158495 0.396435
v 0.168904 0.180246 0.386713
v 0.164794 0.185106 0.402543
v 0.157313 0.164926 0.411597
v 0.150252 0.153925 0.417490
v 0.150442 0.144335 0.409387
v 0.150474 0.131569 0.394188
v 0.163401 0.151504 0.380655
v 0.171644 0.175268 0.369307
v 0.119214 0.355070 0.315651
v 0.116325 0.347880 0.321398
v 0.136228 0.334541 0.306858
v 0.137990 0.340418 0.302280
v 0.144367 0.340774 0.311413
v 0.128635 0.356169 0.323516
v 0.116555 0.368624 0.332150
v 0.103027 0.366817 0.324341
v 0.090952 0.361433 0.330226
v 0.116888 0.177336 0.453649
v 0.115053 0.182433 0.450578
v 0.105502 0.187130 0.456673
v 0.104715 0.186111 0.461002
v 0.103642 0.183276 0.466622
v 0.118210 0.169908 0.457372
v 0.133167 0.162099 0.445845
v 0.127720 0.175333 0.446625
v 0.123991 0.182610 0.444907
v 0.158864 0.251510 0.399371
v 0.160303 0.236693 0.406480
v 0.164968 0.232915 0.388398
v 0.162721 0.247544 0.381953
v 0.160631 0.254957 0.379927
v 0.157546 0.260824 0.390396
v 0.033361 0.360911 0.380711
v -0.000321 0.363970 0.381359
v 0.150624 0.304124 0.321632
v 0.148184 0.319955 0.297239
v 0.136228 0.334541 0.306858
v 0.140452 0.318628 0.338232
v 0.146068 0.301611 0.373563
v 0.154438 0.287095 0.350409
v 0.161579 0.268433 0.325773
v 0.158302 0.285158 0.304795
v 0.156691 0.301387 0.289199
v 0.073228 0.370937 0.312132
v 0.083038 0.370736 0.310675
v 0.073228 0.370937 0.312132
v 0.083038 0.370736 0.310675
v 0.083801 0.368533 0.284661
v 0.071744 0.371070 0.286140
v 0.030423 0.087593 0.443908
v 0.027693 0.104131 0.457573
v 0.000388 0.100283 0.456981
v 0.000409 0.083471 0.443228
v 0.000421 0.068704 0.425867
v 0.031799 0.072666 0.426216
v 0.056995 0.079452 0.426480
v 0.054162 0.094542 0.444499
v 0.049243 0.110684 0.457949
v 0.151992 0.102213 0.331002
v 0.137338 0.076346 0.322121
v 0.162894 0.129051 0.345901
v 0.150774 0.171165 0.427268
v 0.158028 0.190920 0.419894
v 0.150181 0.195773 0.433070
v 0.143260 0.177251 0.438691
v 0.143412 0.154826 0.430952
v 0.012879 0.253901 0.478445
v 0.014027 0.269922 0.472928
v 0.000012 0.271168 0.473082
v 0.000058 0.254789 0.478979
v 0.023727 0.252203 0.477538
v 0.026317 0.267468 0.472636
v 0.083957 0.194848 0.479883
v 0.101795 0.176090 0.471387
v 0.087459 0.199448 0.473728
v 0.070049 0.219033 0.477960
v 0.065362 0.211834 0.485038
v 0.176334 0.195282 0.334406
v 0.173671 0.220254 0.327855
v 0.170180 0.226105 0.354761
v 0.172947 0.201531 0.360591
v 0.174302 0.169096 0.347235
v 0.117018 0.159496 0.459538
v 0.129847 0.147206 0.444549
v 0.112075 0.148063 0.460617
v 0.125010 0.135127 0.442177
v 0.146128 0.215639 0.431709
v 0.153487 0.217417 0.427395
v 0.144421 0.233906 0.430086
v 0.138833 0.227590 0.430568
v 0.140233 0.212643 0.431796
v 0.137299 0.198452 0.435639
v 0.142830 0.197747 0.436378
v 0.171930 0.283960 0.278640
v 0.166246 0.276103 0.279401
v 0.170826 0.256849 0.259369
v 0.179548 0.267199 0.269869
v 0.189075 0.272651 0.275186
v 0.180303 0.286844 0.283735
v 0.168639 0.307177 0.293550
v 0.161059 0.306985 0.287525
v 0.156691 0.301387 0.289199
v 0.110450 0.264500 0.447842
v 0.123286 0.260453 0.441544
v 0.108111 0.279134 0.447937
v 0.098908 0.262168 0.453796
v 0.104340 0.250951 0.452368
v 0.112374 0.252290 0.446253
v 0.121545 0.248818 0.440075
v 0.124219 0.330462 0.352265
v 0.134513 0.312282 0.386856
v 0.116325 0.347880 0.321398
v 0.105660 0.292233 0.443141
v 0.088313 0.294853 0.449449
v 0.103900 0.302682 0.437946
v 0.084518 0.305728 0.446469
v 0.016501 0.166431 0.492161
v 0.019647 0.177765 0.495963
v 0.000251 0.181354 0.497188
v 0.000275 0.168077 0.491448
v 0.000284 0.160411 0.484618
v 0.013799 0.158248 0.485776
v 0.027956 0.151467 0.484445
v 0.033024 0.159882 0.490469
v 0.102143 0.137570 0.461079
v 0.115240 0.125566 0.440673
v 0.090574 0.128102 0.459830
v 0.142137 0.309743 0.238974
v 0.142468 0.327066 0.253702
v 0.154697 0.315731 0.256056
v 0.157606 0.299577 0.250225
v 0.124460 0.325283 0.234526
v 0.124410 0.341207 0.257315
v 0.171306 0.232474 0.227071
v 0.172755 0.238898 0.267456
v 0.097942 0.373422 0.318426
v 0.083038 0.370736 0.310675
v 0.114698 0.375783 0.331054
v 0.097942 0.373422 0.318426
v 0.114698 0.375783 0.331054
v 0.120584 0.376277 0.323288
v 0.102638 0.373249 0.305058
v 0.069514 0.362246 0.261060
v 0.053693 0.367358 0.260890
v 0.083657 0.354442 0.256406
v 0.084975 0.344163 0.238956
v 0.071047 0.348411 0.237125
v 0.080850 0.333514 0.214567
v 0.099948 0.330742 0.224015
v 0.081027 0.227777 0.469724
v 0.084516 0.241808 0.465315
v 0.068865 0.234997 0.473287
v 0.082587 0.212977 0.471101
v 0.089592 0.208304 0.466920
v 0.089284 0.222327 0.466483
v 0.092788 0.235533 0.463067
v 0.135424 0.212283 0.439397
v 0.136406 0.211996 0.436029
v 0.135099 0.224140 0.435276
v 0.134246 0.223237 0.438762
v 0.132445 0.222021 0.442117
v 0.133166 0.214187 0.443462
v 0.133371 0.202182 0.442001
v 0.134116 0.200777 0.438962
v 0.103043 0.199607 0.462974
v 0.105816 0.203526 0.463574
v 0.102060 0.209750 0.465522
v 0.098789 0.208690 0.466135
v 0.095902 0.207976 0.465599
v 0.100637 0.197906 0.462029
v 0.107772 0.191063 0.456830
v 0.109452 0.193460 0.458328
v 0.128988 0.232382 0.441251
v 0.129210 0.234266 0.438041
v 0.121459 0.241199 0.442825
v 0.122048 0.238644 0.445537
v 0.122325 0.233964 0.448932
v 0.128753 0.228105 0.444756
v 0.135709 0.249549 0.434495
v 0.131484 0.240117 0.434087
v 0.091883 0.198540 0.467506
v 0.096007 0.196163 0.462885
v 0.136531 0.183224 0.441109
v 0.131646 0.188195 0.439969
v 0.090370 0.253938 0.459813
v 0.097809 0.245220 0.458167
v 0.130063 0.374608 0.344228
v 0.130477 0.367571 0.342813
v 0.144219 0.360528 0.353906
v 0.144408 0.367060 0.356111
v 0.130063 0.374608 0.344228
v 0.144408 0.367060 0.356111
v 0.150611 0.367141 0.352228
v 0.136294 0.375155 0.339139
v 0.028845 0.372572 0.258875
v 0.171924 0.340697 0.304163
v 0.161227 0.341229 0.288176
v 0.146000 0.356083 0.299388
v 0.158756 0.355583 0.316390
v 0.171172 0.347115 0.331565
v 0.182126 0.332762 0.319863
v 0.192200 0.316564 0.308760
v 0.184131 0.323351 0.293360
v 0.174847 0.323822 0.279003
v 0.180005 0.267879 0.263578
v 0.176434 0.280567 0.260460
v 0.189860 0.285104 0.269543
v 0.191858 0.273445 0.270431
v 0.180005 0.267879 0.263578
v 0.191858 0.273445 0.270431
v 0.166405 0.266914 0.248286
v 0.030096 0.314568 0.138267
v 0.030096 0.314568 0.138267
v 0.108048 0.273701 0.076501
v 0.103469 0.341152 0.243949
v 0.104417 0.355529 0.268398
v 0.193636 0.303616 0.285068
v 0.184291 0.303505 0.272596
v 0.200628 0.298609 0.298917
v 0.205647 0.282888 0.291922
v 0.199336 0.286084 0.280028
v 0.171969 0.299828 0.261206
v 0.164050 0.320426 0.264926
v 0.115795 0.364662 0.291390
v 0.131736 0.368738 0.311912
v 0.133071 0.351382 0.279316
v 0.150120 0.337123 0.270729
v 0.150841 0.325096 0.294155
v 0.148184 0.319955 0.297239
v 0.157182 0.324798 0.302099
v 0.173332 0.340778 0.355335
v 0.160100 0.359533 0.343199
v 0.164381 0.349500 0.362176
v 0.175036 0.327251 0.369604
v 0.183234 0.317070 0.365295
v 0.191603 0.303618 0.359125
v 0.183079 0.327907 0.346157
v 0.205891 0.286929 0.314432
v 0.199349 0.301011 0.325960
v 0.203889 0.281539 0.342620
v 0.208703 0.272123 0.329958
v 0.211163 0.264410 0.319085
v 0.209576 0.274898 0.305232
v 0.208606 0.267401 0.301728
v 0.205490 0.273395 0.289366
v 0.209651 0.259151 0.315116
v 0.208606 0.267401 0.301728
v 0.209651 0.259151 0.315116
v 0.205704 0.258798 0.318760
v 0.204369 0.267272 0.304763
v 0.201142 0.273260 0.292033
v 0.205490 0.273395 0.289366
v 0.146369 0.367941 0.328954
v 0.140336 0.355310 0.333486
v 0.153990 0.340123 0.321170
v 0.164816 0.334249 0.332659
v 0.152777 0.348786 0.344667
v 0.187564 0.288091 0.290655
v 0.196159 0.274862 0.282374
v 0.193588 0.285618 0.300703
v 0.184380 0.303347 0.311899
v 0.176666 0.307188 0.301052
v 0.200130 0.275346 0.278981
v 0.200130 0.275346 0.278981
v 0.165788 0.324307 0.310791
v 0.175069 0.319330 0.322144
v 0.208343 0.257738 0.343839
v 0.204126 0.262997 0.356397
v 0.201794 0.249222 0.365561
v 0.205981 0.246772 0.353522
v 0.207931 0.247461 0.342765
v 0.210448 0.253719 0.332610
v 0.208800 0.250426 0.328587
v 0.206398 0.243896 0.342310
v 0.208800 0.250426 0.328587
v 0.206398 0.243896 0.342310
v 0.203914 0.245099 0.342396
v 0.205015 0.249738 0.332217
v 0.200710 0.253529 0.343951
v 0.200857 0.265800 0.330724
v 0.200469 0.244386 0.353113
v 0.196196 0.247608 0.365441
v 0.196080 0.260021 0.357330
v 0.195334 0.276431 0.344639
v 0.191748 0.314661 0.336450
v 0.198338 0.291906 0.351954
v 0.158100 0.350300 0.364869
v 0.157205 0.344365 0.363003
v 0.167336 0.323784 0.370114
v 0.168813 0.329149 0.371193
v 0.158100 0.350300 0.364869
v 0.168813 0.329149 0.371193
v 0.164416 0.332885 0.356168
v 0.174803 0.318931 0.346984
v 0.182266 0.298509 0.360852
v 0.173371 0.312176 0.366422
v 0.183436 0.305573 0.338072
v 0.191018 0.291984 0.327962
v 0.189362 0.286964 0.354136
v 0.198251 0.277342 0.315184
v 0.202791 0.242227 0.356458
v 0.198626 0.244050 0.368380
v 0.202791 0.242227 0.356458
v 0.198626 0.244050 0.368380
v 0.194549 0.247993 0.375425
v 0.197399 0.253775 0.372630
v 0.192422 0.262246 0.376264
v 0.189831 0.256111 0.378811
v 0.194549 0.247993 0.375425
v 0.189831 0.256111 0.378811
v 0.187170 0.261227 0.377052
v 0.192114 0.252576 0.373084
v 0.183747 0.270459 0.379756
v 0.180313 0.275497 0.378356
v 0.183747 0.270459 0.379756
v 0.186491 0.276449 0.377998
v 0.181442 0.289943 0.377609
v 0.177981 0.288683 0.378623
v 0.177981 0.288683 0.378623
v 0.176388 0.288950 0.377722
v 0.186970 0.293807 0.373014
v 0.180006 0.305414 0.375135
v 0.193865 0.279906 0.369432
v 0.199442 0.270012 0.364410
v 0.174222 0.308428 0.375773
v 0.172511 0.303485 0.375245
v 0.174222 0.308428 0.375773
v 0.177762 0.291225 0.373865
v 0.185518 0.277317 0.370970
v 0.191320 0.267432 0.365897
v 0.113583 0.246464 0.446565
v 0.114567 0.243768 0.448128
v 0.121113 0.243495 0.440754
v 0.106973 0.245428 0.452476
v 0.108391 0.242742 0.453601
v 0.137500 0.211772 0.433365
v 0.134910 0.199498 0.436671
v 0.136177 0.224963 0.432421
v 0.114706 0.185855 0.450369
v 0.115297 0.188470 0.451828
v 0.106488 0.188867 0.455780
v 0.122639 0.186823 0.445333
v 0.122637 0.189474 0.447102
v 0.093333 0.220454 0.465471
v 0.095578 0.220251 0.465717
v 0.098321 0.231599 0.463209
v 0.096510 0.232774 0.462633
v 0.093433 0.207242 0.465473
v 0.101170 0.240982 0.458067
v 0.102784 0.238891 0.458899
v 0.129680 0.235933 0.435462
v 0.129665 0.191276 0.440713
v 0.129218 0.193423 0.442733
v 0.098608 0.196355 0.461529
v 0.108943 0.211732 0.463040
v 0.102634 0.217507 0.465781
v 0.112042 0.221493 0.461066
v 0.105108 0.227083 0.463703
v 0.104982 0.236613 0.460053
v 0.110175 0.240033 0.455221
v 0.100861 0.230077 0.463992
v 0.108665 0.233793 0.460032
v 0.111644 0.237205 0.456273
v 0.129187 0.120692 0.414596
v 0.140832 0.118714 0.391471
v 0.137332 0.130182 0.419457
v 0.077244 0.074983 0.403233
v 0.083173 0.079140 0.402015
v 0.074271 0.088244 0.423888
v 0.069845 0.084114 0.425792
v 0.062367 0.070451 0.404307
v 0.069531 0.064864 0.380621
v 0.085971 0.070011 0.380367
v 0.092354 0.074766 0.380955
v 0.050135 0.146892 0.482500
v 0.043385 0.139836 0.475784
v 0.058971 0.126747 0.463073
v 0.066485 0.132001 0.470266
v 0.094430 0.067564 0.361766
v 0.099669 0.074166 0.366598
v 0.077737 0.060014 0.358065
v 0.094199 0.058133 0.336681
v 0.105176 0.069987 0.351362
v 0.107652 0.077914 0.359836
v 0.099365 0.096629 0.351095
v 0.105534 0.093885 0.363725
v 0.106196 0.101739 0.368425
v 0.100868 0.105434 0.353195
v 0.095581 0.107308 0.337135
v 0.093394 0.098100 0.337267
v 0.090980 0.093035 0.341988
v 0.094510 0.090238 0.352618
v 0.100525 0.087306 0.366018
v 0.056858 0.040401 0.311252
v 0.049466 0.045063 0.332238
v 0.000367 0.039332 0.331604
v 0.000356 0.033750 0.312474
v 0.000352 0.026937 0.297610
v 0.062502 0.034032 0.294371
v 0.101795 0.053067 0.312990
v 0.039603 0.143929 0.466664
v 0.024922 0.155019 0.474860
v 0.039603 0.143929 0.466664
v 0.024922 0.155019 0.474860
v 0.022911 0.166978 0.454632
v 0.037192 0.156274 0.447765
v 0.052827 0.142655 0.437608
v 0.055059 0.130880 0.454897
v 0.055059 0.130880 0.454897
v 0.099586 0.080098 0.371174
v 0.105504 0.083442 0.366572
v 0.099586 0.080098 0.371174
v 0.105504 0.083442 0.366572
v 0.095832 0.084870 0.369398
v 0.089973 0.085737 0.376729
v 0.093117 0.080584 0.381817
v 0.093117 0.080584 0.381817
v 0.070189 0.118708 0.441917
v 0.073596 0.115589 0.449587
v 0.070189 0.118708 0.441917
v 0.068819 0.128251 0.424557
v 0.084162 0.115789 0.407673
v 0.085896 0.109098 0.424167
v 0.085896 0.109098 0.424167
v 0.043779 0.138767 0.459644
v 0.049203 0.132632 0.463563
v 0.060513 0.119250 0.453526
v 0.055532 0.125126 0.448468
v 0.043779 0.138767 0.459644
v 0.055532 0.125126 0.448468
v 0.048378 0.124874 0.437141
v 0.035925 0.136752 0.449573
v 0.023481 0.145007 0.458827
v 0.030334 0.148698 0.468074
v 0.030334 0.148698 0.468074
v 0.012122 0.161313 0.477125
v 0.000267 0.163248 0.476782
v 0.012122 0.161313 0.477125
v 0.000267 0.163248 0.476782
v 0.000218 0.174185 0.458493
v 0.010977 0.172633 0.457815
v 0.080725 0.119747 0.455779
v 0.055444 0.102199 0.396019
v 0.060169 0.109998 0.423164
v 0.071224 0.096578 0.407718
v 0.066988 0.094567 0.377610
v 0.063461 0.093506 0.346264
v 0.052165 0.096879 0.365209
v 0.039960 0.100452 0.386422
v 0.043068 0.110659 0.415214
v 0.076829 0.090343 0.366183
v 0.081464 0.089065 0.390870
v 0.084631 0.088497 0.359461
v 0.080075 0.091163 0.340207
v 0.072694 0.091723 0.340284
v 0.030734 0.117363 0.429003
v 0.028003 0.102837 0.399200
v 0.017145 0.104283 0.405946
v 0.019236 0.121943 0.437733
v 0.067800 0.143362 0.389294
v 0.050345 0.160324 0.403078
v 0.047440 0.170045 0.365848
v 0.065315 0.151867 0.353134
v 0.081435 0.133068 0.341225
v 0.083810 0.126943 0.374168
v 0.015623 0.154212 0.472326
v 0.015623 0.154212 0.472326
v 0.011712 0.149018 0.463269
v 0.000282 0.149949 0.464293
v 0.000280 0.155847 0.473416
v 0.000280 0.155847 0.473416
v 0.103087 0.103737 0.398086
v 0.103087 0.103737 0.398086
v 0.097846 0.107996 0.386018
v 0.114505 0.098917 0.374981
v 0.114505 0.098917 0.374981
v 0.065172 0.108482 0.435981
v 0.067793 0.103034 0.440679
v 0.074191 0.093434 0.420504
v 0.065172 0.108482 0.435981
v 0.074191 0.093434 0.420504
v 0.084079 0.084582 0.400355
v 0.084079 0.084582 0.400355
v 0.112894 0.090934 0.366159
v 0.118840 0.086580 0.361558
v 0.112894 0.090934 0.366159
v 0.086629 0.097233 0.331236
v 0.079286 0.096034 0.329155
v 0.085814 0.091455 0.338965
v 0.087392 0.104666 0.328087
v 0.080448 0.101286 0.326513
v 0.008479 0.177507 0.345256
v 0.008204 0.147135 0.337406
v 0.017312 0.144846 0.336476
v 0.018069 0.173719 0.344196
v 0.019209 0.190881 0.375143
v 0.008980 0.195894 0.376960
v 0.000060 0.197588 0.377621
v 0.000062 0.178894 0.345852
v 0.000124 0.148033 0.338002
v 0.059550 0.141590 0.333087
v 0.053834 0.122816 0.329169
v 0.065622 0.110551 0.324382
v 0.073633 0.124672 0.326417
v 0.043938 0.157971 0.340463
v 0.040905 0.135050 0.334239
v 0.071581 0.096510 0.327170
v 0.074631 0.103900 0.323419
v 0.062618 0.099498 0.329759
v 0.030000 0.167944 0.343382
v 0.028472 0.141605 0.336047
v 0.032050 0.182657 0.372311
v 0.090062 0.087995 0.355174
v 0.095258 0.114919 0.361511
v 0.091559 0.118589 0.337173
v 0.034562 0.173975 0.411710
v 0.020915 0.183783 0.416673
v 0.009871 0.189215 0.419453
v 0.000131 0.190826 0.420304
v 0.009367 0.124028 0.441753
v 0.008242 0.105042 0.409061
v 0.000315 0.105241 0.409716
v 0.000313 0.124437 0.442591
v 0.027527 0.115410 0.361434
v 0.039409 0.112230 0.354495
v 0.016753 0.116808 0.364627
v 0.082987 0.113088 0.325615
v 0.051500 0.105832 0.341401
v 0.007989 0.117862 0.366477
v 0.000230 0.118294 0.367072
v 0.123631 0.064724 0.322943
v 0.121443 0.071776 0.340348
v 0.120768 0.079627 0.353087
v 0.118588 -0.365114 0.201374
v 0.119852 -0.376575 0.204977
v 0.127589 -0.353548 0.196818
v 0.138514 -0.380095 0.205015
v 0.157478 -0.376019 0.202279
v 0.138514 -0.380095 0.205015
v 0.159644 -0.364693 0.197561
v 0.151546 -0.353472 0.193796
v 0.139718 -0.349712 0.193920
v 0.139718 -0.349712 0.193920
v 0.143117 -0.352757 -0.342798
v 0.129964 -0.357458 -0.342972
v 0.143117 -0.352757 -0.342798
v 0.156743 -0.354954 -0.343986
v 0.166617 -0.365303 -0.346230
v 0.165213 -0.376275 -0.348121
v 0.145005 -0.380342 -0.348250
v 0.145005 -0.380342 -0.348250
v 0.124326 -0.377512 -0.347016
v 0.121506 -0.367796 -0.344818
v 0.053106 0.242180 0.475264
v 0.038706 0.247897 0.476270
v 0.035498 0.236741 0.480967
v 0.050072 0.230557 0.480457
v 0.139564 0.291127 0.414630
v 0.149945 0.279444 0.400184
v 0.149256 0.286536 0.396060
v 0.139668 0.297328 0.410535
v 0.125161 0.306437 0.421758
v 0.124711 0.301181 0.425506
v 0.103636 0.309365 0.436844
v 0.103192 0.314862 0.433565
v 0.081988 0.312535 0.446873
v 0.028323 0.210249 0.495187
v 0.028892 0.224315 0.492300
v 0.023674 0.211533 0.495617
v 0.020499 0.197811 0.497699
v 0.024146 0.196381 0.496810
v 0.042549 0.281381 0.466180
v 0.052682 0.296481 0.459616
v 0.031575 0.284546 0.465791
v 0.035152 0.265159 0.472340
v 0.047870 0.223113 0.486863
v 0.034547 0.229616 0.486999
v 0.077455 0.295395 0.453804
v 0.071402 0.302267 0.453340
v 0.160615 0.214630 0.413143
v 0.166502 0.209936 0.395036
v 0.167050 0.259937 0.290050
v 0.169449 0.245326 0.308032
v 0.166246 0.276103 0.279401
v 0.116276 0.191150 0.453763
v 0.122955 0.192064 0.449415
v 0.115821 0.240952 0.450288
v 0.116241 0.236796 0.453282
v 0.114728 0.230079 0.457344
v 0.121732 0.225292 0.453051
v 0.128934 0.195592 0.445417
v 0.098429 0.219808 0.466246
v 0.128240 0.219259 0.448218
v 0.155898 0.278354 0.366643
v 0.148483 0.292419 0.390013
v 0.156466 0.273062 0.374497
v 0.161668 0.259383 0.356477
v 0.162206 0.261346 0.343594
v 0.164324 0.247817 0.365620
v 0.167669 0.230320 0.372541
v 0.166214 0.244805 0.352073
v 0.161447 0.258028 0.362640
v 0.161349 0.256711 0.368268
v 0.161349 0.256711 0.368268
v 0.008807 0.193059 0.499605
v 0.012083 0.199383 0.498370
v 0.000211 0.199875 0.498743
v 0.000229 0.192747 0.500000
v 0.000236 0.189709 0.499849
v 0.012190 0.191093 0.499215
v 0.022660 0.184154 0.496867
v 0.016303 0.186738 0.497245
v 0.016733 0.287737 0.465398
v -0.000040 0.289320 0.465212
v 0.100893 0.321756 0.421840
v 0.123949 0.311821 0.412776
v 0.065415 0.307553 0.453822
v 0.013343 0.213318 0.496031
v 0.000174 0.214321 0.496242
v 0.013751 0.189018 0.498228
v 0.000241 0.186948 0.498894
v 0.028461 0.232271 0.487087
v 0.028538 0.239333 0.481358
v 0.030625 0.250719 0.476921
v 0.168546 0.242128 0.330792
v 0.170141 0.205992 0.379160
v 0.147027 0.115395 0.379920
v 0.154555 0.123950 0.376043
v 0.165344 0.143585 0.363131
v 0.157603 0.266376 0.378138
v 0.138823 0.302808 0.403778
v 0.140502 0.141362 0.426628
v 0.034615 0.063885 0.405534
v 0.000416 0.060053 0.406208
v 0.000401 0.053868 0.383490
v 0.038595 0.057871 0.382282
v 0.008009 0.134436 0.473592
v 0.000329 0.135048 0.473913
v 0.000344 0.126954 0.471033
v 0.013135 0.127990 0.471059
v 0.065371 0.099038 0.443471
v 0.059299 0.115080 0.456643
v 0.043461 0.051241 0.356882
v 0.000384 0.046499 0.356949
v 0.020813 0.117743 0.466172
v 0.000365 0.115071 0.465819
v 0.037608 0.122847 0.466414
v 0.047109 0.127567 0.465683
v -0.043605 0.227263 -0.447542
v -0.044826 0.216534 -0.471469
v -0.051837 0.201400 -0.450802
v -0.048374 0.213282 -0.428227
v -0.030819 0.219043 -0.410583
v -0.027790 0.231107 -0.427222
v -0.019517 0.241618 -0.440300
v -0.031820 0.241222 -0.462529
v -0.029610 0.232953 -0.486928
v -0.041912 0.197195 -0.410942
v -0.047357 0.185634 -0.431303
v -0.033971 0.177171 -0.420009
v -0.027247 0.182263 -0.402410
v -0.015778 0.190332 -0.396323
v -0.023627 0.203576 -0.396741
v 0.009447 0.176468 -0.435581
v 0.015239 0.187337 -0.415227
v 0.011461 0.179421 -0.411065
v 0.008013 0.168770 -0.423252
v 0.009447 0.176468 -0.435581
v 0.008013 0.168770 -0.423252
v -0.007040 0.166876 -0.434744
v -0.009185 0.170780 -0.449775
v -0.010081 0.184485 -0.465581
v 0.007995 0.188799 -0.447952
v 0.007995 0.188799 -0.447952
v 0.011979 0.199234 -0.425392
v -0.000181 0.198331 -0.400225
v 0.002997 0.184227 -0.397706
v -0.005830 0.211838 -0.411287
v -0.032284 0.175332 -0.446298
v -0.022232 0.166806 -0.427956
v -0.034549 0.190243 -0.464892
v 0.010874 0.238854 -0.436016
v -0.010977 0.252427 -0.443461
v 0.004260 0.231253 -0.435675
v 0.024509 0.218000 -0.446646
v 0.032693 0.224990 -0.444567
v 0.038967 0.230510 -0.436403
v 0.015830 0.244669 -0.431300
v -0.003525 0.261698 -0.440780
v 0.014768 0.199725 -0.461977
v 0.016337 0.209435 -0.438060
v 0.014768 0.199725 -0.461977
v -0.001394 0.196900 -0.482286
v 0.013442 0.209335 -0.493593
v 0.026232 0.209730 -0.471204
v 0.026232 0.209730 -0.471204
v -0.002829 0.222530 -0.425268
v -0.026007 0.204459 -0.484251
v -0.009847 0.219700 -0.498058
v 0.046001 0.272808 -0.466513
v 0.059209 0.252327 -0.458565
v 0.047499 0.237614 -0.481429
v 0.030957 0.256149 -0.489633
v 0.010634 0.271815 -0.483252
v 0.025778 0.287096 -0.464466
v 0.031355 0.296304 -0.439176
v 0.051112 0.285175 -0.436139
v 0.062516 0.265021 -0.428783
v 0.010741 0.237688 -0.500000
v 0.030991 0.223094 -0.493207
v -0.009475 0.252574 -0.490797
v -0.017237 0.257244 -0.466836
v -0.003058 0.272206 -0.462533
v 0.038853 0.219300 -0.469179
v 0.038853 0.219300 -0.469179
v 0.049845 0.228613 -0.458399
v 0.049845 0.228613 -0.458399
v 0.007227 0.284819 -0.416072
v 0.022768 0.297326 -0.412119
v 0.011832 0.287790 -0.435732
v 0.003596 0.268945 -0.428173
v 0.002361 0.264578 -0.414346
v -0.006787 0.259814 -0.399832
v -0.006331 0.279431 -0.397894
v 0.003641 0.293846 -0.389183
v 0.007517 0.282987 -0.451692
v 0.001483 0.267594 -0.436334
v 0.056422 0.237854 -0.441359
v 0.041410 0.234664 -0.426736
v 0.056422 0.237854 -0.441359
v 0.056984 0.246463 -0.419272
v 0.056984 0.246463 -0.419272
v 0.040164 0.238236 -0.413876
v 0.017939 0.248032 -0.426538
v 0.017704 0.249079 -0.418865
v -0.019505 0.248965 -0.381541
v -0.028415 0.259970 -0.389612
v 0.005347 0.247085 -0.391277
v 0.021159 0.245328 -0.379259
v -0.008341 0.247525 -0.369005
v -0.029763 0.252975 -0.365952
v -0.042850 0.255062 -0.373684
v -0.041932 0.262574 -0.380892
v 0.049932 0.253883 -0.393351
v 0.035370 0.242011 -0.396133
v 0.049932 0.253883 -0.393351
v 0.053817 0.273488 -0.396250
v 0.032802 0.277123 -0.369125
v 0.031739 0.258625 -0.370806
v 0.031739 0.258625 -0.370806
v 0.015628 0.247943 -0.405415
v 0.041530 0.290758 -0.404009
v 0.020061 0.290970 -0.377422
v -0.048612 0.266851 -0.365184
v -0.033086 0.260362 -0.357097
v -0.025081 0.271835 -0.356060
v -0.037567 0.279261 -0.360397
v -0.037911 0.282227 -0.371035
v -0.047330 0.273961 -0.376985
v -0.048612 0.266851 -0.365184
v -0.033086 0.260362 -0.357097
v -0.010490 0.287219 -0.363681
v -0.000835 0.275324 -0.355569
v -0.022399 0.289551 -0.376258
v -0.028877 0.276983 -0.386376
v -0.001118 0.259202 -0.358846
v -0.001118 0.259202 -0.358846
vt 0.644841 0.527281
vt 0.670955 0.527325
vt 0.671361 0.485267
vt 0.640475 0.484722
vt 0.642301 0.430740
vt 0.671890 0.431579
vt 0.672418 0.378514
vt 0.646049 0.377468
vt 0.648067 0.336742
vt 0.672821 0.337849
vt 0.673119 0.307286
vt 0.649169 0.306258
vt 0.606872 0.491573
vt 0.614409 0.428133
vt 0.620729 0.374749
vt 0.623674 0.334447
vt 0.624986 0.304627
vt 0.649812 0.283244
vt 0.625636 0.282318
vt 0.673341 0.284061
vt 0.602096 0.282418
vt 0.601892 0.303493
vt 0.601088 0.331578
vt 0.590780 0.423153
vt 0.598400 0.370324
vt 0.580728 0.478158
vt 0.571469 0.523110
vt 0.622261 0.532781
vt 0.607234 0.548594
vt 0.592056 0.537911
vt 0.582806 0.587355
vt 0.625930 0.263176
vt 0.602215 0.264530
vt 0.602837 0.246314
vt 0.629990 0.566545
vt 0.609229 0.576545
vt 0.611843 0.601693
vt 0.650470 0.562381
vt 0.650120 0.263145
vt 0.673531 0.263584
vt 0.633619 0.596279
vt 0.670631 0.561899
vt 0.652774 0.593676
vt 0.591286 0.612072
vt 0.626335 0.243410
vt 0.650335 0.242022
vt 0.611843 0.601693
vt 0.635829 0.621374
vt 0.633619 0.596279
vt 0.652774 0.593676
vt 0.616107 0.623478
vt 0.596494 0.630902
vt 0.591286 0.612072
vt 0.623111 0.641374
vt 0.639084 0.641295
vt 0.654783 0.641439
vt 0.653645 0.620300
vt 0.641197 0.658440
vt 0.655188 0.659029
vt 0.653903 0.674866
vt 0.629246 0.657597
vt 0.621052 0.657692
vt 0.611886 0.646130
vt 0.640027 0.675186
vt 0.637722 0.691647
vt 0.630845 0.674375
vt 0.622322 0.670035
vt 0.652229 0.690588
vt 0.629890 0.690725
vt 0.628871 0.706987
vt 0.622869 0.689535
vt 0.669629 0.689662
vt 0.669719 0.674508
vt 0.610382 0.659931
vt 0.636875 0.709241
vt 0.597168 0.650756
vt 0.651700 0.709006
vt 0.669820 0.659331
vt 0.669949 0.641643
vt 0.670120 0.620107
vt 0.673727 0.241778
vt 0.670349 0.593175
vt 0.670349 0.593175
vt 0.623080 0.706071
vt 0.669536 0.708360
vt 0.610686 0.677304
vt 0.604570 0.692430
vt 0.611923 0.702033
vt 0.601717 0.712624
vt 0.595544 0.704668
vt 0.586672 0.713934
vt 0.592485 0.721023
vt 0.586909 0.694865
vt 0.594183 0.682618
vt 0.578921 0.704150
vt 0.598406 0.667692
vt 0.697059 0.527872
vt 0.685514 0.675102
vt 0.686996 0.690814
vt 0.690774 0.562822
vt 0.702247 0.485439
vt 0.701488 0.431438
vt 0.697594 0.337322
vt 0.698803 0.378091
vt 0.697088 0.306808
vt 0.696887 0.283773
vt 0.696956 0.263658
vt 0.687906 0.594042
vt 0.687906 0.594042
vt 0.614250 0.710159
vt 0.687338 0.709188
vt 0.604660 0.717482
vt 0.595407 0.724594
vt 0.701441 0.692064
vt 0.702097 0.709581
vt 0.684445 0.659271
vt 0.685108 0.641713
vt 0.711156 0.567432
vt 0.719515 0.533881
vt 0.734219 0.550015
vt 0.731697 0.577875
vt 0.735692 0.493069
vt 0.728623 0.602909
vt 0.699351 0.675633
vt 0.686581 0.620621
vt 0.697130 0.242514
vt 0.706991 0.597043
vt 0.710071 0.707435
vt 0.704351 0.622045
vt 0.706991 0.597043
vt 0.728623 0.602909
vt 0.700780 0.641856
vt 0.721311 0.305736
vt 0.721095 0.283397
vt 0.722035 0.335600
vt 0.729421 0.429493
vt 0.724173 0.375974
vt 0.721168 0.264230
vt 0.721136 0.244429
vt 0.744617 0.247868
vt 0.744887 0.266128
vt 0.744655 0.284041
vt 0.708509 0.674971
vt 0.709247 0.691256
vt 0.716244 0.690178
vt 0.715831 0.706598
vt 0.724533 0.710774
vt 0.726949 0.702757
vt 0.736921 0.713436
vt 0.733930 0.718201
vt 0.742999 0.725420
vt 0.745951 0.721931
vt 0.734382 0.693352
vt 0.743161 0.705654
vt 0.728524 0.678222
vt 0.729085 0.660951
vt 0.698414 0.658919
vt 0.723984 0.624541
vt 0.751822 0.715005
vt 0.716704 0.642235
vt 0.717056 0.670792
vt 0.718500 0.658527
vt 0.727809 0.647190
vt 0.710340 0.658287
vt 0.744444 0.305142
vt 0.626885 0.220173
vt 0.601200 0.224627
vt 0.651700 0.709006
vt 0.669464 0.728604
vt 0.669536 0.708360
vt 0.687338 0.709188
vt 0.669536 0.708360
vt 0.669464 0.728604
vt 0.651746 0.728815
vt 0.636534 0.728140
vt 0.636875 0.709241
vt 0.628871 0.706987
vt 0.687148 0.728933
vt 0.749582 0.539697
vt 0.744687 0.333269
vt 0.757855 0.589257
vt 0.743389 0.632349
vt 0.753137 0.425080
vt 0.746589 0.372085
vt 0.751876 0.696082
vt 0.744841 0.683793
vt 0.740875 0.668890
vt 0.721017 0.221138
vt 0.746676 0.226176
vt 0.702289 0.728370
vt 0.702097 0.709581
vt 0.710071 0.707435
vt 0.748926 0.613708
vt 0.748926 0.613708
vt 0.650875 0.218539
vt 0.673924 0.217993
vt 0.697007 0.218987
vt 0.762077 0.480285
vt 0.770429 0.525400
vt 0.742378 0.652078
vt 0.759661 0.705440
vt 0.755705 0.675920
vt 0.761731 0.686641
vt 0.583371 0.674488
vt 0.577130 0.685171
vt 0.711736 0.725339
vt 0.719759 0.719980
vt 0.715831 0.706598
vt 0.724533 0.710774
vt 0.715831 0.706598
vt 0.719759 0.719980
vt 0.627037 0.725012
vt 0.618976 0.719533
vt 0.623080 0.706071
vt 0.614250 0.710159
vt 0.618976 0.719533
vt 0.623080 0.706071
vt 0.687462 0.748162
vt 0.669429 0.747922
vt 0.651352 0.748114
vt 0.669429 0.747922
vt 0.768506 0.695419
vt 0.755530 0.728491
vt 0.752583 0.731502
vt 0.570166 0.693888
vt 0.582728 0.727462
vt 0.585653 0.730551
vt 0.703968 0.747919
vt 0.634752 0.747811
vt 0.716976 0.746113
vt 0.621648 0.745933
vt 0.752784 0.663696
vt 0.586508 0.662238
vt 0.706434 0.766581
vt 0.632225 0.766613
vt 0.771657 0.677332
vt 0.567283 0.675603
vt 0.669434 0.766933
vt 0.669434 0.766933
vt 0.688560 0.767391
vt 0.650227 0.767434
vt 0.722642 0.765595
vt 0.725767 0.779056
vt 0.612678 0.779178
vt 0.615868 0.765579
vt 0.736613 0.764075
vt 0.740026 0.776180
vt 0.728718 0.742954
vt 0.755544 0.650451
vt 0.709069 0.782392
vt 0.713253 0.791899
vt 0.727382 0.787060
vt 0.690715 0.787286
vt 0.744617 0.247868
vt 0.744887 0.266128
vt 0.770305 0.264382
vt 0.744655 0.284041
vt 0.768608 0.245385
vt 0.766655 0.228293
vt 0.746676 0.226176
vt 0.771329 0.284091
vt 0.771657 0.305770
vt 0.744444 0.305142
vt 0.744687 0.333269
vt 0.765968 0.668517
vt 0.741311 0.738606
vt 0.629554 0.782576
vt 0.611026 0.787272
vt 0.625324 0.792202
vt 0.648083 0.787475
vt 0.601755 0.763992
vt 0.609809 0.742686
vt 0.598265 0.776220
vt 0.583954 0.648855
vt 0.602837 0.246314
vt 0.601200 0.224627
vt 0.581228 0.226275
vt 0.578946 0.243281
vt 0.576879 0.262196
vt 0.602215 0.264530
vt 0.602096 0.282418
vt 0.575467 0.281842
vt 0.574707 0.303477
vt 0.601892 0.303493
vt 0.601088 0.331578
vt 0.573156 0.666835
vt 0.597104 0.738227
vt 0.696562 0.189705
vt 0.720667 0.189391
vt 0.752633 0.194656
vt 0.651830 0.189373
vt 0.627816 0.188532
vt 0.595851 0.193073
vt 0.747476 0.761661
vt 0.590782 0.761505
vt 0.761815 0.661697
vt 0.577451 0.660048
vt 0.750307 0.773078
vt 0.587878 0.773040
vt 0.741112 0.782337
vt 0.597148 0.782445
vt 0.726657 0.716238
vt 0.612042 0.715657
vt 0.749735 0.862643
vt 0.754390 0.894452
vt 0.706503 0.901853
vt 0.702684 0.874262
vt 0.801728 0.887135
vt 0.795918 0.851559
vt 0.831109 0.844680
vt 0.839238 0.881319
vt 0.868769 0.876737
vt 0.858713 0.841495
vt 0.846196 0.808539
vt 0.788868 0.818634
vt 0.821222 0.811558
vt 0.664640 0.882762
vt 0.666803 0.908032
vt 0.742629 0.832775
vt 0.695733 0.847959
vt 0.661893 0.857989
vt 0.635168 0.864664
vt 0.815255 0.784904
vt 0.655254 0.834630
vt 0.633301 0.913249
vt 0.632961 0.890350
vt 0.604996 0.897927
vt 0.671201 0.932951
vt 0.666803 0.908032
vt 0.706503 0.901853
vt 0.633301 0.913249
vt 0.709882 0.929497
vt 0.638840 0.935341
vt 0.647542 0.959336
vt 0.610047 0.936595
vt 0.758011 0.926420
vt 0.754390 0.894452
vt 0.801728 0.887135
vt 0.805217 0.923084
vt 0.840785 0.918980
vt 0.839238 0.881319
vt 0.868769 0.876737
vt 0.604577 0.917719
vt 0.604577 0.917719
vt 0.868108 0.913640
vt 0.864507 0.949089
vt 0.839758 0.953800
vt 0.674918 0.957573
vt 0.709926 0.956817
vt 0.806842 0.956901
vt 0.758767 0.957264
vt 0.882110 0.840899
vt 0.890730 0.907099
vt 0.892509 0.873056
vt 0.892509 0.873056
vt 0.840878 0.981196
vt 0.884441 0.935226
vt 0.674565 0.982044
vt 0.868887 0.815793
vt 0.578113 0.921835
vt 0.578113 0.921835
vt 0.578704 0.905991
vt 0.582737 0.936868
vt 0.552321 0.913689
vt 0.555433 0.937519
vt 0.886925 0.816812
vt 0.901501 0.928765
vt 0.839761 0.786207
vt 0.781479 0.790080
vt 0.731242 0.805715
vt 0.864052 0.972474
vt 0.807036 0.986697
vt 0.754655 0.986697
vt 0.703889 0.984016
vt 0.903552 0.840039
vt 0.911541 0.901408
vt 0.914634 0.869625
vt 0.914634 0.869625
vt 0.682937 0.823538
vt 0.609287 0.877640
vt 0.584522 0.886513
vt 0.619363 0.954769
vt 0.593310 0.953797
vt 0.551458 0.925980
vt 0.551458 0.925980
vt 0.637925 0.837149
vt 0.657267 0.984930
vt 0.526913 0.929797
vt 0.731242 0.805715
vt 0.682937 0.823538
vt 0.668996 0.797982
vt 0.655254 0.834630
vt 0.646707 0.809669
vt 0.772838 0.761467
vt 0.781479 0.790080
vt 0.815255 0.784904
vt 0.809662 0.758257
vt 0.526913 0.929797
vt 0.894764 0.966279
vt 0.895140 0.953896
vt 0.870862 0.782778
vt 0.807519 0.552347
vt 0.831695 0.548036
vt 0.810500 0.507268
vt 0.793588 0.511512
vt 0.858935 0.594279
vt 0.819010 0.593215
vt 0.785718 0.475941
vt 0.797663 0.472426
vt 0.819434 0.629546
vt 0.858935 0.594279
vt 0.819010 0.593215
vt 0.857035 0.634084
vt 0.852807 0.666625
vt 0.816231 0.663285
vt 0.877470 0.642005
vt 0.874968 0.672064
vt 0.789321 0.441731
vt 0.780621 0.444939
vt 0.775464 0.417727
vt 0.782386 0.414391
vt 0.777335 0.392071
vt 0.770716 0.395604
vt 0.891091 0.675038
vt 0.767220 0.381192
vt 0.775173 0.377388
vt 0.890088 0.646175
vt 0.902368 0.641087
vt 0.906881 0.670644
vt 0.928309 0.663370
vt 0.921954 0.631797
vt 0.917705 0.593135
vt 0.958282 0.624412
vt 0.956244 0.589167
vt 0.964586 0.548988
vt 0.917705 0.593135
vt 0.956244 0.589167
vt 0.941206 0.546657
vt 0.958930 0.506425
vt 0.975085 0.509138
vt 0.979918 0.475428
vt 0.968781 0.473169
vt 0.974313 0.445028
vt 0.982190 0.447095
vt 0.984418 0.423156
vt 0.978326 0.421022
vt 0.980653 0.402255
vt 0.986346 0.404413
vt 0.987745 0.392408
vt 0.981029 0.390306
vt 0.963792 0.656984
vt 0.889311 0.618625
vt 0.772460 0.371007
vt 0.764856 0.372106
vt 0.982485 0.384966
vt 0.988671 0.384855
vt 0.878836 0.613311
vt 0.899388 0.612909
vt 0.958282 0.624412
vt 0.992166 0.584070
vt 0.956244 0.589167
vt 0.964586 0.548988
vt 0.992079 0.546429
vt 0.992804 0.509380
vt 0.975085 0.509138
vt 0.979918 0.475428
vt 0.991320 0.476742
vt 0.990068 0.448227
vt 0.982190 0.447095
vt 0.984418 0.423156
vt 0.990555 0.423878
vt 0.992183 0.404738
vt 0.986346 0.404413
vt 0.987745 0.392408
vt 0.994611 0.392493
vt 0.994508 0.386604
vt 0.988671 0.384855
vt 0.996645 0.618375
vt 0.999579 0.652131
vt 0.963792 0.656984
vt 0.819434 0.629546
vt 0.819010 0.593215
vt 0.781587 0.591127
vt 0.807519 0.552347
vt 0.778696 0.552176
vt 0.793588 0.511512
vt 0.774888 0.513487
vt 0.785718 0.475941
vt 0.773487 0.478608
vt 0.771904 0.447204
vt 0.780621 0.444939
vt 0.775464 0.417727
vt 0.768380 0.419479
vt 0.763733 0.396996
vt 0.770716 0.395604
vt 0.767220 0.381192
vt 0.758861 0.382578
vt 0.758020 0.375377
vt 0.764856 0.372106
vt 0.779653 0.626793
vt 0.779292 0.661607
vt 0.816231 0.663285
vt 0.872054 0.702941
vt 0.892272 0.704506
vt 0.912194 0.700872
vt 0.966677 0.691486
vt 0.966677 0.691486
vt 0.935455 0.695758
vt 0.848104 0.700084
vt 0.815976 0.698699
vt 0.815976 0.698699
vt 0.995432 0.689485
vt 0.786468 0.699347
vt 0.893519 0.732569
vt 0.999579 0.389503
vt 0.998470 0.382867
vt 0.752313 0.379899
vt 0.752577 0.371592
vt 0.779870 0.371164
vt 0.775678 0.364679
vt 0.976732 0.386048
vt 0.979281 0.380500
vt 0.988582 0.714295
vt 0.970750 0.722270
vt 0.795416 0.724030
vt 0.814245 0.730502
vt 0.130882 0.522968
vt 0.147108 0.505477
vt 0.125708 0.506895
vt 0.151725 0.521972
vt 0.156130 0.538135
vt 0.137044 0.538469
vt 0.142527 0.549957
vt 0.122986 0.493554
vt 0.116978 0.539992
vt 0.109384 0.526171
vt 0.104283 0.511661
vt 0.100734 0.497948
vt 0.098380 0.528990
vt 0.106919 0.541807
vt 0.088308 0.502048
vt 0.092911 0.515764
vt 0.098569 0.486372
vt 0.085364 0.489776
vt 0.127966 0.551579
vt 0.136946 0.559678
vt 0.145321 0.493093
vt 0.121759 0.483040
vt 0.120581 0.554616
vt 0.145111 0.483831
vt 0.156713 0.549321
vt 0.121103 0.475398
vt 0.097535 0.478040
vt 0.145176 0.476909
vt 0.146129 0.557573
vt 0.084825 0.480620
vt 0.155738 0.556636
vt 0.088308 0.502048
vt 0.085364 0.489776
vt 0.079479 0.491765
vt 0.082598 0.504493
vt 0.084825 0.480620
vt 0.079572 0.481998
vt 0.087737 0.518368
vt 0.092911 0.515764
vt 0.098380 0.528990
vt 0.093631 0.531069
vt 0.102709 0.543752
vt 0.106919 0.541807
vt 0.120581 0.554616
vt 0.132489 0.564424
vt 0.145854 0.471372
vt 0.120914 0.469266
vt 0.096968 0.471283
vt 0.080020 0.473445
vt 0.084767 0.473025
vt 0.084767 0.473025
vt 0.162376 0.500133
vt 0.162205 0.511005
vt 0.164424 0.525583
vt 0.163585 0.491912
vt 0.164424 0.485431
vt 0.138744 0.567431
vt 0.253616 0.047872
vt 0.281585 0.032086
vt 0.281080 0.045501
vt 0.254038 0.029916
vt 0.224916 0.025630
vt 0.232094 0.051877
vt 0.312577 0.044939
vt 0.313056 0.034651
vt 0.342817 0.038383
vt 0.342401 0.046844
vt 0.364849 0.051871
vt 0.365236 0.044059
vt 0.255904 0.010550
vt 0.284294 0.018919
vt 0.315638 0.025393
vt 0.382254 0.048987
vt 0.378959 0.057339
vt 0.218426 0.057339
vt 0.206476 0.032739
vt 0.462733 0.516929
vt 0.460558 0.486970
vt 0.448254 0.486419
vt 0.446264 0.516468
vt 0.442332 0.548235
vt 0.466405 0.540405
vt 0.460046 0.452613
vt 0.450610 0.452090
vt 0.454036 0.419625
vt 0.461794 0.420080
vt 0.466398 0.395593
vt 0.459234 0.395171
vt 0.428511 0.514432
vt 0.436185 0.483464
vt 0.442126 0.449273
vt 0.463743 0.376606
vt 0.471405 0.380200
vt 0.471405 0.555314
vt 0.448846 0.568349
vt 0.555520 0.809008
vt 0.546067 0.791923
vt 0.542304 0.795216
vt 0.537528 0.798412
vt 0.550054 0.811751
vt 0.559400 0.805742
vt 0.542842 0.814834
vt 0.531598 0.802279
vt 0.523631 0.805277
vt 0.532810 0.816939
vt 0.562131 0.801315
vt 0.546067 0.791923
vt 0.559400 0.805742
vt 0.548974 0.787782
vt 0.551715 0.782610
vt 0.564273 0.795275
vt 0.566593 0.787449
vt 0.554980 0.776274
vt 0.557347 0.767964
vt 0.567883 0.776870
vt 0.567035 0.762591
vt 0.557565 0.757067
vt 0.557543 0.747088
vt 0.565289 0.749795
vt 0.518807 0.816837
vt 0.512731 0.805916
vt 0.502452 0.806191
vt 0.505664 0.815602
vt 0.564771 0.741897
vt 0.558687 0.741142
vt 0.497304 0.815589
vt 0.495930 0.807663
vt 0.560188 0.737545
vt 0.564263 0.736742
vt 0.492174 0.810261
vt 0.491562 0.815632
vt 0.554535 0.738742
vt 0.494137 0.802088
vt 0.574853 0.750989
vt 0.572621 0.740664
vt 0.507663 0.827064
vt 0.496995 0.825356
vt 0.499337 0.798870
vt 0.551541 0.743900
vt 0.574853 0.821426
vt 0.574853 0.821426
vt 0.570454 0.733915
vt 0.489907 0.823767
vt 0.562112 0.732569
vt 0.557882 0.734848
vt 0.508309 0.793308
vt 0.546935 0.752937
vt 0.869630 0.367743
vt 0.879573 0.341884
vt 0.871979 0.344437
vt 0.877196 0.365861
vt 0.878182 0.398117
vt 0.870309 0.399446
vt 0.875236 0.439122
vt 0.884782 0.438150
vt 0.897893 0.480617
vt 0.886178 0.482339
vt 0.870896 0.485394
vt 0.902018 0.525229
vt 0.876412 0.330185
vt 0.883377 0.326754
vt 0.866019 0.346390
vt 0.863685 0.369052
vt 0.863728 0.400106
vt 0.886414 0.318422
vt 0.890642 0.323910
vt 0.893420 0.315388
vt 0.899228 0.313353
vt 0.897058 0.321589
vt 0.866437 0.439009
vt 0.901286 0.319992
vt 0.884764 0.363882
vt 0.887233 0.339536
vt 0.870454 0.332781
vt 0.902018 0.312385
vt 0.879894 0.322268
vt 0.855864 0.437573
vt 0.853238 0.471546
vt 0.856243 0.400098
vt 0.885742 0.043250
vt 0.888704 0.029949
vt 0.888427 0.043101
vt 0.885643 0.030425
vt 0.882651 0.031236
vt 0.882967 0.043397
vt 0.878227 0.043649
vt 0.878085 0.032374
vt 0.892899 0.042845
vt 0.893476 0.029817
vt 0.899038 0.030301
vt 0.898165 0.042547
vt 0.903233 0.042274
vt 0.904469 0.031675
vt 0.908747 0.035346
vt 0.908585 0.042138
vt 0.892899 0.042845
vt 0.898165 0.042547
vt 0.899349 0.054890
vt 0.903233 0.042274
vt 0.904638 0.052973
vt 0.893847 0.056001
vt 0.889108 0.056422
vt 0.888427 0.043101
vt 0.885742 0.043250
vt 0.886109 0.056270
vt 0.908747 0.049117
vt 0.908585 0.042138
vt 0.883131 0.055751
vt 0.882967 0.043397
vt 0.878227 0.043649
vt 0.878457 0.055069
vt 0.875599 0.051873
vt 0.874264 0.043914
vt 0.875414 0.035925
vt 0.874264 0.043914
vt 0.551605 0.706557
vt 0.551741 0.709486
vt 0.563798 0.709788
vt 0.563362 0.706449
vt 0.562618 0.703186
vt 0.551469 0.703530
vt 0.551238 0.698360
vt 0.561575 0.698204
vt 0.551976 0.714364
vt 0.563919 0.714993
vt 0.563475 0.721061
vt 0.552248 0.720108
vt 0.552500 0.725637
vt 0.562216 0.726985
vt 0.558850 0.731651
vt 0.552624 0.731475
vt 0.551976 0.714364
vt 0.540933 0.721400
vt 0.552248 0.720108
vt 0.552500 0.725637
vt 0.542691 0.727169
vt 0.539915 0.715398
vt 0.539529 0.710229
vt 0.551741 0.709486
vt 0.551605 0.706557
vt 0.539668 0.706957
vt 0.546226 0.731651
vt 0.552624 0.731475
vt 0.540144 0.703709
vt 0.551469 0.703530
vt 0.551238 0.698360
vt 0.540769 0.698611
vt 0.543699 0.695493
vt 0.550995 0.694037
vt 0.558318 0.695291
vt 0.550995 0.694037
vt 0.593716 0.080908
vt 0.618118 0.095367
vt 0.615238 0.104361
vt 0.589741 0.093211
vt 0.560589 0.081191
vt 0.567360 0.064475
vt 0.538262 0.054228
vt 0.526876 0.075724
vt 0.515873 0.097814
vt 0.640699 0.100465
vt 0.637982 0.108075
vt 0.497317 0.074577
vt 0.656005 0.108137
vt 0.555103 0.098207
vt 0.586728 0.105539
vt 0.612820 0.113333
vt 0.635440 0.115723
vt 0.658997 0.101176
vt 0.480541 0.098660
vt 0.512631 0.051096
vt 0.527034 0.024437
vt 0.653168 0.115211
vt 0.662911 0.094132
vt 0.663957 0.114029
vt 0.460199 0.094103
vt 0.574473 0.050139
vt 0.549419 0.036154
vt 0.620745 0.087522
vt 0.597980 0.070158
vt 0.642641 0.093940
vt 0.670188 0.102787
vt 0.666849 0.108231
vt 0.672317 0.109065
vt 0.675742 0.104562
vt 0.678869 0.100869
vt 0.673368 0.098119
vt 0.675673 0.094749
vt 0.680649 0.098350
vt 0.682181 0.095511
vt 0.677867 0.091674
vt 0.680586 0.087925
vt 0.684637 0.090968
vt 0.669647 0.114023
vt 0.553107 0.112907
vt 0.650944 0.121409
vt 0.511999 0.115959
vt 0.633517 0.122477
vt 0.611077 0.121414
vt 0.463114 0.122477
vt 0.585021 0.116572
vt 0.439616 0.111009
vt 0.661824 0.119882
vt 0.431034 0.103160
vt 0.687413 0.087132
vt 0.684527 0.084697
vt 0.561155 0.021891
vt 0.582234 0.038490
vt 0.603369 0.061431
vt 0.545973 0.006881
vt 0.693748 0.081076
vt 0.695122 0.084980
vt 0.816713 0.137789
vt 0.795191 0.161241
vt 0.792311 0.152247
vt 0.820688 0.150092
vt 0.849840 0.138072
vt 0.843069 0.121355
vt 0.872167 0.111109
vt 0.883553 0.132605
vt 0.894556 0.154695
vt 0.769730 0.157346
vt 0.772447 0.164956
vt 0.913112 0.131458
vt 0.754424 0.165018
vt 0.855326 0.155088
vt 0.823701 0.162419
vt 0.797609 0.170214
vt 0.774989 0.172604
vt 0.751432 0.158056
vt 0.929888 0.155540
vt 0.897798 0.107976
vt 0.883395 0.081318
vt 0.757261 0.172091
vt 0.747518 0.151012
vt 0.746472 0.170910
vt 0.950230 0.150984
vt 0.835956 0.107020
vt 0.861010 0.093034
vt 0.789684 0.144402
vt 0.812449 0.127038
vt 0.767788 0.150820
vt 0.740241 0.159668
vt 0.743580 0.165111
vt 0.738112 0.165946
vt 0.734687 0.161443
vt 0.731560 0.157750
vt 0.737061 0.154999
vt 0.734756 0.151629
vt 0.729780 0.155231
vt 0.728248 0.152392
vt 0.732562 0.148554
vt 0.729843 0.144805
vt 0.725792 0.147849
vt 0.740782 0.170904
vt 0.857322 0.169787
vt 0.759485 0.178289
vt 0.898430 0.172840
vt 0.776912 0.179358
vt 0.799352 0.178294
vt 0.947315 0.179358
vt 0.825408 0.173453
vt 0.970813 0.167889
vt 0.748605 0.176763
vt 0.979394 0.160041
vt 0.723016 0.144013
vt 0.725903 0.141577
vt 0.849274 0.078771
vt 0.828195 0.095371
vt 0.807060 0.118311
vt 0.864456 0.063761
vt 0.716681 0.137957
vt 0.715307 0.141860
vt 0.726907 0.053607
vt 0.701294 0.069140
vt 0.713575 0.055176
vt 0.724555 0.040891
vt 0.704688 0.054963
vt 0.712922 0.042650
vt 0.703760 0.044327
vt 0.698845 0.054061
vt 0.692664 0.064094
vt 0.695460 0.067283
vt 0.695003 0.053379
vt 0.698540 0.044700
vt 0.690626 0.073747
vt 0.695052 0.077107
vt 0.713837 0.067490
vt 0.728231 0.065635
vt 0.740997 0.051531
vt 0.752361 0.051234
vt 0.737412 0.039715
vt 0.739437 0.031809
vt 0.750485 0.038777
vt 0.714890 0.036765
vt 0.727097 0.033343
vt 0.751542 0.031030
vt 0.762456 0.030375
vt 0.761781 0.037624
vt 0.770931 0.037804
vt 0.771830 0.031238
vt 0.779619 0.034117
vt 0.704326 0.079241
vt 0.714590 0.082224
vt 0.722401 0.085762
vt 0.738912 0.066519
vt 0.777442 0.039943
vt 0.746402 0.068957
vt 0.782254 0.043781
vt 0.786069 0.039270
vt 0.760692 0.052328
vt 0.766245 0.054639
vt 0.751502 0.071806
vt 0.755237 0.075159
vt 0.773391 0.061962
vt 0.758523 0.079033
vt 0.755237 0.075159
vt 0.770124 0.057940
vt 0.770124 0.057940
vt 0.782254 0.043781
vt 0.761426 0.084424
vt 0.689977 0.062126
vt 0.728303 0.089679
vt 0.732833 0.093264
vt 0.736525 0.096777
vt 0.688340 0.069646
vt 0.694998 0.044146
vt 0.691959 0.052627
vt 0.688827 0.058634
vt 0.704070 0.039658
vt 0.697529 0.041221
vt 0.685870 0.065856
vt 0.739437 0.031809
vt 0.749364 0.026373
vt 0.751542 0.031030
vt 0.762456 0.030375
vt 0.759812 0.026147
vt 0.769698 0.027609
vt 0.771830 0.031238
vt 0.738127 0.027695
vt 0.726439 0.029914
vt 0.727097 0.033343
vt 0.714246 0.108450
vt 0.717580 0.112205
vt 0.710196 0.103662
vt 0.705272 0.097618
vt 0.720512 0.115276
vt 0.714890 0.036765
vt 0.779619 0.034117
vt 0.778646 0.030945
vt 0.776585 0.104764
vt 0.788357 0.106569
vt 0.775924 0.119375
vt 0.763856 0.133540
vt 0.776631 0.129050
vt 0.787492 0.119381
vt 0.786448 0.129542
vt 0.777752 0.135341
vt 0.768970 0.142625
vt 0.765891 0.139775
vt 0.778556 0.139443
vt 0.786294 0.135324
vt 0.760259 0.145413
vt 0.756927 0.140794
vt 0.764638 0.119791
vt 0.765505 0.104016
vt 0.777691 0.089318
vt 0.777323 0.076922
vt 0.788668 0.092550
vt 0.795737 0.089938
vt 0.788848 0.078281
vt 0.792827 0.116848
vt 0.795043 0.103313
vt 0.795910 0.076752
vt 0.796047 0.064749
vt 0.789336 0.065843
vt 0.788636 0.055736
vt 0.794782 0.054224
vt 0.791284 0.045864
vt 0.754434 0.130825
vt 0.751110 0.119821
vt 0.747420 0.111521
vt 0.764086 0.092439
vt 0.786139 0.048736
vt 0.786069 0.039270
vt 0.775845 0.067881
vt 0.743495 0.105320
vt 0.739953 0.100595
vt 0.770935 0.145413
vt 0.736525 0.096777
vt 0.790813 0.128940
vt 0.789722 0.136419
vt 0.727121 0.121707
vt 0.723491 0.118292
vt 0.737555 0.130855
vt 0.731737 0.125841
vt 0.720512 0.115276
vt 0.159675 0.822220
vt 0.169564 0.821860
vt 0.159663 0.821031
vt 0.159637 0.818523
vt 0.168367 0.818698
vt 0.170556 0.823846
vt 0.171152 0.826986
vt 0.159709 0.824700
vt 0.159796 0.831028
vt 0.171096 0.833627
vt 0.170286 0.841773
vt 0.159900 0.838941
vt 0.159957 0.846611
vt 0.168581 0.849686
vt 0.165675 0.856116
vt 0.160142 0.855158
vt 0.160647 0.865376
vt 0.166692 0.863993
vt 0.170585 0.858316
vt 0.159957 0.846611
vt 0.154770 0.855487
vt 0.160142 0.855158
vt 0.160647 0.865376
vt 0.151508 0.848734
vt 0.159900 0.838941
vt 0.149616 0.840686
vt 0.159796 0.831028
vt 0.148618 0.832410
vt 0.148444 0.825678
vt 0.159709 0.824700
vt 0.159675 0.822220
vt 0.149026 0.822543
vt 0.150044 0.820661
vt 0.159637 0.818523
vt 0.159663 0.821031
vt 0.151217 0.817690
vt 0.154351 0.863248
vt 0.153784 0.815138
vt 0.159735 0.815307
vt 0.149850 0.857265
vt 0.166244 0.878626
vt 0.160855 0.879820
vt 0.154928 0.878127
vt 0.160855 0.879820
vt 0.165944 0.815783
vt 0.159735 0.815307
vt 0.161704 0.903036
vt 0.167538 0.901922
vt 0.171096 0.933562
vt 0.163521 0.934404
vt 0.898160 0.074111
vt 0.897747 0.072962
vt 0.888737 0.077799
vt 0.896900 0.070566
vt 0.888782 0.074389
vt 0.888462 0.080028
vt 0.888942 0.083187
vt 0.899000 0.076472
vt 0.901133 0.082508
vt 0.891177 0.089399
vt 0.894551 0.096789
vt 0.903701 0.090179
vt 0.890034 0.070719
vt 0.895430 0.067854
vt 0.896900 0.070566
vt 0.900013 0.064171
vt 0.895430 0.067854
vt 0.903412 0.064604
vt 0.893096 0.064159
vt 0.886880 0.068710
vt 0.893096 0.064159
vt 0.899534 0.060521
vt 0.903701 0.059174
vt 0.010745 0.782300
vt 0.014348 0.789448
vt 0.015402 0.782275
vt 0.010791 0.791744
vt 0.016204 0.772939
vt 0.011176 0.773090
vt 0.012581 0.797040
vt 0.016608 0.792570
vt 0.018508 0.781932
vt 0.019589 0.772791
vt 0.005467 0.792040
vt 0.008354 0.799434
vt 0.012066 0.802798
vt 0.015356 0.800981
vt 0.019765 0.794580
vt 0.017965 0.805550
vt 0.012693 0.807798
vt 0.011301 0.768349
vt 0.005689 0.781513
vt 0.006331 0.771879
vt 0.015954 0.769421
vt 0.019765 0.769579
vt 0.417786 0.904383
vt 0.406655 0.905225
vt 0.405230 0.888687
vt 0.416108 0.888592
vt 0.408959 0.918851
vt 0.420394 0.917170
vt 0.426534 0.888528
vt 0.428132 0.903010
vt 0.430638 0.914664
vt 0.421667 0.923538
vt 0.410198 0.926089
vt 0.436019 0.899484
vt 0.434889 0.888502
vt 0.438056 0.908674
vt 0.431954 0.920387
vt 0.417586 0.872724
vt 0.426534 0.888528
vt 0.416108 0.888592
vt 0.428029 0.873967
vt 0.435994 0.877477
vt 0.434889 0.888502
vt 0.430476 0.862127
vt 0.438040 0.868195
vt 0.420024 0.859759
vt 0.441277 0.888499
vt 0.441691 0.895463
vt 0.441277 0.888499
vt 0.441697 0.881521
vt 0.443383 0.901317
vt 0.443413 0.875635
vt 0.445187 0.892724
vt 0.445196 0.884281
vt 0.445564 0.888504
vt 0.445564 0.888504
vt 0.439818 0.914129
vt 0.405230 0.888687
vt 0.406383 0.872093
vt 0.408430 0.858328
vt 0.421189 0.853266
vt 0.409510 0.850976
vt 0.431786 0.856235
vt 0.439845 0.862667
vt 0.445667 0.905933
vt 0.445742 0.870988
vt 0.447167 0.882061
vt 0.447149 0.894950
vt 0.448451 0.888510
vt 0.448451 0.888510
vt 0.449746 0.897365
vt 0.449778 0.879664
vt 0.451352 0.888518
vt 0.451352 0.888518
vt 0.395438 0.870281
vt 0.394846 0.888793
vt 0.397474 0.846398
vt 0.396708 0.854853
vt 0.395774 0.907284
vt 0.397396 0.922653
vt 0.394846 0.888793
vt 0.398412 0.931048
vt 0.385612 0.928037
vt 0.370326 0.914222
vt 0.374251 0.934323
vt 0.383855 0.910359
vt 0.383068 0.888915
vt 0.356759 0.919012
vt 0.354295 0.889130
vt 0.368675 0.889045
vt 0.364194 0.945817
vt 0.345004 0.924868
vt 0.343016 0.889160
vt 0.333508 0.889154
vt 0.334748 0.929165
vt 0.351771 0.952349
vt 0.387350 0.937443
vt 0.378602 0.944071
vt 0.340341 0.973173
vt 0.360336 0.965033
vt 0.370378 0.962999
vt 0.378763 0.962521
vt 0.374789 0.952046
vt 0.381230 0.953690
vt 0.376677 0.974377
vt 0.385978 0.972893
vt 0.395439 0.968020
vt 0.385264 0.961640
vt 0.389173 0.957871
vt 0.396767 0.958795
vt 0.391905 0.978862
vt 0.401614 0.972069
vt 0.420402 0.959158
vt 0.417016 0.954814
vt 0.438052 0.939907
vt 0.441806 0.945448
vt 0.459292 0.936398
vt 0.454923 0.929515
vt 0.470330 0.921025
vt 0.475465 0.928779
vt 0.445187 0.953707
vt 0.463741 0.946136
vt 0.481784 0.939410
vt 0.492760 0.919396
vt 0.486536 0.912236
vt 0.466852 0.957847
vt 0.447752 0.964140
vt 0.428142 0.974105
vt 0.424163 0.965290
vt 0.499106 0.901845
vt 0.406394 0.976501
vt 0.388969 0.941459
vt 0.397468 0.982825
vt 0.403069 0.986707
vt 0.411808 0.983176
vt 0.450919 0.974541
vt 0.433386 0.982899
vt 0.399030 0.934990
vt 0.410802 0.929512
vt 0.324898 0.929643
vt 0.334748 0.929165
vt 0.340341 0.973173
vt 0.333508 0.889154
vt 0.323779 0.889120
vt 0.325022 0.965970
vt 0.311576 0.889034
vt 0.344899 0.853765
vt 0.343016 0.889160
vt 0.333508 0.889154
vt 0.354295 0.889130
vt 0.334839 0.849573
vt 0.356504 0.859439
vt 0.369966 0.863960
vt 0.368675 0.889045
vt 0.383068 0.888915
vt 0.383475 0.867501
vt 0.413422 0.949910
vt 0.384807 0.849894
vt 0.373450 0.844076
vt 0.325193 0.849058
vt 0.333508 0.889154
vt 0.323779 0.889120
vt 0.334839 0.849573
vt 0.311576 0.889034
vt 0.363437 0.833135
vt 0.351345 0.826991
vt 0.386222 0.840504
vt 0.377425 0.834438
vt 0.506463 0.906869
vt 0.311188 0.927931
vt 0.308377 0.963057
vt 0.359489 0.814687
vt 0.369144 0.816472
vt 0.377202 0.816716
vt 0.373555 0.826885
vt 0.340265 0.807000
vt 0.340265 0.807000
vt 0.379696 0.825181
vt 0.374925 0.805508
vt 0.383729 0.806584
vt 0.392873 0.810680
vt 0.383500 0.817344
vt 0.387523 0.820818
vt 0.394736 0.819264
vt 0.410895 0.826028
vt 0.413855 0.821161
vt 0.416667 0.816847
vt 0.434332 0.832957
vt 0.437362 0.827533
vt 0.454063 0.834279
vt 0.450554 0.840977
vt 0.465298 0.847464
vt 0.469465 0.839862
vt 0.485881 0.847025
vt 0.480905 0.854325
vt 0.493962 0.862108
vt 0.439854 0.819648
vt 0.457442 0.824942
vt 0.474560 0.829514
vt 0.389037 0.800735
vt 0.398388 0.806439
vt 0.499809 0.856016
vt 0.311744 0.850578
vt 0.507723 0.866912
vt 0.501162 0.871030
vt 0.503892 0.880800
vt 0.511093 0.879448
vt 0.512007 0.892939
vt 0.503892 0.880800
vt 0.511093 0.879448
vt 0.504314 0.891008
vt 0.325523 0.813859
vt 0.459426 0.813908
vt 0.441441 0.809847
vt 0.422726 0.802413
vt 0.419691 0.810862
vt 0.402535 0.801972
vt 0.387652 0.836440
vt 0.309464 0.816494
vt 0.290126 0.926142
vt 0.291084 0.851856
vt 0.393944 0.796755
vt 0.398850 0.792816
vt 0.407095 0.795398
vt 0.443582 0.800034
vt 0.426921 0.793901
vt 0.244570 0.819116
vt 0.282642 0.818963
vt 0.267071 0.853099
vt 0.242699 0.855816
vt 0.223176 0.830600
vt 0.206423 0.837110
vt 0.220754 0.858022
vt 0.225135 0.886735
vt 0.249477 0.887782
vt 0.274332 0.888469
vt 0.240630 0.919699
vt 0.225135 0.886735
vt 0.249477 0.887782
vt 0.274332 0.888469
vt 0.218129 0.915420
vt 0.201073 0.936095
vt 0.218478 0.944640
vt 0.240669 0.958338
vt 0.265558 0.923961
vt 0.280567 0.959909
vt 0.294956 0.888847
vt 0.294956 0.888847
vt 0.521867 0.877108
vt 0.521867 0.877108
vt 0.492752 0.836799
vt 0.274304 0.793561
vt 0.271315 0.986324
vt 0.510427 0.847111
vt 0.515675 0.862020
vt 0.238522 0.796656
vt 0.233483 0.982110
vt 0.323596 0.785225
vt 0.185557 0.959298
vt 0.322775 0.995813
vt 0.193987 0.814776
vt 0.386022 0.952446
vt 0.381340 0.831097
vt 0.382796 0.947354
vt 0.386583 0.948082
vt 0.302004 0.991368
vt 0.416377 0.994650
vt 0.384607 0.983612
vt 0.303696 0.789260
vt 0.410529 0.784502
vt 0.382057 0.796564
vt 0.361742 0.804825
vt 0.362800 0.975320
vt 0.199641 0.797293
vt 0.199952 0.806884
vt 0.191379 0.980240
vt 0.191959 0.969026
vt 0.148860 0.976077
vt 0.165893 0.799496
vt 0.148941 0.985301
vt 0.165975 0.793394
vt 0.271315 0.986324
vt 0.226968 0.999541
vt 0.233483 0.982110
vt 0.191379 0.980240
vt 0.274304 0.793561
vt 0.238522 0.796656
vt 0.232809 0.780275
vt 0.199641 0.797293
vt 0.187120 0.992522
vt 0.195938 0.785876
vt 0.448445 0.908068
vt 0.452568 0.898697
vt 0.454069 0.888525
vt 0.454069 0.888525
vt 0.452610 0.878364
vt 0.448631 0.868970
vt 0.102982 0.992107
vt 0.102586 0.982272
vt 0.139724 0.790746
vt 0.139714 0.795895
vt 0.391104 0.943672
vt 0.422476 0.926416
vt 0.433416 0.922831
vt 0.442081 0.916272
vt 0.400180 0.937887
vt 0.117928 0.794464
vt 0.121714 0.788458
vt 0.057611 0.987741
vt 0.066168 0.999541
vt 0.943588 0.071194
vt 0.958327 0.065551
vt 0.959630 0.088899
vt 0.944485 0.093932
vt 0.929641 0.098710
vt 0.929373 0.077896
vt 0.918836 0.083845
vt 0.970564 0.062573
vt 0.927996 0.056041
vt 0.940652 0.047770
vt 0.953943 0.042202
vt 0.966506 0.038315
vt 0.938061 0.035791
vt 0.926332 0.045094
vt 0.962728 0.024781
vt 0.950168 0.029819
vt 0.977116 0.035934
vt 0.973968 0.021548
vt 0.917382 0.067989
vt 0.909953 0.077736
vt 0.970999 0.086945
vt 0.980210 0.061222
vt 0.914614 0.059955
vt 0.979504 0.086710
vt 0.919379 0.099312
vt 0.987223 0.060495
vt 0.984754 0.034789
vt 0.985860 0.086775
vt 0.911847 0.087745
vt 0.982359 0.020940
vt 0.912675 0.098225
vt 0.962728 0.024781
vt 0.972134 0.015138
vt 0.973968 0.021548
vt 0.960475 0.018565
vt 0.982359 0.020940
vt 0.981092 0.015216
vt 0.947774 0.024188
vt 0.950168 0.029819
vt 0.938061 0.035791
vt 0.936152 0.030624
vt 0.924550 0.040513
vt 0.926332 0.045094
vt 0.914614 0.059955
vt 0.905636 0.072872
vt 0.990946 0.087511
vt 0.992851 0.060280
vt 0.990950 0.034154
vt 0.988912 0.015704
vt 0.989313 0.020861
vt 0.989313 0.020861
vt 0.964537 0.105570
vt 0.954547 0.105382
vt 0.941150 0.107798
vt 0.972090 0.106885
vt 0.978044 0.107798
vt 0.902860 0.079654
vt 0.784694 0.336146
vt 0.787236 0.328831
vt 0.782491 0.333090
vt 0.790215 0.329964
vt 0.779956 0.329673
vt 0.787925 0.324357
vt 0.792807 0.324312
vt 0.779956 0.329673
vt 0.777817 0.337416
vt 0.782491 0.333090
vt 0.784694 0.336146
vt 0.773586 0.337164
vt 0.778298 0.340937
vt 0.772498 0.342411
vt 0.780577 0.344242
vt 0.787006 0.339450
vt 0.792712 0.333273
vt 0.787006 0.339450
vt 0.789615 0.343308
vt 0.789615 0.343308
vt 0.782846 0.348290
vt 0.787996 0.355505
vt 0.795206 0.350210
vt 0.795206 0.336953
vt 0.774627 0.350819
vt 0.773633 0.346894
vt 0.772568 0.333499
vt 0.777256 0.327051
vt 0.490833 0.880735
vt 0.493635 0.878332
vt 0.497539 0.883508
vt 0.496500 0.886758
vt 0.496767 0.875567
vt 0.501641 0.884259
vt 0.501682 0.889584
vt 0.496767 0.875567
vt 0.493635 0.878332
vt 0.489669 0.873233
vt 0.490833 0.880735
vt 0.489900 0.868618
vt 0.486441 0.873758
vt 0.485090 0.867431
vt 0.483411 0.876244
vt 0.487804 0.883257
vt 0.493468 0.889481
vt 0.487804 0.883257
vt 0.484267 0.886102
vt 0.484267 0.886102
vt 0.479700 0.878719
vt 0.473087 0.884337
vt 0.477940 0.892202
vt 0.490093 0.892202
vt 0.477382 0.869753
vt 0.480980 0.868669
vt 0.493259 0.867508
vt 0.499171 0.872622
vt 0.421095 0.045879
vt 0.423766 0.067453
vt 0.429355 0.052851
vt 0.416755 0.062395
vt 0.410529 0.055983
vt 0.438161 0.059601
vt 0.432375 0.071253
vt 0.413160 0.038689
vt 0.435413 0.039792
vt 0.444020 0.049244
vt 0.426263 0.030912
vt 0.416798 0.022780
vt 0.405337 0.031276
vt 0.404394 0.048048
vt 0.407485 0.015531
vt 0.450776 0.057237
vt 0.445331 0.065111
vt 0.439659 0.074071
vt 0.426789 0.082059
vt 0.433730 0.082779
vt 0.418768 0.080587
vt 0.412882 0.077298
vt 0.399401 0.041537
vt 0.399258 0.025578
vt 0.408027 0.071717
vt 0.403158 0.063310
vt 0.399300 0.055882
vt 0.400260 0.010359
vt 0.415006 0.090181
vt 0.422508 0.090110
vt 0.409809 0.088244
vt 0.428691 0.088251
vt 0.405680 0.083354
vt 0.450194 0.042113
vt 0.441997 0.031089
vt 0.432669 0.020474
vt 0.456483 0.051479
vt 0.422422 0.011034
vt 0.412284 0.003211
vt 0.448844 0.068730
vt 0.454459 0.061934
vt 0.459981 0.057084
vt 0.449733 0.024735
vt 0.442861 0.076591
vt 0.441281 0.012897
vt 0.436562 0.084411
vt 0.457281 0.036633
vt 0.463357 0.046779
vt 0.401763 0.074551
vt 0.408022 0.092315
vt 0.403952 0.087527
vt 0.413265 0.094037
vt 0.420951 0.093789
vt 0.429333 0.090685
vt 0.399071 0.065843
vt 0.395711 0.023719
vt 0.396210 0.008843
vt 0.399965 0.078440
vt 0.396069 0.039423
vt 0.466358 0.053667
vt 0.465870 0.031503
vt 0.459014 0.019604
vt 0.466358 0.016421
vt 0.396178 0.053480
vt 0.396924 0.066544
vt 0.819750 0.291735
vt 0.828009 0.284763
vt 0.822420 0.270161
vt 0.815409 0.275219
vt 0.809183 0.281632
vt 0.836815 0.278014
vt 0.831029 0.266362
vt 0.811814 0.298926
vt 0.834068 0.297823
vt 0.842675 0.288371
vt 0.824917 0.306703
vt 0.815452 0.314834
vt 0.803991 0.306339
vt 0.803049 0.289567
vt 0.806140 0.322084
vt 0.849430 0.280377
vt 0.843985 0.272503
vt 0.838313 0.263543
vt 0.825443 0.255556
vt 0.832384 0.254835
vt 0.817423 0.257028
vt 0.811536 0.260317
vt 0.798055 0.296078
vt 0.797913 0.312037
vt 0.806681 0.265898
vt 0.801812 0.274305
vt 0.797955 0.281733
vt 0.798915 0.327256
vt 0.813661 0.247433
vt 0.821162 0.247505
vt 0.808463 0.249371
vt 0.827345 0.249363
vt 0.804335 0.254260
vt 0.848849 0.295501
vt 0.840651 0.306526
vt 0.831323 0.317141
vt 0.855137 0.286135
vt 0.821077 0.326581
vt 0.810939 0.334404
vt 0.847498 0.268884
vt 0.853113 0.275681
vt 0.858636 0.280531
vt 0.848387 0.312879
vt 0.841516 0.261023
vt 0.839935 0.324718
vt 0.835216 0.253204
vt 0.855935 0.300982
vt 0.862011 0.290835
vt 0.800417 0.263064
vt 0.806675 0.245300
vt 0.802607 0.250087
vt 0.811919 0.243578
vt 0.819605 0.243826
vt 0.827987 0.246929
vt 0.797726 0.271772
vt 0.794365 0.313895
vt 0.794864 0.328772
vt 0.798620 0.259175
vt 0.794724 0.298192
vt 0.865013 0.283948
vt 0.864525 0.306111
vt 0.857668 0.318010
vt 0.865013 0.321194
vt 0.794833 0.284135
vt 0.795578 0.271071
vt 0.834188 0.025229
vt 0.827438 0.024768
vt 0.828364 0.021271
vt 0.834146 0.021779
vt 0.819674 0.021346
vt 0.822033 0.018221
vt 0.840113 0.019954
vt 0.812598 0.016055
vt 0.808663 0.025229
vt 0.840622 0.023257
vt 0.483179 0.438670
vt 0.479550 0.445023
vt 0.482756 0.446033
vt 0.480016 0.438715
vt 0.479619 0.454503
vt 0.476754 0.451929
vt 0.478344 0.432207
vt 0.474769 0.462221
vt 0.483179 0.466514
vt 0.481371 0.431651
vt 0.525210 0.177501
vt 0.532134 0.178415
vt 0.534203 0.153155
vt 0.526381 0.152137
vt 0.530695 0.200798
vt 0.522814 0.196306
vt 0.521026 0.205011
vt 0.528468 0.208788
vt 0.524153 0.120642
vt 0.534483 0.214263
vt 0.534483 0.122043
vt 0.526408 0.212708
vt 0.532205 0.217167
vt 0.529399 0.220642
vt 0.466337 0.462866
vt 0.475330 0.487212
vt 0.473262 0.461952
vt 0.467508 0.488230
vt 0.471821 0.439569
vt 0.463941 0.444061
vt 0.462153 0.435356
vt 0.469595 0.431579
vt 0.465279 0.519725
vt 0.475610 0.426104
vt 0.475610 0.518324
vt 0.467535 0.427659
vt 0.473332 0.423200
vt 0.470526 0.419725
vt 0.064631 0.884209
vt 0.057706 0.890211
vt 0.062947 0.893441
vt 0.070342 0.897359
vt 0.072332 0.887681
vt 0.059587 0.901735
vt 0.066449 0.907123
vt 0.060707 0.917340
vt 0.054419 0.907815
vt 0.047301 0.910401
vt 0.054725 0.896866
vt 0.052679 0.894371
vt 0.059201 0.881709
vt 0.071415 0.877284
vt 0.056749 0.880943
vt 0.050399 0.901347
vt 0.074536 0.911199
vt 0.070235 0.920562
vt 0.055482 0.888726
vt 0.068105 0.927450
vt 0.061465 0.928064
vt 0.050848 0.927829
vt 0.063675 0.935109
vt 0.071703 0.931554
vt 0.075306 0.934508
vt 0.076916 0.924068
vt 0.079050 0.900926
vt 0.081748 0.891387
vt 0.083463 0.883373
vt 0.082368 0.914254
vt 0.049650 0.919171
vt 0.087138 0.903790
vt 0.065647 0.939120
vt 0.051855 0.939441
vt 0.051387 0.935199
vt 0.038032 0.932479
vt 0.039377 0.917637
vt 0.090258 0.894441
vt 0.095047 0.895918
vt 0.092606 0.905564
vt 0.092032 0.886770
vt 0.088442 0.916541
vt 0.082628 0.926855
vt 0.096165 0.888133
vt 0.099440 0.888522
vt 0.099114 0.896619
vt 0.097763 0.906821
vt 0.105493 0.897371
vt 0.105516 0.888960
vt 0.104926 0.908157
vt 0.057835 0.873218
vt 0.103380 0.920433
vt 0.112919 0.889200
vt 0.112979 0.897730
vt 0.094782 0.918470
vt 0.113081 0.908820
vt 0.089398 0.929940
vt 0.113120 0.921414
vt 0.055463 0.873062
vt 0.067515 0.943658
vt 0.038904 0.925474
vt 0.062837 0.875152
vt 0.056029 0.867459
vt 0.051738 0.943496
vt 0.048690 0.898024
vt 0.048101 0.896140
vt 0.037503 0.936965
vt 0.054477 0.887965
vt 0.051864 0.892934
vt 0.050801 0.891315
vt 0.047455 0.894094
vt 0.046838 0.892266
vt 0.048848 0.889750
vt 0.050779 0.885517
vt 0.053101 0.887009
vt 0.053946 0.880899
vt 0.051614 0.879944
vt 0.045213 0.888207
vt 0.046646 0.883029
vt 0.047698 0.877385
vt 0.043976 0.892501
vt 0.051197 0.875607
vt 0.052794 0.874660
vt 0.039002 0.909302
vt 0.041718 0.880227
vt 0.048508 0.872619
vt 0.080849 0.939449
vt 0.085150 0.877405
vt 0.074819 0.871555
vt 0.077775 0.865742
vt 0.063220 0.862880
vt 0.066112 0.856968
vt 0.086916 0.871509
vt 0.089013 0.862964
vt 0.081417 0.857472
vt 0.093275 0.874949
vt 0.093705 0.866119
vt 0.096007 0.867518
vt 0.096290 0.876424
vt 0.099189 0.877038
vt 0.098706 0.868017
vt 0.104679 0.868508
vt 0.099755 0.859238
vt 0.104638 0.859619
vt 0.106113 0.855396
vt 0.097536 0.858648
vt 0.095765 0.857332
vt 0.092883 0.880950
vt 0.096451 0.882381
vt 0.104042 0.854460
vt 0.070132 0.848931
vt 0.099410 0.882892
vt 0.105455 0.883647
vt 0.105331 0.878152
vt 0.092215 0.854852
vt 0.097405 0.850975
vt 0.101215 0.852006
vt 0.087465 0.848027
vt 0.053556 0.847371
vt 0.051358 0.853703
vt 0.040682 0.886285
vt 0.113051 0.878857
vt 0.112998 0.884124
vt 0.113051 0.935950
vt 0.099261 0.934413
vt 0.102910 0.853248
vt 0.030131 0.904121
vt 0.029032 0.911748
vt 0.043074 0.874621
vt 0.043882 0.899656
vt 0.044862 0.903166
vt 0.038450 0.902106
vt 0.036683 0.940943
vt 0.055506 0.880977
vt 0.043600 0.895434
vt 0.039890 0.891628
vt 0.018499 0.901956
vt 0.023263 0.895472
vt 0.021185 0.884120
vt 0.016486 0.886033
vt 0.017943 0.871792
vt 0.022685 0.872457
vt 0.026308 0.862827
vt 0.021900 0.859468
vt 0.028083 0.849184
vt 0.031793 0.857217
vt 0.033693 0.861963
vt 0.029043 0.866068
vt 0.030436 0.867810
vt 0.025842 0.872956
vt 0.027372 0.873417
vt 0.026109 0.881271
vt 0.024427 0.882060
vt 0.025911 0.891111
vt 0.027502 0.889241
vt 0.034752 0.864408
vt 0.039175 0.857374
vt 0.039762 0.863090
vt 0.039417 0.861094
vt 0.032275 0.895252
vt 0.031383 0.897952
vt 0.045670 0.862957
vt 0.045145 0.864028
vt 0.038384 0.898852
vt 0.050923 0.867349
vt 0.052462 0.866942
vt 0.039672 0.845809
vt 0.036087 0.883691
vt 0.038677 0.872955
vt 0.044277 0.870093
vt 0.049658 0.858491
vt 0.039276 0.852264
vt 0.036981 0.877786
vt 0.035473 0.889016
vt 0.025900 0.933407
vt 0.057393 0.839579
vt 0.027657 0.919883
vt 0.060199 0.866634
vt 0.026521 0.927821
vt 0.040194 0.869256
vt 0.041283 0.838493
vt 0.049311 0.870083
vt 0.043712 0.897671
vt 0.110659 0.852530
vt 0.074245 0.839604
vt 0.109802 0.847139
vt 0.110368 0.850734
vt 0.033043 0.875893
vt 0.032176 0.881498
vt 0.035105 0.871805
vt 0.037208 0.869512
vt 0.032594 0.886029
vt 0.025183 0.938029
vt 0.039275 0.894892
vt 0.054221 0.873834
vt 0.061576 0.830923
vt 0.098522 0.846717
vt 0.027984 0.839696
vt 0.045030 0.830734
vt 0.034490 0.892008
vt 0.038772 0.897041
vt 0.030763 0.887190
vt 0.090966 0.950590
vt 0.112848 0.953210
vt 0.044814 0.867384
vt 0.028237 0.831528
vt 0.029594 0.880886
vt 0.013877 0.856174
vt 0.017484 0.845400
vt 0.040488 0.866765
vt 0.050175 0.868610
vt 0.033306 0.893775
vt 0.029031 0.888293
vt 0.027701 0.881090
vt 0.016066 0.836543
vt 0.047479 0.861312
vt 0.030528 0.874785
vt 0.032965 0.870533
vt 0.036449 0.867910
vt 0.035562 0.866111
vt 0.045019 0.865569
vt 0.040133 0.864830
vt 0.023675 0.943289
vt 0.031589 0.869136
vt 0.112482 0.973853
vt 0.028785 0.874069
vt 0.055192 0.319219
vt 0.054701 0.309854
vt 0.049099 0.312250
vt 0.062525 0.307125
vt 0.063238 0.316969
vt 0.052436 0.301139
vt 0.059944 0.296870
vt 0.055580 0.285851
vt 0.048090 0.294320
vt 0.041342 0.290658
vt 0.046988 0.305215
vt 0.044640 0.307374
vt 0.049510 0.320872
vt 0.061013 0.327047
vt 0.046989 0.321263
vt 0.043263 0.300116
vt 0.068501 0.294111
vt 0.065474 0.284156
vt 0.046708 0.313383
vt 0.064271 0.276985
vt 0.057743 0.275324
vt 0.047137 0.273894
vt 0.060877 0.268672
vt 0.068400 0.273483
vt 0.072382 0.271125
vt 0.072582 0.281745
vt 0.071604 0.304974
vt 0.073000 0.314787
vt 0.073632 0.322912
vt 0.076677 0.292342
vt 0.044814 0.282312
vt 0.079984 0.303449
vt 0.063377 0.264996
vt 0.049661 0.262501
vt 0.048637 0.266650
vt 0.034962 0.267276
vt 0.034381 0.282250
vt 0.081788 0.313155
vt 0.086708 0.312498
vt 0.085637 0.302595
vt 0.082481 0.320952
vt 0.083013 0.291063
vt 0.078636 0.279901
vt 0.086713 0.320307
vt 0.089974 0.320490
vt 0.090817 0.312498
vt 0.090918 0.302211
vt 0.097226 0.312862
vt 0.095997 0.321146
vt 0.098210 0.302095
vt 0.047110 0.329045
vt 0.098390 0.289667
vt 0.103352 0.322292
vt 0.104710 0.313830
vt 0.089573 0.290191
vt 0.106416 0.302825
vt 0.085789 0.277938
vt 0.108224 0.290314
vt 0.044745 0.328855
vt 0.065847 0.260777
vt 0.034922 0.274381
vt 0.052289 0.327875
vt 0.044628 0.334462
vt 0.050077 0.258447
vt 0.041141 0.303151
vt 0.040317 0.304929
vt 0.035017 0.262728
vt 0.045615 0.313985
vt 0.043649 0.308674
vt 0.042389 0.310117
vt 0.039416 0.306860
vt 0.038573 0.308579
vt 0.040253 0.311374
vt 0.041642 0.315854
vt 0.044131 0.314725
vt 0.044207 0.320893
vt 0.041778 0.321493
vt 0.036449 0.312361
vt 0.037230 0.317705
vt 0.037579 0.323450
vt 0.035756 0.307917
vt 0.040832 0.325721
vt 0.042298 0.326889
vt 0.032937 0.290480
vt 0.031987 0.319758
vt 0.037801 0.328286
vt 0.078570 0.267111
vt 0.074512 0.329003
vt 0.063649 0.333169
vt 0.065835 0.339290
vt 0.051181 0.339999
vt 0.053331 0.346215
vt 0.075491 0.335017
vt 0.076485 0.343648
vt 0.068406 0.347884
vt 0.082116 0.332631
vt 0.081451 0.341272
vt 0.083865 0.340250
vt 0.085214 0.331654
vt 0.088068 0.331500
vt 0.086552 0.340162
vt 0.092439 0.340523
vt 0.094107 0.331608
vt 0.086520 0.348872
vt 0.091343 0.349217
vt 0.092284 0.353567
vt 0.084282 0.349115
vt 0.082393 0.350130
vt 0.082522 0.326752
vt 0.086183 0.325940
vt 0.101727 0.332564
vt 0.099898 0.341711
vt 0.097996 0.350677
vt 0.096992 0.355120
vt 0.090134 0.354178
vt 0.056356 0.354642
vt 0.095113 0.326325
vt 0.089127 0.325947
vt 0.102600 0.327351
vt 0.078631 0.352012
vt 0.083192 0.356569
vt 0.087056 0.356155
vt 0.073194 0.357911
vt 0.107192 0.344139
vt 0.101727 0.332564
vt 0.099898 0.341711
vt 0.109090 0.335085
vt 0.097996 0.350677
vt 0.104631 0.352670
vt 0.101909 0.356181
vt 0.096992 0.355120
vt 0.110166 0.275851
vt 0.096217 0.275110
vt 0.114802 0.337717
vt 0.039834 0.353968
vt 0.038384 0.347403
vt 0.045762 0.321046
vt 0.088873 0.355195
vt 0.031704 0.313594
vt 0.023432 0.294283
vt 0.023307 0.286524
vt 0.032649 0.325515
vt 0.036567 0.300803
vt 0.037989 0.297468
vt 0.031470 0.297547
vt 0.034716 0.258641
vt 0.011541 0.294680
vt 0.015484 0.301860
vt 0.011991 0.312867
vt 0.007530 0.310264
vt 0.007241 0.324697
vt 0.012064 0.324718
vt 0.014533 0.334835
vt 0.009731 0.337561
vt 0.014708 0.348661
vt 0.019344 0.341188
vt 0.021797 0.336737
vt 0.017648 0.331995
vt 0.019246 0.330460
vt 0.015280 0.324677
vt 0.016862 0.324438
vt 0.016560 0.316431
vt 0.014977 0.315398
vt 0.017582 0.306600
vt 0.018937 0.308700
vt 0.023142 0.334457
vt 0.027972 0.336477
vt 0.027393 0.338410
vt 0.024450 0.303430
vt 0.023900 0.300610
vt 0.026714 0.342068
vt 0.033827 0.337445
vt 0.033434 0.336310
vt 0.030992 0.300771
vt 0.039560 0.333844
vt 0.041035 0.334465
vt 0.025865 0.353616
vt 0.033296 0.330177
vt 0.031582 0.308172
vt 0.028075 0.326531
vt 0.026809 0.315491
vt 0.026974 0.321488
vt 0.037258 0.342428
vt 0.026218 0.347154
vt 0.026858 0.310109
vt 0.042763 0.362194
vt 0.022974 0.264474
vt 0.022976 0.278213
vt 0.048650 0.335874
vt 0.035752 0.304950
vt 0.022869 0.270133
vt 0.096536 0.357015
vt 0.096536 0.357015
vt 0.029137 0.330421
vt 0.026631 0.361102
vt 0.038291 0.330910
vt 0.059336 0.364281
vt 0.036146 0.302748
vt 0.094914 0.362329
vt 0.095991 0.358812
vt 0.043611 0.327912
vt 0.083727 0.360908
vt 0.045977 0.371321
vt 0.022820 0.322796
vt 0.022642 0.317095
vt 0.024380 0.327157
vt 0.026197 0.329738
vt 0.023617 0.312651
vt 0.031379 0.304838
vt 0.022857 0.259760
vt 0.013514 0.358085
vt 0.029484 0.369317
vt 0.026252 0.306988
vt 0.090164 0.257679
vt 0.031149 0.302628
vt 0.021936 0.311225
vt 0.112333 0.258659
vt 0.033504 0.332938
vt 0.012829 0.366245
vt 0.061195 0.373853
vt 0.073228 0.369178
vt 0.083279 0.368526
vt 0.038970 0.332491
vt 0.029131 0.332933
vt 0.019992 0.317326
vt 0.001341 0.339734
vt 0.003695 0.350963
vt 0.025293 0.305054
vt 0.001262 0.359583
vt 0.020345 0.309870
vt 0.018127 0.316845
vt 0.025249 0.331220
vt 0.020178 0.323533
vt 0.022094 0.328114
vt 0.035428 0.339330
vt 0.024151 0.332880
vt 0.033492 0.334765
vt 0.028547 0.334802
vt 0.022034 0.254288
vt 0.020554 0.329306
vt 0.114802 0.238073
vt 0.018352 0.323993
vt 0.691022 0.158747
vt 0.701459 0.166382
vt 0.693942 0.165351
vt 0.698974 0.160259
vt 0.696073 0.169494
vt 0.702745 0.169281
vt 0.695388 0.152917
vt 0.687494 0.151160
vt 0.672817 0.149235
vt 0.683378 0.143912
vt 0.669596 0.140965
vt 0.647873 0.141134
vt 0.650196 0.149596
vt 0.621575 0.154193
vt 0.619879 0.144204
vt 0.586576 0.150365
vt 0.588367 0.165560
vt 0.652564 0.158114
vt 0.675818 0.157615
vt 0.667161 0.133852
vt 0.646307 0.133677
vt 0.618644 0.135269
vt 0.561946 0.182110
vt 0.584897 0.136772
vt 0.560913 0.162368
vt 0.553827 0.137844
vt 0.690881 0.146365
vt 0.680104 0.137257
vt 0.623041 0.164394
vt 0.589079 0.180720
vt 0.679942 0.165465
vt 0.703748 0.171180
vt 0.698131 0.172526
vt 0.700787 0.175759
vt 0.705246 0.174054
vt 0.654418 0.164773
vt 0.624609 0.172225
vt 0.691499 0.175687
vt 0.696107 0.179561
vt 0.687752 0.171315
vt 0.646069 0.126583
vt 0.666600 0.127331
vt 0.618451 0.126355
vt 0.584805 0.124312
vt 0.706056 0.177770
vt 0.702964 0.179575
vt 0.699179 0.182110
vt 0.789840 0.235063
vt 0.786837 0.241732
vt 0.779244 0.242620
vt 0.781830 0.236471
vt 0.784636 0.245946
vt 0.777862 0.245486
vt 0.785521 0.229106
vt 0.793462 0.227434
vt 0.808207 0.225667
vt 0.797666 0.220158
vt 0.811529 0.217354
vt 0.833315 0.217859
vt 0.830875 0.226371
vt 0.859474 0.231489
vt 0.861279 0.221438
vt 0.894223 0.227963
vt 0.892578 0.243130
vt 0.828391 0.234935
vt 0.805112 0.234086
vt 0.814052 0.210193
vt 0.834990 0.210345
vt 0.862633 0.212458
vt 0.919422 0.259174
vt 0.895735 0.214643
vt 0.920109 0.239153
vt 0.926409 0.214080
vt 0.790112 0.222542
vt 0.801022 0.213472
vt 0.857920 0.241764
vt 0.892006 0.258442
vt 0.800911 0.241951
vt 0.776764 0.247337
vt 0.782468 0.249094
vt 0.779520 0.252551
vt 0.775021 0.249984
vt 0.826448 0.241629
vt 0.856277 0.249668
vt 0.789335 0.252244
vt 0.784701 0.256299
vt 0.793055 0.247796
vt 0.781814 0.259174
vt 0.777841 0.257047
vt 0.896937 0.202294
vt 0.862854 0.203433
vt 0.834957 0.204237
vt 0.954879 0.214766
vt 0.964794 0.196438
vt 0.954840 0.205374
vt 0.965773 0.207075
vt 0.966975 0.220732
vt 0.955263 0.226825
vt 0.955849 0.237872
vt 0.967753 0.233361
vt 0.968398 0.246146
vt 0.957079 0.249050
vt 0.959433 0.261497
vt 0.969211 0.260170
vt 0.969953 0.270536
vt 0.961780 0.270902
vt 0.945320 0.216042
vt 0.943875 0.224294
vt 0.944630 0.253104
vt 0.942913 0.243960
vt 0.942812 0.234786
vt 0.952434 0.271490
vt 0.948502 0.263505
vt 0.938541 0.265832
vt 0.943259 0.271947
vt 0.936966 0.271179
vt 0.933826 0.257798
vt 0.931701 0.250650
vt 0.931912 0.243013
vt 0.931461 0.267713
vt 0.926256 0.261706
vt 0.934174 0.233435
vt 0.937024 0.225805
vt 0.923833 0.256113
vt 0.924197 0.249482
vt 0.921363 0.258397
vt 0.921897 0.252265
vt 0.923703 0.263375
vt 0.931512 0.233059
vt 0.927495 0.240455
vt 0.929048 0.268790
vt 0.925036 0.243175
vt 0.976055 0.260022
vt 0.976126 0.271013
vt 0.976107 0.245048
vt 0.976171 0.231350
vt 0.975997 0.217800
vt 0.975373 0.203154
vt 0.974812 0.191800
vt 0.936637 0.272845
vt 0.945320 0.274265
vt 0.954320 0.274075
vt 0.963055 0.273784
vt 0.983687 0.216996
vt 0.983023 0.230810
vt 0.988775 0.230846
vt 0.989977 0.217610
vt 0.982305 0.244743
vt 0.990974 0.200851
vt 0.984017 0.201517
vt 0.984601 0.189610
vt 0.970855 0.273447
vt 0.981818 0.260424
vt 0.981880 0.271969
vt 0.987775 0.244253
vt 0.987604 0.260830
vt 0.974151 0.187446
vt 0.963988 0.192325
vt 0.954353 0.201590
vt 0.993308 0.187714
vt 0.985258 0.185127
vt 0.997056 0.184862
vt 0.930478 0.232874
vt 0.945200 0.212579
vt 0.937237 0.222605
vt 0.988652 0.273270
vt 0.997056 0.278440
vt 0.068045 0.407662
vt 0.076655 0.407619
vt 0.084847 0.418477
vt 0.075096 0.419545
vt 0.062575 0.420856
vt 0.056990 0.408081
vt 0.046863 0.408720
vt 0.050998 0.421705
vt 0.039277 0.422408
vt 0.036615 0.410062
vt 0.025204 0.412629
vt 0.026422 0.423294
vt 0.016918 0.424105
vt 0.016583 0.415190
vt 0.066875 0.397234
vt 0.059310 0.395658
vt 0.032899 0.396482
vt 0.041281 0.394609
vt 0.049692 0.394499
vt 0.016044 0.404995
vt 0.023364 0.400705
vt 0.021231 0.389840
vt 0.015624 0.394986
vt 0.016329 0.388121
vt 0.028596 0.384696
vt 0.035148 0.382378
vt 0.042149 0.382609
vt 0.019506 0.382117
vt 0.025013 0.376438
vt 0.050930 0.385075
vt 0.057925 0.388184
vt 0.030140 0.373795
vt 0.036220 0.374193
vt 0.028046 0.371101
vt 0.033668 0.371683
vt 0.023483 0.373655
vt 0.051275 0.382172
vt 0.044495 0.377790
vt 0.018519 0.379484
vt 0.042001 0.375108
vt 0.026557 0.430761
vt 0.016481 0.430838
vt 0.040284 0.430818
vt 0.052841 0.430888
vt 0.065264 0.430698
vt 0.078691 0.430017
vt 0.089099 0.429404
vt 0.014802 0.387763
vt 0.013500 0.397234
vt 0.013675 0.407051
vt 0.013941 0.416580
vt 0.066001 0.439086
vt 0.053337 0.438362
vt 0.053304 0.444636
vt 0.065438 0.445947
vt 0.040564 0.437578
vt 0.080801 0.447035
vt 0.080191 0.439446
vt 0.091106 0.440083
vt 0.014249 0.425089
vt 0.026188 0.437047
vt 0.015604 0.437115
vt 0.041013 0.443545
vt 0.025816 0.443359
vt 0.093091 0.428684
vt 0.088617 0.417598
vt 0.080124 0.407087
vt 0.092844 0.449581
vt 0.095216 0.440800
vt 0.095458 0.453670
vt 0.051444 0.381045
vt 0.070050 0.397104
vt 0.060859 0.388417
vt 0.014412 0.444502
vt 0.009672 0.453670
vt 0.506663 0.403551
vt 0.497932 0.406522
vt 0.500739 0.413018
vt 0.506294 0.412178
vt 0.505577 0.422389
vt 0.499582 0.420868
vt 0.496286 0.398560
vt 0.506882 0.395690
vt 0.495795 0.415118
vt 0.505577 0.422389
vt 0.511662 0.412661
vt 0.506294 0.412178
vt 0.506663 0.403551
vt 0.515110 0.405996
vt 0.511897 0.420432
vt 0.517289 0.398000
vt 0.506882 0.395690
vt 0.507477 0.387543
vt 0.518734 0.389744
vt 0.519344 0.383007
vt 0.508070 0.381098
vt 0.508300 0.378572
vt 0.518981 0.379837
vt 0.518102 0.377891
vt 0.508401 0.377339
vt 0.508612 0.374771
vt 0.517171 0.374828
vt 0.516539 0.414588
vt 0.499740 0.435446
vt 0.505053 0.436765
vt 0.510994 0.435239
vt 0.505053 0.436765
vt 0.507211 0.459613
vt 0.513733 0.458317
vt 0.519344 0.488532
vt 0.820219 0.504006
vt 0.814751 0.489117
vt 0.816998 0.504648
vt 0.821071 0.518524
vt 0.823923 0.516514
vt 0.827178 0.523492
vt 0.825111 0.527615
vt 0.830299 0.531651
vt 0.831236 0.526111
vt 0.837258 0.525726
vt 0.812841 0.504356
vt 0.811186 0.488659
vt 0.813398 0.474317
vt 0.816395 0.474891
vt 0.819740 0.462211
vt 0.816851 0.461597
vt 0.818259 0.489124
vt 0.820670 0.474920
vt 0.820496 0.450202
vt 0.823603 0.451052
vt 0.827528 0.440538
vt 0.824009 0.439280
vt 0.828345 0.449498
vt 0.831537 0.438564
vt 0.824772 0.461685
vt 0.834548 0.429026
vt 0.831311 0.430028
vt 0.833790 0.419124
vt 0.836505 0.419582
vt 0.837258 0.409854
vt 0.833790 0.419124
vt 0.836505 0.419582
vt 0.834405 0.407798
vt 0.260029 0.456422
vt 0.265496 0.452387
vt 0.260522 0.451430
vt 0.265334 0.455951
vt 0.269554 0.455088
vt 0.268766 0.451547
vt 0.261787 0.442191
vt 0.266477 0.443234
vt 0.266796 0.435952
vt 0.263635 0.432882
vt 0.266408 0.427982
vt 0.269554 0.433257
vt 0.258349 0.431442
vt 0.256496 0.441826
vt 0.255257 0.451661
vt 0.902201 0.184862
vt 0.903987 0.196466
vt 0.946594 0.200459
vt 0.868253 0.196076
vt 0.867732 0.187807
vt 0.839586 0.191186
vt 0.839572 0.197651
vt 0.818755 0.200459
vt 0.818882 0.194403
vt 0.350695 0.022525
vt 0.360387 0.023146
vt 0.357620 0.014236
vt 0.347826 0.014220
vt 0.342305 0.014553
vt 0.344616 0.023101
vt 0.337955 0.023394
vt 0.336224 0.014765
vt 0.332878 0.016634
vt 0.332632 0.023146
vt 0.948353 0.876445
vt 0.947129 0.868349
vt 0.950539 0.869070
vt 0.952481 0.875332
vt 0.948353 0.876445
vt 0.952481 0.875332
vt 0.952481 0.882110
vt 0.944071 0.871609
vt 0.944077 0.877584
vt 0.810345 0.395872
vt 0.823802 0.395872
vt 0.815351 0.392202
vt 0.972666 0.970183
vt 0.969302 0.964723
vt 0.972666 0.955505
vt 0.590833 0.812704
vt 0.598402 0.811468
vt 0.598402 0.816055
vt 0.412532 0.533638
vt 0.411516 0.541743
vt 0.408155 0.538617
vt 0.408199 0.532631
vt 0.390346 0.533774
vt 0.383782 0.541743
vt 0.380572 0.533715
vt 0.393332 0.541305
vt 0.398799 0.540797
vt 0.396412 0.533005
vt 0.402843 0.532569
vt 0.404668 0.540453
vt 0.218581 0.342460
vt 0.227032 0.346862
vt 0.220364 0.349167
vt 0.225342 0.340686
vt 0.230334 0.337848
vt 0.223478 0.336589
vt 0.222382 0.355406
vt 0.228807 0.352484
vt 0.231303 0.362388
vt 0.234012 0.345843
vt 0.224096 0.365833
vt 0.224656 0.389015
vt 0.230923 0.389648
vt 0.237379 0.391976
vt 0.238336 0.367481
vt 0.238220 0.351371
vt 0.227594 0.422577
vt 0.219849 0.421858
vt 0.208524 0.462742
vt 0.220717 0.463417
vt 0.231000 0.463979
vt 0.209020 0.506376
vt 0.222474 0.507391
vt 0.209283 0.547950
vt 0.234319 0.507557
vt 0.193326 0.545171
vt 0.173110 0.540076
vt 0.177851 0.578686
vt 0.156477 0.569748
vt 0.146054 0.590861
vt 0.166051 0.606390
vt 0.182495 0.619432
vt 0.159491 0.620786
vt 0.143816 0.611829
vt 0.151950 0.639777
vt 0.146054 0.590861
vt 0.143816 0.611829
vt 0.117494 0.588022
vt 0.151950 0.639777
vt 0.117494 0.588022
vt 0.143816 0.611829
vt 0.132765 0.635908
vt 0.145016 0.671496
vt 0.113823 0.648077
vt 0.166085 0.668947
vt 0.179636 0.695931
vt 0.183829 0.657864
vt 0.166085 0.668947
vt 0.179636 0.695931
vt 0.156250 0.704495
vt 0.130764 0.701957
vt 0.170555 0.742858
vt 0.134546 0.722776
vt 0.109708 0.710915
vt 0.108075 0.698988
vt 0.092575 0.707934
vt 0.095918 0.719166
vt 0.096396 0.725072
vt 0.095918 0.719166
vt 0.109708 0.710915
vt 0.130976 0.733481
vt 0.099517 0.680862
vt 0.084356 0.731023
vt 0.084356 0.731023
vt 0.148054 0.752641
vt 0.130976 0.733481
vt 0.148054 0.752641
vt 0.131022 0.759410
vt 0.122799 0.740249
vt 0.112881 0.726640
vt 0.112703 0.748658
vt 0.114417 0.718684
vt 0.114417 0.718684
vt 0.101813 0.624051
vt 0.087392 0.645428
vt 0.095961 0.664089
vt 0.078616 0.670518
vt 0.073343 0.653677
vt 0.066356 0.636168
vt 0.076944 0.628616
vt 0.060572 0.655399
vt 0.063447 0.672088
vt 0.064582 0.687613
vt 0.080125 0.686342
vt 0.076476 0.699647
vt 0.064361 0.699444
vt 0.056521 0.700140
vt 0.060504 0.708230
vt 0.054270 0.688685
vt 0.045125 0.689012
vt 0.047414 0.698587
vt 0.037201 0.699707
vt 0.034467 0.690045
vt 0.023277 0.692788
vt 0.027112 0.704013
vt 0.017984 0.712097
vt 0.030523 0.711683
vt 0.032175 0.676139
vt 0.047806 0.703450
vt 0.052640 0.673246
vt 0.067504 0.710584
vt 0.076761 0.716608
vt 0.053046 0.719198
vt 0.049152 0.715228
vt 0.047730 0.710772
vt 0.035686 0.722040
vt 0.061244 0.726160
vt 0.075585 0.739599
vt 0.046764 0.733720
vt 0.057189 0.706855
vt 0.064542 0.748335
vt 0.054141 0.758179
vt 0.080411 0.761448
vt 0.069057 0.773312
vt 0.059552 0.788532
vt 0.073593 0.776507
vt 0.069057 0.773312
vt 0.080411 0.761448
vt 0.059552 0.788532
vt 0.087868 0.751378
vt 0.090486 0.754192
vt 0.087868 0.751378
vt 0.037515 0.741306
vt 0.029307 0.733052
vt 0.033966 0.717354
vt 0.023808 0.724237
vt 0.025727 0.728284
vt 0.038535 0.726265
vt 0.054173 0.705537
vt 0.054173 0.705537
vt 0.050368 0.656939
vt 0.045964 0.642317
vt 0.040864 0.658406
vt 0.067609 0.616205
vt 0.060393 0.621832
vt 0.058361 0.614847
vt 0.062239 0.610515
vt 0.066107 0.605910
vt 0.073896 0.607784
vt 0.049338 0.623870
vt 0.087189 0.612010
vt 0.094665 0.594807
vt 0.023097 0.677092
vt 0.020354 0.663499
vt 0.029183 0.661239
vt 0.024364 0.648565
vt 0.016400 0.651609
vt 0.055690 0.639211
vt 0.087025 0.699967
vt 0.198923 0.674344
vt 0.211735 0.637390
vt 0.195238 0.627724
vt 0.217379 0.688880
vt 0.231101 0.646620
vt 0.256199 0.656422
vt 0.243223 0.701384
vt 0.278765 0.715485
vt 0.227985 0.732212
vt 0.267984 0.745344
vt 0.315879 0.762938
vt 0.326038 0.734997
vt 0.371573 0.752552
vt 0.361777 0.779237
vt 0.395773 0.788532
vt 0.402184 0.760720
vt 0.424092 0.764107
vt 0.409628 0.717373
vt 0.340794 0.691595
vt 0.291319 0.670047
vt 0.303793 0.623108
vt 0.268122 0.608668
vt 0.280238 0.566495
vt 0.314087 0.584964
vt 0.323513 0.551025
vt 0.291701 0.530621
vt 0.273146 0.504434
vt 0.301987 0.505722
vt 0.286019 0.485416
vt 0.258609 0.552239
vt 0.242252 0.544273
vt 0.368342 0.606485
vt 0.242485 0.598067
vt 0.204860 0.588306
vt 0.169135 0.640660
vt 0.041302 0.706333
vt 0.198161 0.717834
vt 0.198161 0.717834
vt 0.021284 0.719104
vt 0.043199 0.674369
vt 0.107152 0.736993
vt 0.100904 0.745069
vt 0.098898 0.730731
vt 0.123182 0.675777
vt 0.036651 0.644729
vt 0.033327 0.636644
vt 0.038571 0.631404
vt 0.027930 0.626961
vt 0.024862 0.635230
vt 0.426410 0.720199
vt 0.428277 0.673512
vt 0.415377 0.672065
vt 0.394866 0.668390
vt 0.419942 0.635364
vt 0.447675 0.725599
vt 0.443164 0.767462
vt 0.460501 0.770311
vt 0.469750 0.732270
vt 0.479229 0.690216
vt 0.488886 0.737853
vt 0.501452 0.699230
vt 0.508799 0.664924
vt 0.484739 0.653554
vt 0.489578 0.618941
vt 0.460176 0.639930
vt 0.513647 0.630645
vt 0.541148 0.639240
vt 0.517938 0.594622
vt 0.535455 0.673811
vt 0.524484 0.709516
vt 0.477359 0.772532
vt 0.492595 0.771020
vt 0.541270 0.600901
vt 0.541129 0.563125
vt 0.524031 0.559545
vt 0.506546 0.553606
vt 0.534793 0.528275
vt 0.522184 0.524572
vt 0.511342 0.520354
vt 0.492301 0.546870
vt 0.479107 0.574088
vt 0.535974 0.498031
vt 0.546402 0.530353
vt 0.551709 0.501799
vt 0.527849 0.494944
vt 0.521185 0.491260
vt 0.534678 0.471088
vt 0.544266 0.500581
vt 0.496446 0.585354
vt 0.452569 0.679853
vt 0.385421 0.711355
vt 0.195048 0.585503
vt 0.103728 0.720016
vt 0.376535 0.574750
vt 0.381977 0.544080
vt 0.427016 0.592711
vt 0.223696 0.549840
vt 0.240487 0.464034
vt 0.242301 0.424059
vt 0.234901 0.423654
vt 0.357370 0.644166
vt 0.541407 0.474193
vt 0.542240 0.454619
vt 0.536169 0.451277
vt 0.538094 0.438379
vt 0.543026 0.442061
vt 0.543561 0.435492
vt 0.529757 0.446808
vt 0.539551 0.431729
vt 0.536211 0.428391
vt 0.548281 0.445426
vt 0.548052 0.438599
vt 0.548449 0.458305
vt 0.553827 0.461271
vt 0.553429 0.448351
vt 0.468188 0.604097
vt 0.446788 0.587186
vt 0.067487 0.787784
vt 0.083493 0.764619
vt 0.234635 0.348561
vt 0.528807 0.468327
vt 0.079974 0.597089
vt 0.435380 0.632229
vt 0.533861 0.434992
vt 0.530659 0.432577
vt 0.533736 0.426673
vt 0.531021 0.425322
vt 0.527795 0.430375
vt 0.524625 0.427658
vt 0.526999 0.423093
vt 0.523349 0.420776
vt 0.521639 0.423869
vt 0.547020 0.477394
vt 0.222301 0.590892
vt 0.409320 0.629521
vt 0.083360 0.723940
vt 0.232288 0.342420
vt 0.236310 0.337265
vt 0.237486 0.339118
vt 0.234741 0.334160
vt 0.232723 0.330734
vt 0.085667 0.734903
vt 0.552640 0.479367
vt 0.506693 0.747803
vt 0.227981 0.333055
vt 0.217515 0.336164
vt 0.217758 0.330880
vt 0.597561 0.002294
vt 0.591674 0.006297
vt 0.593713 0.009875
vt 0.597561 0.010550
vt 0.938183 0.546757
vt 0.934694 0.526768
vt 0.914253 0.532148
vt 0.938183 0.501376
vt 0.910003 0.505176
vt 0.924555 0.552923
vt 0.915441 0.562844
vt 0.906224 0.552734
vt 0.956691 0.714220
vt 0.948251 0.698624
vt 0.962574 0.705463
vt 0.944642 0.710358
vt 0.933562 0.713742
vt 0.933116 0.705241
vt 0.920521 0.714220
vt 0.503307 0.525551
vt 0.490749 0.510889
vt 0.491769 0.527064
vt 0.502294 0.510131
vt 0.503364 0.496271
vt 0.492640 0.496465
vt 0.494789 0.487814
vt 0.503307 0.484862
vt 0.987683 0.853763
vt 0.973993 0.815577
vt 0.968738 0.856453
vt 0.968385 0.889450
vt 0.989229 0.879722
vt 0.991169 0.817349
vt 0.991169 0.776570
vt 0.976864 0.772492
vt 0.962844 0.768327
vt 0.980943 0.727982
vt 0.956686 0.813727
vt 0.521026 0.175688
vt 0.488225 0.175688
vt 0.491302 0.167431
vt 0.886039 0.752752
vt 0.870900 0.752752
vt 0.872141 0.738837
vt 0.884114 0.734794
vt 0.884259 0.730734
vt 0.884114 0.734794
vt 0.872141 0.738837
vt 0.872235 0.734319
vt 0.130470 0.002172
vt 0.144239 0.020706
vt 0.144239 0.001376
vt 0.128259 0.021560
vt 0.309083 0.089842
vt 0.308015 0.073265
vt 0.301514 0.072777
vt 0.309083 0.060092
vt 0.301981 0.085731
vt 0.303674 0.060365
vt 0.302721 0.093389
vt 0.307737 0.098624
vt 0.998738 0.896789
vt 0.966906 0.953468
vt 0.965825 0.897043
vt 0.922204 0.899825
vt 0.924588 0.954587
vt 0.998506 0.954587
vt 0.405198 0.348591
vt 0.441968 0.347248
vt 0.438664 0.373853
vt 0.400757 0.373853
vt 0.532924 0.223129
vt 0.531960 0.245614
vt 0.561396 0.258257
vt 0.561396 0.230842
vt 0.560277 0.202294
vt 0.967661 0.306321
vt 0.930614 0.282110
vt 0.969302 0.292164
vt 0.937261 0.302633
vt 0.940363 0.329817
vt 0.969167 0.329817
vt 0.946596 0.963761
vt 0.957927 0.958375
vt 0.958368 0.963761
vt 0.945753 0.958257
vt 0.529437 0.972936
vt 0.468881 0.972936
vt 0.501521 0.952752
vt 0.318121 0.496120
vt 0.326670 0.505046
vt 0.333474 0.500068
vt 0.324851 0.491826
vt 0.319366 0.483028
vt 0.333474 0.483657
vt 0.314130 0.487837
vt 0.107646 0.440509
vt 0.113481 0.437749
vt 0.116090 0.444781
vt 0.110687 0.447283
vt 0.119136 0.435481
vt 0.111860 0.453253
vt 0.116177 0.452250
vt 0.119808 0.451911
vt 0.121252 0.443026
vt 0.114682 0.458724
vt 0.106632 0.448322
vt 0.116719 0.458740
vt 0.119617 0.458883
vt 0.124240 0.452006
vt 0.130935 0.452245
vt 0.125657 0.459164
vt 0.133128 0.458958
vt 0.138660 0.452262
vt 0.146722 0.439226
vt 0.138837 0.438664
vt 0.148727 0.416690
vt 0.156395 0.417679
vt 0.165880 0.387203
vt 0.164019 0.418762
vt 0.173604 0.388990
vt 0.181902 0.350360
vt 0.172841 0.347415
vt 0.176039 0.302980
vt 0.187306 0.306350
vt 0.188258 0.260465
vt 0.173916 0.258687
vt 0.159294 0.257153
vt 0.164324 0.300289
vt 0.150840 0.298132
vt 0.142991 0.256149
vt 0.122026 0.256432
vt 0.134318 0.219430
vt 0.202285 0.310022
vt 0.189814 0.354072
vt 0.206059 0.260138
vt 0.230924 0.256303
vt 0.228599 0.293974
vt 0.264972 0.288848
vt 0.268469 0.253812
vt 0.325669 0.259063
vt 0.321219 0.291073
vt 0.373039 0.297444
vt 0.314646 0.320899
vt 0.262653 0.318743
vt 0.364970 0.325561
vt 0.393953 0.329583
vt 0.397068 0.303276
vt 0.396594 0.270478
vt 0.414810 0.312276
vt 0.409410 0.270039
vt 0.401962 0.230356
vt 0.389361 0.233991
vt 0.377169 0.189996
vt 0.393427 0.184330
vt 0.413876 0.175639
vt 0.424048 0.219885
vt 0.448938 0.206728
vt 0.435062 0.166225
vt 0.453526 0.158477
vt 0.469958 0.195071
vt 0.488963 0.179410
vt 0.469925 0.147776
vt 0.482993 0.226973
vt 0.422198 0.129524
vt 0.457465 0.125545
vt 0.385367 0.141023
vt 0.369134 0.239411
vt 0.432112 0.259529
vt 0.228704 0.321370
vt 0.207021 0.213565
vt 0.273735 0.214735
vt 0.186770 0.215006
vt 0.186003 0.169966
vt 0.206808 0.165566
vt 0.201864 0.120937
vt 0.180875 0.130737
vt 0.162793 0.143260
vt 0.167915 0.175484
vt 0.149860 0.181851
vt 0.144049 0.156860
vt 0.128716 0.172466
vt 0.130330 0.188572
vt 0.106288 0.194877
vt 0.111197 0.174550
vt 0.233373 0.162317
vt 0.166340 0.104992
vt 0.106288 0.194877
vt 0.078878 0.186238
vt 0.111197 0.174550
vt 0.127809 0.151849
vt 0.127809 0.151849
vt 0.111197 0.174550
vt 0.078878 0.186238
vt 0.108776 0.147907
vt 0.095555 0.128952
vt 0.076351 0.146499
vt 0.059133 0.151959
vt 0.060182 0.170791
vt 0.047887 0.162963
vt 0.045812 0.151325
vt 0.070002 0.120910
vt 0.042126 0.141251
vt 0.037876 0.150571
vt 0.035450 0.144921
vt 0.032940 0.139528
vt 0.036788 0.133535
vt 0.046398 0.121819
vt 0.026811 0.127988
vt 0.132287 0.120233
vt 0.054614 0.132643
vt 0.188736 0.087752
vt 0.166340 0.104992
vt 0.165361 0.056860
vt 0.188736 0.087752
vt 0.145034 0.091640
vt 0.220865 0.081034
vt 0.220865 0.081034
vt 0.188736 0.087752
vt 0.165361 0.056860
vt 0.119613 0.089585
vt 0.126666 0.069793
vt 0.100293 0.076752
vt 0.096779 0.088192
vt 0.082933 0.076428
vt 0.088022 0.065998
vt 0.089437 0.060270
vt 0.100293 0.076752
vt 0.088022 0.065998
vt 0.078522 0.052115
vt 0.078522 0.052115
vt 0.085449 0.104422
vt 0.073792 0.086505
vt 0.061302 0.089707
vt 0.064225 0.103125
vt 0.061947 0.118727
vt 0.048875 0.100923
vt 0.062475 0.072907
vt 0.052978 0.078302
vt 0.039090 0.068857
vt 0.047586 0.062466
vt 0.033614 0.054079
vt 0.025085 0.060945
vt 0.016269 0.053713
vt 0.024817 0.046013
vt 0.042140 0.030263
vt 0.051967 0.040636
vt 0.021982 0.064836
vt 0.068401 0.028647
vt 0.057743 0.016162
vt 0.049095 0.000459
vt 0.062414 0.013271
vt 0.068401 0.028647
vt 0.057743 0.016162
vt 0.049095 0.000459
vt 0.062476 0.050009
vt 0.045912 0.080199
vt 0.046970 0.116261
vt 0.036321 0.114464
vt 0.038694 0.099249
vt 0.029629 0.098423
vt 0.027096 0.112760
vt 0.023777 0.128178
vt 0.016322 0.110643
vt 0.041476 0.088010
vt 0.075270 0.039094
vt 0.078013 0.036467
vt 0.075270 0.039094
vt 0.032355 0.089041
vt 0.022261 0.087355
vt 0.032974 0.084232
vt 0.049257 0.089159
vt 0.124858 0.058567
vt 0.105910 0.069475
vt 0.124858 0.058567
vt 0.105910 0.069475
vt 0.105806 0.060809
vt 0.118274 0.049967
vt 0.110233 0.039228
vt 0.130348 0.033401
vt 0.102365 0.049257
vt 0.097940 0.039802
vt 0.092981 0.053327
vt 0.145109 0.043586
vt 0.145109 0.043586
vt 0.081649 0.116369
vt 0.163718 0.345086
vt 0.153514 0.343128
vt 0.151894 0.384869
vt 0.141412 0.340814
vt 0.144148 0.383684
vt 0.142135 0.417075
vt 0.169903 0.216292
vt 0.179657 0.390882
vt 0.169921 0.419811
vt 0.160321 0.439901
vt 0.037156 0.115710
vt 0.154385 0.439489
vt 0.026684 0.081057
vt 0.033198 0.076944
vt 0.016407 0.075021
vt 0.095467 0.065010
vt 0.039387 0.082501
vt 0.019824 0.069618
vt 0.010093 0.062131
vt 0.007776 0.066966
vt 0.004054 0.073621
vt 0.012522 0.082381
vt 0.008002 0.093198
vt 0.019032 0.096811
vt 0.013161 0.125385
vt 0.004425 0.123008
vt 0.007322 0.109558
vt 0.008373 0.137964
vt 0.035004 0.072548
vt 0.158511 0.385741
vt 0.111452 0.223235
vt 0.039387 0.082501
vt 0.042449 0.081349
vt 0.364160 0.148126
vt 0.353815 0.121690
vt 0.334839 0.160957
vt 0.321616 0.136275
vt 0.278646 0.159655
vt 0.292397 0.185515
vt 0.312658 0.225901
vt 0.440526 0.124640
vt 0.012731 0.057424
vt 0.229821 0.114949
vt 0.404545 0.134569
vt 0.152828 0.217728
vt 0.267601 0.109389
vt 0.206945 0.332713
vt 0.111144 0.110533
vt 0.018135 0.141135
vt 0.027068 0.144719
vt 0.013904 0.148638
vt 0.111582 0.459056
vt 0.108004 0.459174
vt 0.262846 0.077460
vt 0.000421 0.134879
vt 0.270779 0.157248
vt 0.148889 0.129033
vt 0.148889 0.129033
vt 0.234101 0.212110
vt 0.018507 0.154536
vt 0.007461 0.157505
vt 0.005343 0.148840
vt 0.056937 0.001694
vt 0.071625 0.025693
vt 0.506278 0.209015
vt 0.521963 0.240601
vt 0.497771 0.258570
vt 0.512705 0.291960
vt 0.533429 0.277657
vt 0.477937 0.278490
vt 0.544474 0.314262
vt 0.528985 0.323755
vt 0.548383 0.350462
vt 0.559114 0.344427
vt 0.572565 0.370466
vt 0.565397 0.374482
vt 0.574487 0.398031
vt 0.580165 0.394628
vt 0.583406 0.414495
vt 0.557649 0.379898
vt 0.578138 0.417916
vt 0.572338 0.422555
vt 0.513698 0.335477
vt 0.579184 0.430961
vt 0.574329 0.435189
vt 0.575985 0.441659
vt 0.579978 0.437776
vt 0.569850 0.439679
vt 0.566494 0.426748
vt 0.562837 0.406699
vt 0.560423 0.432137
vt 0.565916 0.443622
vt 0.568944 0.449896
vt 0.562954 0.446463
vt 0.566671 0.451933
vt 0.564118 0.453636
vt 0.560347 0.449033
vt 0.557493 0.452156
vt 0.560363 0.456386
vt 0.556985 0.459174
vt 0.554940 0.456321
vt 0.556994 0.409948
vt 0.548788 0.386338
vt 0.555576 0.382823
vt 0.539582 0.356814
vt 0.584104 0.427505
vt 0.568568 0.402698
vt 0.354176 0.199498
vt 0.146161 0.451230
vt 0.140483 0.457580
vt 0.152350 0.450881
vt 0.494552 0.308552
vt 0.481098 0.325874
vt 0.502105 0.347144
vt 0.376337 0.268312
vt 0.572184 0.446242
vt 0.460084 0.244593
vt 0.130157 0.438745
vt 0.127966 0.430138
vt 0.072804 0.061899
vt 0.450157 0.298628
vt 0.080435 0.048541
vt 0.106995 0.454064
vt 0.102553 0.443609
vt 0.099001 0.447161
vt 0.205635 0.414774
vt 0.196548 0.440826
vt 0.204148 0.438120
vt 0.199348 0.413481
vt 0.193019 0.410467
vt 0.205635 0.380751
vt 0.198180 0.378440
vt 0.330975 0.360092
vt 0.390337 0.390422
vt 0.333748 0.395647
vt 0.282700 0.399571
vt 0.278806 0.365557
vt 0.335388 0.442983
vt 0.389116 0.439644
vt 0.426809 0.437778
vt 0.428511 0.388275
vt 0.387811 0.487482
vt 0.336808 0.489527
vt 0.338287 0.519725
vt 0.389319 0.519725
vt 0.285625 0.445444
vt 0.556415 0.627064
vt 0.549622 0.597706
vt 0.581904 0.601159
vt 0.589992 0.627064
vt 0.578793 0.955505
vt 0.575231 0.969598
vt 0.544045 0.969436
vt 0.572990 0.982258
vt 0.542052 0.986697
vt 0.603477 0.970231
vt 0.601740 0.979680
vt 0.624023 0.986697
vt 0.625315 0.978513
vt 0.606812 0.843417
vt 0.597259 0.872692
vt 0.575822 0.873853
vt 0.582169 0.838991
vt 0.557069 0.845999
vt 0.552986 0.873853
vt 0.795206 0.039536
vt 0.823802 0.065596
vt 0.823802 0.038073
vt 0.802649 0.064056
vt 0.606451 0.049819
vt 0.601766 0.030492
vt 0.620799 0.027982
vt 0.622265 0.045315
vt 0.627823 0.057989
vt 0.613508 0.064438
vt 0.618522 0.074842
vt 0.632192 0.068067
vt 0.636137 0.077523
vt 0.639586 0.042322
vt 0.645775 0.064306
vt 0.639624 0.028396
vt 0.642908 0.053889
vt 0.658559 0.052667
vt 0.658360 0.065063
vt 0.667797 0.072306
vt 0.670836 0.064445
vt 0.679983 0.077523
vt 0.949787 0.725229
vt 0.948937 0.716055
vt 0.956686 0.721002
vt 0.946880 0.719231
vt 0.936965 0.721761
vt 0.935858 0.717179
vt 0.921112 0.719773
vt 0.922095 0.724726
vt 0.910076 0.725229
vt 0.909588 0.720686
vt 0.701009 0.110550
vt 0.688237 0.095430
vt 0.685870 0.109122
vt 0.700536 0.092547
vt 0.701009 0.088532
vt 0.688237 0.095430
vt 0.700536 0.092547
vt 0.688696 0.090956
vt 0.169470 0.763703
vt 0.157696 0.778440
vt 0.169470 0.778000
vt 0.160171 0.762844
vt 0.909588 0.594037
vt 0.875946 0.594037
vt 0.876096 0.573613
vt 0.904590 0.572038
vt 0.898797 0.545413
vt 0.876535 0.548092
vt 0.531960 0.763761
vt 0.506728 0.787843
vt 0.531960 0.795872
vt 0.554440 0.295638
vt 0.550820 0.312385
vt 0.546257 0.304964
vt 0.558376 0.302980
vt 0.566442 0.296996
vt 0.562033 0.291284
vt 0.565865 0.312385
vt 0.840622 0.384862
vt 0.840622 0.334404
vt 0.828007 0.353672
vt 0.049057 0.219630
vt 0.043666 0.204159
vt 0.032380 0.202387
vt 0.039557 0.219970
vt 0.045349 0.193124
vt 0.032938 0.188699
vt 0.047041 0.231117
vt 0.055525 0.233521
vt 0.037178 0.178196
vt 0.049756 0.185900
vt 0.051992 0.181805
vt 0.040719 0.171101
vt 0.054762 0.205823
vt 0.058247 0.220061
vt 0.060500 0.229881
vt 0.058471 0.195704
vt 0.064223 0.189399
vt 0.066863 0.185136
vt 0.061519 0.240826
vt 0.066863 0.234402
vt 0.833920 0.728856
vt 0.832258 0.747675
vt 0.846856 0.747969
vt 0.847662 0.730044
vt 0.831897 0.765362
vt 0.847307 0.766121
vt 0.818155 0.744401
vt 0.817914 0.760020
vt 0.819938 0.725952
vt 0.849874 0.712932
vt 0.837267 0.709017
vt 0.823626 0.705963
vt 0.849874 0.783945
vt 0.834711 0.782463
vt 0.940063 0.419656
vt 0.934284 0.427766
vt 0.940265 0.441482
vt 0.948952 0.432575
vt 0.924846 0.432004
vt 0.929593 0.446607
vt 0.917372 0.447866
vt 0.914061 0.432394
vt 0.953933 0.417797
vt 0.942079 0.407999
vt 0.904357 0.431395
vt 0.906557 0.444859
vt 0.898985 0.441230
vt 0.896474 0.430004
vt 0.941631 0.394186
vt 0.955004 0.398381
vt 0.951901 0.376770
vt 0.938491 0.378386
vt 0.932370 0.360396
vt 0.943952 0.354587
vt 0.924846 0.432004
vt 0.909550 0.417757
vt 0.914061 0.432394
vt 0.904357 0.431395
vt 0.918783 0.418040
vt 0.900797 0.417900
vt 0.895806 0.420076
vt 0.896474 0.430004
vt 0.903187 0.458016
vt 0.915464 0.462844
vt 0.929383 0.461745
vt 0.942739 0.456148
vt 0.893608 0.449400
vt 0.955004 0.446727
vt 0.190480 0.901660
vt 0.200889 0.879438
vt 0.189512 0.881386
vt 0.195038 0.862143
vt 0.205000 0.861480
vt 0.202201 0.898198
vt 0.207317 0.915142
vt 0.207317 0.850310
vt 0.201930 0.846330
vt 0.195552 0.921688
vt 0.177970 0.882493
vt 0.185214 0.861267
vt 0.177881 0.903972
vt 0.193213 0.848455
vt 0.181869 0.925229
vt 0.925793 0.777645
vt 0.925872 0.766338
vt 0.911769 0.769814
vt 0.911002 0.780495
vt 0.920439 0.756323
vt 0.907906 0.760572
vt 0.908273 0.789126
vt 0.923465 0.787031
vt 0.908094 0.754820
vt 0.915184 0.749628
vt 0.940706 0.765742
vt 0.934242 0.753833
vt 0.940706 0.778847
vt 0.937981 0.790367
vt 0.926613 0.749083
vt 0.339727 0.069330
vt 0.340823 0.063628
vt 0.324686 0.062138
vt 0.323716 0.070211
vt 0.323381 0.078440
vt 0.338976 0.075655
vt 0.351976 0.078440
vt 0.341319 0.060209
vt 0.325750 0.056422
vt 0.323036 0.123394
vt 0.331228 0.110908
vt 0.336163 0.117760
vt 0.317494 0.114681
vt 0.317642 0.105169
vt 0.332400 0.104261
vt 0.336072 0.097989
vt 0.322317 0.095564
vt 0.330761 0.087292
vt 0.340811 0.093745
vt 0.348061 0.091478
vt 0.342614 0.081151
vt 0.358069 0.078440
vt 0.358631 0.090221
vt 0.371102 0.093499
vt 0.374477 0.082160
vt 0.390164 0.095979
vt 0.385500 0.105511
vt 0.395840 0.114080
vt 0.402353 0.111338
vt 0.345874 0.112406
vt 0.348567 0.107988
vt 0.350919 0.105443
vt 0.407485 0.121805
vt 0.398509 0.123394
vt 0.141725 0.926375
vt 0.129941 0.905210
vt 0.132213 0.927571
vt 0.140762 0.904739
vt 0.136138 0.942161
vt 0.143398 0.946139
vt 0.143398 0.886773
vt 0.131947 0.883945
vt 0.140694 0.957339
vt 0.132713 0.950815
vt 0.070239 0.543557
vt 0.066563 0.553867
vt 0.074690 0.554274
vt 0.080320 0.546595
vt 0.067102 0.564696
vt 0.077383 0.562614
vt 0.056963 0.555052
vt 0.060013 0.544798
vt 0.056116 0.566293
vt 0.044193 0.569093
vt 0.046663 0.556992
vt 0.034378 0.558135
vt 0.031594 0.572018
vt 0.029352 0.494671
vt 0.019831 0.506387
vt 0.034271 0.509517
vt 0.042424 0.503047
vt 0.018224 0.518363
vt 0.032246 0.515700
vt 0.034072 0.521552
vt 0.021983 0.529739
vt 0.029724 0.539431
vt 0.038312 0.528070
vt 0.044674 0.532577
vt 0.039661 0.545266
vt 0.050218 0.545766
vt 0.053941 0.533760
vt 0.063662 0.533656
vt 0.020818 0.550988
vt 0.010020 0.538104
vt 0.006365 0.502582
vt 0.017336 0.486406
vt 0.033711 0.472779
vt 0.044072 0.483711
vt 0.004626 0.520821
vt 0.053606 0.496114
vt 0.060541 0.472156
vt 0.052213 0.461289
vt 0.065288 0.457585
vt 0.074483 0.463600
vt 0.080320 0.453588
vt 0.067616 0.448165
vt 0.067456 0.484154
vt 0.075749 0.474363
vt 0.073641 0.532174
vt 0.547098 0.267431
vt 0.559000 0.282110
vt 0.549775 0.282110
vt 0.559714 0.272694
f 1/784 2/785 3/789
f 1/784 3/789 4/797
f 1/784 4/797 5/798
f 1/784 5/798 6/804
f 1/784 6/804 7/803
f 1/784 7/803 8/783
f 1/784 8/783 9/782
f 1/784 9/782 2/785
f 10/34 11/33 12/32
f 10/34 12/32 13/45
f 10/34 13/45 14/166
f 10/34 14/166 15/167
f 16/275 17/276 18/277
f 16/275 18/277 19/278
f 16/275 19/278 20/279
f 16/275 20/279 21/280
f 22/1356 23/1362 24/1267
f 22/1356 24/1267 25/1241
f 22/1356 25/1241 26/1238
f 22/3023 26/3024 27/3025
f 28/3019 29/3020 30/3017
f 28/3019 30/3017 31/3018
f 28/3335 31/3334 32/3333
f 28/3335 32/3333 33/3336
f 34/2995 35/2996 36/2993
f 34/2995 36/2993 37/2994
f 34/2995 37/2994 20/3000
f 34/2995 20/3000 19/3162
f 34/2995 19/3162 18/3001
f 34/2995 18/3001 38/2998
f 34/2995 38/2998 39/2997
f 34/2995 39/2997 35/2996
f 40/503 41/417 42/414
f 40/503 42/414 43/509
f 40/291 43/292 14/166
f 40/291 14/166 44/195
f 40/291 44/195 45/196
f 40/503 45/514 46/504
f 40/503 46/504 47/424
f 40/503 47/424 41/417
f 48/3021 49/3180 50/3006
f 48/3021 50/3006 51/3010
f 48/3021 51/3010 52/3011
f 48/3021 52/3011 53/3164
f 48/3021 53/3164 54/3167
f 48/3021 54/3167 55/3177
f 48/3261 55/3260 56/3255
f 48/3261 56/3255 49/3262
f 57/3259 58/3256 56/3255
f 57/3259 56/3255 55/3260
f 57/3259 55/3260 54/3263
f 57/3259 54/3263 59/3264
f 57/3161 59/3160 60/3157
f 57/3161 60/3157 61/3229
f 57/3259 61/3267 62/3257
f 57/3259 62/3257 58/3256
f 63/3053 64/3054 65/3055
f 63/27 65/31 66/30
f 63/27 66/30 67/13
f 63/27 67/13 68/26
f 69/3052 70/3175 54/3167
f 69/3052 54/3167 53/3164
f 69/3052 53/3164 52/3011
f 69/3052 52/3011 71/3047
f 72/24 68/26 67/13
f 72/24 67/13 73/14
f 72/24 73/14 74/15
f 72/24 74/15 75/25
f 76/3159 77/3158 60/3157
f 76/3159 60/3157 59/3160
f 76/3265 59/3264 54/3263
f 76/3265 54/3263 70/3266
f 78/356 79/347 80/346
f 78/356 80/346 81/371
f 82/3005 83/3168 84/2969
f 82/3005 84/2969 85/2973
f 82/3005 85/2973 86/2974
f 82/3005 86/2974 87/2980
f 78/356 88/372 89/350
f 78/356 89/350 79/347
f 90/373 91/351 89/350
f 90/373 89/350 88/372
f 92/2979 87/2980 86/2974
f 92/2979 86/2974 93/2977
f 92/2979 93/2977 94/2978
f 92/2979 94/2978 95/2981
f 90/373 96/374 97/349
f 90/373 97/349 91/351
f 98/2976 93/2977 86/2974
f 98/2976 86/2974 99/2975
f 98/2976 99/2975 56/3007
f 98/3254 56/3255 58/3256
f 98/3254 58/3256 62/3257
f 98/3254 62/3257 100/3258
f 98/2976 100/3236 94/2978
f 98/2976 94/2978 93/2977
f 101/2972 85/2973 84/2969
f 101/2972 84/2969 102/2971
f 101/2972 102/2971 50/3006
f 101/2972 50/3006 49/3180
f 101/2972 49/3180 56/3007
f 101/2972 56/3007 99/2975
f 101/2972 99/2975 86/2974
f 101/2972 86/2974 85/2973
f 103/416 104/457 105/411
f 103/416 105/411 106/413
f 103/416 106/413 42/414
f 103/416 42/414 41/417
f 103/416 41/417 47/424
f 103/416 47/424 107/427
f 103/416 107/427 108/452
f 103/416 108/452 104/457
f 109/2999 110/3188 111/3191
f 109/2999 111/3191 112/3238
f 109/2999 112/3238 36/2993
f 109/2999 36/2993 35/2996
f 109/2999 35/2996 39/2997
f 109/2999 39/2997 113/3186
f 109/2999 113/3186 114/3187
f 109/2999 114/3187 110/3188
f 115/1349 116/1353 117/1340
f 115/1349 117/1340 118/1342
f 115/1349 118/1342 24/1267
f 115/1349 24/1267 23/1362
f 119/2967 33/3152 32/2968
f 119/2967 32/2968 120/2966
f 119/2967 120/2966 121/2965
f 119/1378 121/1379 122/1380
f 123/2961 124/2960 125/2959
f 123/2961 125/2959 126/2962
f 123/2961 126/2962 127/3128
f 123/2961 127/3128 128/3008
f 123/2961 128/3008 50/3006
f 123/2961 50/3006 102/2971
f 123/2961 102/2971 84/2969
f 123/2961 84/2969 124/2960
f 129/1372 130/1373 117/1340
f 129/1372 117/1340 116/1353
f 131/1381 122/1380 121/1379
f 131/1381 121/1379 132/1386
f 131/3125 132/3123 133/3124
f 131/3125 133/3124 134/3126
f 129/1372 135/1376 136/1374
f 129/1372 136/1374 130/1373
f 137/3281 138/3282 139/3283
f 137/3281 139/3283 140/3284
f 137/3048 140/3051 141/3049
f 137/3048 141/3049 142/3050
f 143/3022 71/3047 52/3011
f 143/3022 52/3011 144/3012
f 143/3022 144/3012 145/3013
f 143/3022 145/3013 146/3178
f 147/3009 128/3008 127/3128
f 147/3009 127/3128 148/3014
f 147/3009 148/3014 145/3013
f 147/3009 145/3013 144/3012
f 147/3009 144/3012 52/3011
f 147/3009 52/3011 51/3010
f 147/3009 51/3010 50/3006
f 147/3009 50/3006 128/3008
f 149/2984 150/2983 94/2978
f 149/2984 94/2978 100/3236
f 149/2984 100/3236 62/3003
f 149/2984 62/3003 151/2988
f 149/2984 151/2988 152/2987
f 149/2984 152/2987 153/2986
f 149/2984 153/2986 154/2985
f 149/2984 154/2985 150/2983
f 155/2989 151/2988 62/3003
f 155/2989 62/3003 61/3229
f 155/2989 61/3229 60/3157
f 155/2989 60/3157 156/3155
f 155/2989 156/3155 157/3002
f 155/2989 157/3002 158/2990
f 155/2989 158/2990 152/2987
f 155/2989 152/2987 151/2988
f 159/23 75/25 74/15
f 159/23 74/15 160/16
f 159/23 160/16 161/17
f 159/23 161/17 162/22
f 163/285 164/284 157/283
f 163/3156 157/3002 156/3155
f 163/3156 156/3155 60/3157
f 163/3156 60/3157 77/3158
f 165/358 166/348 97/349
f 165/358 97/349 96/374
f 167/2982 95/2981 94/2978
f 167/2982 94/2978 150/2983
f 167/601 150/602 154/588
f 167/601 154/588 168/589
f 165/358 169/387 5/334
f 165/358 5/334 166/348
f 170/328 171/329 172/330
f 170/328 172/330 173/332
f 170/328 173/332 97/349
f 170/328 97/349 166/348
f 170/328 166/348 5/334
f 170/328 5/334 174/333
f 170/328 174/333 175/331
f 170/328 175/331 171/329
f 176/9 177/8 178/7
f 176/9 178/7 179/10
f 176/9 179/10 180/11
f 176/9 180/11 181/12
f 176/9 181/12 161/17
f 176/9 161/17 160/16
f 176/9 160/16 74/15
f 176/9 74/15 177/8
f 182/353 183/355 184/377
f 182/353 184/377 185/376
f 182/353 185/376 186/367
f 182/353 186/367 187/357
f 182/353 187/357 80/346
f 182/353 80/346 188/345
f 182/353 188/345 189/342
f 182/353 189/342 183/355
f 190/1316 191/1341 192/1336
f 190/1316 192/1336 193/1344
f 190/1316 193/1344 194/1242
f 190/1316 194/1242 195/1266
f 190/1316 195/1266 24/1267
f 190/1316 24/1267 118/1342
f 190/1316 118/1342 117/1340
f 190/1316 117/1340 191/1341
f 196/481 197/482 114/483
f 196/481 114/483 113/500
f 196/481 113/500 39/501
f 196/481 39/501 198/502
f 199/410 200/415 42/414
f 199/410 42/414 106/413
f 199/410 106/413 105/411
f 199/410 105/411 201/412
f 202/336 203/337 204/338
f 202/336 204/338 205/339
f 202/336 205/339 89/350
f 202/336 89/350 91/351
f 202/336 91/351 97/349
f 202/336 97/349 173/332
f 202/336 173/332 172/330
f 202/336 172/330 203/337
f 206/340 207/341 189/342
f 206/340 189/342 188/345
f 206/340 188/345 80/346
f 206/340 80/346 79/347
f 206/340 79/347 89/350
f 206/340 89/350 205/339
f 206/340 205/339 204/338
f 206/340 204/338 207/341
f 208/5 209/4 210/3
f 208/5 210/3 211/6
f 208/5 211/6 178/7
f 208/5 178/7 177/8
f 208/5 177/8 74/15
f 208/5 74/15 73/14
f 208/5 73/14 67/13
f 208/5 67/13 209/4
f 212/1 213/38 214/42
f 212/1 214/42 215/2
f 212/1 215/2 210/3
f 212/1 210/3 209/4
f 212/1 209/4 67/13
f 212/1 67/13 216/28
f 212/1 216/28 217/35
f 212/1 217/35 213/38
f 218/511 198/502 39/501
f 218/511 39/501 38/513
f 218/511 38/513 18/525
f 218/511 18/525 17/526
f 219/293 15/167 14/166
f 219/293 14/166 43/292
f 219/510 43/509 42/414
f 219/510 42/414 200/415
f 220/1236 195/1266 194/1242
f 220/1236 194/1242 221/1240
f 220/1236 221/1240 222/1239
f 220/1236 222/1239 223/1237
f 220/1236 223/1237 26/1238
f 220/1236 26/1238 25/1241
f 220/1236 25/1241 24/1267
f 220/1236 24/1267 195/1266
f 224/46 225/39 226/40
f 224/46 226/40 227/81
f 224/46 227/81 45/196
f 224/46 45/196 44/195
f 224/46 44/195 14/166
f 224/46 14/166 13/45
f 224/46 13/45 12/32
f 224/46 12/32 225/39
f 228/365 229/385 230/361
f 228/365 230/361 231/363
f 228/365 231/363 3/383
f 228/802 3/789 232/796
f 228/802 232/796 233/826
f 228/802 233/826 234/828
f 228/802 234/828 235/830
f 228/365 235/398 229/385
f 236/835 237/806 7/803
f 236/835 7/803 238/834
f 239/590 240/586 241/585
f 239/590 241/585 242/591
f 239/590 242/591 243/592
f 239/590 243/592 244/593
f 236/1678 245/1673 246/1672
f 236/1678 246/1672 237/1680
f 247/2230 248/2225 249/2226
f 247/2230 249/2226 250/2241
f 247/2230 250/2241 136/2249
f 247/2230 136/2249 251/2248
f 247/2230 251/2248 252/2243
f 247/2230 252/2243 253/2231
f 247/2230 253/2231 254/2221
f 247/2230 254/2221 248/2225
f 255/2957 256/2958 125/2959
f 255/2957 125/2959 124/2960
f 255/2957 124/2960 84/2969
f 255/2957 84/2969 257/2970
f 255/2957 257/2970 258/3129
f 255/2957 258/3129 259/2956
f 255/2957 259/2956 260/2954
f 255/2957 260/2954 256/2958
f 261/3189 262/3233 111/3191
f 261/3189 111/3191 110/3188
f 261/3189 110/3188 114/3187
f 261/3189 114/3187 263/3190
f 261/3189 263/3190 264/3192
f 261/3189 264/3192 265/3193
f 261/3189 265/3193 266/3204
f 261/3189 266/3204 262/3233
f 267/2491 257/2492 84/2493
f 267/3347 84/3348 83/3349
f 268/399 81/371 80/346
f 268/399 80/346 269/400
f 268/2255 269/2236 270/2234
f 268/2255 270/2234 271/2256
f 267/2491 272/2495 258/2494
f 267/2491 258/2494 257/2492
f 273/2242 274/2229 186/2235
f 273/1355 186/1338 275/1339
f 273/1355 275/1339 117/1340
f 273/1355 117/1340 130/1373
f 273/1355 130/1373 136/1374
f 273/2242 136/2249 250/2241
f 273/2242 250/2241 249/2226
f 273/2242 249/2226 274/2229
f 276/833 6/804 5/798
f 276/833 5/798 169/836
f 277/584 168/589 154/588
f 277/584 154/588 278/587
f 277/584 278/587 241/585
f 277/584 241/585 240/586
f 276/833 238/834 7/803
f 276/833 7/803 6/804
f 279/484 263/485 114/483
f 279/484 114/483 197/482
f 280/402 281/407 233/406
f 280/402 233/406 282/403
f 280/402 282/403 283/404
f 280/402 283/404 284/405
f 279/484 285/486 264/487
f 279/484 264/487 263/485
f 286/2538 287/2539 288/2536
f 286/2538 288/2536 289/2537
f 290/2932 291/2933 292/2934
f 290/2932 292/2934 293/2935
f 290/2932 293/2935 294/2942
f 290/2932 294/2942 295/3245
f 286/2538 296/2531 297/2530
f 286/2538 297/2530 287/2539
f 298/2496 299/2497 258/2494
f 298/2496 258/2494 272/2495
f 300/2257 271/2256 270/2234
f 300/2440 270/2442 301/2441
f 300/2440 301/2441 302/2438
f 300/2440 302/2438 303/2439
f 298/2496 304/2499 305/2498
f 298/2496 305/2498 299/2497
f 306/2955 307/2953 260/2954
f 306/2955 260/2954 259/2956
f 306/2955 259/2956 258/3129
f 306/2955 258/3129 299/3130
f 306/2955 299/3130 305/3131
f 306/2955 305/3131 308/3133
f 306/2955 308/3133 309/2950
f 306/2955 309/2950 307/2953
f 310/1394 251/1395 136/1374
f 310/1394 136/1374 135/1376
f 311/3127 134/3126 133/3124
f 311/3247 133/3252 312/3250
f 311/3247 312/3250 313/3248
f 311/3247 313/3248 314/3249
f 310/1394 315/1406 252/1405
f 310/1394 252/1405 251/1395
f 316/2420 317/2421 318/2423
f 316/2420 318/2423 319/2424
f 320/2408 321/2415 322/2414
f 320/2408 322/2414 323/2409
f 320/2408 323/2409 324/2410
f 320/2408 324/2410 325/2411
f 316/2420 326/2419 327/2418
f 316/2420 327/2418 317/2421
f 328/2213 329/2220 254/2221
f 328/2213 254/2221 253/2231
f 328/2213 253/2231 252/2243
f 328/2213 252/2243 330/2214
f 328/2213 330/2214 331/2215
f 328/2213 331/2215 332/2216
f 328/2213 332/2216 318/2219
f 328/2213 318/2219 329/2220
f 333/3230 334/2949 309/2950
f 333/3230 309/2950 308/3133
f 333/3230 308/3133 305/3131
f 333/3230 305/3131 335/3232
f 333/2416 335/2413 324/2410
f 333/2416 324/2410 323/2409
f 333/3230 323/3231 322/2948
f 333/3230 322/2948 334/2949
f 336/2412 335/2413 305/2436
f 336/2412 305/2436 304/2437
f 337/2417 303/2439 302/2438
f 337/2417 302/2438 338/2422
f 337/2417 338/2422 327/2418
f 337/2417 327/2418 326/2419
f 336/2412 325/2411 324/2410
f 336/2412 324/2410 335/2413
f 339/1670 340/1671 246/1672
f 339/1670 246/1672 245/1673
f 341/594 244/593 243/592
f 341/594 243/592 342/595
f 341/594 342/595 343/599
f 341/594 343/599 344/600
f 339/1670 345/1675 346/1674
f 339/1670 346/1674 340/1671
f 347/488 348/489 264/487
f 347/488 264/487 285/486
f 349/408 284/405 283/404
f 349/408 283/404 350/409
f 349/408 350/409 351/418
f 349/408 351/418 352/419
f 347/488 353/491 354/490
f 347/488 354/490 348/489
f 355/3272 356/3273 266/3274
f 355/3194 266/3204 265/3193
f 355/3194 265/3193 264/3192
f 355/3194 264/3192 348/3195
f 355/3194 348/3195 354/3196
f 355/3194 354/3196 357/3197
f 355/3194 357/3197 358/3201
f 355/3272 358/3277 356/3273
f 359/778 360/781 9/782
f 359/778 9/782 8/783
f 359/778 8/783 7/803
f 359/778 7/803 237/806
f 359/778 237/806 246/805
f 359/778 246/805 361/779
f 359/778 361/779 362/780
f 359/778 362/780 360/781
f 363/808 364/809 365/790
f 363/808 365/790 366/795
f 363/808 366/795 346/800
f 363/808 346/800 367/813
f 363/808 367/813 368/812
f 363/808 368/812 369/811
f 363/808 369/811 370/810
f 363/808 370/810 364/809
f 371/3198 372/3228 358/3201
f 371/3198 358/3201 357/3197
f 371/3198 357/3197 354/3196
f 371/3198 354/3196 373/3199
f 371/3198 373/3199 374/3200
f 371/3198 374/3200 375/3202
f 371/3198 375/3202 376/3203
f 371/3198 376/3203 372/3228
f 377/787 378/788 362/780
f 377/787 362/780 361/779
f 377/787 361/779 246/805
f 377/787 246/805 340/807
f 377/787 340/807 346/800
f 377/787 346/800 366/795
f 377/787 366/795 365/790
f 377/787 365/790 378/788
f 379/492 373/493 354/490
f 379/492 354/490 353/491
f 380/420 352/419 351/418
f 380/420 351/418 381/421
f 380/420 381/421 382/422
f 380/420 382/422 383/423
f 379/492 384/495 374/494
f 379/492 374/494 373/493
f 385/725 386/726 370/724
f 385/725 370/724 387/723
f 388/718 389/717 390/716
f 388/718 390/716 391/719
f 388/718 391/719 392/720
f 388/718 392/720 393/721
f 385/725 394/733 395/732
f 385/725 395/732 386/726
f 396/496 397/497 374/494
f 396/496 374/494 384/495
f 398/425 383/423 382/422
f 398/425 382/422 399/426
f 398/425 399/426 395/453
f 398/425 395/453 394/454
f 396/496 393/499 392/498
f 396/496 392/498 397/497
f 400/818 401/819 402/816
f 400/818 402/816 403/817
f 400/1683 403/1682 404/1681
f 400/1498 404/1508 405/1495
f 400/1498 405/1495 406/1494
f 400/1498 406/1494 407/1497
f 400/818 407/832 408/831
f 400/818 408/831 401/819
f 409/3205 410/3206 376/3203
f 409/3205 376/3203 375/3202
f 409/3205 375/3202 374/3200
f 409/3205 374/3200 397/3227
f 409/517 397/497 392/498
f 409/517 392/498 391/518
f 409/3205 391/3208 390/3207
f 409/3205 390/3207 410/3206
f 411/1496 407/1497 406/1494
f 411/1496 406/1494 412/1493
f 413/1499 414/1500 415/1501
f 413/1499 415/1501 416/1503
f 413/1499 416/1503 417/1518
f 413/1499 417/1518 418/1519
f 411/837 419/838 408/831
f 411/837 408/831 407/832
f 420/712 421/713 422/710
f 420/712 422/710 423/711
f 424/736 425/735 402/734
f 424/736 402/734 401/737
f 424/736 401/737 408/738
f 424/736 408/738 419/739
f 420/712 418/741 417/740
f 420/712 417/740 421/713
f 426/1505 427/1504 428/1506
f 426/1505 428/1506 429/1517
f 426/3219 429/3218 422/3217
f 426/3219 422/3217 421/3220
f 426/3219 421/3220 417/3221
f 426/3219 417/3221 416/3222
f 426/1505 416/1503 415/1501
f 426/1505 415/1501 427/1504
f 430/1492 405/1495 404/1508
f 430/1492 404/1508 431/1509
f 432/1502 433/1507 428/1506
f 432/1502 428/1506 427/1504
f 432/1502 427/1504 415/1501
f 432/1502 415/1501 414/1500
f 430/1492 412/1493 406/1494
f 430/1492 406/1494 405/1495
f 434/2528 435/2529 297/2530
f 434/2528 297/2530 296/2531
f 436/3246 295/3245 294/2942
f 436/2525 294/2526 437/2527
f 436/1092 437/1093 438/1086
f 436/1092 438/1086 439/1087
f 434/1094 440/1090 441/1089
f 434/1094 441/1089 435/1095
f 442/2937 293/2935 292/2934
f 442/2937 292/2934 443/2938
f 442/2937 443/2938 444/2941
f 442/2937 444/2941 445/3173
f 442/2937 445/3173 438/3174
f 442/2937 438/3174 437/3244
f 442/2937 437/3244 294/2942
f 442/2937 294/2942 293/2935
f 446/1077 445/1078 444/1076
f 446/1077 444/1076 447/1075
f 448/2433 449/2432 450/2431
f 448/2433 450/2431 451/2434
f 448/1088 451/1091 441/1089
f 448/1088 441/1089 440/1090
f 446/1077 439/1087 438/1086
f 446/1077 438/1086 445/1078
f 452/2246 451/2247 450/2244
f 452/2246 450/2244 453/2245
f 452/2246 453/2245 288/2250
f 452/2246 288/2250 287/2251
f 452/2246 287/2251 297/2253
f 452/2246 297/2253 435/2254
f 452/1096 435/1095 441/1089
f 452/1096 441/1089 451/1091
f 454/2137 455/2056 456/2055
f 454/2137 456/2055 457/2140
f 454/2137 457/2140 458/2164
f 454/270 458/239 459/241
f 454/270 459/241 460/235
f 454/270 460/235 461/267
f 454/270 461/267 462/269
f 454/2137 462/1983 463/2010
f 454/2137 463/2010 464/1980
f 454/2137 464/1980 455/2056
f 465/2103 466/2117 467/2101
f 465/2103 467/2101 468/2065
f 465/2103 468/2065 469/2008
f 465/2103 469/2008 470/2105
f 465/2103 470/2105 471/2127
f 465/2103 471/2127 472/2129
f 465/2103 472/2129 473/2130
f 465/2103 473/2130 466/2117
f 474/1940 475/1941 476/1931
f 474/1940 476/1931 477/1930
f 474/1940 477/1930 478/1927
f 474/1940 478/1927 479/1950
f 474/1940 479/1950 480/1955
f 474/1940 480/1955 481/1953
f 474/1940 481/1953 482/1949
f 474/1940 482/1949 475/1941
f 483/1167 484/1169 485/1390
f 483/1167 485/1390 486/1389
f 483/1167 486/1389 487/1388
f 483/1167 487/1388 488/1161
f 483/1167 488/1161 489/1147
f 483/1167 489/1147 490/1164
f 483/1167 490/1164 491/1165
f 483/1167 491/1165 484/1169
f 492/3031 493/3169 139/3045
f 492/3031 139/3045 494/3030
f 492/3031 494/3030 495/3029
f 492/3031 495/3029 496/3032
f 492/3031 496/3032 497/3037
f 492/3031 497/3037 498/3121
f 492/3287 498/3290 499/3288
f 492/3287 499/3288 493/3289
f 500/37 501/36 65/31
f 500/37 65/31 502/44
f 503/47 504/53 505/52
f 503/47 505/52 506/51
f 503/47 506/51 507/48
f 503/47 507/48 508/49
f 500/37 509/41 217/35
f 500/37 217/35 501/36
f 510/3108 511/3119 141/3049
f 510/3108 141/3049 512/3057
f 510/3108 512/3057 513/3058
f 510/3108 513/3058 514/3109
f 515/3110 516/3111 517/3112
f 515/3110 517/3112 518/3113
f 515/3110 518/3113 505/3115
f 515/3110 505/3115 504/3120
f 519/2946 520/2945 313/3239
f 519/2946 313/3239 521/2951
f 519/2946 521/2951 309/2950
f 519/2946 309/2950 334/2949
f 519/2946 334/2949 322/2948
f 519/2946 322/2948 522/2947
f 519/2946 522/2947 523/2944
f 519/2946 523/2944 520/2945
f 524/2222 338/2240 302/2232
f 524/2222 302/2232 525/2223
f 524/2222 525/2223 254/2221
f 524/2222 254/2221 329/2220
f 524/2222 329/2220 318/2219
f 524/2222 318/2219 317/2239
f 524/2435 317/2421 327/2418
f 524/2435 327/2418 338/2422
f 526/2425 332/2426 331/2427
f 526/2425 331/2427 527/2428
f 528/1082 529/1081 523/1080
f 528/1082 523/1080 522/1083
f 528/1082 522/1083 322/1084
f 528/1082 322/1084 321/1085
f 526/2425 319/2424 318/2423
f 526/2425 318/2423 332/2426
f 530/3251 312/3250 133/3252
f 530/3251 133/3252 531/3253
f 530/2952 531/3151 260/2954
f 530/2952 260/2954 307/2953
f 530/2952 307/2953 309/2950
f 530/2952 309/2950 521/2951
f 530/2952 521/2951 313/3239
f 530/3251 313/3248 312/3250
f 532/2228 269/2236 80/2238
f 532/2228 80/2238 187/2237
f 532/2228 187/2237 186/2235
f 532/2228 186/2235 274/2229
f 532/2228 274/2229 249/2226
f 532/2228 249/2226 533/2227
f 532/2228 533/2227 270/2234
f 532/2228 270/2234 269/2236
f 534/3122 132/3123 121/2965
f 534/3122 121/2965 535/2964
f 534/3122 535/2964 125/2959
f 534/3122 125/2959 256/2958
f 534/3122 256/2958 260/2954
f 534/3122 260/2954 531/3151
f 534/3122 531/3151 133/3124
f 534/3122 133/3124 132/3123
f 536/2224 301/2233 270/2234
f 536/2224 270/2234 533/2227
f 536/2224 533/2227 249/2226
f 536/2224 249/2226 248/2225
f 536/2224 248/2225 254/2221
f 536/2224 254/2221 525/2223
f 536/2224 525/2223 302/2232
f 536/2224 302/2232 301/2233
f 537/1333 538/1335 192/1336
f 537/1333 192/1336 191/1341
f 537/1333 191/1341 117/1340
f 537/1333 117/1340 275/1339
f 537/1333 275/1339 186/1338
f 537/1333 186/1338 185/1337
f 537/1333 185/1337 184/1334
f 537/1333 184/1334 538/1335
f 539/3331 540/3332 32/3333
f 539/3331 32/3333 31/3334
f 539/3015 31/3018 30/3017
f 539/3015 30/3017 541/3016
f 539/3015 541/3016 145/3013
f 539/3015 145/3013 148/3014
f 539/3015 148/3014 127/3128
f 539/3015 127/3128 540/3166
f 542/3027 543/3028 495/3029
f 542/3027 495/3029 494/3030
f 542/3027 494/3030 139/3045
f 542/3027 139/3045 138/3179
f 544/3026 146/3178 145/3013
f 544/3026 145/3013 541/3016
f 544/3026 541/3016 30/3017
f 544/3026 30/3017 29/3020
f 545/2963 535/2964 121/2965
f 545/2963 121/2965 120/2966
f 545/2963 120/2966 32/2968
f 545/2963 32/2968 540/3166
f 545/2963 540/3166 127/3128
f 545/2963 127/3128 126/2962
f 545/2963 126/2962 125/2959
f 545/2963 125/2959 535/2964
f 546/3209 547/3213 343/3212
f 546/3209 343/3212 548/3210
f 546/3209 548/3210 376/3203
f 546/3209 376/3203 410/3206
f 546/3209 410/3206 390/3207
f 546/3209 390/3207 549/3237
f 546/3209 549/3237 550/3214
f 546/3209 550/3214 547/3213
f 551/722 369/727 368/728
f 551/722 368/728 552/729
f 553/714 554/708 550/707
f 553/714 550/707 549/715
f 553/714 549/715 390/716
f 553/714 390/716 389/717
f 551/722 387/723 370/724
f 551/722 370/724 369/727
f 555/794 381/824 351/825
f 555/794 351/825 556/793
f 555/794 556/793 362/780
f 555/794 362/780 378/788
f 555/794 378/788 365/790
f 555/794 365/790 557/799
f 555/794 557/799 382/822
f 555/794 382/822 381/824
f 558/3211 342/3223 243/3224
f 558/3211 243/3224 559/3225
f 558/3279 559/3278 358/3277
f 558/3279 358/3277 372/3280
f 558/3211 372/3228 376/3203
f 558/3211 376/3203 548/3210
f 558/3211 548/3210 343/3212
f 558/3211 343/3212 342/3223
f 560/801 399/829 382/822
f 560/801 382/822 557/799
f 560/801 557/799 365/790
f 560/801 365/790 364/809
f 560/801 364/809 370/810
f 560/801 370/810 386/820
f 560/519 386/520 395/453
f 560/519 395/453 399/426
f 561/792 350/827 283/821
f 561/792 283/821 562/791
f 561/792 562/791 9/782
f 561/792 9/782 360/781
f 561/792 360/781 362/780
f 561/792 362/780 556/793
f 561/792 556/793 351/825
f 561/792 351/825 350/827
f 563/598 242/591 241/585
f 563/598 241/585 564/597
f 563/3275 564/3276 266/3274
f 563/3275 266/3274 356/3273
f 563/3275 356/3273 358/3277
f 563/3275 358/3277 559/3278
f 563/3226 559/3225 243/3224
f 563/598 243/592 242/591
f 565/596 278/587 154/588
f 565/3337 154/3338 566/3339
f 565/3234 566/3242 111/3191
f 565/3234 111/3191 262/3233
f 565/3234 262/3233 266/3204
f 565/3234 266/3204 564/3235
f 565/596 564/597 241/585
f 565/596 241/585 278/587
f 567/335 568/343 175/331
f 567/335 175/331 174/333
f 567/335 174/333 5/334
f 567/335 5/334 4/382
f 567/335 4/382 3/383
f 567/335 3/383 231/363
f 567/335 231/363 230/361
f 567/335 230/361 568/343
f 569/18 181/12 180/11
f 569/18 180/11 570/20
f 569/18 570/20 226/40
f 569/18 226/40 225/39
f 569/18 225/39 12/32
f 569/18 12/32 571/19
f 569/18 571/19 161/17
f 569/18 161/17 181/12
f 572/3004 566/3242 154/2985
f 572/3004 154/2985 153/2986
f 572/3004 153/2986 152/2987
f 572/3004 152/2987 573/2992
f 572/3004 573/2992 36/2993
f 572/3004 36/2993 112/3238
f 572/3268 112/3269 111/3270
f 572/3268 111/3270 566/3271
f 574/2991 573/2992 152/2987
f 574/2991 152/2987 158/2990
f 574/2991 158/2990 157/3002
f 574/2991 157/3002 575/3165
f 574/2991 575/3165 20/3000
f 574/2991 20/3000 37/2994
f 574/2991 37/2994 36/2993
f 574/2991 36/2993 573/2992
f 576/21 162/22 161/17
f 576/21 161/17 571/19
f 576/21 571/19 12/32
f 576/21 12/32 11/33
f 577/281 21/280 20/279
f 577/281 20/279 575/282
f 577/281 575/282 157/283
f 577/281 157/283 164/284
f 578/786 282/823 233/826
f 578/786 233/826 232/796
f 578/786 232/796 3/789
f 578/786 3/789 2/785
f 578/786 2/785 9/782
f 578/786 9/782 562/791
f 578/786 562/791 283/821
f 578/786 283/821 282/823
f 579/2039 580/2015 581/2058
f 579/2039 581/2058 582/2109
f 579/2039 582/2109 583/2126
f 579/2039 583/2126 584/2120
f 579/2039 584/2120 585/2046
f 579/2039 585/2046 586/2018
f 579/2039 586/2018 587/2013
f 579/2039 587/2013 580/2015
f 588/1209 589/1208 590/1203
f 588/1209 590/1203 591/1210
f 588/1209 591/1210 592/1211
f 588/1209 592/1211 593/1212
f 588/1209 593/1212 594/1217
f 588/1209 594/1217 595/1225
f 588/1209 595/1225 596/1227
f 588/1209 596/1227 589/1208
f 597/2017 598/2016 587/2013
f 597/2017 587/2013 586/2018
f 597/2017 586/2018 585/2046
f 597/2017 585/2046 599/2043
f 597/2017 599/2043 600/2031
f 597/2017 600/2031 601/2020
f 597/2017 601/2020 602/2019
f 597/2017 602/2019 598/2016
f 603/2111 604/2064 605/1960
f 603/2111 605/1960 606/1984
f 603/2111 606/1984 607/1959
f 603/2111 607/1959 608/2114
f 603/3142 608/3141 609/3136
f 603/3142 609/3136 610/3143
f 603/3142 610/3143 611/3144
f 603/2111 611/2070 604/2064
f 612/3039 613/3040 614/3038
f 612/3039 614/3038 615/3036
f 612/1207 615/1364 616/1201
f 612/1207 616/1201 617/1202
f 612/1207 617/1202 590/1203
f 612/1207 590/1203 589/1208
f 612/1207 589/1208 596/1227
f 612/1207 596/1227 613/1229
f 618/2040 619/2042 620/1976
f 618/2040 620/1976 621/1972
f 618/2040 621/1972 622/1968
f 618/2040 622/1968 623/2041
f 618/2040 623/2041 624/2023
f 618/2040 624/2023 625/2026
f 618/2040 625/2026 626/2034
f 618/2040 626/2034 619/2042
f 627/56 628/79 629/80
f 627/56 629/80 630/57
f 627/56 630/57 507/48
f 627/56 507/48 631/55
f 627/56 631/55 632/58
f 627/56 632/58 633/59
f 627/56 633/59 634/78
f 627/56 634/78 628/79
f 635/231 636/272 637/271
f 635/231 637/271 638/245
f 635/231 638/245 460/235
f 635/231 460/235 639/229
f 635/231 639/229 640/175
f 635/231 640/175 641/212
f 635/231 641/212 642/213
f 635/231 642/213 636/272
f 643/77 644/68 645/65
f 643/77 645/65 646/75
f 647/168 648/176 640/175
f 647/168 640/175 649/174
f 647/168 649/174 650/169
f 647/168 650/169 651/170
f 643/77 652/85 653/72
f 643/77 653/72 644/68
f 654/3171 655/3170 656/3098
f 654/3301 656/3299 657/3298
f 654/3301 657/3298 658/3295
f 654/3301 658/3295 659/3303
f 654/3301 659/3303 660/3304
f 654/3301 660/3304 661/3305
f 654/3171 661/3181 662/3172
f 654/3171 662/3172 655/3170
f 663/3087 664/3185 665/3088
f 663/3087 665/3088 666/3089
f 663/3087 666/3089 667/3090
f 663/3087 667/3090 668/3184
f 663/2314 668/2325 669/2316
f 663/2314 669/2316 670/2315
f 663/2314 670/2315 671/2309
f 663/2314 671/2309 664/2312
f 672/2094 673/2158 674/2095
f 672/2094 674/2095 675/2091
f 672/2094 675/2091 676/2080
f 672/2094 676/2080 677/2079
f 672/2094 677/2079 678/2078
f 672/2094 678/2078 679/2107
f 672/2094 679/2107 680/2106
f 672/2094 680/2106 673/2158
f 681/3105 682/3104 683/3096
f 681/3105 683/3096 684/3145
f 681/3105 684/3145 611/3144
f 681/3105 611/3144 610/3143
f 681/3105 610/3143 609/3136
f 681/3105 609/3136 685/3134
f 681/3105 685/3134 686/3106
f 681/3105 686/3106 682/3104
f 687/220 688/221 650/169
f 687/220 650/169 649/174
f 687/220 649/174 640/175
f 687/220 640/175 639/229
f 687/220 639/229 460/235
f 687/220 460/235 459/241
f 687/220 459/241 458/239
f 687/220 458/239 688/221
f 689/3091 690/3082 691/3084
f 689/3091 691/3084 692/3101
f 689/3319 692/3322 693/3320
f 689/3319 693/3320 694/3321
f 689/3091 694/3241 695/3073
f 689/3091 695/3073 696/3076
f 689/3091 696/3076 697/3077
f 689/3091 697/3077 690/3082
f 698/177 699/214 642/213
f 698/177 642/213 641/212
f 698/177 641/212 640/175
f 698/177 640/175 648/176
f 700/70 646/75 645/65
f 700/70 645/65 701/69
f 700/70 701/69 702/71
f 700/70 702/71 703/84
f 704/1119 705/1122 706/1125
f 704/1119 706/1125 707/1126
f 704/1119 707/1126 708/1127
f 704/1119 708/1127 709/1124
f 704/1119 709/1124 710/1123
f 704/1119 710/1123 711/1120
f 704/1119 711/1120 712/1121
f 704/1119 712/1121 705/1122
f 713/3033 496/3032 495/3029
f 713/3033 495/3029 714/3034
f 713/3033 714/3034 616/3035
f 713/3033 616/3035 615/3036
f 713/3033 615/3036 614/3038
f 713/3033 614/3038 715/3046
f 713/3033 715/3046 497/3037
f 713/3033 497/3037 496/3032
f 716/3149 717/3176 718/3147
f 716/3149 718/3147 719/3146
f 716/3149 719/3146 656/3098
f 716/3149 656/3098 655/3170
f 716/3149 655/3170 662/3172
f 716/3149 662/3172 720/3183
f 716/2149 720/2150 678/2078
f 716/2149 678/2078 717/2077
f 721/1971 722/1977 723/1979
f 721/1971 723/1979 724/1973
f 721/1971 724/1973 725/1970
f 721/1971 725/1970 726/1969
f 721/1971 726/1969 622/1968
f 721/1971 622/1968 621/1972
f 721/1971 621/1972 620/1976
f 721/1971 620/1976 722/1977
f 727/2014 728/2112 680/2106
f 727/2014 680/2106 729/2059
f 727/2014 729/2059 581/2058
f 727/2014 581/2058 580/2015
f 727/2014 580/2015 587/2013
f 727/2014 587/2013 730/2012
f 727/2014 730/2012 731/1937
f 727/2014 731/1937 728/2112
f 732/3071 733/3070 499/3067
f 732/3071 499/3067 498/3121
f 732/3291 498/3292 497/3293
f 732/3291 497/3293 734/3294
f 732/3291 734/3294 658/3295
f 732/3291 658/3295 735/3296
f 732/3071 735/3093 736/3072
f 732/3071 736/3072 733/3070
f 737/2100 679/2107 678/2078
f 737/2100 678/2078 738/2134
f 737/2100 738/2134 739/2142
f 737/2100 739/2142 740/2118
f 737/2100 740/2118 581/2058
f 737/2100 581/2058 729/2059
f 737/2100 729/2059 680/2106
f 737/2100 680/2106 679/2107
f 741/2072 742/2071 611/2070
f 741/2072 611/2070 743/2073
f 741/2072 743/2073 718/2074
f 741/2072 718/2074 744/2075
f 741/2072 744/2075 745/2083
f 741/2072 745/2083 746/2086
f 741/2072 746/2086 747/2087
f 741/2072 747/2087 742/2071
f 748/2321 749/2331 750/2332
f 748/3062 750/3063 751/3064
f 748/3062 751/3064 752/3066
f 748/3062 752/3066 753/3243
f 748/2321 753/2320 754/2313
f 748/2321 754/2313 755/2318
f 748/2321 755/2318 756/2319
f 748/2321 756/2319 749/2331
f 757/1933 758/1954 605/1960
f 757/1933 605/1960 759/2007
f 757/1933 759/2007 760/2068
f 757/1933 760/2068 761/2067
f 757/1933 761/2067 762/1939
f 757/1933 762/1939 763/1932
f 757/1933 763/1932 476/1931
f 757/1933 476/1931 758/1954
f 764/3081 690/3082 697/3077
f 764/3081 697/3077 765/3080
f 764/287 765/295 637/271
f 764/287 637/271 636/272
f 764/287 636/272 642/213
f 764/3081 642/3086 766/3085
f 764/3081 766/3085 691/3084
f 764/3081 691/3084 690/3082
f 767/1945 758/1954 476/1931
f 767/1945 476/1931 768/1944
f 767/1945 768/1944 769/1946
f 767/1945 769/1946 770/1958
f 767/1945 770/1958 607/1959
f 767/1945 607/1959 606/1984
f 767/1945 606/1984 605/1960
f 767/1945 605/1960 758/1954
f 771/1304 772/1306 773/1345
f 771/2145 773/2122 774/2125
f 771/2145 774/2125 585/2046
f 771/2145 585/2046 775/2144
f 771/1304 775/1265 776/1226
f 771/1304 776/1226 777/1307
f 771/1304 777/1307 778/1305
f 771/1304 778/1305 772/1306
f 779/2135 740/2118 739/2142
f 779/1222 739/1232 780/1223
f 779/1222 780/1223 594/1217
f 779/1222 594/1217 781/1218
f 779/1222 781/1218 583/1219
f 779/2135 583/2126 582/2109
f 779/2135 582/2109 581/2058
f 779/2135 581/2058 740/2118
f 782/3114 783/3116 784/3117
f 782/274 784/297 785/233
f 782/274 785/233 786/96
f 782/274 786/96 787/76
f 782/274 787/76 505/52
f 782/3114 505/3115 518/3113
f 782/3114 518/3113 517/3112
f 782/3114 517/3112 783/3116
f 788/3056 789/3059 513/3058
f 788/3056 513/3058 512/3057
f 788/3056 512/3057 141/3049
f 788/3056 141/3049 140/3051
f 788/3285 140/3284 139/3283
f 788/3285 139/3283 493/3286
f 788/3056 493/3169 499/3067
f 788/3056 499/3067 789/3059
f 790/215 668/303 667/216
f 790/215 667/216 791/217
f 792/110 703/84 702/71
f 792/110 702/71 793/88
f 792/110 793/88 794/89
f 792/110 794/89 795/112
f 790/2327 796/2326 669/2316
f 790/2519 669/2520 668/2521
f 797/66 701/69 645/65
f 797/66 645/65 798/64
f 797/66 798/64 632/58
f 797/66 632/58 799/61
f 797/66 799/61 800/62
f 797/66 800/62 801/67
f 797/66 801/67 702/71
f 797/66 702/71 701/69
f 802/54 631/55 507/48
f 802/54 507/48 506/51
f 802/54 506/51 505/52
f 802/54 505/52 803/63
f 802/54 803/63 800/62
f 802/54 800/62 799/61
f 802/54 799/61 632/58
f 802/54 632/58 631/55
f 804/1924 805/1928 478/1927
f 804/1924 478/1927 806/1925
f 804/1924 806/1925 807/1926
f 804/1924 807/1926 808/1936
f 804/1924 808/1936 809/1974
f 804/1924 809/1974 810/1985
f 804/1924 810/1985 731/1937
f 804/1924 731/1937 805/1928
f 811/2148 812/2139 813/2153
f 811/2148 813/2153 814/2154
f 811/2148 814/2154 815/2165
f 811/2148 815/2165 816/2156
f 811/2148 816/2156 471/2127
f 811/2148 471/2127 817/2128
f 811/2148 817/2128 818/2131
f 811/2148 818/2131 812/2139
f 819/2119 820/2006 821/2005
f 819/2119 821/2005 822/2009
f 819/2119 822/2009 467/2101
f 819/2119 467/2101 823/2141
f 819/2119 823/2141 824/2160
f 819/2119 824/2160 825/2146
f 819/2119 825/2146 826/2124
f 819/2119 826/2124 820/2006
f 827/2136 828/2132 829/2138
f 827/2136 829/2138 830/2151
f 827/2136 830/2151 813/2153
f 827/2136 813/2153 812/2139
f 827/2136 812/2139 818/2131
f 827/2136 818/2131 831/2108
f 827/2136 831/2108 832/2102
f 827/2136 832/2102 828/2132
f 833/2063 759/2007 605/1960
f 833/2063 605/1960 604/2064
f 833/2063 604/2064 611/2070
f 833/2063 611/2070 742/2071
f 833/2063 742/2071 747/2087
f 833/2063 747/2087 834/2093
f 833/2063 834/2093 760/2068
f 833/2063 760/2068 759/2007
f 835/1986 728/2112 731/1937
f 835/1986 731/1937 810/1985
f 835/1986 810/1985 809/1974
f 835/1986 809/1974 836/2099
f 835/1986 836/2099 674/2095
f 835/1986 674/2095 673/2158
f 835/1986 673/2158 680/2106
f 835/1986 680/2106 728/2112
f 837/2076 717/2077 678/2078
f 837/2076 678/2078 677/2079
f 837/2076 677/2079 676/2080
f 837/2076 676/2080 838/2081
f 837/2076 838/2081 745/2083
f 837/2076 745/2083 744/2075
f 837/2076 744/2075 718/2074
f 837/2076 718/2074 717/2077
f 839/1929 477/1930 476/1931
f 839/1929 476/1931 763/1932
f 839/1929 763/1932 762/1939
f 839/1929 762/1939 840/1934
f 839/1929 840/1934 807/1926
f 839/1929 807/1926 806/1925
f 839/1929 806/1925 478/1927
f 839/1929 478/1927 477/1930
f 841/2322 842/2304 669/2316
f 841/2322 669/2316 796/2326
f 843/113 795/112 794/89
f 843/113 794/89 844/92
f 843/113 844/92 845/226
f 843/113 845/226 846/227
f 841/2322 847/2323 848/2259
f 841/2322 848/2259 842/2304
f 849/60 850/73 634/78
f 849/60 634/78 633/59
f 849/60 633/59 632/58
f 849/60 632/58 798/64
f 849/60 798/64 645/65
f 849/60 645/65 644/68
f 849/60 644/68 653/72
f 849/60 653/72 850/73
f 851/225 852/95 853/93
f 851/225 853/93 854/205
f 851/1620 854/1629 855/1627
f 851/1620 855/1627 856/1619
f 851/1620 856/1619 857/1593
f 851/1620 857/1593 858/1595
f 851/1620 858/1595 859/1596
f 851/1620 859/1596 852/1622
f 860/3340 861/3343 517/3341
f 860/3340 517/3341 516/3342
f 862/1654 863/1658 750/1657
f 862/1654 750/1657 749/1655
f 862/1654 749/1655 756/1652
f 862/1654 756/1652 864/1651
f 860/3340 865/3345 866/3344
f 860/3340 866/3344 861/3343
f 867/43 213/38 217/35
f 867/43 217/35 509/41
f 868/50 508/49 507/48
f 868/50 507/48 630/57
f 868/50 630/57 629/80
f 868/50 629/80 869/83
f 867/43 870/82 214/42
f 867/43 214/42 213/38
f 871/29 501/36 217/35
f 871/29 217/35 216/28
f 871/29 216/28 67/13
f 871/29 67/13 66/30
f 871/29 66/30 65/31
f 871/29 65/31 501/36
f 872/74 803/63 505/52
f 872/74 505/52 787/76
f 872/74 787/76 786/96
f 872/74 786/96 873/86
f 872/74 873/86 702/71
f 872/74 702/71 801/67
f 872/74 801/67 800/62
f 872/74 800/62 803/63
f 874/1618 856/1619 855/1627
f 874/1618 855/1627 875/1631
f 874/1618 875/1631 866/1632
f 874/1618 866/1632 876/1621
f 874/1618 876/1621 877/1600
f 874/1618 877/1600 878/1594
f 874/1618 878/1594 857/1593
f 874/1618 857/1593 856/1619
f 879/1645 880/1646 784/1647
f 879/3118 784/3117 783/3116
f 879/3118 783/3116 517/3112
f 879/3118 517/3112 861/3137
f 879/3346 861/3343 866/3344
f 879/1645 866/1632 875/1631
f 879/1645 875/1631 855/1627
f 879/1645 855/1627 880/1646
f 881/87 793/88 702/71
f 881/87 702/71 873/86
f 881/87 873/86 786/96
f 881/87 786/96 882/94
f 881/87 882/94 853/93
f 881/87 853/93 883/90
f 881/87 883/90 794/89
f 881/87 794/89 793/88
f 884/204 882/94 786/96
f 884/204 786/96 785/233
f 884/204 785/233 784/297
f 884/204 784/297 880/286
f 884/204 880/286 855/237
f 884/204 855/237 854/205
f 884/204 854/205 853/93
f 884/204 853/93 882/94
f 885/3323 753/3326 752/3324
f 885/3323 752/3324 886/3325
f 885/3102 886/3103 665/3088
f 885/3102 665/3088 664/3185
f 885/2311 664/2312 671/2309
f 885/2311 671/2309 887/2310
f 885/2311 887/2310 754/2313
f 885/2311 754/2313 753/2320
f 888/1597 889/1608 845/1612
f 888/1597 845/1612 890/1599
f 888/1597 890/1599 859/1596
f 888/1597 859/1596 891/1592
f 888/1597 891/1592 892/1589
f 888/1597 892/1589 893/1598
f 888/1597 893/1598 894/1607
f 888/1597 894/1607 889/1608
f 895/1590 896/1586 857/1593
f 895/1590 857/1593 878/1594
f 895/1590 878/1594 877/1600
f 895/1590 877/1600 897/1601
f 895/1590 897/1601 898/1602
f 895/1590 898/1602 899/1591
f 895/1590 899/1591 900/1587
f 895/1590 900/1587 896/1586
f 901/1624 897/1601 877/1600
f 901/1624 877/1600 902/1625
f 903/2308 904/2317 905/2270
f 903/2308 905/2270 906/2271
f 903/2308 906/2271 907/2277
f 903/2308 907/2277 908/2307
f 901/1624 909/1628 898/1602
f 901/1624 898/1602 897/1601
f 910/91 844/92 794/89
f 910/91 794/89 883/90
f 910/91 883/90 853/93
f 910/91 853/93 852/95
f 910/1623 852/1622 859/1596
f 910/1623 859/1596 890/1599
f 910/1623 890/1599 845/1612
f 910/91 845/226 844/92
f 911/2303 912/2302 671/2309
f 911/2303 671/2309 670/2315
f 911/2303 670/2315 669/2316
f 911/2303 669/2316 842/2304
f 911/2303 842/2304 848/2259
f 911/2303 848/2259 913/2261
f 911/2303 913/2261 914/2262
f 911/2303 914/2262 912/2302
f 915/2298 916/2299 756/2319
f 915/2298 756/2319 755/2318
f 915/2298 755/2318 754/2313
f 915/2298 754/2313 917/2300
f 915/2298 917/2300 918/2266
f 915/2298 918/2266 919/2269
f 915/2298 919/2269 905/2270
f 915/2298 905/2270 916/2299
f 920/1626 876/1621 866/1632
f 920/1626 866/1632 865/1644
f 921/1650 864/1651 756/1652
f 921/1650 756/1652 916/1653
f 921/1650 916/1653 905/1656
f 921/1650 905/1656 904/1659
f 920/1626 902/1625 877/1600
f 920/1626 877/1600 876/1621
f 922/2301 917/2300 754/2313
f 922/2301 754/2313 887/2310
f 922/2301 887/2310 671/2309
f 922/2301 671/2309 912/2302
f 922/2301 912/2302 914/2262
f 922/2301 914/2262 923/2265
f 922/2301 923/2265 918/2266
f 922/2301 918/2266 917/2300
f 924/1603 925/1605 900/1587
f 924/1603 900/1587 899/1591
f 924/1603 899/1591 898/1602
f 924/1603 898/1602 926/1604
f 924/1603 926/1604 927/1616
f 924/1603 927/1616 928/1614
f 924/1603 928/1614 929/1613
f 924/1603 929/1613 925/1605
f 930/1630 926/1604 898/1602
f 930/1630 898/1602 909/1628
f 931/2306 908/2307 907/2277
f 931/2306 907/2277 932/2280
f 931/2306 932/2280 933/2281
f 931/2306 933/2281 934/2305
f 930/1630 935/1638 927/1616
f 930/1630 927/1616 926/1604
f 936/2279 932/2280 907/2277
f 936/2279 907/2277 937/2278
f 936/2279 937/2278 938/2274
f 936/2279 938/2274 939/2282
f 936/2279 939/2282 940/2286
f 936/2279 940/2286 941/2285
f 936/2279 941/2285 933/2281
f 936/2279 933/2281 932/2280
f 942/1585 891/1592 859/1596
f 942/1585 859/1596 858/1595
f 942/1585 858/1595 857/1593
f 942/1585 857/1593 896/1586
f 942/1585 896/1586 900/1587
f 942/1585 900/1587 943/1588
f 942/1585 943/1588 892/1589
f 942/1585 892/1589 891/1592
f 944/2324 945/2260 848/2259
f 944/2324 848/2259 847/2323
f 946/1640 846/1641 845/1612
f 946/1640 845/1612 889/1608
f 946/1640 889/1608 894/1607
f 946/1640 894/1607 947/1643
f 944/2324 948/2329 949/2272
f 944/2324 949/2272 945/2260
f 950/2258 951/2263 914/2262
f 950/2258 914/2262 913/2261
f 950/2258 913/2261 848/2259
f 950/2258 848/2259 945/2260
f 950/2258 945/2260 949/2272
f 950/2258 949/2272 952/2273
f 950/2258 952/2273 953/2276
f 950/2258 953/2276 951/2263
f 954/2264 955/2267 918/2266
f 954/2264 918/2266 923/2265
f 954/2264 923/2265 914/2262
f 954/2264 914/2262 951/2263
f 954/2264 951/2263 953/2276
f 954/2264 953/2276 956/2275
f 954/2264 956/2275 938/2274
f 954/2264 938/2274 955/2267
f 957/2268 906/2271 905/2270
f 957/2268 905/2270 919/2269
f 957/2268 919/2269 918/2266
f 957/2268 918/2266 955/2267
f 957/2268 955/2267 938/2274
f 957/2268 938/2274 937/2278
f 957/2268 937/2278 907/2277
f 957/2268 907/2277 906/2271
f 958/2296 941/2285 940/2286
f 958/2296 940/2286 959/2293
f 960/1637 961/1636 929/1613
f 960/1637 929/1613 928/1614
f 960/1637 928/1614 927/1616
f 960/1637 927/1616 935/1638
f 958/2296 934/2305 933/2281
f 958/2296 933/2281 941/2285
f 962/1634 963/1635 964/1617
f 962/1634 964/1617 965/1615
f 962/1634 965/1615 929/1613
f 962/1634 929/1613 961/1636
f 966/2291 959/2293 940/2286
f 966/2291 940/2286 967/2289
f 966/2291 967/2289 968/2290
f 966/2291 968/2290 969/2292
f 970/2297 969/2292 968/2290
f 970/2297 968/2290 971/2295
f 970/2297 971/2295 972/2294
f 970/2297 972/2294 973/2328
f 974/1642 975/1649 976/1639
f 974/1642 976/1639 977/1633
f 974/1642 977/1633 964/1617
f 974/1642 964/1617 963/1635
f 978/1610 979/1611 894/1607
f 978/1610 894/1607 893/1598
f 978/1610 893/1598 892/1589
f 978/1610 892/1589 980/1609
f 978/1610 980/1609 964/1617
f 978/1610 964/1617 977/1633
f 978/1610 977/1633 976/1639
f 978/1610 976/1639 979/1611
f 981/1606 980/1609 892/1589
f 981/1606 892/1589 943/1588
f 981/1606 943/1588 900/1587
f 981/1606 900/1587 925/1605
f 981/1606 925/1605 929/1613
f 981/1606 929/1613 965/1615
f 981/1606 965/1615 964/1617
f 981/1606 964/1617 980/1609
f 982/2330 983/2288 949/2272
f 982/2330 949/2272 948/2329
f 984/1648 947/1643 894/1607
f 984/1648 894/1607 979/1611
f 984/1648 979/1611 976/1639
f 984/1648 976/1639 975/1649
f 982/2330 973/2328 972/2294
f 982/2330 972/2294 983/2288
f 985/2287 986/2284 953/2276
f 985/2287 953/2276 952/2273
f 985/2287 952/2273 949/2272
f 985/2287 949/2272 983/2288
f 985/2287 983/2288 972/2294
f 985/2287 972/2294 971/2295
f 985/2287 971/2295 968/2290
f 985/2287 968/2290 986/2284
f 987/2283 939/2282 938/2274
f 987/2283 938/2274 956/2275
f 987/2283 956/2275 953/2276
f 987/2283 953/2276 986/2284
f 987/2283 986/2284 968/2290
f 987/2283 968/2290 967/2289
f 987/2283 967/2289 940/2286
f 987/2283 940/2286 939/2282
f 988/2066 989/2097 829/2138
f 988/2066 829/2138 990/2121
f 988/2066 990/2121 991/1989
f 988/2066 991/1989 992/1988
f 988/2066 992/1988 762/1939
f 988/2066 762/1939 761/2067
f 988/2066 761/2067 760/2068
f 988/2066 760/2068 989/2097
f 993/2085 994/2084 815/2165
f 993/2085 815/2165 814/2154
f 993/2085 814/2154 813/2153
f 993/2085 813/2153 995/2088
f 993/2085 995/2088 747/2087
f 993/2085 747/2087 746/2086
f 993/2085 746/2086 745/2083
f 993/2085 745/2083 994/2084
f 996/2090 997/2096 824/2160
f 996/2090 824/2160 998/2161
f 996/2090 998/2161 999/2159
f 996/2090 999/2159 1000/2089
f 996/2090 1000/2089 676/2080
f 996/2090 676/2080 675/2091
f 996/2090 675/2091 674/2095
f 996/2090 674/2095 997/2096
f 1001/1938 1002/1942 1003/1991
f 1001/1938 1003/1991 1004/2060
f 1001/1938 1004/2060 826/2124
f 1001/1938 826/2124 1005/1982
f 1001/1938 1005/1982 809/1974
f 1001/1938 809/1974 808/1936
f 1001/1938 808/1936 807/1926
f 1001/1938 807/1926 1002/1942
f 1006/1935 992/1988 991/1989
f 1006/1935 991/1989 1007/1992
f 1006/1935 1007/1992 1003/1991
f 1006/1935 1003/1991 1002/1942
f 1006/1935 1002/1942 807/1926
f 1006/1935 807/1926 840/1934
f 1006/1935 840/1934 762/1939
f 1006/1935 762/1939 992/1988
f 1008/2092 995/2088 813/2153
f 1008/2092 813/2153 830/2151
f 1008/2092 830/2151 829/2138
f 1008/2092 829/2138 989/2097
f 1008/2092 989/2097 760/2068
f 1008/2092 760/2068 834/2093
f 1008/2092 834/2093 747/2087
f 1008/2092 747/2087 995/2088
f 1009/2082 1000/2089 999/2159
f 1009/2082 999/2159 1010/2163
f 1009/2082 1010/2163 815/2165
f 1009/2082 815/2165 994/2084
f 1009/2082 994/2084 745/2083
f 1009/2082 745/2083 838/2081
f 1009/2082 838/2081 676/2080
f 1009/2082 676/2080 1000/2089
f 1011/2098 1005/1982 826/2124
f 1011/2098 826/2124 825/2146
f 1011/2098 825/2146 824/2160
f 1011/2098 824/2160 997/2096
f 1011/2098 997/2096 674/2095
f 1011/2098 674/2095 836/2099
f 1011/2098 836/2099 809/1974
f 1011/2098 809/1974 1005/1982
f 1012/2003 822/2009 821/2005
f 1012/2003 821/2005 1013/2000
f 1012/2003 1013/2000 1014/1997
f 1012/2003 1014/1997 1015/2002
f 1012/2003 1015/2002 469/2008
f 1012/2003 469/2008 468/2065
f 1012/2003 468/2065 467/2101
f 1012/2003 467/2101 822/2009
f 1016/1993 1007/1992 991/1989
f 1016/1993 991/1989 1017/1994
f 1016/1993 1017/1994 1018/1995
f 1016/1993 1018/1995 1019/1996
f 1016/1993 1019/1996 1014/1997
f 1016/1993 1014/1997 1020/1998
f 1016/1993 1020/1998 1003/1991
f 1016/1993 1003/1991 1007/1992
f 1021/1224 1022/1231 596/1227
f 1021/1224 596/1227 595/1225
f 1021/1224 595/1225 594/1217
f 1021/1224 594/1217 780/1223
f 1021/1224 780/1223 739/1232
f 1021/1224 739/1232 1023/1233
f 1021/1224 1023/1233 660/1363
f 1021/1224 660/1363 1022/1231
f 1024/1178 1025/1129 1026/1235
f 1024/1178 1026/1235 1027/1234
f 1024/1178 1027/1234 1028/1228
f 1024/1178 1028/1228 1029/1193
f 1024/1178 1029/1193 1030/1179
f 1024/1178 1030/1179 1031/1176
f 1024/1178 1031/1176 710/1123
f 1024/1178 710/1123 1025/1129
f 1032/2143 775/2144 585/2046
f 1032/2143 585/2046 584/2120
f 1032/2143 584/2120 583/2126
f 1032/1220 583/1219 1033/1216
f 1032/1220 1033/1216 1034/1215
f 1032/1220 1034/1215 1035/1221
f 1032/1220 1035/1221 776/1226
f 1032/1220 776/1226 775/1265
f 1036/1194 1029/1193 1028/1228
f 1036/1194 1028/1228 1037/1360
f 1036/1194 1037/1360 1038/1200
f 1036/1194 1038/1200 1039/1199
f 1036/1194 1039/1199 1040/1187
f 1036/1194 1040/1187 1041/1181
f 1036/1194 1041/1181 1030/1179
f 1036/1194 1030/1179 1029/1193
f 1042/2482 1043/2489 1044/2490
f 1042/2482 1044/2490 1045/2478
f 1042/2482 1045/2478 1046/2477
f 1042/2482 1046/2477 1047/2483
f 1042/2482 1047/2483 1048/2484
f 1042/2482 1048/2484 1049/2485
f 1042/2482 1049/2485 1050/2488
f 1042/2482 1050/2488 1043/2489
f 1051/1188 1052/1189 1053/1185
f 1051/1188 1053/1185 1054/1184
f 1051/1188 1054/1184 1040/1187
f 1051/1188 1040/1187 1055/1192
f 1051/1188 1055/1192 495/1195
f 1051/1188 495/1195 1056/1191
f 1051/1188 1056/1191 1057/1190
f 1051/1188 1057/1190 1052/1189
f 1058/558 1059/559 776/560
f 1058/558 776/560 1035/561
f 1058/558 1035/561 1034/564
f 1058/558 1034/564 1060/565
f 1061/541 1062/542 1063/537
f 1061/541 1063/537 1064/538
f 1061/541 1064/538 1065/543
f 1061/541 1065/543 1066/544
f 1067/1361 1068/1358 1038/1200
f 1067/1361 1038/1200 1037/1360
f 1067/1361 1037/1360 1028/1228
f 1067/1361 1028/1228 1069/1398
f 1070/957 1071/956 1072/906
f 1070/957 1072/906 1073/911
f 1070/2480 1073/2481 1046/2477
f 1070/2480 1046/2477 1074/2479
f 1075/566 1060/565 1034/564
f 1075/566 1034/564 1076/567
f 1075/566 1076/567 592/568
f 1075/566 592/568 1077/569
f 1078/539 1079/540 1080/535
f 1078/539 1080/535 1081/536
f 1078/539 1081/536 1063/537
f 1078/539 1063/537 1062/542
f 1082/962 1083/961 1084/960
f 1082/962 1084/960 1085/963
f 1082/962 1085/963 487/964
f 1082/962 487/964 1086/965
f 1087/924 1088/927 1089/926
f 1087/924 1089/926 1090/925
f 1087/924 1090/925 1091/920
f 1087/924 1091/920 1092/923
f 1093/562 1094/576 778/575
f 1093/562 778/575 777/563
f 1093/562 777/563 776/560
f 1093/562 776/560 1059/559
f 1095/556 1066/544 1065/543
f 1095/556 1065/543 1096/553
f 1095/556 1096/553 1097/574
f 1095/556 1097/574 1098/577
f 1099/1213 1033/1216 583/1219
f 1099/1213 583/1219 781/1218
f 1099/1213 781/1218 594/1217
f 1099/1213 594/1217 593/1212
f 1099/1213 593/1212 592/1211
f 1099/1213 592/1211 1076/1214
f 1099/1213 1076/1214 1034/1215
f 1099/1213 1034/1215 1033/1216
f 1100/900 1101/902 1102/903
f 1100/900 1102/903 1103/918
f 1100/900 1103/918 1091/920
f 1100/900 1091/920 1104/916
f 1100/900 1104/916 1105/915
f 1100/900 1105/915 1106/914
f 1100/900 1106/914 1107/901
f 1100/900 1107/901 1101/902
f 1108/904 1109/907 1072/906
f 1108/904 1072/906 1110/905
f 1108/904 1110/905 1102/903
f 1108/904 1102/903 1101/902
f 1108/904 1101/902 1107/901
f 1108/904 1107/901 1111/909
f 1108/904 1111/909 1112/908
f 1108/904 1112/908 1109/907
f 1113/917 1104/916 1091/920
f 1113/917 1091/920 1090/925
f 1113/917 1090/925 1089/926
f 1113/917 1089/926 1114/937
f 1113/917 1114/937 1115/934
f 1113/917 1115/934 1116/932
f 1113/917 1116/932 1105/915
f 1113/917 1105/915 1104/916
f 1117/527 1118/529 1063/537
f 1117/527 1063/537 1081/536
f 1117/527 1081/536 1080/535
f 1117/527 1080/535 1119/532
f 1117/527 1119/532 1120/531
f 1117/527 1120/531 1121/530
f 1117/527 1121/530 1122/528
f 1117/527 1122/528 1118/529
f 1123/975 1086/965 487/964
f 1123/975 487/964 486/976
f 1123/2472 486/2475 485/2473
f 1123/2472 485/2473 1124/2474
f 1125/928 1126/936 1127/935
f 1125/928 1127/935 1128/933
f 1125/928 1128/933 1089/926
f 1125/928 1089/926 1088/927
f 1129/570 1077/569 592/568
f 1129/1253 592/1211 591/1210
f 1129/1253 591/1210 590/1203
f 1129/1253 590/1203 1130/1206
f 1131/549 1132/571 1044/546
f 1131/549 1044/546 1133/545
f 1131/549 1133/545 1080/535
f 1131/549 1080/535 1079/540
f 1134/959 1135/968 1026/967
f 1134/959 1026/967 1136/966
f 1134/959 1136/966 1084/960
f 1134/959 1084/960 1083/961
f 1137/919 1092/923 1091/920
f 1137/919 1091/920 1103/918
f 1137/919 1103/918 1102/903
f 1137/919 1102/903 1138/922
f 1139/1402 1069/1398 1028/1228
f 1139/1402 1028/1228 1027/1234
f 1139/1402 1027/1234 1026/1235
f 1139/974 1026/967 1135/968
f 1140/921 1138/922 1102/903
f 1140/921 1102/903 1110/905
f 1140/921 1110/905 1072/906
f 1140/921 1072/906 1071/956
f 1141/1205 1130/1206 590/1203
f 1141/1205 590/1203 1142/1204
f 1141/1205 1142/1204 1038/1200
f 1141/1205 1038/1200 1068/1358
f 1143/2476 1074/2479 1046/2477
f 1143/2476 1046/2477 1045/2478
f 1143/2476 1045/2478 1044/2490
f 1143/583 1044/546 1132/571
f 1144/958 1145/948 1112/908
f 1144/958 1112/908 1146/952
f 1144/670 1146/671 1147/654
f 1144/670 1147/654 1148/655
f 1144/670 1148/655 1050/668
f 1144/2486 1050/2488 1049/2485
f 1144/2486 1049/2485 1048/2484
f 1144/2486 1048/2484 1145/2487
f 1149/632 1150/637 1151/636
f 1149/632 1151/636 1152/635
f 1149/632 1152/635 1153/633
f 1149/632 1153/633 1154/634
f 1149/632 1154/634 1155/666
f 1149/582 1155/572 1156/554
f 1149/582 1156/554 1157/550
f 1149/582 1157/550 1150/581
f 1158/642 1159/645 1160/644
f 1158/642 1160/644 1161/643
f 1158/642 1161/643 1162/640
f 1158/642 1162/640 1163/641
f 1158/580 1163/579 1122/528
f 1158/580 1122/528 1121/530
f 1158/580 1121/530 1120/531
f 1158/642 1120/660 1159/645
f 1164/658 1165/665 1160/644
f 1164/658 1160/644 1166/651
f 1164/658 1166/651 1147/654
f 1164/658 1147/654 1146/671
f 1164/912 1146/952 1112/908
f 1164/912 1112/908 1111/909
f 1164/912 1111/909 1107/901
f 1164/912 1107/901 1165/913
f 1167/638 1163/641 1162/640
f 1167/638 1162/640 1168/639
f 1167/638 1168/639 1151/636
f 1167/638 1151/636 1150/637
f 1167/578 1150/581 1157/550
f 1167/578 1157/550 1169/547
f 1167/578 1169/547 1122/528
f 1167/578 1122/528 1163/579
f 1170/910 1047/954 1046/953
f 1170/910 1046/953 1073/911
f 1170/910 1073/911 1072/906
f 1170/910 1072/906 1109/907
f 1170/910 1109/907 1112/908
f 1170/910 1112/908 1145/948
f 1170/910 1145/948 1048/955
f 1170/910 1048/955 1047/954
f 1171/533 1119/532 1080/535
f 1171/533 1080/535 1133/545
f 1171/533 1133/545 1044/546
f 1171/533 1044/546 1043/555
f 1171/533 1043/555 1050/557
f 1171/533 1050/557 1172/551
f 1171/533 1172/551 1120/531
f 1171/533 1120/531 1119/532
f 1173/534 1174/548 1065/543
f 1173/534 1065/543 1064/538
f 1173/534 1064/538 1063/537
f 1173/534 1063/537 1118/529
f 1173/534 1118/529 1122/528
f 1173/534 1122/528 1169/547
f 1173/534 1169/547 1157/550
f 1173/534 1157/550 1174/548
f 1175/552 1176/573 1097/574
f 1175/552 1097/574 1096/553
f 1175/552 1096/553 1065/543
f 1175/552 1065/543 1174/548
f 1175/552 1174/548 1157/550
f 1175/552 1157/550 1156/554
f 1175/552 1156/554 1155/572
f 1175/552 1155/572 1176/573
f 1177/938 1114/937 1089/926
f 1177/938 1089/926 1128/933
f 1177/938 1128/933 1127/935
f 1177/938 1127/935 1178/945
f 1177/938 1178/945 1179/940
f 1177/938 1179/940 1180/939
f 1177/938 1180/939 1115/934
f 1177/938 1115/934 1114/937
f 1181/931 1182/930 1105/915
f 1181/931 1105/915 1116/932
f 1181/931 1116/932 1115/934
f 1181/931 1115/934 1183/949
f 1181/931 1183/949 1151/969
f 1181/931 1151/969 1168/971
f 1181/931 1168/971 1162/972
f 1181/931 1162/972 1182/930
f 1184/650 1159/645 1120/660
f 1184/650 1120/660 1172/661
f 1184/650 1172/661 1050/668
f 1184/650 1050/668 1148/655
f 1184/650 1148/655 1147/654
f 1184/650 1147/654 1166/651
f 1184/650 1166/651 1160/644
f 1184/650 1160/644 1159/645
f 1185/929 1165/913 1107/901
f 1185/929 1107/901 1106/914
f 1185/929 1106/914 1105/915
f 1185/929 1105/915 1182/930
f 1185/929 1182/930 1162/972
f 1185/673 1162/640 1161/643
f 1185/673 1161/643 1160/644
f 1185/673 1160/644 1165/665
f 1186/950 1183/949 1115/934
f 1186/950 1115/934 1180/939
f 1186/950 1180/939 1179/940
f 1186/950 1179/940 1187/951
f 1186/950 1187/951 1153/973
f 1186/950 1153/973 1152/970
f 1186/950 1152/970 1151/969
f 1186/950 1151/969 1183/949
f 1188/1196 1189/1197 616/1201
f 1188/1196 616/1201 714/1369
f 1188/1196 714/1369 495/1195
f 1188/1196 495/1195 1055/1192
f 1188/1196 1055/1192 1040/1187
f 1188/1196 1040/1187 1189/1197
f 1190/1198 1142/1204 590/1203
f 1190/1198 590/1203 617/1202
f 1190/1198 617/1202 616/1201
f 1190/1198 616/1201 1189/1197
f 1190/1198 1189/1197 1040/1187
f 1190/1198 1040/1187 1039/1199
f 1190/1198 1039/1199 1038/1200
f 1190/1198 1038/1200 1142/1204
f 1191/2217 1192/2218 331/2215
f 1191/2217 331/2215 330/2214
f 1191/2217 330/2214 252/2243
f 1191/2217 252/2243 1193/2252
f 1191/2217 1193/2252 288/2250
f 1191/2217 288/2250 453/2245
f 1191/2217 453/2245 450/2244
f 1191/2217 450/2244 1192/2218
f 1194/1074 1195/1079 523/1080
f 1194/1074 523/1080 529/1081
f 1196/2429 527/2428 331/2427
f 1196/2429 331/2427 1192/2430
f 1196/2429 1192/2430 450/2431
f 1196/2429 450/2431 449/2432
f 1194/1074 447/1075 444/1076
f 1194/1074 444/1076 1195/1079
f 1197/2939 1198/2940 313/3239
f 1197/2939 313/3239 520/2945
f 1197/2939 520/2945 523/2944
f 1197/2939 523/2944 1195/2943
f 1197/2939 1195/2943 444/2941
f 1197/2939 444/2941 443/2938
f 1197/2939 443/2938 292/2934
f 1197/2939 292/2934 1198/2940
f 1199/2532 1193/2535 252/2533
f 1199/2532 252/2533 315/2534
f 1200/2936 314/3240 313/3239
f 1200/2936 313/3239 1198/2940
f 1200/2936 1198/2940 292/2934
f 1200/2936 292/2934 291/2933
f 1199/2532 289/2537 288/2536
f 1199/2532 288/2536 1193/2535
f 1201/1676 1202/1677 346/1674
f 1201/1676 346/1674 345/1675
f 1203/1510 344/1514 343/1513
f 1203/1510 343/1513 1204/1512
f 1203/1510 1204/1512 428/1506
f 1203/1510 428/1506 433/1507
f 1201/1511 431/1509 404/1508
f 1201/1511 404/1508 1202/1515
f 1205/1516 1204/1512 343/1513
f 1205/3215 343/3212 547/3213
f 1205/3215 547/3213 550/3214
f 1205/3215 550/3214 1206/3216
f 1205/3215 1206/3216 422/3217
f 1205/3215 422/3217 429/3218
f 1205/1516 429/1517 428/1506
f 1205/1516 428/1506 1204/1512
f 1207/706 1206/709 550/707
f 1207/706 550/707 554/708
f 1208/730 552/729 368/728
f 1208/730 368/728 1209/731
f 1208/730 1209/731 402/734
f 1208/730 402/734 425/735
f 1207/706 423/711 422/710
f 1207/706 422/710 1206/709
f 1210/814 1209/815 368/812
f 1210/814 368/812 367/813
f 1210/814 367/813 346/800
f 1210/1679 346/1674 1202/1677
f 1210/1679 1202/1677 404/1681
f 1210/1679 404/1681 403/1682
f 1210/814 403/817 402/816
f 1210/814 402/816 1209/815
f 1211/1951 1212/1952 1213/1964
f 1211/1951 1213/1964 1214/1961
f 1211/1951 1214/1961 480/1955
f 1211/1951 480/1955 479/1950
f 1211/1951 479/1950 478/1927
f 1211/1951 478/1927 805/1928
f 1211/1951 805/1928 731/1937
f 1211/1951 731/1937 1212/1952
f 1215/3140 1216/3139 609/3136
f 1215/3140 609/3136 608/3141
f 1215/2110 608/2114 607/1959
f 1215/2110 607/1959 1217/1990
f 1215/2110 1217/1990 1218/2069
f 1215/2110 1218/2069 1219/2133
f 1215/3317 1219/3318 1220/3315
f 1215/3317 1220/3315 1216/3316
f 1221/1957 1217/1990 607/1959
f 1221/1957 607/1959 770/1958
f 1221/1957 770/1958 769/1946
f 1221/1957 769/1946 1222/1956
f 1221/1957 1222/1956 462/1983
f 1221/1957 462/1983 1223/1987
f 1221/1957 1223/1987 1218/2069
f 1221/1957 1218/2069 1217/1990
f 1224/2021 1225/2022 602/2019
f 1224/2021 602/2019 601/2020
f 1224/2021 601/2020 600/2031
f 1224/2021 600/2031 1226/2030
f 1224/2021 1226/2030 1227/2027
f 1224/2021 1227/2027 1228/2024
f 1224/2021 1228/2024 624/2023
f 1224/2021 624/2023 1225/2022
f 1229/1965 1230/1966 482/1949
f 1229/1965 482/1949 481/1953
f 1229/1965 481/1953 480/1955
f 1229/1965 480/1955 1231/1963
f 1229/1965 1231/1963 725/1970
f 1229/1965 725/1970 1232/1978
f 1229/1965 1232/1978 464/1980
f 1229/1965 464/1980 1230/1966
f 1233/2011 598/2016 602/2019
f 1233/2011 602/2019 1234/2032
f 1233/2011 1234/2032 1213/1964
f 1233/2011 1213/1964 1212/1952
f 1233/2011 1212/1952 731/1937
f 1233/2011 731/1937 730/2012
f 1233/2011 730/2012 587/2013
f 1233/2011 587/2013 598/2016
f 1235/1943 475/1941 482/1949
f 1235/1943 482/1949 1236/1947
f 1235/1943 1236/1947 769/1946
f 1235/1943 769/1946 768/1944
f 1235/1943 768/1944 476/1931
f 1235/1943 476/1931 475/1941
f 1237/3099 684/3145 683/3096
f 1237/3099 683/3096 1238/3097
f 1237/3099 1238/3097 656/3098
f 1237/3099 656/3098 719/3146
f 1237/3099 719/3146 718/3147
f 1237/3099 718/3147 743/3148
f 1237/3327 743/3330 611/3328
f 1237/3327 611/3328 684/3329
f 1239/3060 789/3059 499/3067
f 1239/3060 499/3067 1240/3068
f 1239/3060 1240/3068 695/3073
f 1239/3060 695/3073 694/3241
f 1239/3060 694/3241 693/3065
f 1239/3060 693/3065 1241/3061
f 1239/3060 1241/3061 513/3058
f 1239/3060 513/3058 789/3059
f 1242/2147 998/2161 824/2160
f 1242/2147 824/2160 823/2141
f 1242/2147 823/2141 467/2101
f 1242/2147 467/2101 466/2117
f 1242/2147 466/2117 473/2130
f 1242/2147 473/2130 1243/2155
f 1242/2147 1243/2155 999/2159
f 1242/2147 999/2159 998/2161
f 1244/2113 828/2132 832/2102
f 1244/2113 832/2102 1245/2004
f 1244/2113 1245/2004 1018/1995
f 1244/2113 1018/1995 1017/1994
f 1244/2113 1017/1994 991/1989
f 1244/2113 991/1989 990/2121
f 1244/2113 990/2121 829/2138
f 1244/2113 829/2138 828/2132
f 1246/2001 1247/2062 469/2008
f 1246/2001 469/2008 1015/2002
f 1246/2001 1015/2002 1014/1997
f 1246/2001 1014/1997 1019/1996
f 1246/2001 1019/1996 1018/1995
f 1246/2001 1018/1995 1245/2004
f 1246/2001 1245/2004 832/2102
f 1246/2001 832/2102 1247/2062
f 1248/2157 472/2129 471/2127
f 1248/2157 471/2127 816/2156
f 1248/2157 816/2156 815/2165
f 1248/2157 815/2165 1010/2163
f 1248/2157 1010/2163 999/2159
f 1248/2157 999/2159 1243/2155
f 1248/2157 1243/2155 473/2130
f 1248/2157 473/2130 472/2129
f 1249/1999 1004/2060 1003/1991
f 1249/1999 1003/1991 1020/1998
f 1249/1999 1020/1998 1014/1997
f 1249/1999 1014/1997 1013/2000
f 1249/1999 1013/2000 821/2005
f 1249/1999 821/2005 820/2006
f 1249/1999 820/2006 826/2124
f 1249/1999 826/2124 1004/2060
f 1250/2104 817/2128 471/2127
f 1250/2104 471/2127 470/2105
f 1250/2104 470/2105 469/2008
f 1250/2104 469/2008 1247/2062
f 1250/2104 1247/2062 832/2102
f 1250/2104 832/2102 831/2108
f 1250/2104 831/2108 818/2131
f 1250/2104 818/2131 817/2128
f 1251/3075 1252/3078 697/3077
f 1251/3075 697/3077 696/3076
f 1251/3075 696/3076 695/3073
f 1251/3075 695/3073 1253/3074
f 1251/3075 1253/3074 1254/3092
f 1251/3075 1254/3092 1255/3150
f 1251/3075 1255/3150 1220/3083
f 1251/3075 1220/3083 1252/3078
f 1256/3100 1257/3095 683/3096
f 1256/3100 683/3096 682/3104
f 1256/3100 682/3104 686/3106
f 1256/3100 686/3106 1258/3138
f 1256/3100 1259/3153 1260/3154
f 1256/3309 1260/3312 1254/3310
f 1256/3309 1254/3310 1261/3311
f 1256/3100 1261/3107 736/3072
f 1256/3100 736/3072 1257/3095
f 1262/2029 1263/2037 1264/2036
f 1262/2029 1264/2036 1265/2028
f 1262/2029 1265/2028 1227/2027
f 1262/2029 1227/2027 1266/2038
f 1262/2029 1266/2038 1267/2115
f 1262/2029 1267/2115 1263/2037
f 1268/2044 1269/2045 600/2031
f 1268/2044 600/2031 599/2043
f 1268/2044 599/2043 585/2046
f 1268/2044 585/2046 774/2125
f 1268/2044 774/2125 773/2122
f 1268/2044 773/2122 1269/2045
f 1270/1975 455/2056 464/1980
f 1270/1975 464/1980 1232/1978
f 1270/1975 1232/1978 725/1970
f 1270/1975 725/1970 724/1973
f 1270/1975 724/1973 723/1979
f 1270/1975 723/1979 1271/1981
f 1270/1975 1271/1981 456/2055
f 1270/1975 456/2055 455/2056
f 1272/244 1273/273 1218/301
f 1272/244 1218/301 1223/268
f 1272/244 1223/268 462/269
f 1272/244 462/269 461/267
f 1272/244 461/267 460/235
f 1272/244 460/235 638/245
f 1272/244 638/245 637/271
f 1272/244 637/271 1273/273
f 1274/1948 1230/1966 464/1980
f 1274/1948 464/1980 463/2010
f 1274/1948 463/2010 462/1983
f 1274/1948 462/1983 1222/1956
f 1274/1948 1222/1956 769/1946
f 1274/1948 769/1946 1236/1947
f 1274/1948 1236/1947 482/1949
f 1274/1948 482/1949 1230/1966
f 1275/2025 625/2026 624/2023
f 1275/2025 624/2023 1228/2024
f 1275/2025 1228/2024 1227/2027
f 1275/2025 1227/2027 1265/2028
f 1275/2025 1265/2028 1264/2036
f 1275/2025 1264/2036 1276/2035
f 1275/2025 1276/2035 626/2034
f 1275/2025 626/2034 625/2026
f 1277/2061 1278/2123 1267/2115
f 1277/2061 1267/2115 1266/2038
f 1277/2061 1266/2038 1227/2027
f 1277/2061 1227/2027 1226/2030
f 1277/2061 1226/2030 600/2031
f 1277/2061 600/2031 1269/2045
f 1277/2061 1269/2045 773/2122
f 1277/2061 773/2122 1278/2123
f 1279/2033 1225/2022 624/2023
f 1279/2033 624/2023 623/2041
f 1279/2033 623/2041 622/1968
f 1279/2033 622/1968 1280/1967
f 1279/2033 1280/1967 1213/1964
f 1279/2033 1213/1964 1234/2032
f 1279/2033 1234/2032 602/2019
f 1279/2033 602/2019 1225/2022
f 1281/1962 1280/1967 622/1968
f 1281/1962 622/1968 726/1969
f 1281/1962 726/1969 725/1970
f 1281/1962 725/1970 1231/1963
f 1281/1962 1231/1963 480/1955
f 1281/1962 480/1955 1214/1961
f 1281/1962 1214/1961 1213/1964
f 1281/1962 1213/1964 1280/1967
f 1282/3069 733/3070 736/3072
f 1282/3069 736/3072 1261/3107
f 1282/3069 1261/3107 1254/3092
f 1282/3069 1254/3092 1253/3074
f 1282/3069 1253/3074 695/3073
f 1282/3069 695/3073 1240/3068
f 1282/3069 1240/3068 499/3067
f 1282/3069 499/3067 733/3070
f 1283/3094 1257/3095 736/3072
f 1283/3094 736/3072 735/3093
f 1283/3297 735/3296 658/3295
f 1283/3297 658/3295 657/3298
f 1283/3297 657/3298 656/3299
f 1283/3094 656/3098 1238/3097
f 1283/3094 1238/3097 683/3096
f 1283/3094 683/3096 1257/3095
f 1284/1230 1022/1231 660/1363
f 1284/3041 660/3044 1285/3042
f 1284/3041 1285/3042 614/3038
f 1284/3041 614/3038 613/3040
f 1284/1230 613/1229 596/1227
f 1284/1230 596/1227 1022/1231
f 1286/3043 1285/3042 660/3044
f 1286/3043 660/3044 659/3132
f 1286/3300 659/3303 658/3295
f 1286/3300 658/3295 734/3294
f 1286/3300 734/3294 497/3293
f 1286/3300 497/3293 715/3302
f 1286/3043 715/3046 614/3038
f 1286/3043 614/3038 1285/3042
f 1287/3313 1216/3316 1220/3315
f 1287/3313 1220/3315 1255/3314
f 1287/3313 1255/3314 1254/3310
f 1287/3313 1254/3310 1260/3312
f 1287/3135 1260/3154 1259/3153
f 1287/3135 1258/3138 686/3106
f 1287/3135 686/3106 685/3134
f 1287/3135 685/3134 609/3136
f 1287/3135 609/3136 1216/3139
f 1288/3079 1252/3078 1220/3083
f 1288/3079 1220/3083 1219/3163
f 1288/2162 1219/2133 1218/2069
f 1288/299 1218/301 1273/273
f 1288/299 1273/273 637/271
f 1288/299 637/271 765/295
f 1288/3079 765/3080 697/3077
f 1288/3079 697/3077 1252/3078
f 1289/3182 720/3183 662/3172
f 1289/3182 662/3172 661/3181
f 1289/3306 661/3305 660/3304
f 1289/3306 660/3304 1023/3307
f 1289/3306 1023/3307 739/3308
f 1289/2152 739/2142 738/2134
f 1289/2152 738/2134 678/2078
f 1289/2152 678/2078 720/2150
f 1290/1175 711/1120 710/1123
f 1290/1175 710/1123 1031/1176
f 1290/1175 1031/1176 1030/1179
f 1290/1175 1030/1179 1291/1182
f 1290/1175 1291/1182 1292/1183
f 1290/1175 1292/1183 1293/1177
f 1290/1175 1293/1177 712/1121
f 1290/1175 712/1121 711/1120
f 1294/1149 1295/1151 491/1165
f 1294/1149 491/1165 490/1164
f 1294/1149 490/1164 489/1147
f 1294/1149 489/1147 1296/1144
f 1294/1149 1296/1144 1297/1143
f 1294/1149 1297/1143 1295/1151
f 1298/1128 1025/1129 710/1123
f 1298/1128 710/1123 709/1124
f 1298/1128 709/1124 708/1127
f 1298/1128 708/1127 1299/1133
f 1298/1128 1299/1133 1084/1400
f 1298/1128 1084/1400 1136/1399
f 1298/1128 1136/1399 1026/1235
f 1298/1128 1026/1235 1025/1129
f 1300/1180 1291/1182 1030/1179
f 1300/1180 1030/1179 1041/1181
f 1300/1180 1041/1181 1040/1187
f 1300/1180 1040/1187 1054/1184
f 1300/1180 1054/1184 1053/1185
f 1300/1180 1053/1185 1301/1186
f 1300/1180 1301/1186 1292/1183
f 1300/1180 1292/1183 1291/1182
f 1302/1130 1303/1131 1297/1143
f 1302/1130 1297/1143 1296/1144
f 1302/1130 1296/1144 489/1147
f 1302/1130 489/1147 1304/1132
f 1302/1130 1304/1132 708/1127
f 1302/1130 708/1127 707/1126
f 1302/1130 707/1126 706/1125
f 1302/1130 706/1125 1303/1131
f 1305/1153 1304/1132 489/1147
f 1305/1153 489/1147 488/1161
f 1305/1153 488/1161 487/1388
f 1305/1153 487/1388 1085/1401
f 1305/1153 1085/1401 1084/1400
f 1305/1153 1084/1400 1299/1133
f 1305/1153 1299/1133 708/1127
f 1305/1153 708/1127 1304/1132
f 1306/845 1307/858 1308/850
f 1306/845 1308/850 1309/846
f 1306/845 1309/846 1310/843
f 1306/845 1310/843 1311/844
f 1306/845 1311/844 1312/864
f 1306/845 1312/864 1313/865
f 1306/845 1313/865 1314/859
f 1306/845 1314/859 1307/858
f 1315/140 1316/139 1317/138
f 1315/140 1317/138 1318/141
f 1319/254 1320/255 1321/256
f 1319/254 1321/256 1322/258
f 1319/254 1322/258 1323/259
f 1319/254 1323/259 1324/260
f 1315/140 1325/189 1326/188
f 1315/140 1326/188 1316/139
f 1327/1354 1328/1308 1329/1315
f 1327/1354 1329/1315 1330/1365
f 1331/2569 1332/2568 1333/2567
f 1331/2569 1333/2567 1334/2570
f 1331/2569 1334/2570 1335/2572
f 1331/2569 1335/2572 1336/2573
f 1327/2575 1337/2576 1338/2577
f 1327/1354 1338/1273 1328/1308
f 1339/2748 1340/2746 1341/2747
f 1339/2748 1341/2747 1342/2749
f 1339/2748 1342/2749 1343/2758
f 1339/2748 1343/2758 1344/2832
f 1339/2748 1344/2832 1323/2760
f 1339/2748 1323/2760 1322/2759
f 1339/2748 1322/2759 1321/2745
f 1339/2748 1321/2745 1340/2746
f 1345/505 1346/508 1347/430
f 1345/505 1347/430 1348/429
f 1345/505 1348/429 47/424
f 1345/505 47/424 46/504
f 1345/505 46/504 45/514
f 1345/288 45/196 1349/197
f 1345/288 1349/197 1326/188
f 1345/288 1326/188 1346/289
f 1350/2694 1351/2693 1352/2721
f 1350/2694 1352/2721 1353/2710
f 1350/2694 1353/2710 1354/2709
f 1350/2694 1354/2709 1355/2708
f 1350/2694 1355/2708 1356/2696
f 1350/2694 1356/2696 1357/2695
f 1350/2694 1357/2695 1358/2692
f 1350/2694 1358/2692 1351/2693
f 1359/2707 1355/2708 1354/2709
f 1359/2707 1354/2709 1360/2789
f 1359/2900 1360/2899 1361/2898
f 1359/2900 1361/2898 1362/2901
f 1359/2707 1362/2779 1363/2701
f 1359/2707 1363/2701 1364/2700
f 1359/2707 1364/2700 1356/2696
f 1359/2707 1356/2696 1355/2708
f 1365/199 1366/179 1367/181
f 1365/2922 1367/2923 1368/2924
f 1369/2697 1370/2726 1358/2692
f 1369/2697 1358/2692 1357/2695
f 1369/2697 1357/2695 1356/2696
f 1369/2697 1356/2696 1371/2698
f 1365/199 1372/198 1373/122
f 1365/199 1373/122 1366/179
f 1374/183 1375/136 1373/122
f 1374/183 1373/122 1372/198
f 1376/2699 1371/2698 1356/2696
f 1376/2699 1356/2696 1364/2700
f 1376/2699 1364/2700 1363/2701
f 1376/2699 1363/2701 1377/2702
f 1374/183 1378/184 1379/137
f 1374/183 1379/137 1375/136
f 1380/323 1381/368 1382/314
f 1380/323 1382/314 1383/316
f 1380/323 1383/316 1384/315
f 1380/323 1384/315 1385/369
f 1386/396 1387/395 1388/394
f 1386/396 1388/394 1389/397
f 1386/2716 1389/2714 1390/2715
f 1386/2716 1390/2715 1391/2717
f 1392/370 1385/369 1384/315
f 1392/370 1384/315 1393/319
f 1392/370 1393/319 1394/320
f 1392/370 1394/320 1395/379
f 1396/389 1397/390 1398/391
f 1396/2783 1398/2784 1399/2782
f 1396/2783 1399/2782 1388/2713
f 1396/389 1388/394 1387/395
f 1400/2720 1401/2712 1388/2713
f 1400/2720 1388/2713 1399/2782
f 1400/2720 1399/2782 1398/2784
f 1400/2720 1398/2784 1402/2823
f 1400/2897 1402/2902 1361/2898
f 1400/2897 1361/2898 1360/2899
f 1400/2720 1360/2789 1354/2709
f 1400/2720 1354/2709 1401/2712
f 1403/2711 1404/2718 1390/2715
f 1403/2711 1390/2715 1389/2714
f 1403/2711 1389/2714 1388/2713
f 1403/2711 1388/2713 1401/2712
f 1403/2711 1401/2712 1354/2709
f 1403/2711 1354/2709 1353/2710
f 1403/2711 1353/2710 1352/2721
f 1403/2711 1352/2721 1404/2718
f 1405/428 1406/431 1407/432
f 1405/428 1407/432 1408/458
f 1405/428 1408/458 108/452
f 1405/428 108/452 107/427
f 1405/428 107/427 47/424
f 1405/428 47/424 1348/429
f 1405/428 1348/429 1347/430
f 1405/428 1347/430 1406/431
f 1409/2750 1410/2751 1411/2752
f 1409/2750 1411/2752 1412/2754
f 1409/2750 1412/2754 1413/2755
f 1409/2750 1413/2755 1414/2757
f 1409/2750 1414/2757 1343/2758
f 1409/2750 1343/2758 1342/2749
f 1409/2750 1342/2749 1341/2747
f 1409/2750 1341/2747 1410/2751
f 1415/1348 1416/1324 1417/1323
f 1415/1348 1417/1323 1418/1352
f 1419/1382 1420/1383 1421/1384
f 1419/2566 1421/2561 1422/2565
f 1419/2566 1422/2565 1333/2567
f 1419/2566 1333/2567 1332/2568
f 1415/1348 1330/1365 1329/1315
f 1415/1348 1329/1315 1416/1324
f 1423/2871 1424/2870 1425/2872
f 1423/685 1425/682 1426/683
f 1423/685 1426/683 1390/684
f 1423/2719 1390/2715 1404/2718
f 1423/2719 1404/2718 1352/2721
f 1423/2719 1352/2721 1427/2822
f 1423/2871 1427/2873 1428/2864
f 1423/2871 1428/2864 1424/2870
f 1429/1370 1418/1352 1417/1323
f 1429/1370 1417/1323 1430/1371
f 1429/1370 1430/1371 1431/1375
f 1429/1370 1431/1375 1432/1377
f 1433/2558 1434/2557 1435/2556
f 1433/2558 1435/2556 1436/2559
f 1433/1385 1436/1387 1421/1384
f 1433/1385 1421/1384 1420/1383
f 1437/2585 1438/2589 1439/2582
f 1437/2585 1439/2582 1440/2584
f 1441/2588 1442/2587 1443/2586
f 1441/2588 1443/2586 1444/2689
f 1441/2588 1444/2689 1358/2692
f 1441/2588 1358/2692 1370/2726
f 1437/2585 1445/2725 1446/2591
f 1437/2585 1446/2591 1438/2589
f 1447/2690 1448/2691 1428/2722
f 1447/2690 1428/2722 1427/2822
f 1447/2690 1427/2822 1352/2721
f 1447/2690 1352/2721 1351/2693
f 1447/2690 1351/2693 1358/2692
f 1447/2690 1358/2692 1444/2689
f 1447/2690 1444/2689 1443/2586
f 1447/2690 1443/2586 1448/2691
f 1449/2912 1402/2917 1398/2916
f 1449/2912 1398/2916 1450/2915
f 1449/2912 1450/2915 1451/2913
f 1449/2912 1451/2913 1452/2914
f 1449/2742 1452/2811 1453/2739
f 1449/2742 1453/2739 1454/2740
f 1449/2742 1454/2740 1361/2741
f 1449/2742 1361/2741 1402/2823
f 1455/2706 1362/2779 1361/2741
f 1455/2706 1361/2741 1454/2740
f 1455/2706 1454/2740 1453/2739
f 1455/2706 1453/2739 1456/2738
f 1455/2706 1456/2738 1457/2705
f 1455/2706 1457/2705 1458/2704
f 1455/2706 1458/2704 1363/2701
f 1455/2706 1363/2701 1362/2779
f 1459/180 1460/135 1379/137
f 1459/180 1379/137 1378/184
f 1461/2703 1377/2702 1363/2701
f 1461/2703 1363/2701 1458/2704
f 1461/2703 1458/2704 1457/2705
f 1461/264 1457/262 1462/263
f 1459/180 1463/165 1464/133
f 1459/180 1464/133 1460/135
f 1465/324 1395/379 1394/320
f 1465/324 1394/320 1466/321
f 1465/324 1466/321 1314/322
f 1465/324 1314/322 1467/386
f 1468/620 1469/608 1451/607
f 1468/620 1451/607 1450/621
f 1468/392 1450/393 1398/391
f 1468/392 1398/391 1397/390
f 1470/317 1471/307 1472/306
f 1470/317 1472/306 1473/318
f 1470/317 1473/318 1474/325
f 1470/317 1474/325 1475/326
f 1470/317 1475/326 1314/322
f 1470/317 1314/322 1466/321
f 1470/317 1466/321 1394/320
f 1470/317 1394/320 1471/307
f 1476/103 179/10 178/7
f 1476/103 178/7 1477/104
f 1476/103 1477/104 1379/137
f 1476/103 1379/137 1460/135
f 1476/103 1460/135 1464/133
f 1476/103 1464/133 1478/105
f 1476/103 1478/105 180/11
f 1476/103 180/11 179/10
f 1479/352 1480/375 1481/378
f 1479/352 1481/378 1482/354
f 1479/352 1482/354 1483/312
f 1479/352 1483/312 1484/313
f 1479/352 1484/313 1382/314
f 1479/352 1382/314 1485/359
f 1479/352 1485/359 1486/366
f 1479/352 1486/366 1480/375
f 1487/1317 1488/1343 1489/1332
f 1487/1317 1489/1332 1490/1325
f 1487/1317 1490/1325 1417/1323
f 1487/1317 1417/1323 1416/1324
f 1487/1317 1416/1324 1329/1315
f 1487/1317 1329/1315 1491/1299
f 1487/1317 1491/1299 1492/1260
f 1487/1317 1492/1260 1488/1343
f 1493/459 1414/478 1413/460
f 1493/459 1413/460 1494/461
f 1495/433 1496/434 1407/432
f 1495/433 1407/432 1406/431
f 1495/433 1406/431 1347/430
f 1495/433 1347/430 1497/451
f 1493/459 1498/480 1343/479
f 1493/459 1343/479 1414/478
f 1499/304 1500/309 1501/308
f 1499/304 1501/308 1502/305
f 1499/304 1502/305 1472/306
f 1499/304 1472/306 1471/307
f 1499/304 1471/307 1394/320
f 1499/304 1394/320 1393/319
f 1499/304 1393/319 1384/315
f 1499/304 1384/315 1500/309
f 1503/310 1484/313 1483/312
f 1503/310 1483/312 1504/311
f 1503/310 1504/311 1501/308
f 1503/310 1501/308 1500/309
f 1503/310 1500/309 1384/315
f 1503/310 1384/315 1383/316
f 1503/310 1383/316 1382/314
f 1503/310 1382/314 1484/313
f 1505/102 211/6 210/3
f 1505/102 210/3 1506/101
f 1505/102 1506/101 1373/122
f 1505/102 1373/122 1375/136
f 1505/102 1375/136 1379/137
f 1505/102 1379/137 1477/104
f 1505/102 1477/104 178/7
f 1505/102 178/7 211/6
f 1507/97 215/2 214/42
f 1507/97 214/42 1508/100
f 1507/97 1508/100 1509/118
f 1507/97 1509/118 1510/119
f 1507/97 1510/119 1373/122
f 1507/97 1373/122 1506/101
f 1507/97 1506/101 210/3
f 1507/97 210/3 215/2
f 1511/507 1344/512 1343/479
f 1511/507 1343/479 1498/480
f 1512/506 1497/451 1347/430
f 1512/506 1347/430 1346/508
f 1512/290 1346/289 1326/188
f 1512/290 1326/188 1325/189
f 1511/507 1324/524 1323/523
f 1511/507 1323/523 1344/512
f 1513/1256 1514/1258 1492/1260
f 1513/1256 1492/1260 1491/1299
f 1513/1256 1491/1299 1329/1315
f 1513/1256 1329/1315 1328/1308
f 1513/1256 1328/1308 1338/1273
f 1513/1256 1338/1273 1515/1259
f 1513/1256 1515/1259 1516/1257
f 1513/1256 1516/1257 1514/1258
f 1517/126 227/81 226/40
f 1517/126 226/40 1518/107
f 1517/126 1518/107 1317/138
f 1517/126 1317/138 1316/139
f 1517/126 1316/139 1326/188
f 1517/126 1326/188 1349/197
f 1517/126 1349/197 45/196
f 1517/126 45/196 227/81
f 1519/364 1520/362 1521/360
f 1519/364 1521/360 1522/384
f 1519/364 1522/384 1523/388
f 1519/863 1523/891 1524/889
f 1519/863 1524/889 1525/887
f 1519/863 1525/887 1526/857
f 1519/863 1526/857 1308/850
f 1519/364 1308/381 1520/362
f 1527/896 1528/895 1312/864
f 1527/896 1312/864 1529/867
f 1527/1692 1529/1694 1530/1685
f 1527/1692 1530/1685 1531/1687
f 1532/609 1533/612 1534/611
f 1532/609 1534/611 1535/610
f 1532/609 1535/610 1536/605
f 1532/609 1536/605 1537/604
f 1538/2183 1539/2194 1540/2179
f 1538/2183 1540/2179 1541/2178
f 1538/2183 1541/2178 1542/2174
f 1538/2183 1542/2174 1543/2184
f 1538/2183 1543/2184 1544/2196
f 1538/2183 1544/2196 1545/2201
f 1538/2183 1545/2201 1431/2202
f 1538/2183 1431/2202 1539/2194
f 1546/680 1426/683 1425/682
f 1546/680 1425/682 1547/681
f 1546/680 1547/681 1548/678
f 1546/680 1548/678 1549/679
f 1546/680 1549/679 1550/690
f 1546/680 1550/690 1551/696
f 1546/680 1551/696 1390/684
f 1546/680 1390/684 1426/683
f 1552/2756 1412/2754 1411/2752
f 1552/2756 1411/2752 1553/2777
f 1552/2756 1553/2777 1554/2764
f 1552/2756 1554/2764 1555/2763
f 1552/2756 1555/2763 1556/2762
f 1552/2756 1556/2762 1557/2761
f 1552/2756 1557/2761 1413/2755
f 1552/2756 1413/2755 1412/2754
f 1558/703 1391/704 1390/684
f 1558/703 1390/684 1551/696
f 1558/703 1551/696 1550/690
f 1558/703 1550/690 1559/705
f 1560/2209 1561/2208 1562/2187
f 1560/2209 1562/2187 1563/2189
f 1560/2209 1563/2189 1382/2191
f 1560/401 1382/314 1381/368
f 1564/1357 1565/1327 1486/1328
f 1564/2195 1486/2188 1566/2182
f 1564/2195 1566/2182 1540/2179
f 1564/2195 1540/2179 1539/2194
f 1564/2195 1539/2194 1431/2202
f 1564/1357 1431/1375 1430/1371
f 1564/1357 1430/1371 1417/1323
f 1564/1357 1417/1323 1565/1327
f 1567/894 1467/897 1314/859
f 1567/894 1314/859 1313/865
f 1567/894 1313/865 1312/864
f 1567/894 1312/864 1528/895
f 1568/603 1537/604 1536/605
f 1568/603 1536/605 1569/606
f 1568/603 1569/606 1451/607
f 1568/603 1451/607 1469/608
f 1570/462 1494/461 1413/460
f 1570/462 1413/460 1557/463
f 1570/462 1557/463 1556/464
f 1570/462 1556/464 1571/465
f 1572/435 1573/440 1574/439
f 1572/435 1574/439 1575/438
f 1572/435 1575/438 1525/436
f 1572/435 1525/436 1576/437
f 1577/2506 1578/2505 1579/2504
f 1577/2506 1579/2504 1580/2507
f 1577/2506 1580/2507 1581/2508
f 1577/2506 1581/2508 1582/2509
f 1583/2540 1584/2834 1585/2545
f 1583/2540 1585/2545 1586/2543
f 1583/2540 1586/2543 1587/2541
f 1583/2540 1587/2541 1588/2542
f 1589/1070 1559/1073 1550/1072
f 1589/1070 1550/1072 1590/1071
f 1589/1070 1590/1071 1591/1064
f 1589/1070 1591/1064 1592/1065
f 1593/2206 1594/2207 1595/2185
f 1593/2206 1595/2185 1596/2186
f 1593/2206 1596/2186 1562/2187
f 1593/2206 1562/2187 1561/2208
f 1597/674 1549/679 1548/678
f 1597/674 1548/678 1598/677
f 1597/674 1598/677 1599/675
f 1597/674 1599/675 1600/676
f 1597/674 1600/676 1591/688
f 1597/674 1591/688 1590/689
f 1597/674 1590/689 1550/690
f 1597/674 1550/690 1549/679
f 1601/1396 1432/1377 1431/1375
f 1601/1396 1431/1375 1545/1397
f 1601/1396 1545/1397 1544/1403
f 1601/1396 1544/1403 1602/1404
f 1603/2551 1604/2550 1605/2548
f 1603/2551 1605/2548 1606/2552
f 1603/2551 1606/2552 1435/2556
f 1603/2551 1435/2556 1434/2557
f 1607/1043 1608/1048 1609/1049
f 1607/1043 1609/1049 1610/1047
f 1607/1043 1610/1047 1611/1044
f 1607/1043 1611/1044 1612/1045
f 1613/1036 1614/1039 1615/1038
f 1613/1036 1615/1038 1616/1037
f 1613/1036 1616/1037 1617/1034
f 1613/1036 1617/1034 1618/1035
f 1619/2166 1543/2184 1542/2174
f 1619/2166 1542/2174 1620/2173
f 1619/2166 1620/2173 1609/2172
f 1619/2166 1609/2172 1621/2169
f 1619/2166 1621/2169 1622/2167
f 1619/2166 1622/2167 1623/2168
f 1619/2166 1623/2168 1544/2196
f 1619/2166 1544/2196 1543/2184
f 1624/686 1600/676 1599/675
f 1624/686 1599/675 1625/687
f 1624/686 1625/687 1617/691
f 1624/686 1617/691 1616/702
f 1624/1042 1616/1037 1615/1038
f 1624/1042 1615/1038 1626/1041
f 1624/686 1626/700 1591/688
f 1624/686 1591/688 1600/676
f 1627/1040 1592/1065 1591/1064
f 1627/1040 1591/1064 1626/1041
f 1627/1040 1626/1041 1615/1038
f 1627/1040 1615/1038 1614/1039
f 1628/1046 1612/1045 1611/1044
f 1628/1046 1611/1044 1629/1060
f 1628/1046 1629/1060 1595/1066
f 1628/1046 1595/1066 1594/1067
f 1630/1684 1531/1687 1530/1685
f 1630/1684 1530/1685 1631/1686
f 1630/1684 1631/1686 1632/1688
f 1630/1684 1632/1688 1633/1689
f 1634/613 1635/619 1636/618
f 1634/613 1636/618 1637/614
f 1634/613 1637/614 1534/611
f 1634/613 1534/611 1533/612
f 1638/466 1571/465 1556/464
f 1638/466 1556/464 1639/467
f 1638/466 1639/467 1640/468
f 1638/466 1640/468 1641/469
f 1642/441 1643/444 1644/443
f 1642/441 1644/443 1645/442
f 1642/441 1645/442 1574/439
f 1642/441 1574/439 1573/440
f 1646/2765 1555/2763 1554/2764
f 1646/2765 1554/2764 1647/2766
f 1646/2765 1647/2766 1648/2770
f 1646/2765 1648/2770 1649/2776
f 1646/2765 1649/2776 1640/2772
f 1646/2765 1640/2772 1639/2771
f 1646/2765 1639/2771 1556/2762
f 1646/2765 1556/2762 1555/2763
f 1650/839 1311/844 1310/843
f 1650/839 1310/843 1651/842
f 1650/839 1651/842 1652/840
f 1650/839 1652/840 1653/841
f 1650/839 1653/841 1530/866
f 1650/839 1530/866 1529/867
f 1650/839 1529/867 1312/864
f 1650/839 1312/864 1311/844
f 1654/869 1655/856 1656/851
f 1654/869 1656/851 1657/870
f 1654/869 1657/870 1658/871
f 1654/869 1658/871 1659/872
f 1654/869 1659/872 1660/873
f 1654/869 1660/873 1661/874
f 1654/869 1661/874 1632/861
f 1654/869 1632/861 1655/856
f 1662/2821 1649/2776 1648/2770
f 1662/2821 1648/2770 1663/2790
f 1662/2821 1663/2790 1664/2791
f 1662/2821 1664/2791 1665/2801
f 1662/2821 1665/2801 1666/2802
f 1662/2821 1666/2802 1667/2831
f 1662/2821 1667/2831 1640/2772
f 1662/2821 1640/2772 1649/2776
f 1668/848 1653/841 1652/840
f 1668/848 1652/840 1669/849
f 1668/848 1669/849 1656/851
f 1668/848 1656/851 1655/856
f 1668/848 1655/856 1632/861
f 1668/848 1632/861 1631/868
f 1668/848 1631/868 1530/866
f 1668/848 1530/866 1653/841
f 1670/470 1641/469 1640/468
f 1670/470 1640/468 1667/471
f 1670/470 1667/471 1666/472
f 1670/470 1666/472 1671/473
f 1672/445 1673/448 1674/447
f 1672/445 1674/447 1675/446
f 1672/445 1675/446 1644/443
f 1672/445 1644/443 1643/444
f 1676/761 1677/760 1658/759
f 1676/761 1658/759 1678/762
f 1676/761 1678/762 1679/768
f 1676/761 1679/768 1680/769
f 1681/754 1682/757 1683/756
f 1681/754 1683/756 1684/755
f 1681/754 1684/755 1685/752
f 1681/754 1685/752 1686/753
f 1687/474 1671/473 1666/472
f 1687/474 1666/472 1688/475
f 1687/474 1688/475 1683/476
f 1687/474 1683/476 1682/477
f 1689/449 1680/456 1679/455
f 1689/449 1679/455 1690/450
f 1689/449 1690/450 1674/447
f 1689/449 1674/447 1673/448
f 1691/879 1692/878 1693/877
f 1691/879 1693/877 1694/880
f 1691/879 1694/880 1695/892
f 1691/879 1695/892 1696/893
f 1691/1470 1696/1469 1697/1465
f 1691/1470 1697/1465 1698/1467
f 1691/1470 1698/1467 1699/1480
f 1691/1697 1699/1695 1692/1696
f 1700/2799 1665/2801 1664/2791
f 1700/2799 1664/2791 1701/2794
f 1700/2799 1701/2794 1685/2795
f 1700/2799 1685/2795 1684/2800
f 1700/515 1684/516 1683/476
f 1700/515 1683/476 1688/475
f 1700/2799 1688/2803 1666/2802
f 1700/2799 1666/2802 1665/2801
f 1702/1468 1703/1466 1697/1465
f 1702/1468 1697/1465 1696/1469
f 1702/898 1696/893 1695/892
f 1702/898 1695/892 1704/899
f 1705/1471 1706/1491 1707/1490
f 1705/1471 1707/1490 1708/1475
f 1705/1471 1708/1475 1709/1472
f 1705/1471 1709/1472 1710/1473
f 1711/748 1712/747 1713/746
f 1711/748 1713/746 1714/749
f 1711/748 1714/749 1707/776
f 1711/748 1707/776 1706/777
f 1715/772 1704/775 1695/774
f 1715/772 1695/774 1694/773
f 1715/772 1694/773 1693/770
f 1715/772 1693/770 1716/771
f 1717/1477 1718/1489 1719/1478
f 1717/1477 1719/1478 1720/1476
f 1717/1477 1720/1476 1709/1472
f 1717/1477 1709/1472 1708/1475
f 1717/2817 1708/2820 1707/2819
f 1717/2817 1707/2819 1714/2818
f 1717/2817 1714/2818 1713/2815
f 1717/2817 1713/2815 1718/2816
f 1721/1464 1722/1481 1699/1480
f 1721/1464 1699/1480 1698/1467
f 1721/1464 1698/1467 1697/1465
f 1721/1464 1697/1465 1703/1466
f 1723/1474 1710/1473 1709/1472
f 1723/1474 1709/1472 1720/1476
f 1723/1474 1720/1476 1719/1478
f 1723/1474 1719/1478 1724/1479
f 1725/2510 1582/2518 1581/2517
f 1725/2510 1581/2517 1726/2511
f 1725/2510 1726/2511 1727/2512
f 1725/2510 1727/2512 1728/2513
f 1729/2514 1730/2515 1731/2516
f 1729/2836 1731/2837 1732/2838
f 1729/2836 1732/2838 1585/2839
f 1729/2835 1585/2545 1584/2834
f 1733/2544 1734/2825 1587/2541
f 1733/2544 1587/2541 1586/2543
f 1733/2544 1586/2543 1585/2545
f 1733/2544 1585/2545 1732/2833
f 1733/2544 1732/2833 1731/2829
f 1733/2544 1731/2829 1735/2828
f 1733/2544 1735/2828 1736/2826
f 1733/2544 1736/2826 1734/2825
f 1737/1027 1738/1026 1736/1025
f 1737/1027 1736/1025 1735/1028
f 1737/1027 1735/1028 1731/1068
f 1737/1027 1731/1068 1730/1069
f 1739/1057 1728/1062 1727/1061
f 1739/1057 1727/1061 1740/1059
f 1739/1057 1740/1059 1741/1056
f 1739/1057 1741/1056 1742/1058
f 1743/2199 1744/2198 1741/2197
f 1743/2199 1741/2197 1740/2200
f 1743/2199 1740/2200 1727/2210
f 1743/2199 1727/2210 1726/2211
f 1743/2199 1726/2211 1581/2212
f 1743/2199 1581/2212 1580/2204
f 1743/2199 1580/2204 1579/2203
f 1743/2199 1579/2203 1744/2198
f 1745/1900 1746/1901 1747/1821
f 1745/1900 1747/1821 1748/1822
f 1745/1900 1748/1822 1749/1754
f 1745/1900 1749/1754 1750/1784
f 1745/1900 1750/1784 1751/1757
f 1745/253 1751/251 1752/250
f 1745/253 1752/250 1753/234
f 1745/253 1753/234 1754/240
f 1745/253 1754/240 1755/238
f 1745/1900 1755/1922 1746/1901
f 1756/1866 1757/1826 1758/1867
f 1756/1866 1758/1867 1759/1877
f 1756/1866 1759/1877 1760/1888
f 1756/1866 1760/1888 1761/1887
f 1756/1866 1761/1887 1762/1885
f 1756/1866 1762/1885 1763/1870
f 1756/1866 1763/1870 1764/1782
f 1756/1866 1764/1782 1757/1826
f 1765/1714 1766/1704 1767/1705
f 1765/1714 1767/1705 1768/1715
f 1765/1714 1768/1715 1769/1723
f 1765/1714 1769/1723 1770/1727
f 1765/1714 1770/1727 1771/1729
f 1765/1714 1771/1729 1772/1724
f 1765/1714 1772/1724 1773/1701
f 1765/1714 1773/1701 1766/1704
f 1774/1168 1775/1392 1776/1391
f 1774/1168 1776/1391 1777/1170
f 1774/1168 1777/1170 1778/1166
f 1774/1168 1778/1166 1779/1163
f 1774/1168 1779/1163 1780/1148
f 1774/1168 1780/1148 1781/1162
f 1774/1168 1781/1162 1782/1393
f 1774/1168 1782/1393 1775/1392
f 1783/2583 1784/2581 1439/2582
f 1783/2583 1439/2582 1785/2732
f 1783/2843 1785/2844 1786/2842
f 1783/2843 1786/2842 1787/2841
f 1783/2583 1787/2615 1788/2614
f 1783/2583 1788/2614 1789/2613
f 1783/2583 1789/2613 1790/2579
f 1783/2583 1790/2579 1784/2581
f 1791/123 1792/193 1367/181
f 1791/123 1367/181 1793/121
f 1791/123 1793/121 1509/118
f 1791/123 1509/118 1794/127
f 1795/131 1796/130 1797/129
f 1795/131 1797/129 1798/158
f 1795/131 1798/158 1799/182
f 1795/131 1799/182 1800/194
f 1801/2600 1802/2592 1446/2591
f 1801/2600 1446/2591 1803/2604
f 1804/2605 1800/2606 1799/2607
f 1804/2605 1799/2607 1805/2608
f 1804/2605 1805/2608 1806/2609
f 1804/2605 1806/2609 1807/2612
f 1801/2600 1808/2611 1809/2593
f 1801/2600 1809/2593 1802/2592
f 1810/2555 1811/2554 1605/2548
f 1810/2555 1605/2548 1812/2808
f 1810/692 1812/695 1813/694
f 1810/692 1813/694 1814/693
f 1810/692 1814/693 1617/691
f 1810/692 1617/691 1625/687
f 1810/692 1625/687 1599/675
f 1810/692 1599/675 1811/699
f 1815/2175 1816/2176 1595/2185
f 1815/2175 1595/2185 1629/2193
f 1815/1063 1629/1060 1611/1044
f 1815/1063 1611/1044 1610/1047
f 1815/2175 1610/2192 1609/2172
f 1815/2175 1609/2172 1620/2173
f 1815/2175 1620/2173 1542/2174
f 1815/2175 1542/2174 1816/2176
f 1817/1050 1818/1053 1622/1052
f 1817/1050 1622/1052 1621/1051
f 1817/1050 1621/1051 1609/1049
f 1817/1050 1609/1049 1608/1048
f 1819/1032 1618/1035 1617/1034
f 1819/1032 1617/1034 1814/1033
f 1819/1032 1814/1033 1813/1030
f 1819/1032 1813/1030 1820/1031
f 1821/2553 1822/2788 1435/2556
f 1821/2553 1435/2556 1606/2552
f 1821/2553 1606/2552 1605/2548
f 1821/2553 1605/2548 1811/2554
f 1821/698 1811/699 1599/675
f 1821/698 1599/675 1598/677
f 1821/698 1598/677 1548/678
f 1821/2874 1548/2875 1822/2876
f 1823/2181 1485/2190 1382/2191
f 1823/2181 1382/2191 1563/2189
f 1823/2181 1563/2189 1562/2187
f 1823/2181 1562/2187 1824/2180
f 1823/2181 1824/2180 1540/2179
f 1823/2181 1540/2179 1566/2182
f 1823/2181 1566/2182 1486/2188
f 1823/2181 1486/2188 1485/2190
f 1825/2560 1826/2562 1421/2561
f 1825/2560 1421/2561 1436/2559
f 1825/2560 1436/2559 1435/2556
f 1825/2560 1435/2556 1822/2788
f 1825/2560 1822/2788 1548/2787
f 1825/2560 1548/2787 1547/2786
f 1825/2560 1547/2786 1425/2564
f 1825/2560 1425/2564 1826/2562
f 1827/2177 1824/2180 1562/2187
f 1827/2177 1562/2187 1596/2186
f 1827/2177 1596/2186 1595/2185
f 1827/2177 1595/2185 1816/2176
f 1827/2177 1816/2176 1542/2174
f 1827/2177 1542/2174 1541/2178
f 1827/2177 1541/2178 1540/2179
f 1827/2177 1540/2179 1824/2180
f 1828/1326 1490/1325 1489/1332
f 1828/1326 1489/1332 1829/1331
f 1828/1326 1829/1331 1481/1330
f 1828/1326 1481/1330 1480/1329
f 1828/1326 1480/1329 1486/1328
f 1828/1326 1486/1328 1565/1327
f 1828/1326 1565/1327 1417/1323
f 1828/1326 1417/1323 1490/1325
f 1830/2571 1334/2570 1333/2567
f 1830/2571 1333/2567 1831/2780
f 1830/2863 1831/2868 1428/2864
f 1830/2863 1428/2864 1448/2865
f 1830/2863 1448/2865 1443/2866
f 1830/2863 1443/2866 1832/2867
f 1830/2571 1832/2723 1335/2572
f 1830/2571 1335/2572 1334/2570
f 1833/2578 1784/2581 1790/2579
f 1833/2578 1790/2579 1834/2580
f 1835/2574 1336/2573 1335/2572
f 1835/2574 1335/2572 1832/2723
f 1835/2574 1832/2723 1443/2586
f 1835/2574 1443/2586 1442/2587
f 1833/2578 1440/2584 1439/2582
f 1833/2578 1439/2582 1784/2581
f 1836/2563 1422/2565 1421/2561
f 1836/2563 1421/2561 1826/2562
f 1836/2563 1826/2562 1425/2564
f 1836/2563 1425/2564 1424/2785
f 1836/2869 1424/2870 1428/2864
f 1836/2869 1428/2864 1831/2868
f 1836/2563 1831/2780 1333/2567
f 1836/2563 1333/2567 1422/2565
f 1837/2793 1838/2792 1636/2796
f 1837/2793 1636/2796 1839/2812
f 1837/2793 1839/2812 1840/2798
f 1837/2793 1840/2798 1841/2797
f 1837/2793 1841/2797 1685/2795
f 1837/2793 1685/2795 1701/2794
f 1837/2793 1701/2794 1664/2791
f 1837/2793 1664/2791 1838/2792
f 1842/758 1843/765 1660/764
f 1842/758 1660/764 1659/763
f 1842/758 1659/763 1658/759
f 1842/758 1658/759 1677/760
f 1844/750 1686/753 1685/752
f 1844/750 1685/752 1841/751
f 1844/750 1841/751 1840/744
f 1844/750 1840/744 1845/743
f 1846/855 1847/854 1644/886
f 1846/855 1644/886 1675/885
f 1846/855 1675/885 1674/883
f 1846/855 1674/883 1848/860
f 1846/855 1848/860 1656/851
f 1846/855 1656/851 1669/849
f 1846/855 1669/849 1652/840
f 1846/855 1652/840 1847/854
f 1849/2775 1850/2773 1534/2774
f 1849/2775 1534/2774 1637/2809
f 1849/2775 1637/2809 1636/2796
f 1849/2775 1636/2796 1838/2792
f 1849/2775 1838/2792 1664/2791
f 1849/2775 1664/2791 1663/2790
f 1849/2775 1663/2790 1648/2770
f 1849/2775 1648/2770 1850/2773
f 1851/862 1848/860 1674/883
f 1851/862 1674/883 1690/890
f 1851/521 1690/450 1679/455
f 1851/521 1679/455 1678/522
f 1851/862 1678/881 1658/871
f 1851/862 1658/871 1657/870
f 1851/862 1657/870 1656/851
f 1851/862 1656/851 1848/860
f 1852/853 1853/852 1574/882
f 1852/853 1574/882 1645/888
f 1852/853 1645/888 1644/886
f 1852/853 1644/886 1847/854
f 1852/853 1847/854 1652/840
f 1852/853 1652/840 1651/842
f 1852/853 1651/842 1310/843
f 1852/853 1310/843 1853/852
f 1854/617 1855/616 1536/605
f 1854/617 1536/605 1535/610
f 1854/617 1535/610 1534/611
f 1854/2767 1534/2774 1850/2773
f 1854/2767 1850/2773 1648/2770
f 1854/2767 1648/2770 1647/2766
f 1854/2767 1647/2766 1554/2764
f 1854/2767 1554/2764 1855/2768
f 1856/2907 1857/2910 1451/2911
f 1856/615 1451/607 1569/606
f 1856/615 1569/606 1536/605
f 1856/615 1536/605 1855/616
f 1856/2769 1855/2768 1554/2764
f 1856/2769 1554/2764 1553/2777
f 1856/2907 1553/2908 1411/2909
f 1856/2907 1411/2909 1857/2910
f 1858/327 1475/326 1474/325
f 1858/327 1474/325 1859/344
f 1858/327 1859/344 1521/360
f 1858/327 1521/360 1520/362
f 1858/327 1520/362 1308/381
f 1858/327 1308/381 1307/380
f 1858/327 1307/380 1314/322
f 1858/327 1314/322 1475/326
f 1860/106 570/20 180/11
f 1860/106 180/11 1478/105
f 1860/106 1478/105 1464/133
f 1860/106 1464/133 1861/134
f 1860/106 1861/134 1317/138
f 1860/106 1317/138 1518/107
f 1860/106 1518/107 226/40
f 1860/106 226/40 570/20
f 1862/2753 1452/2811 1451/2805
f 1862/2753 1451/2805 1857/2804
f 1862/2753 1857/2804 1411/2752
f 1862/2753 1411/2752 1410/2751
f 1862/2753 1410/2751 1341/2747
f 1862/2753 1341/2747 1863/2778
f 1862/2903 1863/2904 1453/2905
f 1862/2903 1453/2905 1452/2906
f 1864/2743 1456/2738 1453/2739
f 1864/2743 1453/2739 1863/2778
f 1864/2743 1863/2778 1341/2747
f 1864/2743 1341/2747 1340/2746
f 1864/2743 1340/2746 1321/2745
f 1864/2743 1321/2745 1865/2744
f 1864/2743 1865/2744 1457/2705
f 1864/2743 1457/2705 1456/2738
f 1866/142 1861/134 1464/133
f 1866/142 1464/133 1463/165
f 1867/257 1462/263 1457/262
f 1867/257 1457/262 1865/261
f 1867/257 1865/261 1321/256
f 1867/257 1321/256 1320/255
f 1866/142 1318/141 1317/138
f 1866/142 1317/138 1861/134
f 1868/847 1526/857 1525/887
f 1868/847 1525/887 1575/884
f 1868/847 1575/884 1574/882
f 1868/847 1574/882 1853/852
f 1868/847 1853/852 1310/843
f 1868/847 1310/843 1309/846
f 1868/847 1309/846 1308/850
f 1868/847 1308/850 1526/857
f 1869/1808 1870/1873 1871/1816
f 1869/1808 1871/1816 1872/1789
f 1869/1808 1872/1789 1873/1787
f 1869/1808 1873/1787 1874/1792
f 1869/1808 1874/1792 1875/1815
f 1869/1808 1875/1815 1876/1882
f 1869/1808 1876/1882 1877/1893
f 1869/1808 1877/1893 1870/1873
f 1878/1283 1879/1282 1880/1277
f 1878/1283 1880/1277 1881/1297
f 1878/1283 1881/1297 1882/1313
f 1878/1283 1882/1313 1883/1312
f 1878/1283 1883/1312 1884/1293
f 1878/1283 1884/1293 1885/1285
f 1878/1283 1885/1285 1886/1284
f 1878/1283 1886/1284 1879/1282
f 1887/1791 1874/1792 1873/1787
f 1887/1791 1873/1787 1888/1790
f 1887/1791 1888/1790 1889/1793
f 1887/1791 1889/1793 1890/1794
f 1887/1791 1890/1794 1891/1804
f 1887/1791 1891/1804 1892/1812
f 1887/1791 1892/1812 1875/1815
f 1887/1791 1875/1815 1874/1792
f 1893/1874 1894/1758 1895/1734
f 1893/1874 1895/1734 1896/1825
f 1893/1874 1896/1825 1897/1834
f 1893/2635 1897/2633 1898/2634
f 1893/2635 1898/2634 1899/2636
f 1893/2635 1899/2636 1900/2727
f 1893/1874 1900/1876 1901/1733
f 1893/1874 1901/1733 1894/1758
f 1902/2677 1903/2678 1904/2673
f 1902/2677 1904/2673 1905/2676
f 1902/1296 1905/1318 1882/1313
f 1902/1296 1882/1313 1881/1297
f 1902/1296 1881/1297 1880/1277
f 1902/1296 1880/1277 1906/1276
f 1902/1296 1906/1276 1907/1275
f 1902/1296 1907/1275 1903/1367
f 1908/1810 1909/1746 1910/1750
f 1908/1810 1910/1750 1911/1820
f 1908/1810 1911/1820 1912/1819
f 1908/1810 1912/1819 1913/1811
f 1908/1810 1913/1811 1914/1797
f 1908/1810 1914/1797 1915/1809
f 1908/1810 1915/1809 1916/1742
f 1908/1810 1916/1742 1909/1746
f 1917/117 1918/125 629/80
f 1917/117 629/80 628/79
f 1917/117 628/79 634/78
f 1917/117 634/78 1919/116
f 1917/117 1919/116 1920/157
f 1917/117 1920/157 1921/132
f 1917/117 1921/132 1797/129
f 1917/117 1797/129 1918/125
f 1922/230 1923/242 1924/246
f 1922/230 1924/246 1925/248
f 1922/230 1925/248 1926/207
f 1922/230 1926/207 1927/206
f 1922/230 1927/206 1928/190
f 1922/230 1928/190 1929/228
f 1922/230 1929/228 1753/234
f 1922/230 1753/234 1923/242
f 1930/111 1931/115 1932/114
f 1930/111 1932/114 1933/99
f 1930/111 1933/99 653/72
f 1930/111 653/72 652/85
f 1934/171 1935/172 1936/173
f 1934/171 1936/173 1937/178
f 1934/171 1937/178 1928/190
f 1934/171 1928/190 1938/191
f 1939/2671 1940/2670 1941/2672
f 1939/2671 1941/2672 1942/2733
f 1939/2671 1942/2733 1943/2734
f 1939/2671 1943/2734 1944/2735
f 1939/2848 1944/2851 1945/2849
f 1939/2848 1945/2849 1946/2850
f 1939/2671 1946/2687 1947/2620
f 1939/2671 1947/2620 1940/2670
f 1948/2655 1949/2656 1950/2657
f 1948/2655 1950/2657 1951/2807
f 1948/2389 1951/2387 1952/2384
f 1948/2389 1952/2384 1953/2390
f 1948/2389 1953/2390 1954/2391
f 1948/2389 1954/2391 1955/2400
f 1948/2655 1955/2806 1956/2658
f 1948/2655 1956/2658 1949/2656
f 1957/1854 1958/1856 1959/1859
f 1957/1854 1959/1859 1960/1913
f 1957/1854 1960/1913 1961/1868
f 1957/1854 1961/1868 1962/1869
f 1957/1854 1962/1869 1963/1842
f 1957/1854 1963/1842 1964/1843
f 1957/1854 1964/1843 1965/1844
f 1957/1854 1965/1844 1958/1856
f 1966/2631 1967/2632 1968/2629
f 1966/2631 1968/2629 1969/2630
f 1966/2631 1969/2630 1970/2638
f 1966/2631 1970/2638 1971/2724
f 1966/2631 1971/2724 1899/2636
f 1966/2631 1899/2636 1898/2634
f 1966/2631 1898/2634 1897/2633
f 1966/2631 1897/2633 1967/2632
f 1972/218 1937/178 1936/173
f 1972/218 1936/173 1973/219
f 1972/218 1973/219 1755/238
f 1972/218 1755/238 1754/240
f 1972/218 1754/240 1753/234
f 1972/218 1753/234 1929/228
f 1972/218 1929/228 1928/190
f 1972/218 1928/190 1937/178
f 1974/2647 1975/2659 1976/2652
f 1974/2647 1976/2652 1977/2650
f 1974/2647 1977/2650 1978/2648
f 1974/2647 1978/2648 1979/2646
f 1974/2647 1979/2646 1980/2641
f 1974/2647 1980/2641 1981/2824
f 1974/2877 1981/2878 1982/2879
f 1974/2877 1982/2879 1975/2880
f 1983/192 1927/206 1926/207
f 1983/192 1926/207 1984/208
f 1985/128 1986/146 1987/145
f 1985/128 1987/145 1988/144
f 1985/128 1988/144 1932/114
f 1985/128 1932/114 1931/115
f 1983/192 1938/191 1928/190
f 1983/192 1928/190 1927/206
f 1989/1134 1990/1137 1991/1135
f 1989/1134 1991/1135 1992/1136
f 1989/1134 1992/1136 1993/1154
f 1989/1134 1993/1154 1994/1155
f 1989/1134 1994/1155 1995/1156
f 1989/1134 1995/1156 1996/1142
f 1989/1134 1996/1142 1997/1140
f 1989/1134 1997/1140 1990/1137
f 1998/2680 1999/2681 1790/2579
f 1998/2680 1790/2579 1789/2613
f 1998/2680 1789/2613 1788/2614
f 1998/2680 1788/2614 2000/2619
f 1998/2680 2000/2619 1904/2673
f 1998/2680 1904/2673 1903/2678
f 1998/2680 1903/2678 1907/2810
f 1998/2680 1907/2810 1999/2681
f 2001/2685 2002/2684 2003/2683
f 2001/2685 2003/2683 2004/2686
f 2001/1905 2004/1841 1963/1842
f 2001/1905 1963/1842 2005/1906
f 2001/2859 2005/2862 1943/2861
f 2001/2859 1943/2861 1942/2860
f 2001/2859 1942/2860 1941/2856
f 2001/2859 1941/2856 2002/2858
f 2006/1745 2007/1747 2008/1753
f 2006/1745 2008/1753 2009/1751
f 2006/1745 2009/1751 1910/1750
f 2006/1745 1910/1750 1909/1746
f 2006/1745 1909/1746 1916/1742
f 2006/1745 1916/1742 2010/1743
f 2006/1745 2010/1743 2011/1744
f 2006/1745 2011/1744 2007/1747
f 2012/1788 2013/1817 1961/1868
f 2012/1788 1961/1868 2014/1875
f 2012/1788 2014/1875 2015/1711
f 2012/1788 2015/1711 2016/1786
f 2012/1788 2016/1786 1873/1787
f 2012/1788 1873/1787 1872/1789
f 2012/1788 1872/1789 1871/1816
f 2012/1788 1871/1816 2013/1817
f 2017/2840 1787/2841 1786/2842
f 2017/2840 1786/2842 2018/2845
f 2017/2616 2018/2623 2019/2622
f 2017/2616 2019/2622 2020/2621
f 2017/2616 2020/2621 1947/2620
f 2017/2616 1947/2620 2021/2617
f 2017/2616 2021/2617 1788/2614
f 2017/2616 1788/2614 1787/2615
f 2022/1864 2023/1895 1963/1842
f 2022/1864 1963/1842 1962/1869
f 2022/1864 1962/1869 1961/1868
f 2022/1864 1961/1868 2013/1817
f 2022/1864 2013/1817 1871/1816
f 2022/1864 1871/1816 2024/1878
f 2022/1864 2024/1878 2025/1903
f 2022/1864 2025/1903 2023/1895
f 2026/1836 2027/1837 1897/1834
f 2026/1836 1897/1834 2028/1835
f 2026/1836 2028/1835 2029/1851
f 2026/1836 2029/1851 2030/1850
f 2026/1836 2030/1850 2031/1847
f 2026/1836 2031/1847 2032/1839
f 2026/1836 2032/1839 2003/1838
f 2026/1836 2003/1838 2027/1837
f 2033/2597 2034/2598 2035/2599
f 2033/2396 2035/2407 2036/2406
f 2033/2396 2036/2406 2037/2394
f 2033/2396 2037/2394 2038/2393
f 2033/2396 2038/2393 2039/2388
f 2033/2396 2039/2388 2040/2395
f 2033/2597 2040/2830 2041/2603
f 2033/2597 2041/2603 2034/2598
f 2042/1707 2043/1781 1895/1734
f 2042/1707 1895/1734 2044/1728
f 2042/1707 2044/1728 1767/1705
f 2042/1707 1767/1705 2045/1706
f 2042/1707 2045/1706 2046/1713
f 2042/1707 2046/1713 2047/1828
f 2042/1707 2047/1828 2048/1829
f 2042/1707 2048/1829 2043/1781
f 2049/2651 2050/2662 1978/2648
f 2049/2651 1978/2648 1977/2650
f 2049/2651 1977/2650 1976/2652
f 2049/2651 1976/2652 2051/2653
f 2049/2651 2051/2653 1926/2654
f 2049/266 1926/207 1925/248
f 2049/266 1925/248 1924/246
f 2049/266 1924/246 2050/294
f 2052/1719 2053/1718 1767/1705
f 2052/1719 1767/1705 2044/1728
f 2052/1719 2044/1728 1895/1734
f 2052/1719 1895/1734 1894/1758
f 2052/1719 1894/1758 1901/1733
f 2052/1719 1901/1733 2054/1732
f 2052/1719 2054/1732 2055/1720
f 2052/1719 2055/1720 2053/1718
f 2056/1300 2057/1351 2058/1346
f 2056/1300 2058/1346 2059/1303
f 2056/1300 2059/1303 2060/1302
f 2056/1300 2060/1302 2061/1301
f 2056/1300 2061/1301 2062/1292
f 2056/1300 2062/1292 2063/1298
f 2056/1300 2063/1298 1875/1350
f 2056/1300 1875/1350 2057/1351
f 2064/1309 2065/1310 2025/1321
f 2064/1896 2025/1903 2024/1878
f 2064/1896 2024/1878 1871/1816
f 2064/1896 1871/1816 1870/1873
f 2064/1896 1870/1873 1877/1893
f 2064/1309 1877/1295 2066/1294
f 2064/1309 2066/1294 1884/1293
f 2064/1309 1884/1293 2065/1310
f 2067/249 2068/232 2069/296
f 2067/2610 2069/2730 2070/2729
f 2067/2610 2070/2729 1806/2609
f 2067/2610 1806/2609 1805/2608
f 2067/2610 1805/2608 1799/2607
f 2067/249 1799/182 2071/200
f 2067/249 2071/200 2072/187
f 2067/249 2072/187 2068/232
f 2073/2590 1802/2592 1809/2593
f 2073/2590 1809/2593 2074/2594
f 2073/2590 2074/2594 1786/2601
f 2073/2590 1786/2601 1785/2732
f 2073/2590 1785/2732 1439/2582
f 2073/2590 1439/2582 1438/2589
f 2073/2590 1438/2589 1446/2591
f 2073/2590 1446/2591 1802/2592
f 2075/209 2076/210 1956/211
f 2075/209 1956/211 1955/302
f 2075/2522 1955/2523 1954/2524
f 2075/2402 1954/2391 2077/2401
f 2078/147 2079/150 2080/149
f 2078/147 2080/149 2081/148
f 2078/147 2081/148 1987/145
f 2078/147 1987/145 1986/146
f 2082/143 2083/124 1932/114
f 2082/143 1932/114 1988/144
f 2082/143 1988/144 1987/145
f 2082/143 1987/145 2084/161
f 2082/143 2084/161 2085/162
f 2082/143 2085/162 2086/164
f 2082/143 2086/164 1920/157
f 2082/143 1920/157 2083/124
f 2087/160 1798/158 1797/129
f 2087/160 1797/129 1921/132
f 2087/160 1921/132 1920/157
f 2087/160 1920/157 2086/164
f 2087/160 2086/164 2085/162
f 2087/160 2085/162 2088/163
f 2087/160 2088/163 1799/182
f 2087/160 1799/182 1798/158
f 2089/1698 2090/1700 1773/1701
f 2089/1698 1773/1701 2091/1702
f 2089/1698 2091/1702 2015/1711
f 2089/1698 2015/1711 2092/1759
f 2089/1698 2092/1759 2093/1748
f 2089/1698 2093/1748 2094/1710
f 2089/1698 2094/1710 2095/1699
f 2089/1698 2095/1699 2090/1700
f 2096/1904 2097/1911 2098/1910
f 2096/1904 2098/1910 2099/1899
f 2096/1904 2099/1899 2100/1889
f 2096/1904 2100/1889 2101/1886
f 2096/1904 2101/1886 1762/1885
f 2096/1904 1762/1885 2102/1914
f 2096/1904 2102/1914 2103/1923
f 2096/1904 2103/1923 2097/1911
f 2104/1879 2105/1783 2106/1779
f 2104/1879 2106/1779 2107/1780
f 2104/1879 2107/1780 2108/1892
f 2104/1879 2108/1892 2109/1908
f 2104/1879 2109/1908 2110/1918
f 2104/1879 2110/1918 2111/1902
f 2104/1879 2111/1902 1758/1867
f 2104/1879 1758/1867 2105/1783
f 2112/1897 2113/1909 2114/1898
f 2112/1897 2114/1898 2115/1891
f 2112/1897 2115/1891 2116/1833
f 2112/1897 2116/1833 2117/1871
f 2112/1897 2117/1871 2100/1889
f 2112/1897 2100/1889 2099/1899
f 2112/1897 2099/1899 2098/1910
f 2112/1897 2098/1910 2113/1909
f 2118/1824 1896/1825 1895/1734
f 2118/1824 1895/1734 2043/1781
f 2118/1824 2043/1781 2048/1829
f 2118/1824 2048/1829 2119/1858
f 2118/1824 2119/1858 2029/1851
f 2118/1824 2029/1851 2028/1835
f 2118/1824 2028/1835 1897/1834
f 2118/1824 1897/1834 1896/1825
f 2120/1760 2092/1759 2015/1711
f 2120/1760 2015/1711 2014/1875
f 2120/1760 2014/1875 1961/1868
f 2120/1760 1961/1868 1960/1913
f 2120/1760 1960/1913 1959/1859
f 2120/1760 1959/1859 2121/1863
f 2120/1760 2121/1863 2093/1748
f 2120/1760 2093/1748 2092/1759
f 2122/1840 1964/1843 1963/1842
f 2122/1840 1963/1842 2004/1841
f 2122/1840 2004/1841 2003/1838
f 2122/1840 2003/1838 2032/1839
f 2122/1840 2032/1839 2031/1847
f 2122/1840 2031/1847 2123/1845
f 2122/1840 2123/1845 1965/1844
f 2122/1840 1965/1844 1964/1843
f 2124/1703 2045/1706 1767/1705
f 2124/1703 1767/1705 1766/1704
f 2124/1703 1766/1704 1773/1701
f 2124/1703 1773/1701 2090/1700
f 2124/1703 2090/1700 2095/1699
f 2124/1703 2095/1699 2125/1708
f 2124/1703 2125/1708 2046/1713
f 2124/1703 2046/1713 2045/1706
f 2126/2397 2077/2401 1954/2391
f 2126/2397 1954/2391 2127/2379
f 2126/2397 2127/2379 2128/2335
f 2126/2397 2128/2335 2129/2398
f 2130/151 2131/224 2132/223
f 2130/151 2132/223 2133/152
f 2130/151 2133/152 2080/149
f 2130/151 2080/149 2079/150
f 2134/98 1919/116 634/78
f 2134/98 634/78 850/73
f 2134/98 850/73 653/72
f 2134/98 653/72 1933/99
f 2134/98 1933/99 1932/114
f 2134/98 1932/114 2083/124
f 2134/98 2083/124 1920/157
f 2134/98 1920/157 1919/116
f 2135/222 2136/203 2137/185
f 2135/222 2137/185 2138/201
f 2135/1555 2138/1557 2139/1531
f 2135/1555 2139/1531 2140/1530
f 2135/1555 2140/1530 2141/1528
f 2135/1555 2141/1528 2142/1554
f 2135/1555 2142/1554 2143/1562
f 2135/1555 2143/1562 2136/1564
f 2144/2925 1807/2926 1806/2927
f 2144/2925 1806/2927 2145/2928
f 2144/2925 2145/2928 2146/2929
f 2144/2925 2146/2929 2147/2931
f 2148/1664 2149/1662 2037/1661
f 2148/1664 2037/1661 2036/1665
f 2148/1664 2036/1665 2035/1667
f 2148/1664 2035/1667 2150/1668
f 2151/108 1794/127 1509/118
f 2151/108 1509/118 1508/100
f 2151/108 1508/100 214/42
f 2151/108 214/42 870/82
f 2152/109 869/83 629/80
f 2152/109 629/80 1918/125
f 2152/109 1918/125 1797/129
f 2152/109 1797/129 1796/130
f 2153/120 1510/119 1509/118
f 2153/120 1509/118 1793/121
f 2153/120 1793/121 1367/181
f 2153/120 1367/181 1366/179
f 2153/120 1366/179 1373/122
f 2153/120 1373/122 1510/119
f 2154/156 2071/200 1799/182
f 2154/156 1799/182 2088/163
f 2154/156 2088/163 2085/162
f 2154/156 2085/162 2084/161
f 2154/156 2084/161 1987/145
f 2154/156 1987/145 2155/155
f 2154/156 2155/155 2072/187
f 2154/156 2072/187 2071/200
f 2156/1553 2157/1566 2143/1562
f 2156/1553 2143/1562 2142/1554
f 2156/1553 2142/1554 2141/1528
f 2156/1553 2141/1528 2158/1529
f 2156/1553 2158/1529 2159/1535
f 2156/1553 2159/1535 2160/1556
f 2156/1553 2160/1556 2146/1567
f 2156/1553 2146/1567 2157/1566
f 2161/2731 2070/2729 2069/2730
f 2161/1580 2069/1582 2162/1581
f 2161/1580 2162/1581 2143/1562
f 2161/1580 2143/1562 2157/1566
f 2161/1580 2157/1566 2146/1567
f 2161/2930 2146/2929 2145/2928
f 2161/2731 2145/2781 1806/2609
f 2161/2731 1806/2609 2070/2729
f 2163/153 2155/155 1987/145
f 2163/153 1987/145 2081/148
f 2163/153 2081/148 2080/149
f 2163/153 2080/149 2164/154
f 2163/153 2164/154 2137/185
f 2163/153 2137/185 2165/186
f 2163/153 2165/186 2072/187
f 2163/153 2072/187 2155/155
f 2166/202 2068/232 2072/187
f 2166/202 2072/187 2165/186
f 2166/202 2165/186 2137/185
f 2166/202 2137/185 2136/203
f 2166/202 2136/203 2143/236
f 2166/202 2143/236 2162/265
f 2166/202 2162/265 2069/296
f 2166/202 2069/296 2068/232
f 2167/2881 2168/2882 2041/2883
f 2167/2881 2041/2883 2040/2884
f 2167/2386 2040/2395 2039/2388
f 2167/2386 2039/2388 2169/2385
f 2167/2386 2169/2385 1952/2384
f 2167/2386 1952/2384 1951/2387
f 2167/2660 1951/2807 1950/2657
f 2167/2660 1950/2657 2168/2661
f 2170/1532 2171/1534 2132/1547
f 2170/1532 2132/1547 2172/1543
f 2170/1532 2172/1543 2173/1542
f 2170/1532 2173/1542 2174/1533
f 2170/1532 2174/1533 2175/1524
f 2170/1532 2175/1524 2176/1527
f 2170/1532 2176/1527 2139/1531
f 2170/1532 2139/1531 2171/1534
f 2177/1525 2158/1529 2141/1528
f 2177/1525 2141/1528 2178/1522
f 2177/1525 2178/1522 2179/1521
f 2177/1525 2179/1521 2180/1526
f 2177/1525 2180/1526 2181/1537
f 2177/1525 2181/1537 2182/1536
f 2177/1525 2182/1536 2159/1535
f 2177/1525 2159/1535 2158/1529
f 2183/1559 2184/1560 2159/1535
f 2183/1559 2159/1535 2182/1536
f 2183/1559 2182/1536 2181/1537
f 2183/1559 2181/1537 2185/1563
f 2186/2383 2187/2382 2188/2352
f 2186/2383 2188/2352 2189/2346
f 2186/2383 2189/2346 2190/2345
f 2186/2383 2190/2345 2191/2392
f 2192/159 2164/154 2080/149
f 2192/159 2080/149 2133/152
f 2192/159 2133/152 2132/223
f 2192/1558 2132/1547 2171/1534
f 2192/1558 2171/1534 2139/1531
f 2192/1558 2139/1531 2138/1557
f 2192/159 2138/201 2137/185
f 2192/159 2137/185 2164/154
f 2193/2378 1953/2390 1952/2384
f 2193/2378 1952/2384 2194/2377
f 2193/2378 2194/2377 2195/2337
f 2193/2378 2195/2337 2196/2336
f 2193/2378 2196/2336 2128/2335
f 2193/2378 2128/2335 2127/2379
f 2193/2378 2127/2379 1954/2391
f 2193/2378 1954/2391 1953/2390
f 2197/2373 2038/2393 2037/2394
f 2197/2373 2037/2394 2198/2374
f 2197/2373 2198/2374 2190/2345
f 2197/2373 2190/2345 2199/2344
f 2197/2373 2199/2344 2200/2341
f 2197/2373 2200/2341 2201/2375
f 2197/2373 2201/2375 2039/2388
f 2197/2373 2039/2388 2038/2393
f 2202/1561 2147/1579 2146/1567
f 2202/1561 2146/1567 2160/1556
f 2202/1561 2160/1556 2159/1535
f 2202/1561 2159/1535 2184/1560
f 2203/1660 2191/1669 2190/1666
f 2203/1660 2190/1666 2198/1663
f 2203/1660 2198/1663 2037/1661
f 2203/1660 2037/1661 2149/1662
f 2204/2376 2169/2385 2039/2388
f 2204/2376 2039/2388 2201/2375
f 2204/2376 2201/2375 2200/2341
f 2204/2376 2200/2341 2205/2340
f 2204/2376 2205/2340 2195/2337
f 2204/2376 2195/2337 2194/2377
f 2204/2376 2194/2377 1952/2384
f 2204/2376 1952/2384 2169/2385
f 2206/1538 2180/1526 2179/1521
f 2206/1538 2179/1521 2207/1540
f 2206/1538 2207/1540 2208/1548
f 2206/1538 2208/1548 2209/1549
f 2206/1538 2209/1549 2210/1551
f 2206/1538 2210/1551 2211/1539
f 2206/1538 2211/1539 2181/1537
f 2206/1538 2181/1537 2180/1526
f 2212/1565 2185/1563 2181/1537
f 2212/1565 2181/1537 2211/1539
f 2212/1565 2211/1539 2210/1551
f 2212/1565 2210/1551 2213/1573
f 2214/2381 2215/2380 2216/2356
f 2214/2381 2216/2356 2217/2355
f 2214/2381 2217/2355 2188/2352
f 2214/2381 2188/2352 2187/2382
f 2218/2354 2219/2353 2188/2352
f 2218/2354 2188/2352 2217/2355
f 2218/2354 2217/2355 2216/2356
f 2218/2354 2216/2356 2220/2360
f 2218/2354 2220/2360 2221/2361
f 2218/2354 2221/2361 2222/2357
f 2218/2354 2222/2357 2223/2349
f 2218/2354 2223/2349 2219/2353
f 2224/1520 2140/1530 2139/1531
f 2224/1520 2139/1531 2176/1527
f 2224/1520 2176/1527 2175/1524
f 2224/1520 2175/1524 2225/1523
f 2224/1520 2225/1523 2179/1521
f 2224/1520 2179/1521 2178/1522
f 2224/1520 2178/1522 2141/1528
f 2224/1520 2141/1528 2140/1530
f 2226/2399 2129/2398 2128/2335
f 2226/2399 2128/2335 2227/2334
f 2226/2399 2227/2334 2228/2347
f 2226/2399 2228/2347 2229/2404
f 2230/1575 2231/1578 2173/1542
f 2230/1575 2173/1542 2172/1543
f 2230/1575 2172/1543 2132/1547
f 2230/1575 2132/1547 2131/1576
f 2232/2333 2196/2336 2195/2337
f 2232/2333 2195/2337 2233/2338
f 2232/2333 2233/2338 2234/2351
f 2232/2333 2234/2351 2235/2348
f 2232/2333 2235/2348 2228/2347
f 2232/2333 2228/2347 2227/2334
f 2232/2333 2227/2334 2128/2335
f 2232/2333 2128/2335 2196/2336
f 2236/2339 2205/2340 2200/2341
f 2236/2339 2200/2341 2237/2342
f 2236/2339 2237/2342 2223/2349
f 2236/2339 2223/2349 2238/2350
f 2236/2339 2238/2350 2234/2351
f 2236/2339 2234/2351 2233/2338
f 2236/2339 2233/2338 2195/2337
f 2236/2339 2195/2337 2205/2340
f 2239/2343 2199/2344 2190/2345
f 2239/2343 2190/2345 2189/2346
f 2239/2343 2189/2346 2188/2352
f 2239/2343 2188/2352 2219/2353
f 2239/2343 2219/2353 2223/2349
f 2239/2343 2223/2349 2237/2342
f 2239/2343 2237/2342 2200/2341
f 2239/2343 2200/2341 2199/2344
f 2240/2371 2241/2368 2221/2361
f 2240/2371 2221/2361 2220/2360
f 2240/2371 2220/2360 2216/2356
f 2240/2371 2216/2356 2215/2380
f 2242/1572 2213/1573 2210/1551
f 2242/1572 2210/1551 2209/1549
f 2242/1572 2209/1549 2208/1548
f 2242/1572 2208/1548 2243/1571
f 2244/1569 2245/1550 2246/1552
f 2244/1569 2246/1552 2247/1570
f 2248/2366 2249/2367 2250/2365
f 2248/2366 2250/2365 2251/2364
f 2248/2366 2251/2364 2221/2361
f 2248/2366 2221/2361 2241/2368
f 2244/1569 2243/1571 2208/1548
f 2244/1569 2208/1548 2245/1550
f 2252/2372 2253/2370 2250/2365
f 2252/2372 2250/2365 2249/2367
f 2254/1577 2247/1570 2246/1552
f 2254/1577 2246/1552 2255/1568
f 2254/1577 2255/1568 2256/1574
f 2254/1577 2256/1574 2257/1584
f 2252/2372 2258/2403 2259/2369
f 2252/2372 2259/2369 2253/2370
f 2260/1545 2174/1533 2173/1542
f 2260/1545 2173/1542 2261/1546
f 2260/1545 2261/1546 2256/1574
f 2260/1545 2256/1574 2255/1568
f 2260/1545 2255/1568 2246/1552
f 2260/1545 2246/1552 2262/1544
f 2260/1545 2262/1544 2175/1524
f 2260/1545 2175/1524 2174/1533
f 2263/1541 2225/1523 2175/1524
f 2263/1541 2175/1524 2262/1544
f 2263/1541 2262/1544 2246/1552
f 2263/1541 2246/1552 2245/1550
f 2263/1541 2245/1550 2208/1548
f 2263/1541 2208/1548 2207/1540
f 2263/1541 2207/1540 2179/1521
f 2263/1541 2179/1521 2225/1523
f 2264/2405 2229/2404 2228/2347
f 2264/2405 2228/2347 2265/2363
f 2264/2405 2265/2363 2259/2369
f 2264/2405 2259/2369 2258/2403
f 2266/1583 2257/1584 2256/1574
f 2266/1583 2256/1574 2261/1546
f 2266/1583 2261/1546 2173/1542
f 2266/1583 2173/1542 2231/1578
f 2267/2362 2235/2348 2234/2351
f 2267/2362 2234/2351 2268/2359
f 2267/2362 2268/2359 2250/2365
f 2267/2362 2250/2365 2253/2370
f 2267/2362 2253/2370 2259/2369
f 2267/2362 2259/2369 2265/2363
f 2267/2362 2265/2363 2228/2347
f 2267/2362 2228/2347 2235/2348
f 2269/2358 2238/2350 2223/2349
f 2269/2358 2223/2349 2222/2357
f 2269/2358 2222/2357 2221/2361
f 2269/2358 2221/2361 2251/2364
f 2269/2358 2251/2364 2250/2365
f 2269/2358 2250/2365 2268/2359
f 2269/2358 2268/2359 2234/2351
f 2269/2358 2234/2351 2238/2350
f 2270/1827 2271/1880 2114/1898
f 2270/1827 2114/1898 2272/1861
f 2270/1827 2272/1861 2048/1829
f 2270/1827 2048/1829 2047/1828
f 2270/1827 2047/1828 2046/1713
f 2270/1827 2046/1713 2273/1762
f 2270/1827 2273/1762 2274/1763
f 2270/1827 2274/1763 2271/1880
f 2275/1849 2097/1911 2103/1923
f 2275/1849 2103/1923 2276/1848
f 2275/1849 2276/1848 2031/1847
f 2275/1849 2031/1847 2030/1850
f 2275/1849 2030/1850 2029/1851
f 2275/1849 2029/1851 2277/1852
f 2275/1849 2277/1852 2098/1910
f 2275/1849 2098/1910 2097/1911
f 2278/1855 2279/1919 2110/1918
f 2278/1855 2110/1918 2280/1860
f 2278/1855 2280/1860 1959/1859
f 2278/1855 1959/1859 1958/1856
f 2278/1855 1958/1856 1965/1844
f 2278/1855 1965/1844 2281/1853
f 2278/1855 2281/1853 2282/1917
f 2278/1855 2282/1917 2279/1919
f 2283/1712 2284/1831 2285/1765
f 2283/1712 2285/1765 2286/1716
f 2283/1712 2286/1716 2095/1699
f 2283/1712 2095/1699 2094/1710
f 2283/1712 2094/1710 2093/1748
f 2283/1712 2093/1748 2287/1756
f 2283/1712 2287/1756 2108/1892
f 2283/1712 2108/1892 2284/1831
f 2288/1709 2289/1766 2274/1763
f 2288/1709 2274/1763 2273/1762
f 2288/1709 2273/1762 2046/1713
f 2288/1709 2046/1713 2125/1708
f 2288/1709 2125/1708 2095/1699
f 2288/1709 2095/1699 2286/1716
f 2288/1709 2286/1716 2285/1765
f 2288/1709 2285/1765 2289/1766
f 2290/1857 2113/1909 2098/1910
f 2290/1857 2098/1910 2277/1852
f 2290/1857 2277/1852 2029/1851
f 2290/1857 2029/1851 2119/1858
f 2290/1857 2119/1858 2048/1829
f 2290/1857 2048/1829 2272/1861
f 2290/1857 2272/1861 2114/1898
f 2290/1857 2114/1898 2113/1909
f 2291/1846 2292/1921 2282/1917
f 2291/1846 2282/1917 2281/1853
f 2291/1846 2281/1853 1965/1844
f 2291/1846 1965/1844 2123/1845
f 2291/1846 2123/1845 2031/1847
f 2291/1846 2031/1847 2276/1848
f 2291/1846 2276/1848 2103/1923
f 2291/1846 2103/1923 2292/1921
f 2293/1862 2109/1908 2108/1892
f 2293/1862 2108/1892 2287/1756
f 2293/1862 2287/1756 2093/1748
f 2293/1862 2093/1748 2121/1863
f 2293/1862 2121/1863 1959/1859
f 2293/1862 1959/1859 2280/1860
f 2293/1862 2280/1860 2110/1918
f 2293/1862 2110/1918 2109/1908
f 2294/1777 2295/1774 2106/1779
f 2294/1777 2106/1779 2105/1783
f 2294/1777 2105/1783 1758/1867
f 2294/1777 1758/1867 1757/1826
f 2294/1777 1757/1826 1764/1782
f 2294/1777 1764/1782 2296/1776
f 2294/1777 2296/1776 2297/1771
f 2294/1777 2297/1771 2295/1774
f 2298/1767 2299/1768 2274/1763
f 2298/1767 2274/1763 2289/1766
f 2298/1767 2289/1766 2285/1765
f 2298/1767 2285/1765 2300/1772
f 2298/1767 2300/1772 2297/1771
f 2298/1767 2297/1771 2301/1770
f 2298/1767 2301/1770 2302/1769
f 2298/1767 2302/1769 2299/1768
f 2303/1311 1883/1312 1882/1313
f 2303/1311 1882/1313 2304/1320
f 2303/1311 2304/1320 1945/1366
f 2303/1311 1945/1366 2305/1322
f 2303/1311 2305/1322 2025/1321
f 2303/1311 2025/1321 2065/1310
f 2303/1311 2065/1310 1884/1293
f 2303/1311 1884/1293 1883/1312
f 2306/2453 2307/2445 2308/2444
f 2306/2453 2308/2444 2309/2454
f 2306/1173 2309/1158 1995/1156
f 2306/1173 1995/1156 2310/1174
f 2306/1173 2310/1174 2311/1254
f 2306/1173 2311/1254 2312/1263
f 2306/1173 2312/1263 2313/1314
f 2306/2453 2313/2446 2307/2445
f 2314/1290 1876/1347 1875/1350
f 2314/1290 1875/1350 2063/1298
f 2314/1290 2063/1298 2062/1292
f 2314/1290 2062/1292 2315/1291
f 2314/1290 2315/1291 2316/1288
f 2314/1290 2316/1288 2317/1289
f 2314/1290 2317/1289 1877/1295
f 2314/1290 1877/1295 1876/1347
f 2318/1264 2319/1359 2313/1314
f 2318/1264 2313/1314 2312/1263
f 2318/1264 2312/1263 2311/1254
f 2318/1264 2311/1254 2320/1255
f 2318/1264 2320/1255 2321/1261
f 2318/1264 2321/1261 2322/1271
f 2318/1264 2322/1271 2323/1274
f 2318/1264 2323/1274 2319/1359
f 2324/1097 2325/1102 2326/1116
f 2324/1097 2326/1116 2327/1115
f 2324/1097 2327/1115 2328/1107
f 2324/1097 2328/1107 2329/1100
f 2324/1097 2329/1100 2330/1098
f 2324/1097 2330/1098 2331/1099
f 2324/1097 2331/1099 2332/1101
f 2324/1097 2332/1101 2325/1102
f 2333/1243 2334/1248 2335/1246
f 2333/1243 2335/1246 2336/1244
f 2333/1243 2336/1244 2337/1245
f 2333/1243 2337/1245 2338/1247
f 2333/1243 2338/1247 1790/1272
f 2333/1243 1790/1272 2339/1262
f 2333/1243 2339/1262 2321/1261
f 2333/1243 2321/1261 2334/1248
f 2340/1438 2315/1441 2062/1439
f 2340/1438 2062/1439 2341/1440
f 2342/1421 2343/1424 2344/1423
f 2342/1421 2344/1423 2345/1418
f 2342/1421 2345/1418 2346/1417
f 2342/1421 2346/1417 2347/1422
f 2340/1438 2348/1445 2316/1444
f 2340/1438 2316/1444 2315/1441
f 2349/2448 2319/2449 2323/2450
f 2349/2448 2323/2450 2350/2451
f 2351/1118 2352/1117 2332/1101
f 2351/1118 2332/1101 2353/1106
f 2351/1018 2353/988 2354/983
f 2351/1018 2354/983 2355/1017
f 2349/2448 2356/2447 2313/2446
f 2349/2448 2313/2446 2319/2449
f 2357/1446 2358/1447 2316/1444
f 2357/1446 2316/1444 2348/1445
f 2359/1419 2347/1422 2346/1417
f 2359/1419 2346/1417 2360/1416
f 2359/1419 2360/1416 2361/1415
f 2359/1419 2361/1415 2362/1420
f 2357/1446 2363/1449 1886/1448
f 2357/1446 1886/1448 2358/1447
f 2364/2465 2365/2462 2366/2457
f 2364/2465 2366/2457 2367/2467
f 2368/1001 2369/1000 2370/997
f 2368/1001 2370/997 2371/1002
f 2368/1001 2371/1002 2372/1003
f 2368/1001 2372/1003 2373/1004
f 2364/2465 2374/2466 1782/2463
f 2364/2465 1782/2463 2365/2462
f 2375/1442 2061/1443 2060/1455
f 2375/1442 2060/1455 2376/1456
f 2377/1436 2378/1457 2379/1454
f 2377/1436 2379/1454 2380/1433
f 2377/1436 2380/1433 2344/1423
f 2377/1436 2344/1423 2343/1424
f 2375/1442 2341/1440 2062/1439
f 2375/1442 2062/1439 2061/1443
f 2381/1286 2066/1294 1877/1295
f 2381/1286 1877/1295 2317/1289
f 2381/1286 2317/1289 2316/1288
f 2381/1286 2316/1288 2358/1287
f 2381/1286 2358/1287 1886/1284
f 2381/1286 1886/1284 1885/1285
f 2381/1286 1885/1285 1884/1293
f 2381/1286 1884/1293 2066/1294
f 2382/977 2383/995 2384/978
f 2382/977 2384/978 2385/979
f 2382/977 2385/979 2386/980
f 2382/977 2386/980 2387/991
f 2382/977 2387/991 2388/992
f 2382/977 2388/992 2389/993
f 2382/977 2389/993 2370/997
f 2382/977 2370/997 2383/995
f 2390/981 2391/982 2354/983
f 2390/981 2354/983 2392/984
f 2390/981 2392/984 2393/985
f 2390/981 2393/985 2394/986
f 2390/981 2394/986 2386/980
f 2390/981 2386/980 2385/979
f 2390/981 2385/979 2384/978
f 2390/981 2384/978 2391/982
f 2395/994 2371/1002 2370/997
f 2395/994 2370/997 2389/993
f 2395/994 2389/993 2388/992
f 2395/994 2388/992 2396/1009
f 2395/994 2396/1009 2397/947
f 2395/994 2397/947 2398/1012
f 2395/994 2398/1012 2372/1003
f 2395/994 2372/1003 2371/1002
f 2399/1407 2360/1416 2346/1417
f 2399/1407 2346/1417 2400/1408
f 2399/1407 2400/1408 2401/1409
f 2399/1407 2401/1409 2402/1410
f 2399/1407 2402/1410 2403/1411
f 2399/1407 2403/1411 2404/1412
f 2399/1407 2404/1412 2361/1415
f 2399/1407 2361/1415 2360/1416
f 2405/2468 1775/2469 1782/2463
f 2405/2468 1782/2463 2374/2466
f 2406/1005 2373/1004 2372/1003
f 2406/1005 2372/1003 2407/1010
f 2406/1005 2407/1010 2408/946
f 2406/1005 2408/946 2409/1011
f 2405/2468 2410/2471 1776/2470
f 2405/2468 1776/2470 1775/2469
f 2411/1281 1879/1282 1886/1284
f 2411/1450 1886/1448 2363/1449
f 2412/1429 2362/1420 2361/1415
f 2412/1429 2361/1415 2413/1425
f 2412/1429 2413/1425 2326/1426
f 2412/1429 2326/1426 2414/1451
f 2411/1281 2415/1280 1880/1277
f 2411/1281 1880/1277 1879/1282
f 2416/2460 2417/2456 2308/2444
f 2416/2460 2308/2444 2418/2459
f 2419/996 2420/999 2384/978
f 2419/996 2384/978 2383/995
f 2419/996 2383/995 2370/997
f 2419/996 2370/997 2369/1000
f 2416/2460 2367/2467 2366/2457
f 2416/2460 2366/2457 2417/2456
f 2421/2443 2307/2445 2313/2446
f 2421/2443 2313/2446 2356/2447
f 2422/998 2355/1017 2354/983
f 2422/998 2354/983 2391/982
f 2422/998 2391/982 2384/978
f 2422/998 2384/978 2420/999
f 2421/2443 2418/2459 2308/2444
f 2421/2443 2308/2444 2307/2445
f 2423/1279 2424/1278 1880/1277
f 2423/1279 1880/1277 2415/1280
f 2425/1463 2414/1451 2326/1426
f 2425/1114 2326/1116 2325/1102
f 2425/1114 2325/1102 2332/1101
f 2425/1114 2332/1101 2352/1117
f 2423/2452 2350/2451 2323/2450
f 2423/1279 2323/1274 2424/1278
f 2426/1103 2427/1110 2393/1111
f 2426/1103 2393/1111 2428/1104
f 2426/1103 2428/1104 2330/1098
f 2426/1103 2330/1098 2329/1100
f 2426/1103 2329/1100 2328/1107
f 2426/1103 2328/1107 2429/1108
f 2426/1103 2429/1108 2430/1109
f 2426/1103 2430/1109 2427/1110
f 2431/622 2432/624 2433/625
f 2431/622 2433/625 2434/626
f 2431/1462 2434/1461 2435/1430
f 2431/1462 2435/1430 2436/1434
f 2431/1462 2436/1434 2437/1452
f 2431/622 2437/667 2438/627
f 2431/622 2438/627 2439/623
f 2431/622 2439/623 2432/624
f 2440/646 2441/647 2442/648
f 2440/646 2442/648 2443/649
f 2440/646 2443/649 2403/662
f 2440/1460 2403/1411 2402/1410
f 2440/1460 2402/1410 2401/1409
f 2440/1460 2401/1409 2444/1459
f 2440/646 2444/631 2445/630
f 2440/646 2445/630 2441/647
f 2446/659 2447/653 2442/648
f 2446/659 2442/648 2448/664
f 2446/989 2448/990 2386/980
f 2446/989 2386/980 2394/986
f 2446/989 2394/986 2393/985
f 2446/1112 2393/1111 2427/1110
f 2446/1112 2427/1110 2430/1109
f 2446/1112 2430/1109 2447/1113
f 2449/628 2450/629 2445/630
f 2449/628 2445/630 2444/631
f 2449/1458 2444/1459 2401/1409
f 2449/1458 2401/1409 2451/1427
f 2449/1458 2451/1427 2435/1430
f 2449/1458 2435/1430 2434/1461
f 2449/628 2434/626 2433/625
f 2449/628 2433/625 2450/629
f 2452/1105 2353/1106 2332/1101
f 2452/1105 2332/1101 2331/1099
f 2452/1105 2331/1099 2330/1098
f 2452/1105 2330/1098 2428/1104
f 2452/987 2428/1015 2393/985
f 2452/987 2393/985 2392/984
f 2452/987 2392/984 2354/983
f 2452/987 2354/983 2353/988
f 2453/1413 2413/1425 2361/1415
f 2453/1413 2361/1415 2404/1412
f 2453/1413 2404/1412 2403/1411
f 2453/1413 2403/1411 2454/1431
f 2453/1413 2454/1431 2328/1437
f 2453/1413 2328/1437 2327/1435
f 2453/1413 2327/1435 2326/1426
f 2453/1413 2326/1426 2413/1425
f 2455/1414 2345/1418 2344/1423
f 2455/1414 2344/1423 2456/1428
f 2455/1414 2456/1428 2435/1430
f 2455/1414 2435/1430 2451/1427
f 2455/1414 2451/1427 2401/1409
f 2455/1414 2401/1409 2400/1408
f 2455/1414 2400/1408 2346/1417
f 2455/1414 2346/1417 2345/1418
f 2457/1432 2380/1433 2379/1454
f 2457/1432 2379/1454 2458/1453
f 2457/1432 2458/1453 2437/1452
f 2457/1432 2437/1452 2436/1434
f 2457/1432 2436/1434 2435/1430
f 2457/1432 2435/1430 2456/1428
f 2457/1432 2456/1428 2344/1423
f 2457/1432 2344/1423 2380/1433
f 2459/941 2407/1010 2372/1003
f 2459/941 2372/1003 2398/1012
f 2459/941 2398/1012 2397/947
f 2459/941 2397/947 2460/942
f 2459/941 2460/942 2461/943
f 2459/941 2461/943 2462/944
f 2459/941 2462/944 2408/946
f 2459/941 2408/946 2407/1010
f 2463/1008 2396/1009 2388/992
f 2463/1008 2388/992 2464/1007
f 2463/1008 2464/1007 2445/1021
f 2463/1008 2445/1021 2450/1022
f 2463/1008 2450/1022 2433/1019
f 2463/1008 2433/1019 2465/1013
f 2463/1008 2465/1013 2397/947
f 2463/1008 2397/947 2396/1009
f 2466/652 2454/663 2403/662
f 2466/652 2403/662 2443/649
f 2466/652 2443/649 2442/648
f 2466/652 2442/648 2447/653
f 2466/652 2447/653 2430/656
f 2466/652 2430/656 2429/657
f 2466/652 2429/657 2328/669
f 2466/652 2328/669 2454/663
f 2467/1006 2387/991 2386/980
f 2467/1006 2386/980 2448/990
f 2467/672 2448/664 2442/648
f 2467/672 2442/648 2441/647
f 2467/672 2441/647 2445/630
f 2467/1006 2445/1021 2464/1007
f 2467/1006 2464/1007 2388/992
f 2467/1006 2388/992 2387/991
f 2468/1014 2460/942 2397/947
f 2468/1014 2397/947 2465/1013
f 2468/1014 2465/1013 2433/1019
f 2468/1014 2433/1019 2432/1020
f 2468/1014 2432/1020 2439/1023
f 2468/1014 2439/1023 2469/1016
f 2468/1014 2469/1016 2461/943
f 2468/1014 2461/943 2460/942
f 2470/1268 1999/1368 1907/1275
f 2470/1268 1907/1275 2471/1269
f 2470/1268 2471/1269 2321/1261
f 2470/1268 2321/1261 2339/1262
f 2470/1268 2339/1262 1790/1272
f 2470/1268 1790/1272 1999/1368
f 2472/1270 1906/1276 1880/1277
f 2472/1270 1880/1277 2424/1278
f 2472/1270 2424/1278 2323/1274
f 2472/1270 2323/1274 2322/1271
f 2472/1270 2322/1271 2321/1261
f 2472/1270 2321/1261 2471/1269
f 2472/1270 2471/1269 1907/1275
f 2472/1270 1907/1275 1906/1276
f 2473/2170 1623/2168 1622/2167
f 2473/2170 1622/2167 2474/2171
f 2473/2170 2474/2171 1741/2197
f 2473/2170 1741/2197 1744/2198
f 2473/2170 1744/2198 1579/2203
f 2473/2170 1579/2203 2475/2205
f 2473/2170 2475/2205 1544/2196
f 2473/2170 1544/2196 1623/2168
f 2476/1024 1820/1031 1813/1030
f 2476/1024 1813/1030 2477/1029
f 2476/1024 2477/1029 1736/1025
f 2476/1024 1736/1025 1738/1026
f 2478/1054 1742/1058 1741/1056
f 2478/1054 1741/1056 2474/1055
f 2478/1054 2474/1055 1622/1052
f 2478/1054 1622/1052 1818/1053
f 2479/2549 1812/2808 1605/2548
f 2479/2549 1605/2548 2480/2547
f 2479/2549 2480/2547 1587/2541
f 2479/2549 1587/2541 1734/2825
f 2479/2549 1734/2825 1736/2826
f 2479/2549 1736/2826 2477/2827
f 2479/697 2477/701 1813/694
f 2479/697 1813/694 1812/695
f 2481/2500 1602/2501 1544/2502
f 2481/2500 1544/2502 2475/2503
f 2481/2500 2475/2503 1579/2504
f 2481/2500 1579/2504 1578/2505
f 2482/2546 1588/2542 1587/2541
f 2482/2546 1587/2541 2480/2547
f 2482/2546 2480/2547 1605/2548
f 2482/2546 1605/2548 1604/2550
f 2483/1690 1633/1689 1632/1688
f 2483/1690 1632/1688 2484/1691
f 2483/1483 2484/1487 1699/1480
f 2483/1483 1699/1480 1722/1481
f 2485/1482 1724/1479 1719/1478
f 2485/1482 1719/1478 2486/1484
f 2485/1482 2486/1484 1636/1485
f 2485/1482 1636/1485 1635/1486
f 2487/2813 1839/2812 1636/2796
f 2487/1488 1636/1485 2486/1484
f 2487/1488 2486/1484 1719/1478
f 2487/1488 1719/1478 1718/1489
f 2487/2813 1718/2816 1713/2815
f 2487/2813 1713/2815 2488/2814
f 2487/2813 2488/2814 1840/2798
f 2487/2813 1840/2798 1839/2812
f 2489/742 1845/743 1840/744
f 2489/742 1840/744 2488/745
f 2489/742 2488/745 1713/746
f 2489/742 1713/746 1712/747
f 2490/766 1716/771 1693/770
f 2490/766 1693/770 2491/767
f 2490/766 2491/767 1660/764
f 2490/766 1660/764 1843/765
f 2492/875 1661/874 1660/873
f 2492/875 1660/873 2491/876
f 2492/875 2491/876 1693/877
f 2492/875 1693/877 1692/878
f 2492/1693 1692/1696 1699/1695
f 2492/1693 1699/1695 2484/1691
f 2492/1693 2484/1691 1632/1688
f 2492/875 1632/861 1661/874
f 2493/1725 2494/1735 2495/1738
f 2493/1725 2495/1738 2496/1726
f 2493/1725 2496/1726 2015/1711
f 2493/1725 2015/1711 2091/1702
f 2493/1725 2091/1702 1773/1701
f 2493/1725 1773/1701 1772/1724
f 2493/1725 1772/1724 1771/1729
f 2493/1725 1771/1729 2494/1735
f 2497/2892 1900/2894 1899/2891
f 2497/2892 1899/2891 2498/2890
f 2497/2665 2498/2664 2499/2645
f 2497/2665 2499/2645 2500/2666
f 2497/1872 2500/1890 2501/1830
f 2497/1872 2501/1830 2502/1764
f 2497/1872 2502/1764 1901/1733
f 2497/1872 1901/1733 1900/1876
f 2503/1731 2054/1732 1901/1733
f 2503/1731 1901/1733 2502/1764
f 2503/1731 2502/1764 2501/1830
f 2503/1731 2501/1830 2504/1761
f 2503/1731 2504/1761 1751/1757
f 2503/1731 1751/1757 2505/1730
f 2503/1731 2505/1730 2055/1720
f 2503/1731 2055/1720 2054/1732
f 2506/1795 1890/1794 1889/1793
f 2506/1795 1889/1793 2507/1796
f 2506/1795 2507/1796 1914/1797
f 2506/1795 1914/1797 2508/1798
f 2506/1795 2508/1798 2509/1800
f 2506/1795 2509/1800 2510/1803
f 2506/1795 2510/1803 1891/1804
f 2506/1795 1891/1804 1890/1794
f 2511/1739 1770/1727 1769/1723
f 2511/1739 1769/1723 2512/1740
f 2511/1739 2512/1740 1749/1754
f 2511/1739 1749/1754 2513/1752
f 2511/1739 2513/1752 2011/1744
f 2511/1739 2011/1744 2514/1737
f 2511/1739 2514/1737 1771/1729
f 2511/1739 1771/1729 1770/1727
f 2515/1785 2516/1805 1889/1793
f 2515/1785 1889/1793 1888/1790
f 2515/1785 1888/1790 1873/1787
f 2515/1785 1873/1787 2016/1786
f 2515/1785 2016/1786 2015/1711
f 2515/1785 2015/1711 2496/1726
f 2515/1785 2496/1726 2495/1738
f 2515/1785 2495/1738 2516/1805
f 2517/1717 2518/1721 1769/1723
f 2517/1717 1769/1723 1768/1715
f 2517/1717 1768/1715 1767/1705
f 2517/1717 1767/1705 2053/1718
f 2517/1717 2053/1718 2055/1720
f 2517/1717 2055/1720 2518/1721
f 2519/2637 2520/2728 1968/2629
f 2519/2637 1968/2629 1967/2632
f 2519/2637 1967/2632 1897/2633
f 2519/2637 1897/2633 2027/2682
f 2519/2637 2027/2682 2003/2683
f 2519/2637 2003/2683 2002/2684
f 2519/2855 2002/2858 1941/2856
f 2519/2855 1941/2856 2520/2857
f 2521/2595 2522/2688 1786/2601
f 2521/2595 1786/2601 2074/2594
f 2521/2595 2074/2594 1809/2593
f 2521/2595 1809/2593 2523/2596
f 2521/2595 2523/2596 1982/2602
f 2521/2595 1982/2602 1981/2824
f 2521/2885 1981/2888 1980/2886
f 2521/2885 1980/2886 2522/2887
f 2524/1907 2111/1902 2110/1918
f 2524/1907 2110/1918 2279/1919
f 2524/1907 2279/1919 2282/1917
f 2524/1907 2282/1917 2525/1916
f 2524/1907 2525/1916 1760/1888
f 2524/1907 1760/1888 1759/1877
f 2524/1907 1759/1877 1758/1867
f 2524/1907 1758/1867 2111/1902
f 2526/1832 2527/1778 2116/1833
f 2526/1832 2116/1833 2115/1891
f 2526/1832 2115/1891 2114/1898
f 2526/1832 2114/1898 2271/1880
f 2526/1832 2271/1880 2274/1763
f 2526/1832 2274/1763 2299/1768
f 2526/1832 2299/1768 2302/1769
f 2526/1832 2302/1769 2527/1778
f 2528/1775 2296/1776 1764/1782
f 2528/1775 1764/1782 2529/1818
f 2528/1775 2529/1818 2116/1833
f 2528/1775 2116/1833 2527/1778
f 2528/1775 2527/1778 2302/1769
f 2528/1775 2302/1769 2301/1770
f 2528/1775 2301/1770 2297/1771
f 2528/1775 2297/1771 2296/1776
f 2530/1915 2102/1914 1762/1885
f 2530/1915 1762/1885 1761/1887
f 2530/1915 1761/1887 1760/1888
f 2530/1915 1760/1888 2525/1916
f 2530/1915 2525/1916 2282/1917
f 2530/1915 2282/1917 2292/1921
f 2530/1915 2292/1921 2103/1923
f 2530/1915 2103/1923 2102/1914
f 2531/1773 2300/1772 2285/1765
f 2531/1773 2285/1765 2284/1831
f 2531/1773 2284/1831 2108/1892
f 2531/1773 2108/1892 2107/1780
f 2531/1773 2107/1780 2106/1779
f 2531/1773 2106/1779 2295/1774
f 2531/1773 2295/1774 2297/1771
f 2531/1773 2297/1771 2300/1772
f 2532/1865 1763/1870 1762/1885
f 2532/1865 1762/1885 2101/1886
f 2532/1865 2101/1886 2100/1889
f 2532/1865 2100/1889 2117/1871
f 2532/1865 2117/1871 2116/1833
f 2532/1865 2116/1833 2529/1818
f 2532/1865 2529/1818 1764/1782
f 2532/1865 1764/1782 1763/1870
f 2533/2642 1979/2646 1978/2648
f 2533/2642 1978/2648 2534/2667
f 2533/2642 2534/2667 2499/2645
f 2533/2642 2499/2645 2535/2643
f 2533/2642 2535/2643 2536/2627
f 2533/2642 2536/2627 2537/2640
f 2533/2642 2537/2640 1980/2641
f 2533/2642 1980/2641 1979/2646
f 2538/2626 1969/2630 1968/2629
f 2538/2626 1968/2629 2539/2628
f 2538/2626 2539/2628 2019/2622
f 2538/2626 2019/2622 2540/2625
f 2538/2626 2540/2625 2536/2627
f 2538/2626 2536/2627 2541/2649
f 2538/2626 2541/2649 2542/2669
f 2538/2626 2543/2668 1970/2638
f 2538/2626 1970/2638 1969/2630
f 2544/2053 2545/2052 2546/2051
f 2544/2053 2546/2051 2547/2054
f 2544/2053 2547/2054 2548/2116
f 2544/1802 2548/1881 2549/1807
f 2544/1802 2549/1807 2509/1800
f 2544/1802 2509/1800 2545/1801
f 2550/1813 1892/1812 1891/1804
f 2550/1813 1891/1804 2551/1814
f 2550/1813 2551/1814 2058/1883
f 2550/1813 2058/1883 2057/1894
f 2550/1813 2057/1894 1875/1815
f 2550/1813 1875/1815 1892/1812
f 2552/1749 2513/1752 1749/1754
f 2552/1749 1749/1754 1748/1822
f 2552/1749 1748/1822 1747/1821
f 2552/1749 1747/1821 2553/1755
f 2552/1749 2553/1755 2008/1753
f 2552/1749 2008/1753 2007/1747
f 2552/1749 2007/1747 2011/1744
f 2552/1749 2011/1744 2513/1752
f 2554/243 2504/252 2501/300
f 2554/243 2501/300 2555/247
f 2554/243 2555/247 1924/246
f 2554/243 1924/246 1923/242
f 2554/243 1923/242 1753/234
f 2554/243 1753/234 1752/250
f 2554/243 1752/250 1751/251
f 2554/243 1751/251 2504/252
f 2556/1722 1750/1784 1749/1754
f 2556/1722 1749/1754 2512/1740
f 2556/1722 2512/1740 1769/1723
f 2556/1722 1769/1723 2518/1721
f 2556/1722 2518/1721 2055/1720
f 2556/1722 2055/1720 2505/1730
f 2556/1722 2505/1730 1751/1757
f 2556/1722 1751/1757 1750/1784
f 2557/1799 2508/1798 1914/1797
f 2557/2047 1914/2057 1913/2050
f 2557/2047 1913/2050 1912/2048
f 2557/2047 1912/2048 2558/2049
f 2557/2047 2558/2049 2546/2051
f 2557/2047 2546/2051 2545/2052
f 2557/1799 2545/1801 2509/1800
f 2557/1799 2509/1800 2508/1798
f 2559/1823 2549/1807 2548/1881
f 2559/1823 2548/1881 2560/1884
f 2559/1823 2560/1884 2058/1883
f 2559/1823 2058/1883 2551/1814
f 2559/1823 2551/1814 1891/1804
f 2559/1823 1891/1804 2510/1803
f 2559/1823 2510/1803 2509/1800
f 2559/1823 2509/1800 2549/1807
f 2561/1806 1915/1809 1914/1797
f 2561/1806 1914/1797 2507/1796
f 2561/1806 2507/1796 1889/1793
f 2561/1806 1889/1793 2516/1805
f 2561/1806 2516/1805 2495/1738
f 2561/1806 2495/1738 2562/1741
f 2561/1806 2562/1741 1916/1742
f 2561/1806 1916/1742 1915/1809
f 2563/1736 2010/1743 1916/1742
f 2563/1736 1916/1742 2562/1741
f 2563/1736 2562/1741 2495/1738
f 2563/1736 2495/1738 2494/1735
f 2563/1736 2494/1735 1771/1729
f 2563/1736 1771/1729 2514/1737
f 2563/1736 2514/1737 2011/1744
f 2563/1736 2011/1744 2010/1743
f 2564/2624 2540/2625 2019/2622
f 2564/2624 2019/2622 2018/2623
f 2564/2846 2018/2845 1786/2842
f 2564/2846 1786/2842 2522/2847
f 2564/2624 2522/2688 1980/2641
f 2564/2624 1980/2641 2537/2640
f 2564/2624 2537/2640 2536/2627
f 2564/2624 2536/2627 2540/2625
f 2565/2639 2020/2621 2019/2622
f 2565/2639 2019/2622 2539/2628
f 2565/2639 2539/2628 1968/2629
f 2565/2639 1968/2629 2520/2728
f 2565/2639 2520/2728 1941/2672
f 2565/2639 1941/2672 1940/2670
f 2565/2639 1940/2670 1947/2620
f 2565/2639 1947/2620 2020/2621
f 2566/2675 2567/2674 1945/2679
f 2566/1319 1945/1366 2304/1320
f 2566/1319 2304/1320 1882/1313
f 2566/1319 1882/1313 1905/1318
f 2566/2675 1905/2676 1904/2673
f 2566/2675 1904/2673 2567/2674
f 2568/2618 1946/2687 1945/2679
f 2568/2618 1945/2679 2567/2674
f 2568/2618 2567/2674 1904/2673
f 2568/2618 1904/2673 2000/2619
f 2568/2618 2000/2619 1788/2614
f 2568/2618 1788/2614 2021/2617
f 2568/2618 2021/2617 1947/2620
f 2568/2618 1947/2620 1946/2687
f 2569/2644 2535/2643 2499/2645
f 2569/2644 2499/2645 2498/2664
f 2569/2889 2498/2890 1899/2891
f 2569/2889 1899/2891 1971/2893
f 2569/2889 1971/2893 1970/2895
f 2569/2889 1970/2895 2543/2896
f 2569/2644 2542/2669 2541/2649
f 2569/2644 2541/2649 2536/2627
f 2569/2644 2536/2627 2535/2643
f 2570/2918 2500/2921 2499/2919
f 2570/2918 2499/2919 2534/2920
f 2570/2663 2534/2667 1978/2648
f 2570/2663 1978/2648 2050/2662
f 2570/298 2050/294 1924/246
f 2570/298 1924/246 2555/247
f 2570/298 2555/247 2501/300
f 2570/1920 2501/1830 2500/1890
f 2571/2736 1944/2735 1943/2734
f 2571/2736 1943/2734 2005/2737
f 2571/1912 2005/1906 1963/1842
f 2571/1912 1963/1842 2023/1895
f 2571/1912 2023/1895 2025/1903
f 2571/2852 2025/2854 2305/2853
f 2571/2852 2305/2853 1945/2849
f 2571/2852 1945/2849 1944/2851
f 2572/1171 2310/1174 1995/1156
f 2572/1171 1995/1156 1994/1155
f 2572/1171 1994/1155 1993/1154
f 2572/1171 1993/1154 2573/1172
f 2572/1171 2573/1172 2574/1251
f 2572/1171 2574/1251 2575/1252
f 2572/1171 2575/1252 2311/1254
f 2572/1171 2311/1254 2310/1174
f 2576/1150 1779/1163 1778/1166
f 2576/1150 1778/1166 2577/1152
f 2576/1150 2577/1152 2578/1145
f 2576/1150 2578/1145 2579/1146
f 2576/1150 2579/1146 1780/1148
f 2576/1150 1780/1148 1779/1163
f 2580/1157 1996/1142 1995/1156
f 2580/1157 1995/1156 2309/1158
f 2580/2455 2309/2454 2308/2444
f 2580/2455 2308/2444 2417/2456
f 2580/2455 2417/2456 2366/2457
f 2580/2455 2366/2457 2581/2458
f 2580/1157 2581/1159 1997/1140
f 2580/1157 1997/1140 1996/1142
f 2582/1249 2320/1255 2311/1254
f 2582/1249 2311/1254 2575/1252
f 2582/1249 2575/1252 2574/1251
f 2582/1249 2574/1251 2583/1250
f 2582/1249 2583/1250 2335/1246
f 2582/1249 2335/1246 2334/1248
f 2582/1249 2334/1248 2321/1261
f 2582/1249 2321/1261 2320/1255
f 2584/1138 2579/1146 2578/1145
f 2584/1138 2578/1145 2585/1139
f 2584/1138 2585/1139 1991/1135
f 2584/1138 1991/1135 1990/1137
f 2584/1138 1990/1137 1997/1140
f 2584/1138 1997/1140 2586/1141
f 2584/1138 2586/1141 1780/1148
f 2584/1138 1780/1148 2579/1146
f 2587/1160 1781/1162 1780/1148
f 2587/1160 1780/1148 2586/1141
f 2587/1160 2586/1141 1997/1140
f 2587/1160 1997/1140 2581/1159
f 2587/2461 2581/2458 2366/2457
f 2587/2461 2366/2457 2365/2462
f 2587/2461 2365/2462 1782/2463
f 2587/2461 1782/2463 1781/2464
f 2588/3517 2589/3502 2590/3498
f 2588/3517 2590/3498 2591/3499
f 2588/3517 2591/3499 2592/3519
f 2588/3517 2592/3519 2593/3518
f 2588/3517 2593/3518 2594/3515
f 2588/3517 2594/3515 2595/3516
f 2588/3517 2595/3516 2596/3503
f 2588/3517 2596/3503 2589/3502
f 2597/3492 2598/3493 2599/3494
f 2597/3492 2599/3494 2600/3495
f 2597/3537 2600/3540 2601/3538
f 2597/3537 2601/3538 2602/3539
f 2597/3492 2602/3536 2592/3519
f 2597/3492 2592/3519 2591/3499
f 2597/3492 2591/3499 2590/3498
f 2597/3492 2590/3498 2598/3493
f 2603/3407 2604/3409 2605/3410
f 2603/3407 2605/3410 2606/3411
f 2607/3394 2608/3397 2609/3396
f 2607/3394 2609/3396 2610/3395
f 2607/3394 2610/3395 2611/3390
f 2607/3394 2611/3390 2612/3391
f 2603/3407 2613/3406 2614/3405
f 2603/3407 2614/3405 2604/3409
f 2615/3437 2602/3444 2601/3447
f 2615/3437 2601/3447 2616/3442
f 2615/3437 2616/3442 2605/3441
f 2615/3437 2605/3441 2604/3438
f 2615/3437 2604/3438 2614/3435
f 2615/3437 2614/3435 2617/3434
f 2615/3437 2617/3434 2592/3443
f 2615/3437 2592/3443 2602/3444
f 2618/3412 2610/3395 2609/3396
f 2618/3412 2609/3396 2619/3416
f 2618/3496 2619/3497 2599/3494
f 2618/3496 2599/3494 2598/3493
f 2618/3496 2598/3493 2590/3498
f 2618/3496 2590/3498 2620/3500
f 2618/3412 2620/3413 2611/3390
f 2618/3412 2611/3390 2610/3395
f 2621/3448 2622/3451 2594/3452
f 2621/3448 2594/3452 2623/3453
f 2621/3448 2623/3453 2624/3454
f 2621/3477 2624/3458 2625/3462
f 2621/3477 2625/3462 2626/3463
f 2621/3477 2626/3463 2627/3478
f 2621/3448 2627/3449 2628/3450
f 2621/3448 2628/3450 2622/3451
f 2629/3404 2630/3408 2614/3405
f 2629/3404 2614/3405 2613/3406
f 2631/3388 2612/3391 2611/3390
f 2631/3388 2611/3390 2632/3389
f 2631/3388 2632/3389 2633/3386
f 2631/3388 2633/3386 2634/3385
f 2629/3457 2635/3460 2624/3458
f 2629/3457 2624/3458 2630/3459
f 2636/3433 2593/3445 2592/3443
f 2636/3433 2592/3443 2617/3434
f 2636/3433 2617/3434 2614/3435
f 2636/3433 2614/3435 2630/3436
f 2636/3433 2630/3436 2624/3439
f 2636/3433 2624/3439 2623/3440
f 2636/3433 2623/3440 2594/3446
f 2636/3433 2594/3446 2593/3445
f 2637/3414 2632/3389 2611/3390
f 2637/3414 2611/3390 2620/3413
f 2637/3501 2620/3500 2590/3498
f 2637/3501 2590/3498 2589/3502
f 2637/3501 2589/3502 2596/3503
f 2637/3501 2596/3503 2638/3504
f 2637/3414 2638/3415 2633/3386
f 2637/3414 2633/3386 2632/3389
f 2639/3370 2640/3378 2641/3376
f 2639/3370 2641/3376 2642/3371
f 2639/3370 2642/3371 2643/3372
f 2639/3370 2643/3372 2644/3373
f 2639/3370 2644/3373 2645/3379
f 2639/3370 2645/3379 2646/3380
f 2639/3370 2646/3380 2647/3381
f 2639/3370 2647/3381 2640/3378
f 2648/3417 2649/3387 2633/3386
f 2648/3417 2633/3386 2638/3415
f 2648/3374 2638/3383 2596/3382
f 2648/3374 2596/3382 2650/3375
f 2648/3374 2650/3375 2643/3372
f 2648/3374 2643/3372 2642/3371
f 2648/3374 2642/3371 2641/3376
f 2648/3374 2641/3376 2649/3377
f 2651/3513 2650/3520 2596/3503
f 2651/3513 2596/3503 2595/3516
f 2651/3513 2595/3516 2594/3515
f 2651/3513 2594/3515 2622/3514
f 2651/3513 2622/3514 2628/3511
f 2651/3513 2628/3511 2652/3512
f 2651/3513 2652/3512 2643/3521
f 2651/3513 2643/3521 2650/3520
f 2653/3461 2625/3462 2624/3458
f 2653/3461 2624/3458 2635/3460
f 2654/3384 2634/3385 2633/3386
f 2654/3384 2633/3386 2649/3387
f 2654/3384 2649/3387 2641/3392
f 2654/3384 2641/3392 2655/3393
f 2653/3461 2656/3464 2626/3463
f 2653/3461 2626/3463 2625/3462
f 2657/3505 2658/3523 2645/3522
f 2657/3505 2645/3522 2659/3506
f 2657/3505 2659/3506 2660/3507
f 2657/3505 2660/3507 2661/3508
f 2657/3505 2661/3508 2662/3527
f 2657/3505 2662/3527 2663/3525
f 2657/3505 2663/3525 2664/3524
f 2657/3505 2664/3524 2658/3523
f 2665/3509 2644/3526 2643/3521
f 2665/3509 2643/3521 2652/3512
f 2665/3509 2652/3512 2628/3511
f 2665/3509 2628/3511 2666/3510
f 2665/3509 2666/3510 2660/3507
f 2665/3509 2660/3507 2659/3506
f 2665/3509 2659/3506 2645/3522
f 2665/3509 2645/3522 2644/3526
f 2667/3465 2668/3466 2626/3463
f 2667/3465 2626/3463 2656/3464
f 2669/3398 2655/3393 2641/3392
f 2669/3398 2641/3392 2640/3399
f 2669/3398 2640/3399 2647/3400
f 2669/3398 2647/3400 2670/3401
f 2667/3465 2671/3468 2672/3467
f 2667/3465 2672/3467 2668/3466
f 2673/3455 2666/3456 2628/3450
f 2673/3455 2628/3450 2627/3449
f 2673/3479 2627/3478 2626/3463
f 2673/3479 2626/3463 2668/3466
f 2673/3360 2668/3361 2672/3358
f 2673/3360 2672/3358 2674/3359
f 2673/3360 2674/3359 2660/3366
f 2673/3360 2660/3366 2666/3367
f 2675/3350 2676/3363 2662/3362
f 2675/3350 2662/3362 2677/3351
f 2675/3350 2677/3351 2678/3352
f 2675/3350 2678/3352 2679/3353
f 2675/3350 2679/3353 2680/3356
f 2675/3350 2680/3356 2681/3357
f 2675/3350 2681/3357 2682/3364
f 2675/3350 2682/3364 2676/3363
f 2683/3469 2684/3470 2672/3467
f 2683/3469 2672/3467 2671/3468
f 2685/3402 2670/3401 2647/3400
f 2685/3402 2647/3400 2686/3403
f 2685/3488 2686/3489 2687/3483
f 2685/3488 2687/3483 2688/3485
f 2683/3469 2689/3472 2678/3471
f 2683/3469 2678/3471 2684/3470
f 2690/3354 2661/3365 2660/3366
f 2690/3354 2660/3366 2674/3359
f 2690/3354 2674/3359 2672/3358
f 2690/3354 2672/3358 2684/3355
f 2690/3354 2684/3355 2678/3352
f 2690/3354 2678/3352 2677/3351
f 2690/3354 2677/3351 2662/3362
f 2690/3354 2662/3362 2661/3365
f 2691/3418 2686/3430 2647/3432
f 2691/3418 2647/3432 2646/3427
f 2691/3418 2646/3427 2645/3424
f 2691/3418 2645/3424 2658/3423
f 2691/3418 2658/3423 2664/3419
f 2691/3418 2664/3419 2692/3420
f 2691/3418 2692/3420 2687/3428
f 2691/3418 2687/3428 2686/3430
f 2693/3490 2694/3487 2695/3486
f 2693/3490 2695/3486 2696/3491
f 2693/3532 2696/3533 2697/3530
f 2693/3532 2697/3530 2698/3531
f 2699/3368 2698/3369 2682/3364
f 2699/3368 2682/3364 2681/3357
f 2699/3480 2681/3481 2680/3475
f 2699/3480 2680/3475 2700/3476
f 2701/3421 2702/3429 2687/3428
f 2701/3421 2687/3428 2692/3420
f 2701/3421 2692/3420 2664/3419
f 2701/3421 2664/3419 2703/3422
f 2701/3421 2703/3422 2697/3425
f 2701/3421 2697/3425 2696/3426
f 2701/3421 2696/3426 2695/3431
f 2701/3421 2695/3431 2702/3429
f 2704/3528 2703/3529 2664/3524
f 2704/3528 2664/3524 2663/3525
f 2704/3528 2663/3525 2662/3527
f 2704/3528 2662/3527 2676/3534
f 2704/3528 2676/3534 2682/3535
f 2704/3528 2682/3535 2698/3531
f 2704/3528 2698/3531 2697/3530
f 2704/3528 2697/3530 2703/3529
f 2705/3473 2679/3474 2678/3471
f 2705/3473 2678/3471 2689/3472
f 2706/3482 2688/3485 2687/3483
f 2706/3482 2687/3483 2702/3484
f 2706/3482 2702/3484 2695/3486
f 2706/3482 2695/3486 2694/3487
f 2705/3473 2700/3476 2680/3475
f 2705/3473 2680/3475 2679/3474