
mtllib textured.mtl
usemtl mesh

v 0.177811 -0.113301 0.372276
v 0.171088 -0.114366 0.389097
v 0.175532 -0.110704 0.384461
v 0.178270 -0.107065 0.373991
v 0.172226 -0.115512 0.375315
v 0.172126 -0.088156 0.392403
v 0.177290 -0.113744 0.369542
v 0.178104 -0.108423 0.369216
v 0.173429 -0.108613 0.367637
v 0.178327 -0.099417 0.369419
v 0.173766 -0.099010 0.361534
v 0.176998 -0.088302 0.363104
v 0.178147 -0.059096 0.373878
v 0.177891 -0.047546 0.373374
v 0.178398 -0.055616 0.368553
v 0.176388 -0.061414 0.356925
v 0.177541 -0.044140 0.359898
v 0.176785 -0.027954 0.371854
v 0.178178 -0.032278 0.359205
v 0.177155 -0.014527 0.367303
v 0.178356 -0.022235 0.362273
v 0.177292 -0.044680 0.345949
v 0.177469 -0.022169 0.351930
v 0.174120 -0.014362 0.372787
v 0.177610 -0.011366 0.361752
v 0.177357 -0.013823 0.351961
v 0.175094 -0.017263 0.345054
v 0.175666 -0.004757 0.361345
v 0.177835 -0.001240 0.345647
v 0.113194 -0.114413 0.486098
v 0.106786 -0.110588 0.486500
v 0.117165 -0.111554 0.481382
v 0.104212 -0.115034 0.488361
v 0.117015 -0.115182 0.479335
v 0.104394 -0.115804 0.481717
v 0.097187 -0.111697 0.489866
v 0.074509 -0.114809 0.491087
v 0.097176 -0.107289 0.486811
v 0.097720 -0.099650 0.481424
v 0.107725 -0.102986 0.481644
v 0.068875 -0.105692 0.488670
v 0.087252 -0.100606 0.482185
v 0.133948 -0.114752 0.473464
v 0.127338 -0.110933 0.474536
v 0.138982 -0.111678 0.467499
v 0.125749 -0.114948 0.476813
v 0.138146 -0.115493 0.467569
v 0.145927 -0.114189 0.464234
v 0.153217 -0.112647 0.459622
v 0.150289 -0.115022 0.457799
v 0.141111 -0.115800 0.457471
v 0.140095 -0.107284 0.462933
v 0.134191 -0.099280 0.461791
v 0.148845 -0.102900 0.455160
v 0.128459 -0.101664 0.468022
v 0.157803 -0.114092 0.454390
v 0.157934 -0.107566 0.451290
v 0.160934 -0.110001 0.448474
v 0.152575 -0.115668 0.447010
v 0.162864 -0.110484 0.439445
v 0.160415 -0.114836 0.438046
v 0.157076 -0.099687 0.446557
v 0.160424 -0.100533 0.438829
v 0.149854 -0.092089 0.449119
v 0.155025 -0.084677 0.443166
v 0.158998 -0.087519 0.436185
v 0.144059 -0.089131 0.450634
v 0.139947 -0.089004 0.455146
v 0.132064 -0.092671 0.460783
v 0.122286 -0.105646 0.473182
v 0.116658 -0.101618 0.475102
v 0.111111 -0.089918 0.472405
v 0.107838 -0.088720 0.475500
v 0.117221 -0.092126 0.470479
v 0.124896 -0.084806 0.464312
v 0.066871 -0.115827 0.483965
v 0.098326 -0.090016 0.476304
v 0.088163 -0.094672 0.477072
v 0.088626 -0.090605 0.470354
v 0.095999 -0.085508 0.468205
v 0.090596 -0.086090 0.460565
v 0.099857 -0.081530 0.467628
v 0.150978 -0.078163 0.446453
v 0.154937 -0.072827 0.442906
v 0.158191 -0.076550 0.436085
v 0.154974 -0.057343 0.444767
v 0.157976 -0.060353 0.437851
v 0.150634 -0.059333 0.449391
v 0.147539 -0.049308 0.450381
v 0.153791 -0.034312 0.440805
v 0.157282 -0.044219 0.437183
v 0.138020 -0.074872 0.455471
v 0.136005 -0.067400 0.457658
v 0.143940 -0.081369 0.450412
v 0.131183 -0.079820 0.459202
v 0.138867 -0.055783 0.456006
v 0.141557 -0.042116 0.451375
v 0.130139 -0.050057 0.460467
v 0.149614 -0.033749 0.443450
v 0.155748 -0.033184 0.436746
v 0.120015 -0.035016 0.460982
v 0.133026 -0.025650 0.449761
v 0.127859 -0.026468 0.452600
v 0.139464 -0.026609 0.445411
v 0.145848 -0.024045 0.441166
v 0.149658 -0.026733 0.439128
v 0.141014 -0.019289 0.437424
v 0.127672 -0.021501 0.448394
v 0.128895 -0.013178 0.435388
v 0.122313 -0.075630 0.465292
v 0.119051 -0.064319 0.467987
v 0.110528 -0.080224 0.471888
v 0.116324 -0.056572 0.469056
v 0.120347 -0.045006 0.464445
v 0.105096 -0.050357 0.474911
v 0.099842 -0.079344 0.470349
v 0.100617 -0.075293 0.475326
v 0.104833 -0.072970 0.475588
v 0.098758 -0.065339 0.478233
v 0.104423 -0.062158 0.476476
v 0.099263 -0.071609 0.473053
v 0.088421 -0.062436 0.470738
v 0.092033 -0.060823 0.476930
v 0.096409 -0.076791 0.461944
v 0.090137 -0.066141 0.461293
v 0.096846 -0.055426 0.478693
v 0.097223 -0.045361 0.476656
v 0.102510 -0.039433 0.472756
v 0.087256 -0.055272 0.478558
v 0.084666 -0.045392 0.479424
v 0.085326 -0.085254 0.446755
v 0.091029 -0.077516 0.449961
v 0.089246 -0.067659 0.449803
v 0.082013 -0.083332 0.440388
v 0.086233 -0.077201 0.442115
v 0.088618 -0.070953 0.442678
v 0.111259 -0.025401 0.461884
v 0.117372 -0.027838 0.458999
v 0.095892 -0.032266 0.472616
v 0.087519 -0.034334 0.474961
v 0.097112 -0.026523 0.468792
v 0.084250 -0.027676 0.472714
v 0.099772 -0.020833 0.463256
v 0.094449 -0.017197 0.459117
v 0.107457 -0.020228 0.458197
v 0.087024 -0.020140 0.465848
v 0.108676 -0.012644 0.446334
v 0.095178 -0.011740 0.451426
v 0.097832 -0.003726 0.442310
v 0.081587 -0.006019 0.447908
v 0.069183 -0.112676 0.494866
v 0.075325 -0.111767 0.492374
v 0.069315 -0.114624 0.495396
v 0.064465 -0.115600 0.491465
v 0.055780 -0.099369 0.484275
v 0.043488 -0.113024 0.497432
v 0.032902 -0.115175 0.498108
v 0.032830 -0.110478 0.496697
v 0.039201 -0.098069 0.484542
v 0.005278 -0.115823 0.493674
v 0.003378 -0.115221 0.499891
v 0.014924 -0.112672 0.500000
v 0.011217 -0.097810 0.487171
v 0.030117 -0.094267 0.479058
v 0.043053 -0.096353 0.480955
v -0.015317 -0.112972 0.499956
v 0.004335 -0.108439 0.497380
v -0.004197 -0.097521 0.487171
v -0.007739 -0.094022 0.480908
v 0.076563 -0.095884 0.477593
v 0.076529 -0.092893 0.470342
v 0.055971 -0.095304 0.478599
v 0.076641 -0.091447 0.461583
v 0.050143 -0.092409 0.471349
v 0.076977 -0.090164 0.451444
v 0.076821 -0.085343 0.442339
v 0.163664 -0.115799 0.385789
v 0.032322 -0.092133 0.470917
v -0.058903 -0.115830 0.488562
v -0.007477 -0.092146 0.472962
v -0.164669 -0.115801 0.385749
v -0.040804 -0.089952 0.451348
v -0.065162 -0.085242 0.442322
v 0.058818 -0.051032 0.484168
v 0.065383 -0.046654 0.481749
v 0.064035 -0.053293 0.480269
v 0.052420 -0.054755 0.482935
v 0.033993 -0.045189 0.484623
v 0.031647 -0.052544 0.486188
v 0.034341 -0.054844 0.485012
v 0.009502 -0.052051 0.487724
v 0.011181 -0.045981 0.487275
v -0.015156 -0.052241 0.487487
v -0.006704 -0.046240 0.487704
v -0.000715 -0.055127 0.486222
v 0.005614 -0.032600 0.482746
v 0.073125 -0.051867 0.479350
v 0.081796 -0.056701 0.476217
v 0.069589 -0.055459 0.476476
v 0.074648 -0.057979 0.469131
v 0.079543 -0.060321 0.461306
v 0.062231 -0.056638 0.469076
v 0.066286 -0.057758 0.461609
v 0.058400 -0.055710 0.477291
v 0.079124 -0.063494 0.448851
v 0.066241 -0.061224 0.448991
v 0.082273 -0.068412 0.440938
v 0.069657 -0.067593 0.440117
v 0.050453 -0.036621 0.479687
v 0.075960 -0.022989 0.470602
v 0.075899 -0.019592 0.466565
v 0.073870 -0.013408 0.457687
v 0.043732 -0.026323 0.475769
v 0.049344 -0.022493 0.472756
v 0.042731 -0.021173 0.471824
v 0.025799 -0.012262 0.462176
v 0.060190 -0.008400 0.453340
v 0.064039 -0.002217 0.446820
v -0.062522 -0.067613 0.440131
v 0.029483 -0.027340 0.478211
v 0.000888 -0.020793 0.475596
v 0.010628 -0.011893 0.463383
v 0.005348 -0.026239 0.479517
v -0.004915 -0.016438 0.469399
v -0.007039 -0.011294 0.462994
v 0.023259 -0.006534 0.456313
v 0.009998 -0.001525 0.453689
v -0.002857 -0.003353 0.455561
v 0.165276 -0.114163 0.433976
v 0.165095 -0.109485 0.427765
v 0.166623 -0.114843 0.424559
v 0.160381 -0.115709 0.428768
v 0.169015 -0.109521 0.412107
v 0.168939 -0.114476 0.407275
v 0.163145 -0.101804 0.428511
v 0.164017 -0.103800 0.422814
v 0.165920 -0.099101 0.416515
v 0.163086 -0.092687 0.420757
v 0.172804 -0.108695 0.395812
v 0.170426 -0.100347 0.401866
v 0.165461 -0.086721 0.413377
v 0.109960 -0.115678 0.375777
v 0.164676 -0.108591 0.367593
v 0.153720 -0.108463 0.367522
v 0.164718 -0.102603 0.361715
v 0.153294 -0.098390 0.363747
v 0.175582 -0.090624 0.356328
v 0.173557 -0.097078 0.350477
v 0.167980 -0.100570 0.354187
v 0.154776 -0.097857 0.353807
v 0.149868 -0.093015 0.359966
v 0.142871 -0.108495 0.367533
v 0.131885 -0.108623 0.367602
v 0.142883 -0.099593 0.367899
v 0.142827 -0.092351 0.363183
v 0.131996 -0.099063 0.361492
v 0.137574 -0.094225 0.364320
v 0.092351 -0.115636 0.370373
v 0.120766 -0.108575 0.367588
v 0.109962 -0.113883 0.369784
v 0.109994 -0.108448 0.367582
v 0.122409 -0.102547 0.361587
v 0.112237 -0.097741 0.363621
v 0.137514 -0.093375 0.359685
v 0.133803 -0.098577 0.351766
v 0.126168 -0.100526 0.354189
v 0.118548 -0.097641 0.351267
v 0.115769 -0.088281 0.353776
v 0.109308 -0.084511 0.362766
v 0.101071 -0.108345 0.362495
v 0.097673 -0.114228 0.363030
v 0.095796 -0.108019 0.353663
v 0.091897 -0.113667 0.346154
v 0.086049 -0.115595 0.351104
v 0.101064 -0.099283 0.362603
v 0.100925 -0.081469 0.362861
v 0.161845 -0.078514 0.424206
v 0.163028 -0.060580 0.421588
v 0.166153 -0.049664 0.410453
v 0.164468 -0.033548 0.410641
v 0.159193 -0.025710 0.424121
v 0.154837 -0.022797 0.432368
v 0.152419 -0.020456 0.432131
v 0.148472 -0.014367 0.424168
v 0.153181 -0.012577 0.415718
v 0.159173 -0.014054 0.405691
v 0.140123 -0.013262 0.428835
v 0.129587 -0.004541 0.424830
v 0.146158 -0.003172 0.412190
v 0.163758 -0.026982 0.409523
v 0.171644 -0.024136 0.386588
v 0.166007 -0.020191 0.400263
v 0.165650 -0.012072 0.390651
v 0.152991 -0.001325 0.399985
v 0.152512 -0.004487 0.404808
v 0.157233 -0.001628 0.393855
v 0.121954 -0.003733 0.427873
v 0.117339 -0.003858 0.431787
v 0.145919 -0.092079 0.357052
v 0.167893 -0.011043 0.383086
v 0.169005 -0.003599 0.374168
v 0.109272 -0.063314 0.362364
v 0.115810 -0.055180 0.353525
v 0.109283 -0.051604 0.361431
v 0.110313 -0.042927 0.352839
v 0.102920 -0.049865 0.362836
v 0.095842 -0.055281 0.353716
v 0.100824 -0.055224 0.361864
v 0.100383 -0.044277 0.354481
v 0.108965 -0.029324 0.349523
v 0.102348 -0.033308 0.348361
v 0.110035 -0.018020 0.349100
v 0.101578 -0.021682 0.349942
v 0.101759 -0.015814 0.351894
v -0.086316 -0.115585 0.356763
v -0.088896 -0.115679 0.375359
v 0.076729 -0.077612 0.436854
v 0.176022 -0.092036 0.345316
v 0.177623 -0.096437 0.332520
v 0.175136 -0.101680 0.342864
v 0.176142 -0.104019 0.335305
v 0.173317 -0.107740 0.338606
v 0.177611 -0.111356 0.316948
v 0.175145 -0.112454 0.332840
v 0.178102 -0.086832 0.330992
v 0.176095 -0.114738 0.324369
v 0.173408 -0.117458 0.327439
v 0.175587 -0.122329 0.317457
v 0.178122 -0.110848 0.306988
v 0.178073 -0.099897 0.320305
v 0.177329 -0.089605 0.321562
v 0.177627 -0.101390 0.309410
v 0.175417 -0.090864 0.310405
v 0.176009 -0.125498 0.302883
v 0.173234 -0.127850 0.309081
v 0.177091 -0.123412 0.290776
v 0.174776 -0.131289 0.299587
v 0.175000 -0.132390 0.280172
v 0.178509 -0.111828 0.278836
v 0.176403 -0.101272 0.297479
v 0.176418 -0.097414 0.303049
v 0.177567 -0.104427 0.285844
v 0.176366 -0.126039 0.270169
v 0.175447 -0.123971 0.253837
v 0.171657 -0.131176 0.266901
v 0.178881 -0.105469 0.259153
v 0.176353 -0.100557 0.274748
v 0.178078 -0.098373 0.262280
v 0.173919 -0.091289 0.264885
v 0.172640 -0.092541 0.274686
v 0.176985 -0.065439 0.348093
v 0.177944 -0.072983 0.340779
v 0.178016 -0.061239 0.332457
v 0.178279 -0.046605 0.338939
v 0.178643 -0.043548 0.331731
v 0.175786 -0.079178 0.320816
v 0.176680 -0.060696 0.326322
v 0.174071 -0.051283 0.320713
v 0.175962 -0.042139 0.320894
v 0.177458 -0.034021 0.339884
v 0.176676 -0.025239 0.341838
v 0.178851 -0.026319 0.325144
v 0.175893 -0.004168 0.338076
v 0.175633 -0.012100 0.336645
v 0.178415 -0.024043 0.314171
v 0.172986 -0.035345 0.310861
v 0.175420 -0.029873 0.310219
v 0.172114 -0.042321 0.312472
v 0.176210 -0.003955 0.323952
v 0.175785 0.000433 0.319827
v 0.178766 -0.010743 0.301416
v 0.177268 -0.001576 0.307779
v 0.174210 -0.023884 0.298488
v 0.176529 -0.019896 0.297922
v 0.172186 -0.030624 0.300990
v 0.177984 -0.001910 0.290502
v 0.178088 -0.010038 0.278188
v 0.177150 -0.016308 0.278192
v 0.173448 -0.023957 0.289962
v 0.171694 -0.027419 0.276879
v 0.177515 -0.001809 0.266410
v 0.178094 -0.012325 0.255360
v 0.177484 -0.019786 0.259787
v 0.174611 -0.024422 0.268397
v 0.176241 -0.119418 0.253535
v 0.172388 -0.126353 0.254098
v 0.175777 -0.114193 0.240717
v 0.173133 -0.118946 0.243879
v 0.174793 -0.085959 0.255059
v 0.177128 -0.087902 0.251837
v 0.178953 -0.092988 0.244683
v 0.175779 -0.104180 0.229779
v 0.176468 -0.098951 0.231049
v 0.175308 -0.109431 0.234006
v 0.178508 -0.079770 0.233240
v 0.175473 -0.087757 0.218643
v 0.172730 -0.097849 0.223068
v 0.175623 -0.070368 0.244873
v 0.178387 -0.077986 0.240646
v 0.177083 -0.063629 0.240293
v 0.176033 -0.046793 0.244524
v 0.167544 -0.053125 0.259889
v 0.177497 -0.044739 0.239334
v 0.178617 -0.063387 0.230179
v 0.176342 -0.076115 0.219485
v 0.176951 -0.066028 0.220186
v 0.177971 -0.035311 0.232731
v 0.178054 -0.054947 0.220792
v 0.177418 -0.044041 0.220592
v 0.176877 -0.029364 0.252454
v 0.168266 -0.037073 0.269848
v 0.172952 -0.036916 0.256701
v 0.178027 -0.025356 0.243728
v 0.176762 -0.002562 0.254014
v 0.178151 -0.011435 0.242708
v 0.175130 0.004362 0.248144
v 0.177986 0.000945 0.242377
v 0.178056 -0.017063 0.223942
v 0.176779 -0.033858 0.225093
v 0.176283 -0.029201 0.218153
v 0.176382 -0.038576 0.214636
v 0.177997 -0.022164 0.218846
v 0.179042 -0.010539 0.230770
v 0.178824 0.001265 0.219803
v 0.172951 -0.065982 0.206904
v 0.172870 -0.076463 0.215087
v 0.177692 -0.055539 0.208758
v 0.177550 -0.039684 0.210956
v 0.179006 -0.043914 0.198049
v 0.177224 -0.060066 0.204047
v 0.175730 -0.082214 0.189656
v 0.174367 -0.086912 0.190123
v 0.175870 -0.081693 0.194660
v 0.168666 -0.086284 0.197587
v 0.171630 -0.077114 0.199463
v 0.177117 -0.072971 0.195640
v 0.174386 -0.068059 0.201007
v 0.178222 -0.062141 0.195553
v 0.178544 -0.060699 0.186580
v 0.176921 -0.064965 0.175190
v 0.175038 -0.076775 0.178314
v 0.179350 -0.047831 0.187013
v 0.178664 -0.043755 0.166387
v 0.179657 -0.023720 0.198525
v 0.179628 -0.034096 0.196465
v 0.178793 -0.017567 0.206625
v 0.179095 -0.000075 0.209390
v 0.178871 -0.005464 0.200495
v 0.178652 -0.022863 0.166372
v 0.178140 -0.011984 0.170951
v 0.177175 -0.001922 0.172489
v 0.167668 -0.118963 0.330081
v 0.160651 -0.114289 0.335122
v 0.168015 -0.109208 0.340237
v 0.169803 -0.102987 0.344482
v 0.160823 -0.103627 0.344939
v 0.150082 -0.103498 0.344977
v 0.125892 -0.119108 0.329707
v 0.122073 -0.114370 0.335357
v 0.126005 -0.109288 0.340440
v 0.139178 -0.103495 0.345096
v 0.142866 -0.096632 0.349274
v 0.128174 -0.103678 0.345116
v 0.168367 -0.122896 0.324301
v 0.164247 -0.127068 0.316512
v 0.168543 -0.131391 0.306014
v 0.145818 -0.131253 0.304954
v 0.124752 -0.128087 0.314943
v 0.122225 -0.123413 0.323555
v 0.126026 -0.130322 0.309392
v 0.119448 -0.113121 0.333892
v 0.119765 -0.117038 0.327327
v 0.119839 -0.106174 0.338608
v 0.121879 -0.103666 0.344817
v 0.119097 -0.096812 0.335596
v 0.119040 -0.088096 0.341279
v 0.094011 -0.107821 0.341409
v 0.119614 -0.122446 0.322609
v 0.119158 -0.117174 0.317734
v 0.119712 -0.127980 0.306707
v 0.119042 -0.079225 0.305154
v 0.171154 -0.133897 0.290280
v 0.163713 -0.133646 0.296024
v 0.163196 -0.134421 0.287067
v 0.124502 -0.133775 0.294437
v 0.124746 -0.134383 0.285715
v 0.169888 -0.133009 0.268543
v 0.163647 -0.133988 0.276824
v 0.163523 -0.131125 0.261960
v 0.149189 -0.132859 0.269246
v 0.124196 -0.134238 0.276361
v 0.124018 -0.130349 0.259350
v 0.124250 -0.133297 0.269816
v 0.168306 -0.085616 0.287547
v 0.122531 -0.132183 0.303138
v 0.119449 -0.132506 0.300531
v 0.119344 -0.129335 0.266255
v 0.120008 -0.133521 0.271540
v 0.119110 -0.118591 0.294780
v 0.119092 -0.079646 0.278958
v 0.086059 -0.115932 0.209888
v 0.119081 -0.118701 0.254296
v 0.093900 -0.108299 0.220595
v 0.091812 -0.113937 0.216889
v 0.094047 -0.050017 0.230654
v 0.167159 -0.066735 0.307234
v 0.167340 -0.055600 0.307398
v 0.119073 -0.044202 0.341256
v 0.094019 -0.044236 0.341389
v 0.094032 -0.033339 0.341402
v 0.119132 -0.033257 0.341175
v 0.117539 -0.022032 0.342259
v 0.119031 -0.022243 0.330387
v 0.109824 -0.009021 0.343141
v 0.119129 -0.011530 0.330089
v 0.109855 0.003098 0.331780
v 0.107919 -0.002804 0.336039
v 0.093830 -0.022307 0.341164
v 0.100350 -0.000051 0.333228
v 0.100354 -0.010543 0.343484
v 0.093935 -0.000480 0.319471
v 0.119025 -0.011267 0.319454
v 0.117503 0.001020 0.319629
v 0.119029 -0.011230 0.264606
v 0.119094 -0.000412 0.308396
v 0.093993 -0.000359 0.308451
v 0.167042 -0.078799 0.299019
v 0.162475 -0.066839 0.296009
v 0.162721 -0.073716 0.293530
v 0.163997 -0.078323 0.281892
v 0.161174 -0.065888 0.286229
v 0.162881 -0.050445 0.297631
v 0.166767 -0.041927 0.298133
v 0.160991 -0.055402 0.286819
v 0.162907 -0.045392 0.291485
v 0.166284 -0.078645 0.274022
v 0.162709 -0.069346 0.274526
v 0.170259 -0.078987 0.262661
v 0.164036 -0.069351 0.267284
v 0.167087 -0.066274 0.262179
v 0.160871 -0.056286 0.276542
v 0.162031 -0.045911 0.279968
v 0.164588 -0.047912 0.268053
v 0.163319 -0.059897 0.266729
v 0.166144 -0.037554 0.283392
v 0.119111 -0.033563 0.242866
v 0.094042 -0.011274 0.253566
v 0.119092 -0.000712 0.264770
v 0.094039 -0.000338 0.275504
v 0.094018 0.001386 0.290718
v 0.119089 -0.022115 0.253417
v 0.093993 -0.000364 0.264572
v 0.085724 -0.116059 0.199027
v -0.077610 -0.116220 0.143482
v 0.164512 -0.128818 0.255358
v 0.168962 -0.124440 0.246376
v 0.164324 -0.121190 0.241455
v 0.124197 -0.119789 0.238925
v 0.124233 -0.125127 0.247661
v 0.170678 -0.113105 0.232377
v 0.164476 -0.117231 0.236604
v 0.170145 -0.109394 0.228083
v 0.163576 -0.106055 0.225272
v 0.146508 -0.111812 0.230857
v 0.164291 -0.101094 0.221362
v 0.123853 -0.106469 0.225774
v 0.119584 -0.112492 0.231013
v 0.123985 -0.100299 0.221090
v 0.119863 -0.125652 0.249673
v 0.119615 -0.119736 0.244109
v 0.119166 -0.066556 0.232049
v 0.094008 -0.101798 0.212202
v 0.119074 -0.078449 0.220721
v 0.119603 -0.099527 0.223712
v 0.094052 -0.077430 0.212306
v 0.169656 -0.092072 0.216611
v 0.170637 -0.086726 0.215384
v 0.163825 -0.086386 0.214367
v 0.163599 -0.093381 0.217205
v 0.126070 -0.093974 0.217226
v 0.125213 -0.086947 0.214547
v 0.157638 -0.113626 0.193747
v 0.147443 -0.115279 0.195485
v 0.145506 -0.110534 0.199665
v 0.156797 -0.108445 0.197578
v 0.164306 -0.110434 0.192139
v 0.159253 -0.113746 0.183963
v 0.152815 -0.116031 0.186783
v 0.161447 -0.109931 0.171757
v 0.166230 -0.103588 0.194161
v 0.155856 -0.099334 0.199577
v 0.167166 -0.095240 0.195827
v 0.170667 -0.096616 0.188557
v 0.166747 -0.103689 0.184893
v 0.155994 -0.087922 0.199737
v 0.141933 -0.100710 0.199782
v 0.168597 -0.096848 0.175511
v 0.172222 -0.084848 0.170275
v 0.115561 -0.115756 0.194665
v 0.114872 -0.111813 0.198612
v 0.111439 -0.102134 0.199805
v 0.109062 -0.089612 0.199814
v 0.119914 -0.096267 0.218903
v 0.095046 -0.110592 0.211094
v 0.093971 -0.114912 0.206097
v 0.098930 -0.113394 0.203313
v 0.095869 -0.115964 0.196331
v 0.099051 -0.106877 0.204160
v 0.096837 -0.095630 0.205383
v 0.106292 -0.115999 0.194388
v 0.106321 -0.112543 0.199555
v 0.103685 -0.105037 0.202055
v 0.101670 -0.092092 0.202095
v 0.119138 -0.033317 0.231784
v 0.094037 -0.022272 0.242590
v 0.119185 -0.066309 0.220849
v 0.119122 -0.055223 0.231632
v 0.117540 -0.054957 0.219649
v 0.115843 -0.043714 0.218885
v 0.094026 -0.066237 0.220669
v 0.093991 -0.055243 0.220768
v 0.094924 -0.044014 0.220062
v 0.119194 -0.022358 0.242680
v 0.119102 -0.011374 0.253662
v 0.117485 -0.000081 0.253102
v 0.117518 -0.010752 0.242024
v 0.107135 0.000583 0.241648
v 0.093942 -0.000455 0.253715
v 0.093980 -0.011419 0.242726
v 0.098158 -0.002359 0.244653
v 0.117552 -0.021775 0.231088
v 0.115812 -0.033116 0.219829
v 0.107843 -0.021879 0.219904
v 0.107113 -0.010462 0.230730
v 0.112939 -0.006180 0.237492
v 0.112899 -0.017171 0.226519
v 0.094026 -0.033265 0.231662
v 0.093973 -0.022408 0.231759
v 0.095851 -0.033105 0.219765
v 0.099107 -0.024264 0.222415
v 0.098187 -0.013346 0.233668
v 0.104981 -0.005341 0.236615
v 0.104979 -0.016366 0.225696
v 0.164324 -0.076783 0.211457
v 0.164297 -0.070348 0.206613
v 0.132999 -0.076722 0.211647
v 0.167182 -0.070331 0.202931
v 0.145297 -0.069531 0.202960
v 0.122983 -0.069838 0.206596
v 0.122487 -0.069123 0.203020
v 0.160335 -0.077650 0.199679
v 0.112869 -0.076397 0.199706
v 0.123947 -0.077228 0.212112
v 0.119727 -0.080983 0.215431
v 0.117140 -0.067829 0.210625
v 0.107850 -0.055138 0.209170
v 0.110022 -0.043937 0.212246
v 0.109498 -0.066044 0.203021
v 0.111965 -0.060371 0.204958
v 0.094902 -0.066382 0.211162
v 0.096753 -0.082788 0.205374
v 0.098973 -0.070011 0.204180
v 0.099136 -0.057227 0.211826
v 0.101725 -0.047494 0.211687
v 0.103343 -0.060527 0.205979
v 0.102951 -0.078110 0.202112
v 0.109280 -0.032714 0.211123
v 0.111815 -0.027611 0.214005
v 0.099980 -0.036389 0.211426
v 0.104190 -0.027474 0.213719
v 0.075500 -0.116223 0.142114
v 0.177932 -0.053888 0.159097
v 0.176928 -0.061417 0.157143
v 0.173481 -0.076749 0.156022
v 0.175312 0.010957 0.164966
v 0.178666 -0.022387 -0.115773
v 0.177294 -0.002598 0.063064
v 0.178144 -0.012042 0.067130
v 0.177930 -0.053955 -0.114145
v 0.176905 -0.061550 -0.111715
v 0.178667 -0.043838 -0.116583
v 0.157269 -0.113465 0.156688
v 0.151192 -0.115979 0.159358
v 0.160642 -0.109331 0.157969
v 0.167880 -0.095156 0.159345
v 0.164484 -0.102345 0.157486
v 0.171089 -0.086223 0.154625
v 0.108364 -0.116054 0.117037
v 0.142400 -0.116051 -0.109448
v 0.160725 -0.109162 -0.009156
v 0.151127 -0.115999 -0.118008
v 0.167971 -0.094963 -0.012392
v 0.171070 -0.086294 -0.017795
v 0.164616 -0.102081 -0.100416
v 0.157238 -0.113469 -0.011106
v 0.173506 -0.076676 -0.107821
v -0.140805 -0.116048 0.104107
v 0.175697 0.008547 0.348551
v 0.171210 0.008393 0.357114
v 0.090961 0.001677 0.440084
v 0.084319 0.009206 0.435355
v 0.098037 0.005463 0.434629
v 0.032871 0.010107 0.441605
v 0.005251 0.003601 0.450314
v 0.024782 0.013474 0.440126
v 0.022157 0.019705 0.433261
v 0.033061 0.015426 0.436562
v 0.004735 0.013490 0.442585
v 0.010221 0.017918 0.437877
v -0.007012 0.017883 0.438529
v 0.139141 0.012148 0.403401
v 0.144517 0.014910 0.397261
v 0.125594 0.007207 0.416633
v 0.130719 0.013513 0.407790
v 0.125165 0.018776 0.405169
v 0.139789 0.020370 0.392430
v 0.148632 0.014030 0.392546
v 0.134894 0.019724 0.398073
v 0.102156 0.009346 0.429767
v 0.116997 0.005848 0.423218
v 0.110640 0.014506 0.420052
v 0.101977 0.019330 0.419892
v 0.117753 0.015454 0.413649
v 0.091272 0.014755 0.429974
v 0.085358 0.018504 0.426879
v 0.096896 0.016365 0.425192
v 0.096168 0.022502 0.417237
v 0.086586 0.021973 0.421256
v 0.114454 0.023086 0.405354
v 0.104908 0.030207 0.396958
v 0.127671 0.023500 0.395379
v 0.095514 0.031709 0.398542
v 0.092002 0.032265 0.398904
v 0.085435 0.034623 0.392235
v 0.152990 0.015241 0.385770
v 0.159842 0.008863 0.378194
v 0.149104 0.020859 0.382325
v 0.164806 0.007677 0.370349
v 0.154276 0.020013 0.377133
v 0.158794 0.016762 0.371188
v 0.145677 0.020332 0.388718
v 0.142498 0.023584 0.382938
v 0.150743 0.023488 0.372517
v 0.124468 0.030456 0.379368
v 0.164016 0.015432 0.364642
v 0.164410 0.020652 0.356014
v 0.169792 0.017070 0.349357
v 0.155063 0.023784 0.365843
v 0.150032 0.030690 0.351988
v 0.161735 0.024687 0.350879
v 0.142868 0.032193 0.354892
v 0.134562 0.034309 0.355171
v 0.130409 0.033293 0.362016
v 0.111590 0.034597 0.376887
v 0.108415 0.033294 0.383904
v 0.119421 0.033281 0.373000
v 0.101609 0.034268 0.387992
v 0.086452 0.036544 0.383890
v 0.098231 0.037467 0.371695
v 0.123783 0.034225 0.366245
v 0.111714 0.037963 0.356804
v 0.085355 0.040266 0.358216
v 0.023300 0.023893 0.425468
v 0.034574 0.020727 0.430120
v 0.011896 0.031446 0.411164
v 0.066752 0.032246 0.402381
v 0.041112 0.035604 0.393890
v 0.023454 0.034219 0.402368
v 0.007226 0.021674 0.432476
v -0.003695 0.031224 0.412503
v 0.005742 0.033090 0.407741
v 0.004798 0.036461 0.394352
v 0.046914 0.037008 0.385234
v 0.050757 0.042493 0.346048
v 0.002500 0.041809 0.356661
v 0.177892 0.007261 0.337456
v 0.176629 0.014870 0.341338
v 0.175465 0.020437 0.334960
v 0.177105 0.011395 0.326311
v 0.174570 0.002372 0.325909
v 0.177192 0.020139 0.328696
v 0.178490 0.018854 0.318598
v 0.176464 0.010066 0.307552
v 0.177161 0.020012 0.304869
v 0.176002 0.017446 0.303726
v 0.176175 0.023923 0.322055
v 0.168781 0.028116 0.326536
v 0.163351 0.033554 0.316762
v 0.172207 0.032824 0.295400
v 0.177634 0.027483 0.303246
v 0.175516 0.013167 0.296604
v 0.176478 0.006169 0.294462
v 0.177928 0.025449 0.288213
v 0.174299 0.032540 0.287492
v 0.177977 0.029503 0.281723
v 0.176091 0.015019 0.275209
v 0.175718 0.010636 0.267801
v 0.178559 0.027084 0.271648
v 0.169230 0.034883 0.265166
v 0.177621 0.024493 0.254149
v 0.178601 0.022230 0.252986
v 0.176146 0.016190 0.259979
v 0.178023 0.018901 0.242770
v 0.177538 0.009632 0.241503
v 0.169210 0.032508 0.239769
v 0.178916 0.010916 0.230550
v 0.178473 0.018528 0.232172
v 0.179150 0.010378 0.220302
v 0.176986 0.019213 0.221630
v 0.175829 0.023415 0.228214
v 0.170718 0.029075 0.218477
v 0.174736 0.022642 0.205292
v 0.178432 0.009376 0.209608
v 0.176731 0.016888 0.199340
v 0.176572 0.009929 0.187920
v 0.174222 0.019794 0.187860
v 0.175440 0.014616 0.179051
v 0.168050 0.024325 0.340058
v 0.159025 0.029763 0.341745
v 0.154647 0.034399 0.333393
v 0.151578 0.033272 0.339921
v 0.145763 0.034178 0.344698
v 0.131765 0.037493 0.339292
v 0.143659 0.037531 0.327129
v 0.151808 0.040123 0.304837
v 0.161141 0.038295 0.297812
v 0.124074 0.043196 0.306552
v 0.111254 0.041157 0.333901
v 0.105458 0.010620 0.326033
v 0.099921 0.009310 0.324375
v 0.086586 0.043952 0.330061
v 0.101535 0.044072 0.322432
v 0.109105 0.007024 0.319783
v 0.109807 0.013988 0.308865
v 0.106898 0.020857 0.303091
v 0.100412 0.012404 0.310175
v 0.104988 0.048789 0.286825
v 0.156844 0.042600 0.284240
v 0.147015 0.044102 0.287267
v 0.158893 0.042728 0.272067
v 0.164176 0.039289 0.268832
v 0.151696 0.044753 0.271511
v 0.138998 0.046298 0.276489
v 0.137010 0.047244 0.263091
v 0.115841 0.012283 0.297911
v 0.108409 0.019709 0.297907
v 0.115835 0.012389 0.283506
v 0.107362 0.019165 0.286486
v 0.094827 0.011173 0.297643
v 0.099894 0.018983 0.301284
v 0.093906 0.010469 0.286524
v 0.099991 0.020252 0.290838
v 0.108339 0.019638 0.275623
v 0.115798 0.010589 0.264724
v 0.109285 0.019064 0.264370
v 0.094902 0.010962 0.275432
v 0.100015 0.020143 0.279148
v 0.095824 0.010992 0.264572
v 0.099946 0.019023 0.267998
v 0.086501 0.051213 0.278628
v 0.102076 0.050610 0.274960
v 0.102933 0.051579 0.262706
v 0.087609 0.052710 0.259888
v 0.015293 0.050059 0.298958
v 0.039775 0.050902 0.287648
v -0.002855 0.045957 0.328205
v -0.008996 0.050235 0.297941
v 0.023378 0.052711 0.270470
v 0.053633 0.052719 0.264318
v -0.001144 0.051502 0.288338
v -0.000858 0.052643 0.275352
v 0.163250 0.039782 0.252340
v 0.167002 0.035287 0.249173
v 0.161498 0.041556 0.216601
v 0.150642 0.046227 0.239441
v 0.157881 0.044004 0.244819
v 0.151345 0.047231 0.223146
v 0.157640 0.045802 0.210412
v 0.107792 0.011045 0.253211
v 0.111800 0.015965 0.259382
v 0.112850 0.004266 0.248684
v 0.099104 0.008283 0.255789
v 0.104148 0.016411 0.259164
v 0.104911 0.005304 0.247692
v 0.090902 0.053796 0.216189
v 0.093058 0.054078 0.195874
v 0.170056 0.028436 0.190628
v 0.161303 0.042109 0.182776
v 0.168856 0.029928 0.176832
v 0.150577 0.050443 0.180437
v 0.141795 0.052068 0.179416
v 0.156843 0.047718 0.165487
v 0.099845 0.054146 0.185354
v 0.124096 0.054104 0.171754
v 0.091581 0.055885 0.179998
v 0.084224 0.056007 0.186841
v 0.098389 0.056318 0.175461
v 0.043155 0.054503 0.228552
v 0.073298 0.054825 0.215269
v 0.009213 0.054313 0.237060
v 0.001741 0.055923 0.199340
v -0.021049 0.055308 0.210185
v 0.075421 0.055789 0.198007
v 0.063778 0.057553 0.185840
v 0.069432 0.059725 0.175168
v 0.028017 0.060546 0.176288
v 0.002571 0.057821 0.187740
v -0.007990 0.060842 0.176412
v 0.175293 0.011015 0.066285
v 0.175097 0.012218 0.051310
v 0.174893 0.013453 -0.009975
v 0.172677 0.020312 0.162307
v 0.169218 0.028901 0.161936
v 0.162202 0.041736 0.152418
v 0.160017 0.046457 0.128313
v 0.150515 0.051565 0.165617
v 0.150099 0.053854 0.153872
v 0.156812 0.048623 0.152017
v 0.141601 0.054162 0.163786
v 0.141280 0.057093 0.152517
v 0.156519 0.051413 0.133137
v 0.139560 0.063379 0.139409
v 0.146007 0.061270 0.137935
v 0.150331 0.059259 0.130605
v 0.127729 0.074362 0.120497
v 0.139798 0.066860 0.130312
v 0.113831 0.056742 0.165151
v 0.113124 0.062150 0.151990
v 0.089464 0.061986 0.162268
v 0.081158 0.064960 0.158479
v 0.078202 0.077576 0.132691
v 0.172729 0.020172 0.058485
v 0.146295 0.071911 0.090053
v 0.143467 0.067060 0.125266
v 0.137444 0.072610 0.117935
v 0.144500 0.067732 0.118505
v 0.134914 0.076639 0.111683
v 0.148961 0.067581 0.084493
v 0.140602 0.079407 0.086060
v 0.126369 0.088962 0.088280
v 0.133402 0.085067 0.088678
v 0.114753 0.086012 0.100713
v 0.072857 0.087940 0.112855
v 0.070742 0.098678 0.090745
v 0.065197 0.063138 0.165945
v 0.060302 0.087899 0.115213
v 0.007312 0.064545 0.167664
v 0.031934 0.090103 0.112995
v 0.003199 0.080220 0.134848
v 0.004647 0.102280 0.088078
v 0.031249 0.110082 0.071090
v 0.135866 0.086678 0.075839
v 0.142037 0.080492 0.074966
v 0.136550 0.091325 0.047438
v 0.172653 0.020303 -0.003135
v 0.169191 0.028946 -0.092585
v 0.128065 0.092338 0.075108
v 0.125049 0.106007 0.040547
v 0.132067 0.098274 0.044777
v 0.118656 0.095021 0.078468
v 0.122846 0.097925 0.069450
v 0.118734 0.099442 0.068657
v 0.077998 0.109746 0.064637
v 0.072601 0.118446 0.048116
v 0.116716 0.108661 0.047004
v 0.123657 0.104068 0.050022
v 0.112019 0.110504 0.046936
v 0.097038 0.121753 0.029057
v 0.081816 0.121918 0.035856
v 0.124653 0.113968 0.009028
v 0.121540 0.117284 0.013014
v 0.112756 0.119747 0.023367
v 0.105573 0.123812 0.019489
v 0.114800 0.122785 0.011667
v 0.093721 0.125642 0.020430
v 0.107027 0.126440 0.009975
v 0.119861 0.120570 -0.003161
v 0.107456 0.128583 -0.004847
v 0.114810 0.125096 -0.003202
v 0.093661 0.128815 0.010036
v 0.097235 0.130306 -0.000423
v 0.068835 0.109920 0.067616
v 0.053130 0.120467 0.048701
v 0.061401 0.120856 0.046750
v 0.050505 0.125770 0.035617
v 0.000703 0.120866 0.049013
v -0.004041 0.124203 0.041159
v 0.068817 0.125625 0.030488
v 0.072467 0.127744 0.021993
v 0.044870 0.130788 0.017531
v 0.069868 0.130211 0.011953
v 0.064638 0.131735 0.000825
v 0.059286 0.132116 0.004634
v 0.043522 0.131963 0.010775
v 0.027232 0.127722 0.031355
v -0.021888 0.128029 0.030587
v 0.009330 0.132666 0.017092
v 0.011406 0.133797 0.010149
v 0.011118 0.134637 0.000491
v -0.012148 0.133821 0.009836
v 0.000488 0.134813 0.000220
v -0.028059 -0.115300 0.498583
v -0.011134 -0.108171 0.496817
v -0.031522 -0.110803 0.497039
v -0.043507 -0.112469 0.497355
v -0.042932 -0.099976 0.485924
v -0.032532 -0.094482 0.479491
v -0.049081 -0.098584 0.484104
v -0.042960 -0.096626 0.481343
v -0.060538 -0.114569 0.496560
v -0.067184 -0.114691 0.492105
v -0.064407 -0.111611 0.493944
v -0.102612 -0.115075 0.488092
v -0.078880 -0.111316 0.491245
v -0.108319 -0.115811 0.481497
v -0.097805 -0.111796 0.489259
v -0.076783 -0.103070 0.485719
v -0.088008 -0.097843 0.481322
v -0.046693 -0.092280 0.470730
v -0.055122 -0.095235 0.478884
v -0.076547 -0.092851 0.470619
v -0.076835 -0.090163 0.451206
v -0.076522 -0.095773 0.477831
v -0.090330 -0.086058 0.471044
v -0.086633 -0.086408 0.461656
v -0.085123 -0.085785 0.450113
v -0.076742 -0.085329 0.442224
v -0.082070 -0.086627 0.444437
v -0.039857 -0.054787 0.484887
v -0.036533 -0.046077 0.484729
v -0.046975 -0.052423 0.485306
v -0.010169 -0.027540 0.480398
v -0.035986 -0.036714 0.481213
v -0.060652 -0.052047 0.484226
v -0.052066 -0.055221 0.481125
v -0.067061 -0.052408 0.480986
v -0.066002 -0.045869 0.481423
v -0.066594 -0.057777 0.461577
v -0.066446 -0.061244 0.448972
v -0.030830 -0.027181 0.478021
v -0.036675 -0.021999 0.473801
v -0.042914 -0.025742 0.475504
v -0.043051 -0.019376 0.469792
v -0.048717 -0.013044 0.460225
v -0.010540 -0.001706 0.453725
v -0.027241 -0.006873 0.455923
v -0.062015 -0.055569 0.476754
v -0.080273 -0.051929 0.479031
v -0.073102 -0.055401 0.476505
v -0.090447 -0.053568 0.479236
v -0.086904 -0.045635 0.479225
v -0.085781 -0.058051 0.477148
v -0.078791 -0.060026 0.461223
v -0.092048 -0.064417 0.472293
v -0.089556 -0.065735 0.464722
v -0.078294 -0.062094 0.449779
v -0.088502 -0.066307 0.454144
v -0.073815 -0.067417 0.441024
v -0.084265 -0.070090 0.442634
v -0.055053 -0.028040 0.475919
v -0.071795 -0.022933 0.471325
v -0.075742 -0.013438 0.457199
v -0.088547 -0.030355 0.473312
v -0.094522 -0.027481 0.471121
v -0.084917 -0.020180 0.466370
v -0.094834 -0.016817 0.458367
v -0.063783 -0.008625 0.452858
v -0.075548 -0.004977 0.447686
v -0.093880 -0.011846 0.451517
v -0.089515 -0.004383 0.444914
v -0.112613 -0.114912 0.486445
v -0.103237 -0.109472 0.487061
v -0.097609 -0.098322 0.481123
v -0.115709 -0.112394 0.482769
v -0.107778 -0.101963 0.479585
v -0.120289 -0.115050 0.480017
v -0.097553 -0.087857 0.477026
v -0.113528 -0.095717 0.472524
v -0.113342 -0.088446 0.471007
v -0.105150 -0.088612 0.476201
v -0.134856 -0.115120 0.473032
v -0.133374 -0.112672 0.471853
v -0.133320 -0.115824 0.468201
v -0.118619 -0.106761 0.476195
v -0.128245 -0.102611 0.467779
v -0.133822 -0.095281 0.459675
v -0.131649 -0.088266 0.460126
v -0.125017 -0.088860 0.464625
v -0.146403 -0.114747 0.464643
v -0.152719 -0.114961 0.458771
v -0.155861 -0.110786 0.456377
v -0.139944 -0.100217 0.457737
v -0.148956 -0.104501 0.455483
v -0.153657 -0.115802 0.446141
v -0.140017 -0.089576 0.453959
v -0.157157 -0.101904 0.447653
v -0.148752 -0.089773 0.448925
v -0.144055 -0.081976 0.449994
v -0.158668 -0.114004 0.454561
v -0.160871 -0.110153 0.448233
v -0.162041 -0.114637 0.438581
v -0.163191 -0.110263 0.437938
v -0.160440 -0.100459 0.438746
v -0.159031 -0.087714 0.436029
v -0.155336 -0.088744 0.443588
v -0.098355 -0.070494 0.475568
v -0.101225 -0.073626 0.475986
v -0.098816 -0.057355 0.478495
v -0.094163 -0.060827 0.477391
v -0.095382 -0.074473 0.469437
v -0.097748 -0.081252 0.474497
v -0.105906 -0.076148 0.474687
v -0.105241 -0.065956 0.475699
v -0.092582 -0.077711 0.461441
v -0.096099 -0.045465 0.477176
v -0.104947 -0.056061 0.475589
v -0.138904 -0.046246 0.454263
v -0.101461 -0.043065 0.474768
v -0.126918 -0.076029 0.462284
v -0.131042 -0.065762 0.460847
v -0.138531 -0.056350 0.456360
v -0.090471 -0.077655 0.449906
v -0.085837 -0.081046 0.443108
v -0.106774 -0.034922 0.468655
v -0.108263 -0.024837 0.463160
v -0.101319 -0.022351 0.465105
v -0.107517 -0.020530 0.458885
v -0.130229 -0.033488 0.454639
v -0.124548 -0.026844 0.455053
v -0.106503 -0.012762 0.446995
v -0.096248 -0.004390 0.442752
v -0.104887 -0.004413 0.438822
v -0.121153 -0.021943 0.453476
v -0.132355 -0.022181 0.447243
v -0.134814 -0.013231 0.431327
v -0.140415 -0.076232 0.453605
v -0.150835 -0.064616 0.448770
v -0.147807 -0.076221 0.448668
v -0.151358 -0.055273 0.448518
v -0.145351 -0.050798 0.452249
v -0.148699 -0.033060 0.443799
v -0.158522 -0.074524 0.435284
v -0.154575 -0.076303 0.442440
v -0.154991 -0.061427 0.444109
v -0.157722 -0.055718 0.437626
v -0.157327 -0.044920 0.437266
v -0.154341 -0.043086 0.443296
v -0.139536 -0.025970 0.445550
v -0.154818 -0.027778 0.436649
v -0.149467 -0.026084 0.440058
v -0.147443 -0.021275 0.437304
v -0.140593 -0.019636 0.438332
v -0.155448 -0.034845 0.437567
v -0.065851 -0.077579 0.436867
v -0.077426 -0.077364 0.437789
v -0.162096 -0.115679 0.428839
v -0.165573 -0.114612 0.434045
v -0.165074 -0.108115 0.426266
v -0.168871 -0.114507 0.411564
v -0.168837 -0.110226 0.413368
v -0.162890 -0.100628 0.427143
v -0.163732 -0.091821 0.418226
v -0.166212 -0.101161 0.416501
v -0.172722 -0.113991 0.385618
v -0.173676 -0.108283 0.392006
v -0.171932 -0.087728 0.392617
v -0.173695 -0.096232 0.388150
v -0.172930 -0.115643 0.375659
v -0.097493 -0.113533 0.364285
v -0.100805 -0.105689 0.361714
v -0.109308 -0.108579 0.366814
v -0.109944 -0.113861 0.369662
v -0.092863 -0.113660 0.350718
v -0.095865 -0.108212 0.352977
v -0.099977 -0.095518 0.361092
v -0.111246 -0.098768 0.359790
v -0.107938 -0.088253 0.360952
v -0.095271 -0.100346 0.352186
v -0.095234 -0.066537 0.352200
v -0.120993 -0.108585 0.367525
v -0.131964 -0.108443 0.367456
v -0.121008 -0.102492 0.361380
v -0.132085 -0.097989 0.363740
v -0.115845 -0.087935 0.353739
v -0.117918 -0.096291 0.349272
v -0.120414 -0.100733 0.353558
v -0.130695 -0.097789 0.353465
v -0.137004 -0.091779 0.360626
v -0.142812 -0.108485 0.367467
v -0.153803 -0.108610 0.367536
v -0.177861 -0.113874 0.369783
v -0.142801 -0.099583 0.367898
v -0.142837 -0.092340 0.363120
v -0.153716 -0.098975 0.361127
v -0.148110 -0.094223 0.364301
v -0.164872 -0.108569 0.367516
v -0.173479 -0.108486 0.367586
v -0.164546 -0.102484 0.361306
v -0.173749 -0.097743 0.363718
v -0.148154 -0.093305 0.359157
v -0.151848 -0.098959 0.351025
v -0.160790 -0.100963 0.353551
v -0.172256 -0.097785 0.350461
v -0.175967 -0.086683 0.356536
v -0.177028 -0.084480 0.363082
v -0.128905 -0.004156 0.424273
v -0.119000 0.005613 0.422047
v -0.161997 -0.078234 0.423686
v -0.162877 -0.040548 0.418113
v -0.172443 -0.066507 0.391605
v -0.178088 -0.055510 0.373189
v -0.177877 -0.044245 0.372246
v -0.149586 -0.015363 0.423644
v -0.139298 -0.008085 0.421249
v -0.153810 -0.011799 0.412409
v -0.145848 -0.005790 0.414946
v -0.158850 -0.026006 0.425453
v -0.163154 -0.024183 0.409883
v -0.154153 -0.022263 0.433642
v -0.157008 -0.019015 0.420022
v -0.155538 -0.008203 0.402711
v -0.151785 -0.003022 0.403315
v -0.167404 -0.023813 0.398694
v -0.174173 -0.022005 0.377749
v -0.160016 -0.014692 0.405075
v -0.163238 -0.003983 0.383709
v -0.157078 -0.003070 0.395077
v -0.154376 0.006386 0.390453
v -0.165204 -0.019744 0.402408
v -0.100318 -0.065581 0.361293
v -0.107883 -0.065945 0.360804
v -0.100653 -0.051612 0.360692
v -0.108671 -0.055232 0.361057
v -0.106985 -0.049859 0.362775
v -0.095977 -0.055215 0.352839
v -0.102324 -0.042923 0.352867
v -0.115866 -0.055218 0.353604
v -0.111275 -0.044264 0.354468
v -0.101655 -0.029325 0.349544
v -0.109557 -0.033052 0.349591
v -0.100677 -0.017695 0.350389
v -0.109641 -0.022035 0.348551
v -0.105834 -0.016157 0.351601
v -0.139340 -0.091517 0.356791
v -0.178479 -0.061408 0.368646
v -0.176577 -0.049441 0.358458
v -0.176604 -0.034140 0.373524
v -0.177405 -0.016020 0.366627
v -0.168668 -0.012456 0.383133
v -0.174203 -0.012823 0.371285
v -0.176492 -0.007717 0.362479
v -0.177668 -0.113520 0.376180
v -0.178257 -0.104861 0.373964
v -0.176791 -0.108275 0.380002
v -0.178194 -0.102946 0.369145
v -0.178317 -0.091940 0.369368
v -0.177890 -0.045814 0.363516
v -0.178629 -0.033313 0.363047
v -0.178900 -0.021912 0.363509
v -0.177112 -0.044512 0.352129
v -0.178590 -0.033275 0.353389
v -0.177888 -0.024272 0.352896
v -0.176748 -0.013665 0.349357
v -0.178473 -0.013829 0.355330
v -0.178439 -0.001890 0.348107
v -0.086606 -0.115919 0.214771
v -0.095182 -0.108180 0.341459
v -0.119974 -0.113565 0.333977
v -0.122298 -0.118150 0.330549
v -0.122093 -0.109397 0.339897
v -0.119488 -0.106125 0.336895
v -0.119095 -0.114850 0.320025
v -0.119347 -0.116228 0.325798
v -0.120062 -0.102705 0.343800
v -0.126220 -0.103870 0.344473
v -0.119088 -0.097092 0.338533
v -0.119084 -0.088164 0.341109
v -0.135592 -0.103793 0.344498
v -0.092684 -0.113938 0.220669
v -0.095234 -0.108142 0.220895
v -0.120104 -0.122747 0.322576
v -0.126067 -0.123052 0.323651
v -0.119785 -0.125279 0.314356
v -0.124458 -0.126388 0.317359
v -0.119251 -0.127667 0.303105
v -0.121901 -0.129525 0.309736
v -0.120198 -0.131629 0.303597
v -0.167899 -0.114372 0.334953
v -0.161475 -0.118572 0.329608
v -0.146472 -0.103863 0.344383
v -0.142751 -0.097049 0.348583
v -0.157498 -0.103947 0.344361
v -0.160949 -0.109728 0.339846
v -0.174816 -0.113021 0.333420
v -0.172426 -0.116669 0.327067
v -0.172476 -0.106957 0.337339
v -0.167708 -0.103974 0.344366
v -0.174800 -0.102509 0.343032
v -0.168102 -0.122930 0.323452
v -0.160600 -0.129128 0.311593
v -0.146090 -0.129905 0.308528
v -0.172088 -0.123329 0.321984
v -0.175342 -0.122158 0.318359
v -0.172015 -0.127993 0.306675
v -0.175390 -0.124511 0.313059
v -0.119854 -0.133439 0.287478
v -0.124256 -0.133157 0.295085
v -0.124560 -0.134218 0.286124
v -0.119489 -0.128879 0.264400
v -0.120006 -0.132701 0.268695
v -0.125173 -0.133989 0.277569
v -0.124701 -0.130515 0.260571
v -0.119067 -0.114269 0.244021
v -0.139149 -0.132091 0.300896
v -0.163451 -0.133984 0.285751
v -0.168788 -0.132417 0.301301
v -0.171838 -0.132106 0.301706
v -0.174488 -0.131390 0.295877
v -0.171465 -0.133539 0.285798
v -0.175170 -0.131958 0.284766
v -0.169732 -0.133765 0.276095
v -0.164545 -0.131071 0.262070
v -0.163575 -0.133080 0.269387
v -0.175123 -0.131655 0.274580
v -0.172756 -0.128793 0.265190
v -0.169589 -0.133272 0.270666
v -0.175836 -0.098461 0.297443
v -0.174256 -0.097129 0.283882
v -0.168068 -0.084050 0.292235
v -0.174727 -0.096246 0.271499
v -0.095288 -0.044431 0.341375
v -0.095297 -0.038886 0.277879
v -0.119070 -0.022253 0.330423
v -0.119096 -0.044247 0.341318
v -0.095260 -0.033236 0.341239
v -0.095256 -0.022247 0.341140
v -0.101067 -0.007757 0.340762
v -0.110249 -0.010343 0.344125
v -0.095346 -0.000515 0.319674
v -0.100596 0.001471 0.331070
v -0.119167 -0.033303 0.341208
v -0.117586 -0.022095 0.342303
v -0.119176 -0.011547 0.330238
v -0.110120 0.001739 0.333047
v -0.095350 -0.000285 0.308403
v -0.119072 -0.011287 0.319438
v -0.117593 0.001023 0.319777
v -0.119145 -0.000443 0.308434
v -0.170093 -0.067695 0.312958
v -0.167606 -0.072580 0.305611
v -0.172906 -0.051252 0.318094
v -0.171953 -0.041016 0.311392
v -0.174208 -0.039815 0.317280
v -0.175231 -0.020027 0.343278
v -0.175157 -0.005177 0.333131
v -0.119069 -0.011262 0.264537
v -0.095289 -0.066276 0.220792
v -0.119069 -0.033235 0.242562
v -0.095389 0.001084 0.280287
v -0.119071 -0.000631 0.264663
v -0.095322 -0.000329 0.264549
v -0.170204 -0.082880 0.303022
v -0.163754 -0.074509 0.293818
v -0.161962 -0.062704 0.296468
v -0.163390 -0.076112 0.282361
v -0.161228 -0.065762 0.286166
v -0.162662 -0.050242 0.296315
v -0.165487 -0.059075 0.304616
v -0.163490 -0.043895 0.292538
v -0.166644 -0.043717 0.299752
v -0.161010 -0.055461 0.286674
v -0.163799 -0.074205 0.272484
v -0.162783 -0.067224 0.272542
v -0.166758 -0.079561 0.275233
v -0.172990 -0.082375 0.256849
v -0.170367 -0.078798 0.262560
v -0.166539 -0.067571 0.263077
v -0.162828 -0.059785 0.266627
v -0.162237 -0.054028 0.273512
v -0.161155 -0.047055 0.280140
v -0.165031 -0.047808 0.266609
v -0.166028 -0.054521 0.261658
v -0.165175 -0.041926 0.274022
v -0.172338 -0.029185 0.298977
v -0.173471 -0.029540 0.305569
v -0.167173 -0.035998 0.286089
v -0.174513 -0.021365 0.288833
v -0.170292 -0.030552 0.275178
v -0.177111 -0.016244 0.279209
v -0.176954 -0.024016 0.258530
v -0.176422 -0.021029 0.264102
v -0.087902 -0.116059 0.198647
v -0.095270 -0.078051 0.220529
v -0.119953 -0.123848 0.246487
v -0.119633 -0.118846 0.242807
v -0.124200 -0.121531 0.241744
v -0.124279 -0.125103 0.247683
v -0.119589 -0.110562 0.229239
v -0.124391 -0.117484 0.236531
v -0.123839 -0.102635 0.222650
v -0.119677 -0.097029 0.222057
v -0.119117 -0.087846 0.221626
v -0.161924 -0.125322 0.248733
v -0.163063 -0.119658 0.239142
v -0.169126 -0.126176 0.249977
v -0.170693 -0.127004 0.254779
v -0.175243 -0.123872 0.253205
v -0.176628 -0.121836 0.264340
v -0.171801 -0.122124 0.245444
v -0.170207 -0.111976 0.230401
v -0.164556 -0.105778 0.225223
v -0.164086 -0.099796 0.221045
v -0.171682 -0.114507 0.234735
v -0.175480 -0.102461 0.227794
v -0.172736 -0.097613 0.222930
v -0.095703 -0.113015 0.209922
v -0.099461 -0.106303 0.210089
v -0.104255 -0.111079 0.198379
v -0.107608 -0.102368 0.203049
v -0.098891 -0.097369 0.210133
v -0.098259 -0.082204 0.209934
v -0.108253 -0.093353 0.203203
v -0.105607 -0.084754 0.203164
v -0.120209 -0.091324 0.216346
v -0.119849 -0.086690 0.215485
v -0.124492 -0.093641 0.216985
v -0.131848 -0.086363 0.214002
v -0.098979 -0.116037 0.187724
v -0.121760 -0.108048 0.194066
v -0.122473 -0.097632 0.198367
v -0.111928 -0.114680 0.187016
v -0.109926 -0.116047 0.176652
v -0.121784 -0.088349 0.199757
v -0.117669 -0.081087 0.201605
v -0.134970 -0.107445 0.193226
v -0.136938 -0.095740 0.197151
v -0.125560 -0.113833 0.185844
v -0.145581 -0.109270 0.192612
v -0.149460 -0.098080 0.196739
v -0.144560 -0.115693 0.186016
v -0.127663 -0.116017 0.175844
v -0.136217 -0.084121 0.199452
v -0.131816 -0.077070 0.201640
v -0.154043 -0.084206 0.199013
v -0.144759 -0.075181 0.199793
v -0.153753 -0.086013 0.213845
v -0.169420 -0.095174 0.218178
v -0.164381 -0.086104 0.213929
v -0.175672 -0.081972 0.217247
v -0.153623 -0.111508 0.192802
v -0.159932 -0.112535 0.193166
v -0.162462 -0.103964 0.197222
v -0.155127 -0.115834 0.186244
v -0.151214 -0.116017 0.177759
v -0.163468 -0.077651 0.199775
v -0.162834 -0.112698 0.192353
v -0.159178 -0.113726 0.182949
v -0.168018 -0.103550 0.193848
v -0.161662 -0.109402 0.170947
v -0.169320 -0.094560 0.198622
v -0.170545 -0.082728 0.199727
v -0.170720 -0.098495 0.194482
v -0.176004 -0.082284 0.193192
v -0.174801 -0.084678 0.195575
v -0.167807 -0.097528 0.171054
v -0.173217 -0.084885 0.179439
v -0.095365 -0.033427 0.231564
v -0.119072 -0.055160 0.231427
v -0.095228 -0.047549 0.220520
v -0.119070 -0.066201 0.231577
v -0.119104 -0.077121 0.220966
v -0.119103 -0.066262 0.220754
v -0.117489 -0.054934 0.219609
v -0.115864 -0.043712 0.218901
v -0.095330 -0.022257 0.242577
v -0.095282 -0.011298 0.253596
v -0.095225 -0.000470 0.253730
v -0.095212 -0.011425 0.242737
v -0.101840 0.000246 0.241295
v -0.119070 -0.022249 0.253555
v -0.119088 -0.022333 0.242638
v -0.119084 -0.011333 0.253623
v -0.117602 -0.000392 0.252598
v -0.117503 -0.010714 0.241981
v -0.111974 -0.001338 0.242621
v -0.095228 -0.022419 0.231772
v -0.096010 -0.033294 0.220524
v -0.102339 -0.021875 0.219862
v -0.101779 -0.010444 0.230715
v -0.098770 -0.004970 0.236228
v -0.098739 -0.016014 0.225342
v -0.111886 -0.011926 0.232183
v -0.107142 -0.006067 0.237371
v -0.107138 -0.017072 0.226422
v -0.119099 -0.033304 0.231708
v -0.117505 -0.021742 0.231055
v -0.115866 -0.033099 0.219844
v -0.111855 -0.023557 0.221720
v -0.173131 -0.066736 0.248988
v -0.172380 -0.054215 0.250025
v -0.175502 -0.040938 0.248052
v -0.176566 -0.053131 0.240524
v -0.175952 -0.032093 0.252227
v -0.097337 -0.065992 0.210043
v -0.103639 -0.075757 0.203144
v -0.102210 -0.065981 0.203005
v -0.102361 -0.055123 0.209132
v -0.100010 -0.043768 0.211709
v -0.100805 -0.060435 0.204798
v -0.111879 -0.056891 0.210615
v -0.109524 -0.047816 0.212970
v -0.107760 -0.060606 0.204818
v -0.117848 -0.076463 0.210757
v -0.125210 -0.078944 0.210018
v -0.115963 -0.066345 0.210309
v -0.133374 -0.074324 0.208211
v -0.111283 -0.068738 0.203322
v -0.113260 -0.076079 0.203549
v -0.123687 -0.075958 0.203531
v -0.137349 -0.070729 0.203967
v -0.138060 -0.064163 0.203045
v -0.136773 -0.062372 0.206234
v -0.136499 -0.059209 0.204440
v -0.100719 -0.033037 0.212270
v -0.098678 -0.027891 0.215083
v -0.107844 -0.036600 0.212262
v -0.106271 -0.027670 0.214525
v -0.142937 -0.076637 0.211081
v -0.143067 -0.066380 0.209768
v -0.153770 -0.076614 0.210990
v -0.153845 -0.066307 0.209706
v -0.144271 -0.059224 0.205856
v -0.141666 -0.057677 0.202753
v -0.152686 -0.057050 0.202827
v -0.165155 -0.076085 0.206988
v -0.165756 -0.066258 0.207182
v -0.173365 -0.076649 0.210995
v -0.173473 -0.075409 0.201864
v -0.173679 -0.065816 0.203225
v -0.173422 -0.064333 0.208857
v -0.167034 -0.065422 0.202187
v -0.167379 -0.074286 0.201572
v -0.164524 -0.059341 0.205911
v -0.172525 -0.058979 0.206353
v -0.162332 -0.058207 0.202830
v -0.170710 -0.059069 0.202724
v -0.152172 -0.067835 0.199799
v -0.148026 -0.061751 0.199660
v -0.158847 -0.061961 0.199705
v -0.175801 -0.039402 0.216972
v -0.176799 -0.036398 0.210119
v -0.175671 -0.029688 0.217511
v -0.175857 -0.087904 0.347237
v -0.176259 -0.097463 0.339171
v -0.177710 -0.081247 0.339314
v -0.176419 -0.103592 0.334606
v -0.176547 -0.107829 0.328338
v -0.177833 -0.097973 0.328806
v -0.178146 -0.085418 0.331551
v -0.176268 -0.114013 0.323744
v -0.176709 -0.115406 0.317782
v -0.177921 -0.108658 0.315425
v -0.176631 -0.119813 0.308141
v -0.178178 -0.099902 0.320021
v -0.177515 -0.089459 0.321743
v -0.177638 -0.101217 0.309502
v -0.176320 -0.089751 0.313819
v -0.176071 -0.125642 0.299159
v -0.177601 -0.119044 0.292536
v -0.178418 -0.110873 0.293583
v -0.177649 -0.103912 0.296655
v -0.178746 -0.111073 0.271080
v -0.176932 -0.101609 0.276247
v -0.178363 -0.100981 0.263363
v -0.176821 -0.070675 0.348374
v -0.178044 -0.059984 0.332629
v -0.178270 -0.047293 0.339825
v -0.178592 -0.043436 0.331478
v -0.176980 -0.078391 0.323943
v -0.176369 -0.058801 0.325627
v -0.176358 -0.044189 0.322378
v -0.177521 -0.033804 0.340156
v -0.176699 -0.024037 0.343941
v -0.178824 -0.027596 0.326047
v -0.176323 -0.004088 0.339092
v -0.176398 -0.007256 0.327430
v -0.178386 -0.027497 0.317712
v -0.175441 -0.031161 0.311453
v -0.176338 0.000030 0.315275
v -0.174944 0.004439 0.323238
v -0.178862 -0.010481 0.301157
v -0.176864 0.001609 0.307270
v -0.176201 -0.020955 0.298624
v -0.178004 -0.001580 0.289706
v -0.178162 -0.009961 0.278715
v -0.177608 -0.001723 0.266143
v -0.178098 -0.011697 0.254104
v -0.177546 -0.112457 0.253192
v -0.175768 -0.114186 0.240105
v -0.178911 -0.094347 0.245475
v -0.177187 -0.090000 0.253563
v -0.174917 -0.116582 0.238796
v -0.176497 -0.093535 0.226775
v -0.178497 -0.082210 0.233879
v -0.178350 -0.079021 0.242338
v -0.176386 -0.067758 0.242022
v -0.178684 -0.066544 0.231280
v -0.177323 -0.062221 0.221155
v -0.177847 -0.038170 0.232124
v -0.177237 -0.045692 0.223116
v -0.177975 -0.018830 0.250090
v -0.178006 -0.029773 0.241580
v -0.178075 -0.022354 0.243012
v -0.177319 -0.003885 0.256090
v -0.178093 0.000327 0.243276
v -0.175679 0.001674 0.250026
v -0.177082 0.009736 0.242186
v -0.176984 -0.036593 0.224469
v -0.177915 -0.023555 0.220418
v -0.179058 -0.010456 0.230783
v -0.178178 -0.001546 0.232656
v -0.178803 0.000691 0.218626
v -0.175727 -0.069657 0.215110
v -0.176826 -0.056793 0.210748
v -0.177653 -0.043504 0.210990
v -0.177418 -0.055171 0.199395
v -0.178834 -0.036194 0.199151
v -0.177833 -0.070592 0.194417
v -0.176893 -0.063833 0.173048
v -0.178854 -0.057485 0.188048
v -0.179358 -0.044529 0.188377
v -0.179591 -0.022365 0.197752
v -0.177609 -0.022756 0.209856
v -0.178814 -0.011158 0.209240
v -0.178962 -0.002285 0.205852
v -0.179146 -0.011814 0.198706
v -0.179384 -0.025624 0.188728
v -0.178134 -0.012321 0.170867
v -0.177074 -0.002203 0.172174
v -0.157337 -0.113485 0.159412
v -0.160610 -0.109354 0.152986
v -0.171942 -0.084946 0.165974
v -0.164454 -0.102338 0.154656
v -0.167810 -0.095127 0.153519
v -0.171451 -0.085249 0.154118
v -0.151171 -0.115962 0.022994
v -0.171036 -0.086191 0.013734
v -0.164567 -0.101984 0.032097
v -0.167911 -0.094878 -0.004942
v -0.173215 -0.077525 0.081962
v -0.157200 -0.113426 -0.001244
v -0.160688 -0.109003 -0.006926
v -0.176833 -0.061671 0.053279
v -0.173313 -0.076830 -0.023113
v -0.177844 -0.053959 0.158736
v -0.178593 -0.043756 0.160820
v -0.176806 -0.061509 0.154616
v -0.178549 -0.022312 0.159146
v -0.175165 0.011106 0.162753
v -0.178078 -0.012247 0.080276
v -0.177116 -0.002107 0.074614
v -0.175426 0.010038 0.102841
v -0.177869 -0.054018 0.044840
v -0.178645 -0.043775 0.041855
v -0.178634 -0.022761 0.015327
v -0.177839 -0.053948 -0.100536
v -0.178156 -0.011995 0.000255
v -0.177126 -0.001511 -0.009972
v -0.012049 0.013291 0.442111
v -0.020791 0.019127 0.434239
v -0.036245 0.011365 0.440202
v -0.034525 0.015132 0.436950
v -0.083923 0.001942 0.440938
v -0.084777 0.016275 0.429767
v -0.090354 0.012285 0.432023
v -0.096296 0.006036 0.434710
v -0.014245 0.020867 0.433527
v -0.022114 0.021469 0.430781
v -0.012658 0.032530 0.408791
v -0.062512 0.019465 0.428986
v -0.070792 0.022427 0.422561
v -0.016882 0.036265 0.394494
v -0.022506 0.034242 0.402818
v -0.057302 0.032699 0.402717
v -0.048650 0.035575 0.393557
v -0.088467 0.031908 0.400273
v -0.091729 0.020754 0.422837
v -0.085482 0.034829 0.392222
v -0.052808 0.037068 0.384446
v -0.043313 0.041458 0.354874
v -0.086156 0.036579 0.383909
v -0.084558 0.042472 0.341609
v -0.104105 0.013610 0.425235
v -0.096951 0.016650 0.425032
v -0.104858 0.019932 0.417868
v -0.097189 0.022822 0.416062
v -0.118520 0.014276 0.415063
v -0.099129 0.029318 0.402023
v -0.102292 0.032223 0.394049
v -0.108341 0.030160 0.393819
v -0.126345 0.019878 0.403587
v -0.118177 0.022141 0.404622
v -0.137359 0.021078 0.394249
v -0.129573 0.023188 0.394589
v -0.144381 0.005324 0.405654
v -0.143947 0.012415 0.400092
v -0.152400 0.013810 0.388351
v -0.099592 0.035801 0.382504
v -0.109848 0.033189 0.384583
v -0.119831 0.030542 0.383247
v -0.127464 0.032944 0.368065
v -0.139889 0.030578 0.363416
v -0.110884 0.042758 0.322726
v -0.099063 0.044306 0.321543
v -0.149963 0.036363 0.330052
v -0.148858 0.021162 0.382824
v -0.140620 0.024005 0.383692
v -0.154582 0.021500 0.372896
v -0.150923 0.024022 0.370798
v -0.160780 0.006986 0.378057
v -0.162805 0.014268 0.368155
v -0.158868 0.017241 0.371375
v -0.148622 0.033054 0.346511
v -0.151859 0.030540 0.349648
v -0.170861 0.008966 0.357245
v -0.164920 0.021461 0.353197
v -0.170116 0.017389 0.349540
v -0.164371 0.024318 0.347426
v -0.175372 0.013608 0.344644
v -0.042984 0.044999 0.330030
v -0.072166 0.044415 0.329081
v -0.086184 0.050561 0.284369
v -0.049811 0.052263 0.272788
v -0.083827 0.052287 0.268712
v -0.102450 0.010793 0.326211
v -0.104818 0.007085 0.328011
v -0.139061 0.038557 0.326476
v -0.101691 0.008272 0.319618
v -0.109652 0.007067 0.323472
v -0.100622 0.012232 0.308438
v -0.102562 0.020199 0.303149
v -0.109520 0.012389 0.310187
v -0.125815 0.042768 0.307861
v -0.102124 0.049422 0.285345
v -0.156975 0.032257 0.338450
v -0.176477 0.021710 0.330202
v -0.161718 0.032892 0.324414
v -0.153335 0.041134 0.297132
v -0.150013 0.042707 0.292545
v -0.177481 0.025541 0.311119
v -0.162416 0.038677 0.293087
v -0.095324 0.010461 0.297398
v -0.100675 0.019808 0.297913
v -0.095511 0.010727 0.282592
v -0.099982 0.019656 0.286575
v -0.108693 0.019332 0.301375
v -0.107857 0.019142 0.284711
v -0.115921 0.012474 0.297592
v -0.100913 0.019139 0.268705
v -0.096736 0.010993 0.264568
v -0.108640 0.018949 0.267988
v -0.115838 0.011784 0.275185
v -0.115846 0.010719 0.264689
v -0.137517 0.045044 0.286890
v -0.102603 0.050660 0.274494
v -0.099805 0.051804 0.260337
v -0.110505 0.050702 0.261876
v -0.151305 0.044781 0.274459
v -0.176600 0.017895 0.300434
v -0.175736 0.013268 0.292981
v -0.177560 0.019244 0.307038
v -0.178354 0.025272 0.279769
v -0.173997 0.032481 0.291766
v -0.156316 0.043205 0.279569
v -0.174093 0.032917 0.282990
v -0.176101 0.014999 0.273915
v -0.175479 0.011693 0.262443
v -0.176862 0.018526 0.257538
v -0.157641 0.043066 0.272594
v -0.178415 0.028985 0.277108
v -0.174004 0.028913 0.257671
v -0.168118 0.035610 0.268740
v -0.163006 0.039550 0.261906
v -0.050306 0.054568 0.225942
v -0.075020 0.054044 0.234078
v -0.088028 0.053167 0.242159
v -0.072006 0.055459 0.201145
v -0.081269 0.054678 0.210527
v -0.064652 0.055901 0.197764
v -0.068164 0.057321 0.185733
v -0.063452 0.059998 0.174761
v -0.096129 0.054386 0.185286
v -0.087357 0.055298 0.188243
v -0.083232 0.058334 0.175058
v -0.102410 0.010553 0.252959
v -0.099855 0.016539 0.259129
v -0.098909 0.005321 0.246476
v -0.111965 0.008893 0.254381
v -0.107039 0.016515 0.259134
v -0.107177 0.004658 0.248490
v -0.135361 0.048195 0.237420
v -0.118845 0.050296 0.226029
v -0.105052 0.052435 0.210932
v -0.141287 0.048630 0.217159
v -0.168465 0.033146 0.242085
v -0.162330 0.040778 0.233115
v -0.161244 0.041711 0.211953
v -0.151100 0.046189 0.241967
v -0.157579 0.044828 0.227712
v -0.110115 0.053000 0.192596
v -0.125405 0.050872 0.204202
v -0.098201 0.056071 0.176431
v -0.119313 0.054103 0.174139
v -0.128306 0.053962 0.168106
v -0.173793 0.023085 0.197434
v -0.169161 0.029638 0.189116
v -0.176691 0.016444 0.200471
v -0.172646 0.021853 0.179341
v -0.168834 0.029873 0.176327
v -0.151084 0.049313 0.188698
v -0.142241 0.051673 0.182224
v -0.157581 0.046410 0.190078
v -0.178056 0.006783 0.338135
v -0.177023 0.009731 0.328298
v -0.178066 0.018817 0.330548
v -0.177356 0.010904 0.319803
v -0.178966 0.019376 0.318095
v -0.176655 0.007938 0.308781
v -0.176738 0.006278 0.285643
v -0.178684 0.027991 0.295741
v -0.178488 0.023422 0.257161
v -0.177950 0.019061 0.243610
v -0.177229 0.024803 0.254601
v -0.178810 0.010865 0.230528
v -0.178152 0.018360 0.231221
v -0.178934 0.009535 0.217856
v -0.175708 0.023827 0.233404
v -0.011048 0.064450 0.167590
v -0.022279 0.084551 0.125207
v -0.064089 0.063352 0.165600
v -0.054429 0.092335 0.106617
v -0.081317 0.062510 0.163521
v -0.072115 0.086582 0.115839
v -0.078202 0.074546 0.139020
v -0.114968 0.077256 0.119428
v -0.026632 0.099769 0.093091
v -0.067339 0.096636 0.095682
v -0.065381 0.107460 0.073570
v -0.078095 0.097536 0.090693
v -0.108007 0.058547 0.163027
v -0.108768 0.055667 0.169928
v -0.106747 0.063802 0.150928
v -0.119712 0.056391 0.163867
v -0.130065 0.059337 0.151765
v -0.140673 0.056357 0.154405
v -0.138508 0.065813 0.134311
v -0.130740 0.068493 0.131874
v -0.172763 0.020040 0.159709
v -0.168877 0.029542 0.161757
v -0.161630 0.042749 0.144618
v -0.158220 0.049799 0.122310
v -0.141790 0.053984 0.163049
v -0.150989 0.050685 0.165530
v -0.147649 0.055893 0.150438
v -0.150399 0.053283 0.152676
v -0.157111 0.047655 0.158979
v -0.140439 0.062258 0.139993
v -0.153128 0.055035 0.136356
v -0.148572 0.060267 0.131581
v -0.144293 0.064202 0.132075
v -0.157411 0.048835 0.143418
v -0.117284 0.083925 0.103926
v -0.129897 0.074126 0.120012
v -0.128524 0.079679 0.107578
v -0.129202 0.083949 0.095839
v -0.172845 0.019749 0.071101
v -0.169244 0.028624 0.085103
v -0.175104 0.011858 0.067116
v -0.138077 0.071639 0.117563
v -0.152144 0.058552 0.123150
v -0.144131 0.069948 0.110818
v -0.134570 0.074917 0.115613
v -0.150874 0.062608 0.107895
v -0.139202 0.079621 0.090434
v -0.136138 0.078605 0.101461
v -0.150195 0.065203 0.094113
v -0.146080 0.071549 0.092195
v -0.133070 0.087123 0.082067
v -0.094136 0.099032 0.080851
v -0.126338 0.087926 0.090621
v -0.116775 0.093707 0.082177
v -0.050301 0.122071 0.045257
v -0.053707 0.115082 0.059850
v -0.074001 0.108226 0.069552
v -0.061056 0.120315 0.047928
v -0.073023 0.120624 0.043068
v -0.107299 0.106581 0.057992
v -0.097505 0.124032 0.023717
v -0.058726 0.126054 0.033067
v -0.048444 0.129837 0.020302
v -0.012898 0.132322 0.017287
v -0.011431 0.134614 0.000893
v -0.040028 0.131326 0.016516
v -0.055515 0.131915 0.009824
v -0.051277 0.132735 -0.001039
v -0.078433 0.127323 0.023306
v -0.065836 0.130819 0.009992
v -0.096436 0.129152 0.009310
v -0.070136 0.131570 -0.000070
v -0.098035 0.130274 0.000501
v -0.174916 0.012768 0.008313
v -0.135241 0.087802 0.073033
v -0.143352 0.078004 0.072412
v -0.142699 0.077554 0.083823
v -0.139110 0.086182 0.059980
v -0.136934 0.090443 0.041088
v -0.172663 0.020146 0.006177
v -0.169199 0.028771 -0.016095
v -0.128405 0.106734 0.022321
v -0.149915 0.065543 -0.059699
v -0.116283 0.099621 0.068960
v -0.127852 0.092137 0.075515
v -0.126662 0.099715 0.057136
v -0.122378 0.096491 0.072837
v -0.112585 0.108729 0.050639
v -0.105848 0.116779 0.035121
v -0.118094 0.105645 0.051848
v -0.131950 0.095648 0.054800
v -0.132758 0.097176 0.042321
v -0.125652 0.104182 0.044323
v -0.119934 0.108135 0.044130
v -0.111107 0.118732 0.027504
v -0.128425 0.105237 0.032396
v -0.115802 0.115467 0.028888
v -0.122902 0.112079 0.025728
v -0.116609 0.120758 0.014342
v -0.107200 0.126124 0.010163
v -0.107504 0.128465 -0.004229
v -0.127692 0.108237 0.008745
v -0.120273 0.119021 0.007954
v -0.119886 0.120501 -0.006779
v -0.114821 0.125111 -0.000973
v -0.124227 0.114599 0.001533
v 0.178201 -0.012162 -0.116373
v 0.177191 -0.001625 -0.105342
v 0.176317 -0.091555 -0.178893
v 0.172528 -0.098960 -0.171328
v 0.174340 -0.090551 -0.155159
v 0.177632 -0.083918 -0.174270
v 0.177977 -0.064653 -0.137649
v 0.172288 -0.085967 -0.125511
v 0.175816 -0.079519 -0.142434
v 0.177669 -0.001312 -0.129024
v 0.179741 -0.054849 -0.150661
v 0.181080 -0.046801 -0.174385
v 0.179799 -0.066730 -0.173412
v 0.181374 -0.021783 -0.183831
v 0.178124 0.007513 -0.154800
v 0.180024 -0.006240 -0.169062
v 0.181101 -0.033353 -0.175054
v 0.160634 -0.109541 -0.110139
v 0.157257 -0.113488 -0.105039
v 0.167865 -0.095207 -0.104726
v 0.171104 -0.086244 -0.104851
v -0.151031 -0.116053 -0.108462
v 0.165019 -0.102786 -0.119088
v 0.158567 -0.114034 -0.133906
v 0.168894 -0.096136 -0.127547
v 0.111979 -0.116638 -0.164429
v 0.164255 -0.110685 -0.151912
v 0.161122 -0.114962 -0.174639
v 0.169670 -0.105035 -0.173861
v 0.153281 -0.116589 -0.173297
v 0.165960 -0.112226 -0.179552
v 0.120865 -0.116598 -0.173309
v 0.109482 -0.116519 -0.174418
v -0.152701 -0.116613 -0.162938
v -0.092612 -0.116679 -0.163906
v 0.175369 -0.088592 -0.186938
v 0.171969 -0.097173 -0.184582
v 0.176010 -0.093081 -0.203510
v 0.173099 -0.097968 -0.197714
v 0.176944 -0.076671 -0.201691
v 0.177896 -0.080660 -0.208939
v 0.176597 -0.103271 -0.214095
v 0.174965 -0.102884 -0.204862
v 0.173338 -0.108223 -0.209824
v 0.177744 -0.098541 -0.219515
v 0.176382 -0.114421 -0.224949
v 0.174976 -0.113668 -0.215002
v 0.178040 -0.086609 -0.217731
v 0.173299 -0.118594 -0.220769
v 0.177647 -0.111604 -0.232529
v 0.175169 -0.122077 -0.227935
v 0.178170 -0.110391 -0.240807
v 0.175405 -0.124691 -0.234924
v 0.178062 -0.100189 -0.228899
v 0.177164 -0.089716 -0.227790
v 0.177415 -0.101105 -0.239336
v 0.174978 -0.090824 -0.238709
v 0.176034 -0.125598 -0.246441
v 0.173349 -0.129110 -0.242149
v 0.177156 -0.123161 -0.259804
v 0.174786 -0.131510 -0.249503
v 0.178337 -0.110730 -0.258824
v 0.175057 -0.132432 -0.269092
v 0.176364 -0.100985 -0.250799
v 0.172717 -0.091571 -0.249793
v 0.173237 -0.094024 -0.273514
v 0.177566 -0.104115 -0.262895
v 0.176993 -0.076967 -0.184791
v 0.177795 -0.058926 -0.186026
v 0.179126 -0.033783 -0.186716
v 0.176901 -0.040346 -0.192003
v 0.176172 -0.079071 -0.192578
v 0.178369 -0.052023 -0.208140
v 0.177924 -0.057834 -0.216344
v 0.176049 -0.050078 -0.194858
v 0.177553 -0.034563 -0.208700
v 0.178576 -0.043616 -0.217311
v 0.178061 -0.022033 -0.196879
v 0.178299 -0.031609 -0.198186
v 0.181108 -0.011075 -0.185639
v 0.179589 -0.012445 -0.193429
v 0.175476 -0.017869 -0.204872
v 0.181189 -0.000517 -0.196848
v 0.177516 -0.021856 -0.202170
v 0.178857 -0.029170 -0.221288
v 0.177688 -0.021195 -0.217703
v 0.176858 -0.002702 -0.209252
v 0.175761 -0.009548 -0.215317
v 0.175613 -0.078941 -0.227516
v 0.176036 -0.066534 -0.223721
v 0.167339 -0.073670 -0.243211
v 0.175902 -0.054485 -0.223752
v 0.177313 -0.035285 -0.227133
v 0.174574 -0.041636 -0.230065
v 0.176565 -0.026894 -0.236575
v 0.177643 -0.021152 -0.241341
v 0.177586 -0.010527 -0.228934
v 0.175443 0.001271 -0.227396
v 0.176649 0.002725 -0.232046
v 0.178729 -0.011442 -0.242982
v 0.177301 -0.001668 -0.241707
v 0.177155 -0.016844 -0.255632
v 0.173007 -0.027390 -0.249513
v 0.178014 -0.001725 -0.259695
v 0.178059 -0.010360 -0.272330
v 0.177171 -0.016784 -0.273389
v 0.178745 -0.111388 -0.274386
v 0.175987 -0.127155 -0.277392
v 0.175684 -0.125007 -0.290325
v 0.172542 -0.129586 -0.284180
v 0.178598 -0.108473 -0.287685
v 0.176411 -0.099516 -0.277517
v 0.178451 -0.100831 -0.286162
v 0.174228 -0.091186 -0.284417
v 0.176454 -0.115479 -0.300293
v 0.177404 -0.102988 -0.307723
v 0.175543 -0.114905 -0.308718
v 0.173122 -0.118693 -0.305239
v 0.178881 -0.094087 -0.303295
v 0.177323 -0.088574 -0.297173
v 0.176422 -0.098166 -0.317913
v 0.175465 -0.105814 -0.317516
v 0.175997 -0.092615 -0.324865
v 0.175486 -0.085275 -0.330573
v 0.173138 -0.097413 -0.325304
v 0.176681 -0.090473 -0.337012
v 0.172658 -0.093103 -0.340401
v 0.180952 -0.084733 -0.353466
v 0.179077 -0.090710 -0.356006
v 0.173470 -0.092661 -0.350863
v 0.176433 -0.074798 -0.302480
v 0.178412 -0.073904 -0.310044
v 0.167569 -0.066038 -0.287153
v 0.175364 -0.061167 -0.303317
v 0.177752 -0.061954 -0.309971
v 0.175745 -0.051001 -0.303128
v 0.176650 -0.042293 -0.302434
v 0.177763 -0.041130 -0.309215
v 0.172430 -0.025927 -0.272081
v 0.177821 -0.001786 -0.273378
v 0.178431 -0.007025 -0.282063
v 0.177603 -0.019252 -0.287220
v 0.174904 -0.024661 -0.281165
v 0.177148 -0.029348 -0.296154
v 0.168935 -0.037180 -0.280426
v 0.178027 -0.023489 -0.304238
v 0.173330 -0.037733 -0.292607
v 0.177976 -0.011952 -0.295378
v 0.177246 -0.000133 -0.295733
v 0.178414 -0.007082 -0.309470
v 0.175955 0.003679 -0.300942
v 0.178633 0.002040 -0.307632
v 0.178313 -0.076903 -0.316895
v 0.177146 -0.076956 -0.324207
v 0.176019 -0.072330 -0.330351
v 0.178172 -0.065939 -0.331657
v 0.178456 -0.055344 -0.318249
v 0.177742 -0.035187 -0.315703
v 0.179332 -0.054380 -0.333540
v 0.177394 -0.044145 -0.328566
v 0.178686 -0.068154 -0.339149
v 0.181064 -0.066621 -0.354024
v 0.176484 -0.038878 -0.334226
v 0.178843 -0.042371 -0.340832
v 0.180988 -0.048140 -0.353148
v 0.178285 -0.019058 -0.322397
v 0.176417 -0.033811 -0.324211
v 0.175858 -0.028489 -0.331021
v 0.178386 -0.022311 -0.330329
v 0.179683 -0.010722 -0.318394
v 0.179131 -0.000135 -0.328873
v 0.179329 -0.021881 -0.343654
v 0.177359 -0.027713 -0.335568
v 0.180461 -0.024156 -0.351819
v 0.179096 -0.011743 -0.339482
v 0.178895 -0.001059 -0.338782
v 0.179016 -0.012731 -0.349708
v 0.176514 -0.001188 -0.348969
v 0.167012 -0.107498 -0.179450
v 0.160106 -0.108384 -0.181358
v 0.159661 -0.114217 -0.179338
v 0.163361 -0.102111 -0.186988
v 0.153754 -0.102934 -0.187205
v 0.167436 -0.100841 -0.194002
v 0.120997 -0.108731 -0.181202
v 0.120934 -0.114414 -0.179078
v 0.119278 -0.103086 -0.186816
v 0.123657 -0.101288 -0.194142
v 0.169871 -0.114573 -0.214162
v 0.160909 -0.115277 -0.213208
v 0.167696 -0.110047 -0.207846
v 0.167628 -0.120018 -0.218616
v 0.137218 -0.115295 -0.213433
v 0.145655 -0.109752 -0.207756
v 0.169801 -0.103681 -0.203990
v 0.161060 -0.104473 -0.203326
v 0.125844 -0.120000 -0.218841
v 0.128073 -0.104677 -0.203228
v 0.110545 -0.108809 -0.186396
v 0.107611 -0.114470 -0.185948
v 0.113139 -0.105028 -0.185125
v 0.114018 -0.103935 -0.190450
v 0.099372 -0.115979 -0.185423
v 0.107171 -0.109475 -0.194280
v 0.101483 -0.113409 -0.199243
v 0.088284 -0.112577 -0.223762
v 0.115606 -0.115201 -0.212120
v 0.122887 -0.110211 -0.207583
v 0.106468 -0.114695 -0.210111
v 0.110647 -0.111575 -0.203886
v 0.112228 -0.118094 -0.220551
v 0.112539 -0.105861 -0.201794
v 0.095623 -0.113942 -0.207211
v 0.098812 -0.114299 -0.218332
v 0.169033 -0.132755 -0.246511
v 0.167894 -0.130605 -0.239064
v 0.171193 -0.134215 -0.259985
v 0.164345 -0.134194 -0.253725
v 0.147547 -0.132534 -0.246219
v 0.163945 -0.134813 -0.262512
v 0.123947 -0.133982 -0.253449
v 0.122312 -0.132756 -0.245733
v 0.125836 -0.130361 -0.237452
v 0.124321 -0.134701 -0.263612
v 0.169810 -0.123832 -0.225969
v 0.161128 -0.124160 -0.224951
v 0.164253 -0.127660 -0.231949
v 0.121758 -0.124605 -0.225753
v 0.168437 -0.085919 -0.261795
v 0.119687 -0.132906 -0.248662
v 0.119154 -0.128654 -0.252782
v 0.119868 -0.128526 -0.242305
v 0.119720 -0.125173 -0.232215
v 0.112445 -0.119506 -0.231008
v 0.109235 -0.118074 -0.241190
v 0.101996 -0.114941 -0.229407
v 0.100355 -0.112671 -0.244470
v 0.101929 -0.114674 -0.237203
v 0.087316 -0.110764 -0.242773
v 0.115934 -0.121152 -0.252031
v 0.109269 -0.114031 -0.252023
v 0.119160 -0.121371 -0.262948
v 0.109110 -0.113451 -0.262856
v 0.095537 -0.109981 -0.252042
v 0.087866 -0.109971 -0.252055
v 0.098754 -0.109420 -0.262811
v 0.089832 -0.108729 -0.267004
v 0.167461 -0.066214 -0.239314
v 0.167507 -0.054475 -0.239593
v 0.164309 -0.060841 -0.243391
v 0.170780 -0.042738 -0.238806
v 0.166731 -0.078917 -0.250281
v 0.163129 -0.066379 -0.250015
v 0.162502 -0.073761 -0.255779
v 0.164124 -0.078217 -0.267456
v 0.161179 -0.065823 -0.262948
v 0.164285 -0.048316 -0.247373
v 0.166426 -0.041841 -0.250971
v 0.163065 -0.053747 -0.249172
v 0.160948 -0.055502 -0.262400
v 0.162647 -0.045436 -0.257668
v 0.166488 -0.037225 -0.265914
v -0.087305 -0.112314 -0.226681
v -0.097827 -0.115980 -0.185445
v -0.087915 -0.111319 -0.236870
v -0.097020 -0.110571 -0.245086
v 0.169736 -0.132928 -0.280885
v 0.163676 -0.134213 -0.272040
v 0.163761 -0.130965 -0.287245
v 0.124283 -0.133184 -0.279818
v 0.120150 -0.134008 -0.276504
v 0.124060 -0.131200 -0.287000
v 0.170158 -0.124484 -0.301969
v 0.164221 -0.128463 -0.294047
v 0.164296 -0.120684 -0.307817
v 0.124403 -0.120485 -0.308471
v 0.124077 -0.128183 -0.294330
v 0.124266 -0.124646 -0.301709
v 0.119464 -0.129359 -0.283246
v 0.119131 -0.121070 -0.290590
v 0.112393 -0.113234 -0.273809
v 0.112157 -0.112074 -0.305001
v 0.102372 -0.108871 -0.275257
v 0.119880 -0.125297 -0.299620
v 0.119698 -0.119598 -0.305230
v 0.101954 -0.107291 -0.300466
v 0.087949 -0.105740 -0.300536
v 0.171141 -0.112095 -0.317595
v 0.164432 -0.116565 -0.312511
v 0.170734 -0.107952 -0.321408
v 0.133404 -0.107503 -0.321376
v 0.164332 -0.100220 -0.327171
v 0.132793 -0.100008 -0.327125
v 0.115433 -0.112446 -0.317769
v 0.121571 -0.111043 -0.318996
v 0.164040 -0.095856 -0.336542
v 0.164568 -0.093329 -0.347472
v 0.120902 -0.093373 -0.347114
v 0.131844 -0.095859 -0.336318
v 0.109243 -0.109701 -0.316774
v 0.117492 -0.105066 -0.324583
v 0.109891 -0.106290 -0.326747
v 0.117698 -0.100888 -0.329030
v 0.109123 -0.098792 -0.333830
v 0.101952 -0.106262 -0.317379
v 0.087285 -0.103473 -0.326598
v 0.098802 -0.104408 -0.328420
v 0.119440 -0.096445 -0.337854
v 0.108935 -0.097147 -0.345059
v 0.101533 -0.100000 -0.342954
v 0.095130 -0.102694 -0.339207
v 0.104229 -0.097201 -0.358520
v 0.094566 -0.102536 -0.348134
v 0.166571 -0.078447 -0.275314
v 0.163034 -0.069234 -0.274757
v 0.170661 -0.078970 -0.286487
v 0.164585 -0.069420 -0.281762
v 0.161174 -0.056869 -0.273106
v 0.162181 -0.046664 -0.269943
v 0.165057 -0.048242 -0.281654
v 0.168209 -0.052586 -0.289513
v 0.163896 -0.060345 -0.282712
v 0.073906 -0.102265 -0.339620
v 0.077909 -0.102133 -0.350383
v 0.178871 -0.085532 -0.370716
v 0.176956 -0.088415 -0.379754
v 0.172993 -0.088005 -0.385021
v 0.176640 -0.083990 -0.387403
v 0.178191 -0.059183 -0.382667
v 0.177579 -0.043035 -0.386618
v 0.175313 -0.076931 -0.398860
v 0.173034 -0.084110 -0.395725
v 0.175843 -0.063555 -0.400115
v 0.176876 -0.023015 -0.383126
v 0.177212 -0.011719 -0.360957
v 0.174114 -0.003901 -0.363838
v 0.177369 -0.016466 -0.375205
v 0.175428 -0.022674 -0.395604
v 0.175876 -0.017430 -0.389119
v 0.174491 -0.012523 -0.382996
v 0.175612 -0.053630 -0.411736
v 0.176261 -0.043616 -0.405178
v 0.175921 -0.046884 -0.413670
v 0.131781 -0.088874 -0.379193
v 0.131831 -0.091437 -0.360842
v 0.164565 -0.086715 -0.394811
v 0.120933 -0.091405 -0.360816
v 0.119253 -0.091576 -0.371671
v 0.108618 -0.094631 -0.372099
v 0.100982 -0.097631 -0.368534
v 0.096015 -0.101268 -0.363138
v 0.088894 -0.102654 -0.361640
v 0.093297 -0.101396 -0.378648
v 0.087917 -0.102913 -0.378112
v 0.120749 -0.087689 -0.387325
v 0.119334 -0.090382 -0.379596
v 0.109072 -0.091774 -0.384907
v 0.099245 -0.098329 -0.379752
v 0.102994 -0.093302 -0.400118
v 0.097426 -0.099262 -0.392269
v 0.111031 -0.087105 -0.418314
v 0.102534 -0.090993 -0.430281
v 0.096604 -0.098530 -0.422904
v 0.092702 -0.101062 -0.431452
v 0.087944 -0.102770 -0.459366
v 0.101470 -0.090460 -0.435874
v 0.107397 -0.086412 -0.436079
v 0.097025 -0.095887 -0.436583
v 0.167675 0.001467 -0.385770
v 0.173150 -0.013635 -0.394493
v 0.168017 -0.002068 -0.394715
v 0.171047 -0.082360 -0.408947
v 0.163922 -0.084068 -0.413820
v 0.173231 -0.054079 -0.437538
v 0.121132 -0.081320 -0.434449
v 0.168607 -0.079386 -0.439265
v 0.170220 -0.074048 -0.444706
v 0.162483 -0.078527 -0.453751
v 0.173567 -0.043847 -0.438273
v 0.171593 -0.023288 -0.437973
v 0.172832 -0.015107 -0.406267
v 0.163957 0.002901 -0.400381
v 0.168533 -0.008091 -0.409596
v 0.162912 -0.001042 -0.415247
v 0.172940 -0.033196 -0.437944
v 0.160300 -0.000926 -0.426412
v 0.167270 -0.009771 -0.426853
v 0.170056 -0.015684 -0.437220
v 0.158188 -0.002645 -0.437379
v 0.166982 -0.010920 -0.437040
v 0.075286 -0.101011 -0.363384
v 0.081323 -0.101088 -0.378331
v 0.066184 -0.098796 -0.377490
v 0.052064 -0.099620 -0.369130
v 0.078847 -0.099536 -0.408940
v -0.066066 -0.096961 -0.399078
v 0.065818 -0.096103 -0.409539
v 0.054587 -0.094531 -0.426179
v 0.081977 -0.100350 -0.427030
v 0.066758 -0.095424 -0.426642
v 0.083308 -0.100974 -0.438751
v 0.076432 -0.095315 -0.437686
v 0.073584 -0.089649 -0.443383
v 0.066139 -0.087857 -0.440724
v 0.066731 -0.093428 -0.433728
v 0.054023 -0.092203 -0.433100
v -0.065812 -0.094464 -0.426366
v -0.054958 -0.092231 -0.433126
v 0.095459 -0.096894 -0.449726
v 0.092530 -0.100886 -0.462545
v 0.101597 -0.088968 -0.445287
v 0.095403 -0.096751 -0.459566
v 0.100594 -0.085584 -0.458549
v 0.091466 -0.100437 -0.466006
v 0.087403 -0.096326 -0.468386
v 0.085212 -0.101587 -0.465026
v 0.094059 -0.087338 -0.466935
v 0.087419 -0.087928 -0.469521
v 0.166476 -0.077626 -0.454009
v 0.171181 -0.060171 -0.447284
v 0.167660 -0.071297 -0.454019
v 0.161029 -0.073357 -0.461289
v 0.164895 -0.064095 -0.459760
v 0.155370 -0.077242 -0.460635
v 0.172337 -0.040461 -0.447257
v 0.166141 -0.054598 -0.459698
v 0.169220 -0.044217 -0.456001
v 0.156162 -0.070375 -0.468783
v 0.151407 -0.072323 -0.471062
v 0.163987 -0.046347 -0.463757
v 0.150062 -0.046424 -0.481219
v 0.150994 -0.064470 -0.476270
v 0.142715 -0.075097 -0.471214
v 0.144683 -0.069857 -0.481609
v 0.141223 -0.073616 -0.478117
v 0.170658 -0.024114 -0.447296
v 0.166864 -0.038442 -0.460071
v 0.168309 -0.018696 -0.453041
v 0.164109 -0.023559 -0.460741
v 0.167433 -0.015182 -0.447585
v 0.167344 -0.011614 -0.443422
v 0.161948 -0.009257 -0.447860
v 0.163664 -0.011363 -0.453575
v 0.145796 0.007339 -0.450822
v 0.153671 -0.001618 -0.446989
v 0.164129 -0.015519 -0.457087
v 0.149515 -0.003834 -0.456790
v 0.158068 -0.010512 -0.458418
v 0.160674 -0.033246 -0.467252
v 0.153474 -0.022233 -0.473811
v 0.147545 -0.033510 -0.483670
v 0.152492 -0.016923 -0.473193
v 0.158894 -0.012655 -0.462521
v 0.151667 -0.011382 -0.468265
v 0.138167 -0.002117 -0.460298
v 0.141533 -0.009701 -0.469453
v 0.122702 -0.000691 -0.460373
v 0.127978 -0.008925 -0.469529
v 0.145814 -0.018354 -0.481753
v 0.148264 -0.011781 -0.474276
v 0.137951 -0.013030 -0.481555
v 0.128089 -0.012107 -0.482312
v 0.120923 -0.079344 -0.448313
v 0.109205 -0.083313 -0.448882
v 0.120856 -0.078106 -0.456199
v 0.109998 -0.076766 -0.463829
v 0.109180 -0.079798 -0.458155
v 0.109857 -0.075348 -0.471376
v 0.098572 -0.073563 -0.480450
v 0.098311 -0.079065 -0.469767
v 0.087442 -0.079445 -0.473895
v 0.087757 -0.073608 -0.480684
v 0.099761 0.001042 -0.460784
v 0.106463 -0.006249 -0.468086
v 0.118939 -0.010636 -0.477066
v 0.085183 -0.011545 -0.484106
v 0.139071 -0.063161 -0.484714
v 0.129953 -0.070143 -0.483792
v 0.146230 -0.047112 -0.484673
v 0.139795 -0.046315 -0.487211
v 0.139762 -0.033963 -0.487093
v 0.139382 -0.023220 -0.485485
v 0.142397 -0.017319 -0.482944
v 0.133443 -0.016335 -0.484329
v 0.103284 -0.064126 -0.488012
v 0.092020 -0.070245 -0.486391
v 0.079207 -0.054901 -0.491807
v 0.081124 -0.044109 -0.492719
v 0.085749 -0.023539 -0.490589
v 0.095969 -0.016051 -0.486963
v 0.076671 -0.033589 -0.492986
v 0.083705 -0.101015 -0.465105
v 0.080454 -0.096872 -0.449793
v 0.080507 -0.096752 -0.459603
v 0.075256 -0.085373 -0.460113
v 0.081773 -0.091255 -0.466495
v 0.066156 -0.083891 -0.448011
v 0.067777 -0.079151 -0.464297
v 0.066692 -0.082115 -0.456775
v 0.054924 -0.081974 -0.447895
v 0.054878 -0.076857 -0.463772
v 0.054843 -0.078096 -0.456248
v 0.077459 -0.080584 -0.470706
v 0.065745 -0.075518 -0.471472
v 0.076691 -0.073592 -0.481110
v 0.065746 -0.073623 -0.481416
v 0.054853 -0.075523 -0.471533
v 0.043550 -0.073740 -0.482050
v 0.070343 0.001555 -0.463091
v 0.076697 -0.005940 -0.469684
v 0.064243 -0.001688 -0.467929
v 0.069646 -0.009794 -0.478153
v 0.067028 -0.011888 -0.484454
v 0.055963 -0.010025 -0.480684
v 0.054167 -0.011321 -0.486033
v 0.050150 -0.002141 -0.471191
v 0.032553 -0.009364 -0.480732
v -0.032761 -0.073804 -0.481580
v 0.023574 -0.000611 -0.471665
v 0.013283 -0.007037 -0.479673
v 0.002758 0.000769 -0.472092
v -0.006217 -0.006604 -0.479952
v 0.055179 -0.064059 -0.492701
v 0.054988 -0.070494 -0.488817
v 0.070647 -0.044333 -0.493973
v 0.049281 -0.068561 -0.492462
v 0.043559 -0.070444 -0.490252
v 0.043037 -0.053559 -0.495542
v 0.043430 -0.064052 -0.493854
v 0.064850 -0.024705 -0.492856
v 0.070850 -0.035418 -0.493932
v 0.078885 -0.015673 -0.487695
v 0.040972 -0.016373 -0.493709
v 0.030178 -0.023292 -0.496266
v 0.056494 -0.014686 -0.488884
v 0.032526 -0.072231 -0.489458
v 0.036168 -0.068863 -0.493696
v 0.009435 -0.061176 -0.497817
v 0.008155 -0.069228 -0.495586
v 0.005798 -0.043959 -0.500000
v -0.006575 -0.072257 -0.490392
v -0.001209 -0.062331 -0.497985
v 0.005858 -0.033531 -0.499879
v 0.036437 -0.011359 -0.488224
v 0.027550 -0.012698 -0.493093
v 0.010159 -0.011977 -0.493984
v 0.005709 -0.023616 -0.498531
v 0.009344 -0.010667 -0.488678
v 0.010632 -0.016029 -0.496206
v 0.174952 0.013369 -0.103502
v 0.175449 0.014224 -0.128118
v 0.176476 0.016809 -0.147393
v 0.175099 0.018713 -0.142334
v 0.175638 0.023119 -0.154725
v 0.176676 0.020178 -0.164931
v 0.180592 0.009981 -0.197751
v 0.175516 0.026065 -0.169888
v 0.173756 0.027064 -0.165308
v 0.173364 0.031599 -0.180045
v 0.172812 0.019831 -0.120504
v 0.128697 0.106183 -0.106303
v 0.097848 0.130843 -0.010877
v 0.124236 0.114437 -0.113317
v 0.084684 0.131171 -0.069656
v 0.114944 0.124624 -0.106676
v 0.097998 0.130280 -0.115785
v 0.120003 0.120201 -0.111206
v 0.107420 0.128000 -0.116357
v 0.086642 0.130947 -0.116955
v 0.057062 0.132259 -0.029761
v 0.049110 0.132876 -0.010593
v 0.013240 0.134488 -0.012567
v 0.054880 0.132257 -0.083911
v 0.039426 0.133104 -0.068411
v 0.011377 0.134139 -0.120465
v -0.000092 0.134369 -0.120272
v 0.169227 0.028097 -0.114427
v 0.157657 0.049871 -0.110945
v 0.163455 0.037415 -0.128854
v 0.169065 0.028574 -0.134708
v 0.164349 0.034911 -0.138849
v 0.144414 0.075206 -0.113481
v 0.156544 0.047414 -0.156576
v 0.130022 0.098413 -0.148730
v 0.169493 0.030390 -0.155165
v 0.162314 0.038994 -0.156524
v 0.157576 0.046130 -0.184589
v 0.167804 0.035736 -0.177201
v 0.151367 0.054358 -0.183906
v 0.145329 0.066928 -0.172860
v 0.138637 0.080898 -0.160796
v 0.155721 0.047782 -0.174811
v 0.136648 0.081804 -0.171799
v 0.127377 0.104985 -0.139395
v 0.114027 0.124030 -0.126255
v 0.118279 0.119020 -0.133072
v 0.122675 0.112790 -0.136571
v 0.106989 0.126490 -0.133739
v 0.097505 0.128895 -0.135042
v 0.129239 0.093757 -0.170855
v 0.132717 0.089570 -0.168041
v 0.126347 0.093010 -0.183960
v 0.113437 0.119204 -0.156349
v 0.121515 0.109552 -0.157034
v 0.106946 0.121988 -0.160204
v 0.083346 0.125728 -0.162481
v 0.118329 0.107995 -0.172221
v 0.122605 0.101665 -0.173678
v 0.115682 0.114752 -0.161939
v 0.108371 0.120401 -0.166842
v 0.105674 0.117816 -0.171718
v 0.113660 0.110217 -0.177773
v 0.097524 0.124404 -0.161740
v 0.097875 0.120616 -0.172480
v 0.082900 0.123420 -0.172548
v 0.056394 0.132023 -0.120314
v 0.052721 0.131596 -0.130646
v 0.041748 0.131286 -0.139254
v 0.001892 0.134086 -0.129402
v 0.046681 0.127377 -0.162757
v 0.015694 0.126309 -0.173199
v 0.007054 0.128537 -0.164176
v -0.008126 0.128589 -0.163722
v -0.007036 0.126512 -0.173582
v -0.003806 0.132926 -0.139891
v 0.180034 0.020170 -0.215460
v 0.177727 0.027408 -0.208911
v 0.180377 0.009252 -0.208904
v 0.179458 0.014952 -0.220859
v 0.176723 0.006422 -0.220794
v 0.175687 0.033832 -0.218139
v 0.180249 0.022550 -0.229396
v 0.178547 0.012290 -0.231670
v 0.177262 0.011691 -0.241141
v 0.178848 0.023073 -0.242430
v 0.176120 0.017370 -0.246047
v 0.177469 0.031013 -0.230830
v 0.178523 0.030333 -0.241124
v 0.174935 0.037184 -0.235588
v 0.172844 0.037348 -0.230669
v 0.170286 0.041966 -0.245109
v 0.176357 0.035717 -0.246648
v 0.175555 0.013084 -0.252508
v 0.176490 0.006119 -0.252825
v 0.179632 0.031160 -0.259107
v 0.179450 0.026466 -0.262724
v 0.177307 0.018338 -0.247965
v 0.174316 0.040767 -0.266136
v 0.177368 0.036312 -0.269275
v 0.175953 0.013797 -0.279092
v 0.176440 0.006023 -0.273400
v 0.178420 0.013167 -0.285007
v 0.179497 0.031278 -0.277314
v 0.178876 0.024643 -0.285782
v 0.177311 0.018260 -0.278284
v 0.175995 0.036386 -0.297232
v 0.178154 0.009025 -0.299528
v 0.179308 0.021912 -0.295759
v 0.179629 0.022662 -0.307179
v 0.179239 0.013573 -0.308815
v 0.177292 0.006782 -0.302083
v 0.178516 0.030369 -0.295372
v 0.173445 0.040724 -0.294855
v 0.177067 0.031024 -0.306332
v 0.171402 0.039976 -0.305978
v 0.174590 0.036241 -0.312409
v 0.179036 0.010834 -0.317941
v 0.178765 0.021201 -0.316530
v 0.178909 0.009864 -0.327952
v 0.176579 0.020254 -0.327565
v 0.173374 0.030165 -0.330743
v 0.176632 0.009462 -0.338409
v 0.170010 0.029417 -0.347793
v 0.169514 0.037860 -0.197275
v 0.169489 0.039194 -0.209844
v 0.166693 0.041946 -0.225181
v 0.151136 0.053378 -0.196219
v 0.157030 0.047157 -0.196667
v 0.144334 0.065703 -0.188876
v 0.144817 0.062376 -0.195906
v 0.140289 0.071298 -0.190088
v 0.144015 0.059962 -0.208842
v 0.151672 0.052062 -0.207253
v 0.155730 0.048079 -0.211726
v 0.158830 0.045758 -0.218860
v 0.141365 0.058580 -0.227391
v 0.130493 0.076146 -0.216746
v 0.128889 0.081894 -0.205854
v 0.134740 0.069900 -0.217861
v 0.124328 0.081897 -0.215834
v 0.166734 0.043128 -0.241859
v 0.147554 0.052427 -0.229873
v 0.157683 0.046012 -0.232375
v 0.143212 0.054122 -0.240358
v 0.135483 0.061442 -0.238790
v 0.124581 0.075139 -0.228853
v 0.134358 0.066065 -0.231207
v 0.128199 0.066448 -0.242800
v 0.146271 0.051110 -0.252024
v 0.168364 0.043603 -0.256918
v 0.151841 0.049356 -0.265089
v 0.127292 0.062689 -0.251398
v 0.134419 0.057541 -0.251132
v 0.139512 0.053267 -0.261934
v 0.130876 0.056591 -0.263825
v 0.124179 0.078902 -0.223551
v 0.112169 0.086154 -0.221640
v 0.104066 0.083492 -0.237896
v 0.112649 0.077764 -0.238230
v 0.117192 0.070338 -0.248979
v 0.104849 0.073574 -0.259327
v 0.096062 0.086186 -0.243454
v 0.094669 0.083555 -0.248796
v 0.097147 0.077659 -0.259194
v 0.097041 0.076057 -0.265290
v 0.082275 0.085062 -0.251940
v 0.087968 0.077738 -0.266014
v 0.116450 0.104098 -0.183141
v 0.119825 0.099036 -0.190834
v 0.124151 0.091490 -0.195468
v 0.109659 0.107556 -0.186645
v 0.105149 0.105526 -0.193243
v 0.115638 0.098557 -0.197405
v 0.107164 0.111344 -0.182534
v 0.084657 0.113648 -0.192228
v 0.097622 0.109494 -0.192252
v 0.088455 0.108806 -0.200412
v 0.115187 0.094354 -0.204064
v 0.122098 0.087115 -0.211866
v 0.097007 0.101987 -0.206845
v 0.109187 0.091040 -0.216293
v 0.083557 0.105000 -0.210121
v 0.090748 0.098085 -0.222128
v 0.094253 0.094067 -0.226572
v 0.096788 0.088394 -0.235835
v 0.082368 0.096510 -0.228586
v 0.087589 0.088332 -0.243926
v 0.049927 0.080474 -0.266558
v 0.079232 0.121219 -0.179568
v 0.074768 0.116862 -0.188914
v 0.080291 0.110203 -0.201522
v 0.038371 0.122935 -0.180723
v 0.020781 0.121872 -0.185206
v 0.074378 0.106535 -0.209667
v 0.040581 0.108524 -0.209701
v 0.001698 0.123525 -0.183582
v 0.002912 0.117312 -0.197006
v 0.014972 0.110360 -0.209739
v 0.006464 0.101787 -0.229506
v -0.006780 0.112226 -0.207332
v 0.074145 0.095169 -0.232614
v 0.038162 0.097504 -0.232805
v -0.007827 0.096604 -0.240508
v 0.006009 0.091388 -0.251653
v 0.006285 0.080880 -0.274016
v -0.007779 0.086099 -0.262875
v 0.168897 0.043767 -0.279595
v 0.152490 0.048175 -0.297561
v 0.136751 0.053413 -0.272062
v 0.169552 0.043093 -0.301634
v 0.163507 0.044729 -0.306035
v 0.166484 0.043512 -0.314009
v 0.147563 0.048190 -0.319972
v 0.113359 0.056596 -0.304120
v 0.130577 0.052082 -0.317977
v 0.113417 0.062666 -0.272987
v 0.109991 0.058981 -0.293315
v 0.106178 0.063012 -0.283321
v 0.106260 0.067180 -0.271789
v 0.095374 0.073123 -0.270594
v 0.084484 0.073516 -0.275171
v 0.097732 0.067135 -0.281748
v 0.097469 0.065580 -0.287982
v 0.096472 0.062618 -0.294107
v 0.097941 0.059114 -0.308329
v 0.083521 0.063547 -0.297562
v 0.087160 0.061132 -0.305330
v 0.089986 0.066613 -0.288930
v 0.165950 0.042255 -0.327824
v 0.169736 0.037924 -0.330241
v 0.160865 0.042029 -0.340060
v 0.161779 0.040672 -0.350007
v 0.166440 0.036085 -0.353185
v 0.136925 0.048138 -0.347318
v 0.112517 0.055149 -0.322983
v 0.119086 0.052820 -0.332690
v 0.087321 0.059133 -0.316732
v 0.086386 0.054874 -0.358366
v 0.117140 0.050937 -0.358535
v 0.099110 0.053859 -0.354667
v 0.058312 0.064870 -0.298344
v 0.045876 0.063052 -0.306594
v 0.013317 0.067606 -0.301118
v -0.007271 0.075290 -0.285918
v 0.008243 0.064728 -0.309615
v -0.004959 0.068832 -0.300138
v -0.009069 0.064727 -0.309432
v 0.057869 0.060109 -0.317377
v 0.074039 0.056539 -0.348187
v 0.049566 0.059316 -0.327960
v 0.046269 0.057273 -0.354179
v 0.010752 0.062483 -0.318151
v 0.012168 0.060680 -0.330280
v -0.006231 0.062848 -0.317829
v -0.006587 0.061072 -0.328796
v -0.001038 0.057019 -0.387592
v 0.166398 0.030318 -0.361396
v 0.165490 0.011481 -0.380907
v 0.161910 0.038048 -0.361062
v 0.163421 0.034915 -0.365984
v 0.147247 0.042692 -0.373863
v 0.163426 0.029935 -0.372882
v 0.158649 0.037190 -0.373573
v 0.163039 0.009475 -0.394089
v 0.157780 0.028040 -0.395334
v 0.150888 0.039243 -0.384776
v 0.154613 0.032866 -0.398111
v 0.137673 0.042069 -0.402818
v 0.129505 0.046402 -0.388506
v 0.134126 0.044439 -0.397618
v 0.094284 0.053083 -0.373682
v 0.103788 0.049738 -0.397427
v 0.118547 0.046471 -0.411931
v 0.159194 0.009186 -0.412223
v 0.155260 0.024499 -0.409366
v 0.155422 0.017334 -0.416746
v 0.155073 0.028241 -0.403387
v 0.149964 0.034787 -0.403673
v 0.150990 0.032580 -0.409186
v 0.152100 0.027858 -0.413943
v 0.151867 0.024713 -0.420623
v 0.130240 0.043397 -0.414307
v 0.146611 0.032740 -0.418374
v 0.155134 0.008603 -0.425747
v 0.151489 0.018232 -0.426607
v 0.152103 0.007568 -0.436484
v 0.146184 0.028610 -0.425668
v 0.138558 0.034864 -0.426073
v 0.138221 0.031309 -0.436735
v 0.127894 0.041017 -0.426009
v 0.143707 0.024893 -0.438781
v 0.128522 0.038802 -0.439338
v 0.136846 0.029487 -0.448009
v 0.120358 0.044034 -0.427150
v 0.078473 0.050390 -0.427300
v 0.106365 0.046546 -0.426511
v 0.108396 0.046837 -0.439417
v 0.118043 0.044224 -0.439193
v 0.079258 0.050333 -0.438664
v 0.068960 0.054864 -0.371789
v 0.043803 0.054843 -0.391144
v 0.077804 0.053333 -0.389532
v 0.017563 0.057066 -0.380707
v 0.031120 0.054385 -0.407854
v 0.018554 0.055295 -0.402353
v 0.062053 0.051848 -0.426479
v 0.062670 0.051620 -0.438308
v 0.030480 0.052586 -0.428813
v 0.038711 0.052126 -0.438671
v 0.007363 0.051968 -0.439401
v 0.142490 0.018700 -0.447089
v 0.140212 0.007348 -0.454217
v 0.139289 0.019317 -0.451592
v 0.131038 0.008115 -0.455249
v 0.130928 0.021771 -0.454364
v 0.130935 0.038258 -0.458774
v 0.128526 0.034460 -0.458969
v 0.130130 0.037957 -0.451653
v 0.120189 0.009518 -0.455231
v 0.120240 0.022019 -0.455315
v 0.108929 0.010799 -0.455495
v 0.106670 0.021319 -0.456538
v 0.115896 0.031417 -0.458762
v 0.071673 0.030702 -0.462126
v 0.125771 0.043922 -0.465274
v 0.117323 0.047693 -0.470338
v 0.116409 0.039970 -0.463910
v 0.095619 0.051003 -0.476825
v 0.066137 0.043349 -0.471757
v 0.123350 0.044391 -0.451344
v 0.116598 0.047715 -0.452885
v 0.107669 0.049519 -0.453378
v 0.115869 0.053695 -0.468111
v 0.125530 0.047486 -0.466436
v 0.093099 0.050468 -0.449488
v 0.092903 0.053636 -0.459050
v 0.120741 0.051416 -0.470170
v 0.107833 0.060294 -0.480195
v 0.109594 0.055431 -0.479347
v 0.111464 0.060023 -0.482619
v 0.099908 0.061874 -0.481535
v 0.085610 0.062471 -0.481145
v 0.100805 0.059812 -0.484147
v 0.073959 0.054808 -0.481456
v 0.100067 0.062383 -0.485166
v 0.070022 0.010566 -0.459974
v 0.073374 0.022475 -0.460178
v 0.076751 0.038363 -0.465934
v 0.065800 0.033856 -0.464916
v 0.061851 0.009440 -0.462532
v 0.054156 0.008171 -0.464988
v 0.061995 0.023295 -0.462743
v 0.054006 0.023071 -0.463456
v 0.032676 0.008455 -0.466678
v 0.035993 0.022918 -0.465087
v 0.054318 0.036744 -0.468879
v 0.056048 0.044453 -0.473425
v 0.043151 0.033497 -0.467656
v 0.039186 0.041624 -0.472103
v 0.039510 0.051215 -0.479795
v 0.076396 0.052626 -0.451218
v 0.052743 0.052679 -0.447432
v 0.075492 0.054464 -0.457381
v 0.047702 0.054907 -0.456071
v 0.014001 0.066841 -0.486419
v 0.057994 0.060466 -0.472551
v 0.045851 0.063840 -0.481874
v 0.021292 0.022799 -0.466660
v 0.024831 0.032866 -0.468565
v 0.001024 0.011050 -0.467584
v 0.003960 0.021539 -0.467834
v 0.000127 0.032899 -0.469918
v -0.000290 0.041407 -0.473341
v 0.007164 0.064460 -0.480310
v 0.008369 0.054352 -0.456562
v 0.000406 0.052318 -0.447996
v -0.000137 0.060653 -0.487006
v 0.047006 0.059605 -0.485579
v 0.068835 0.062771 -0.485594
v 0.045112 0.063993 -0.486507
v 0.028643 0.064882 -0.489164
v 0.036579 0.066302 -0.488257
v -0.003785 0.067593 -0.489555
v -0.157218 -0.113467 -0.105654
v -0.167782 -0.095208 -0.103097
v -0.171054 -0.086190 -0.105128
v -0.160523 -0.109425 -0.106459
v -0.164452 -0.102298 -0.103673
v -0.173509 -0.076379 -0.105686
v -0.176799 -0.061443 -0.097461
v -0.099913 -0.116560 -0.173876
v -0.152967 -0.116397 -0.148964
v -0.160339 -0.114266 -0.151981
v -0.164678 -0.111145 -0.158502
v -0.167650 -0.098376 -0.124071
v -0.172862 -0.083820 -0.124399
v -0.153372 -0.116564 -0.173427
v -0.167957 -0.106413 -0.164484
v -0.173985 -0.091674 -0.155792
v -0.175580 -0.083498 -0.148145
v -0.162032 -0.113572 -0.164633
v -0.160636 -0.115836 -0.173201
v -0.165393 -0.113367 -0.178102
v -0.171824 -0.100714 -0.172859
v -0.175259 -0.092435 -0.169279
v -0.178600 -0.043569 -0.075763
v -0.178602 -0.022015 -0.101190
v -0.178179 -0.012028 -0.110135
v -0.177157 -0.001646 -0.108494
v -0.178162 -0.080654 -0.176013
v -0.176221 -0.086512 -0.164378
v -0.178799 -0.043742 -0.120215
v -0.176247 -0.075443 -0.140987
v -0.176636 -0.065017 -0.121210
v -0.178329 -0.053613 -0.122862
v -0.179112 -0.022128 -0.127908
v -0.179360 -0.009449 -0.150559
v -0.177658 -0.001413 -0.129254
v -0.178577 -0.064657 -0.146968
v -0.179538 -0.054471 -0.146265
v -0.179787 -0.066571 -0.173335
v -0.181085 -0.047582 -0.174325
v -0.181129 -0.033446 -0.174924
v -0.178223 0.008709 -0.160935
v -0.181374 -0.021444 -0.184170
v -0.181212 -0.000827 -0.196431
v -0.094543 -0.115080 -0.195853
v -0.087885 -0.114038 -0.207252
v -0.096827 -0.108748 -0.266720
v -0.108671 -0.113927 -0.183967
v -0.103571 -0.113705 -0.195621
v -0.112181 -0.107946 -0.196870
v -0.111989 -0.106075 -0.186335
v -0.111633 -0.104579 -0.189493
v -0.114276 -0.101826 -0.189594
v -0.120991 -0.108762 -0.181267
v -0.120977 -0.114396 -0.179178
v -0.153506 -0.114383 -0.179209
v -0.121097 -0.102558 -0.187182
v -0.115570 -0.102025 -0.193169
v -0.128159 -0.100691 -0.194947
v -0.099527 -0.115179 -0.207510
v -0.111176 -0.114838 -0.208601
v -0.112288 -0.111882 -0.206611
v -0.102036 -0.115812 -0.218651
v -0.110201 -0.117761 -0.217864
v -0.124540 -0.114622 -0.212985
v -0.121112 -0.120291 -0.220021
v -0.139046 -0.114772 -0.214258
v -0.123643 -0.105021 -0.202783
v -0.136181 -0.103852 -0.204195
v -0.162607 -0.108328 -0.181257
v -0.163899 -0.102432 -0.187259
v -0.161129 -0.100596 -0.194896
v -0.172052 -0.097680 -0.183098
v -0.172219 -0.097047 -0.198811
v -0.175285 -0.087517 -0.192744
v -0.176593 -0.082325 -0.186593
v -0.161404 -0.109413 -0.208858
v -0.161076 -0.119448 -0.219514
v -0.167744 -0.114681 -0.213866
v -0.174777 -0.113165 -0.215490
v -0.172364 -0.117527 -0.222196
v -0.172395 -0.107269 -0.211037
v -0.167741 -0.104015 -0.203993
v -0.174839 -0.102485 -0.205496
v -0.120064 -0.132053 -0.247492
v -0.121993 -0.130753 -0.240955
v -0.119263 -0.127462 -0.244738
v -0.119883 -0.133451 -0.259444
v -0.124838 -0.133656 -0.253124
v -0.147626 -0.131545 -0.245875
v -0.119174 -0.129210 -0.269507
v -0.125135 -0.134218 -0.261681
v -0.102007 -0.115451 -0.229409
v -0.112535 -0.119600 -0.227716
v -0.099445 -0.113087 -0.237053
v -0.107345 -0.114255 -0.245003
v -0.110149 -0.117993 -0.239800
v -0.120159 -0.123292 -0.226614
v -0.126160 -0.123671 -0.225572
v -0.119816 -0.125993 -0.235201
v -0.124394 -0.127660 -0.233453
v -0.114158 -0.121010 -0.253185
v -0.144292 -0.133272 -0.252915
v -0.164147 -0.134180 -0.258443
v -0.172855 -0.132884 -0.249410
v -0.175153 -0.131670 -0.256037
v -0.172575 -0.128340 -0.242965
v -0.168815 -0.132444 -0.247884
v -0.163398 -0.130283 -0.240899
v -0.167675 -0.123831 -0.225872
v -0.164290 -0.127528 -0.233029
v -0.172207 -0.123013 -0.226990
v -0.175743 -0.123267 -0.233827
v -0.174261 -0.096320 -0.253850
v -0.176787 -0.101724 -0.271695
v -0.167236 -0.083323 -0.259423
v -0.176342 -0.074955 -0.192552
v -0.178698 -0.052679 -0.184284
v -0.175881 -0.055394 -0.195368
v -0.176508 -0.039046 -0.191929
v -0.177411 -0.037960 -0.190483
v -0.177364 -0.013567 -0.199898
v -0.175403 -0.019915 -0.205862
v -0.175216 -0.008637 -0.215676
v -0.177020 -0.000811 -0.211638
v -0.176808 -0.078312 -0.225719
v -0.167688 -0.073166 -0.243029
v -0.169204 -0.066268 -0.237456
v -0.176337 -0.062236 -0.222854
v -0.170525 -0.053033 -0.235270
v -0.171005 -0.042588 -0.239046
v -0.177565 -0.034365 -0.227793
v -0.169624 -0.082583 -0.246869
v -0.163462 -0.074198 -0.254965
v -0.161738 -0.062236 -0.252823
v -0.163268 -0.076243 -0.266477
v -0.161100 -0.065847 -0.263150
v -0.162562 -0.049821 -0.253335
v -0.165202 -0.058438 -0.244653
v -0.163447 -0.043722 -0.257455
v -0.166501 -0.043245 -0.249623
v -0.160957 -0.055444 -0.262645
v -0.177428 -0.024663 -0.236767
v -0.171330 -0.031272 -0.250497
v -0.177585 -0.017872 -0.249209
v -0.166235 -0.037946 -0.262833
v -0.171597 -0.027308 -0.261666
v -0.066324 -0.102510 -0.336900
v -0.096845 -0.104222 -0.317334
v -0.095232 -0.103600 -0.326292
v -0.076444 -0.102309 -0.345027
v -0.086954 -0.102225 -0.357145
v -0.119930 -0.132577 -0.281021
v -0.124115 -0.133785 -0.273144
v -0.119688 -0.128695 -0.285465
v -0.125020 -0.130231 -0.289686
v -0.107153 -0.112490 -0.274727
v -0.096509 -0.105585 -0.302001
v -0.113644 -0.119060 -0.292966
v -0.107212 -0.110734 -0.302777
v -0.120104 -0.124206 -0.302019
v -0.115772 -0.117218 -0.306213
v -0.124122 -0.120817 -0.307433
v -0.170306 -0.133826 -0.273725
v -0.164922 -0.130464 -0.287621
v -0.164474 -0.132525 -0.280386
v -0.175041 -0.131826 -0.274526
v -0.173167 -0.128585 -0.284457
v -0.169690 -0.133102 -0.278313
v -0.174196 -0.094455 -0.277747
v -0.164688 -0.128047 -0.294104
v -0.164438 -0.120845 -0.307604
v -0.164003 -0.124777 -0.301306
v -0.169940 -0.125988 -0.298372
v -0.175542 -0.123190 -0.296471
v -0.176658 -0.121767 -0.284987
v -0.173220 -0.118688 -0.305046
v -0.107373 -0.109189 -0.313160
v -0.109640 -0.104742 -0.325529
v -0.114795 -0.111722 -0.317064
v -0.123957 -0.116530 -0.312913
v -0.120035 -0.110939 -0.319197
v -0.131240 -0.105443 -0.323838
v -0.112845 -0.098900 -0.333131
v -0.119442 -0.100059 -0.328353
v -0.097157 -0.101570 -0.360380
v -0.102282 -0.101639 -0.339502
v -0.109574 -0.098979 -0.338391
v -0.100573 -0.101454 -0.355992
v -0.131849 -0.096073 -0.336520
v -0.119197 -0.094855 -0.351885
v -0.131773 -0.093451 -0.347140
v -0.145603 -0.114251 -0.315113
v -0.164422 -0.105112 -0.323633
v -0.164059 -0.100011 -0.327610
v -0.170903 -0.113794 -0.315979
v -0.175610 -0.110004 -0.313670
v -0.171419 -0.109249 -0.319912
v -0.173202 -0.097364 -0.325878
v -0.175615 -0.101077 -0.322187
v -0.163571 -0.095991 -0.336437
v -0.172593 -0.093286 -0.347189
v -0.174825 -0.093068 -0.340254
v -0.176958 -0.087399 -0.337428
v -0.175634 -0.083420 -0.330476
v -0.163858 -0.074676 -0.276421
v -0.162967 -0.067567 -0.276501
v -0.166781 -0.079874 -0.273603
v -0.177268 -0.090478 -0.295429
v -0.170550 -0.078902 -0.286615
v -0.166827 -0.067866 -0.285863
v -0.163223 -0.060219 -0.282729
v -0.162343 -0.053967 -0.275743
v -0.161179 -0.047258 -0.269721
v -0.165323 -0.047625 -0.283028
v -0.166394 -0.054207 -0.287257
v -0.175897 -0.032935 -0.296708
v -0.165378 -0.041619 -0.275344
v -0.174228 -0.080182 -0.295912
v -0.173421 -0.066832 -0.299746
v -0.173028 -0.054707 -0.299642
v -0.175724 -0.040875 -0.300600
v -0.176733 -0.055542 -0.308090
v -0.171326 -0.028833 -0.274702
v -0.176959 -0.016481 -0.269330
v -0.177055 -0.024824 -0.291013
v -0.176076 -0.018149 -0.318246
v -0.175742 -0.016212 -0.324893
v -0.176426 -0.035055 -0.332984
v -0.178736 -0.043279 -0.338902
v -0.178186 -0.024073 -0.340843
v -0.175724 -0.093108 -0.177903
v -0.176144 -0.087848 -0.202236
v -0.176324 -0.098250 -0.209761
v -0.177795 -0.082044 -0.209444
v -0.176237 -0.109258 -0.220390
v -0.177644 -0.098458 -0.219751
v -0.178164 -0.086476 -0.218108
v -0.176371 -0.116135 -0.229330
v -0.177942 -0.109492 -0.235008
v -0.176668 -0.119984 -0.241328
v -0.178099 -0.100107 -0.229220
v -0.177277 -0.089604 -0.227731
v -0.177655 -0.101421 -0.239952
v -0.176439 -0.093988 -0.239441
v -0.176001 -0.126594 -0.250867
v -0.177409 -0.120208 -0.256056
v -0.178401 -0.111103 -0.258964
v -0.177666 -0.103979 -0.250818
v -0.177143 -0.069127 -0.202116
v -0.177958 -0.061198 -0.216578
v -0.178322 -0.053211 -0.208993
v -0.177158 -0.047352 -0.201711
v -0.178675 -0.043448 -0.217529
v -0.179652 -0.034371 -0.184538
v -0.177759 -0.033522 -0.196580
v -0.177219 -0.024687 -0.204314
v -0.181155 -0.012198 -0.186612
v -0.177901 -0.033858 -0.208930
v -0.178890 -0.029589 -0.221316
v -0.177082 -0.012639 -0.220976
v -0.175430 -0.084222 -0.232960
v -0.176819 -0.046806 -0.223999
v -0.177587 -0.010398 -0.228806
v -0.177362 0.005240 -0.229574
v -0.178749 -0.011875 -0.241502
v -0.177220 -0.000233 -0.242766
v -0.178111 -0.002126 -0.258302
v -0.178074 -0.009883 -0.271114
v -0.178791 -0.111615 -0.273806
v -0.178919 -0.104330 -0.291185
v -0.178475 -0.100949 -0.286133
v -0.176591 -0.110469 -0.306121
v -0.178935 -0.093342 -0.304580
v -0.178196 -0.083286 -0.316473
v -0.176243 -0.092463 -0.323366
v -0.179483 -0.091132 -0.345156
v -0.180968 -0.085565 -0.353795
v -0.179124 -0.085764 -0.344149
v -0.178490 -0.069130 -0.314296
v -0.176848 -0.068870 -0.307336
v -0.177884 -0.037716 -0.309622
v -0.177934 -0.001642 -0.273508
v -0.176501 -0.021107 -0.285606
v -0.178052 -0.012316 -0.294664
v -0.178506 0.011402 -0.284164
v -0.178083 -0.019137 -0.299122
v -0.178104 -0.022684 -0.306350
v -0.178227 -0.001411 -0.293993
v -0.178647 0.000114 -0.305908
v -0.176766 0.006173 -0.301904
v -0.178103 0.010592 -0.306809
v -0.178056 -0.078459 -0.330642
v -0.179216 -0.066804 -0.332123
v -0.178580 -0.055294 -0.318852
v -0.178334 -0.044904 -0.318286
v -0.178343 -0.045879 -0.327125
v -0.178495 -0.076890 -0.340832
v -0.181032 -0.064750 -0.354074
v -0.180193 -0.054860 -0.341749
v -0.180828 -0.043112 -0.353385
v -0.177796 -0.033275 -0.317799
v -0.177174 -0.023912 -0.315639
v -0.178658 -0.011862 -0.318362
v -0.177888 -0.010143 -0.328286
v -0.179100 -0.000217 -0.328875
v -0.180412 -0.023240 -0.351426
v -0.178497 -0.013283 -0.338325
v -0.178839 -0.001085 -0.338715
v -0.179097 -0.012947 -0.349797
v -0.177719 -0.004508 -0.348431
v -0.071905 -0.099767 -0.366479
v -0.066345 -0.098952 -0.375224
v -0.078002 -0.101302 -0.362923
v -0.079888 -0.100406 -0.381407
v -0.089145 -0.102426 -0.372931
v -0.090523 -0.102915 -0.387570
v -0.078096 -0.098925 -0.404932
v -0.054924 -0.087191 -0.440287
v -0.083416 -0.099759 -0.429862
v -0.090560 -0.102852 -0.425164
v -0.066816 -0.089840 -0.439442
v -0.076247 -0.097312 -0.423311
v -0.077778 -0.095514 -0.436591
v -0.084832 -0.100114 -0.442612
v -0.100866 -0.100464 -0.372755
v -0.107186 -0.098100 -0.361284
v -0.094417 -0.101847 -0.378292
v -0.109042 -0.095972 -0.373188
v -0.131838 -0.090787 -0.365683
v -0.119210 -0.091993 -0.379575
v -0.100219 -0.100020 -0.383744
v -0.109898 -0.092154 -0.386104
v -0.095052 -0.101699 -0.405467
v -0.100354 -0.099130 -0.409462
v -0.104776 -0.093951 -0.396125
v -0.120080 -0.089392 -0.387269
v -0.132059 -0.087767 -0.386918
v -0.173092 -0.089124 -0.377151
v -0.164354 -0.087694 -0.387350
v -0.172417 -0.087588 -0.386623
v -0.111742 -0.088722 -0.408013
v -0.103548 -0.093713 -0.418738
v -0.111175 -0.087402 -0.426521
v -0.094853 -0.101710 -0.459022
v -0.099179 -0.099091 -0.459167
v -0.101925 -0.094990 -0.448723
v -0.109600 -0.088009 -0.445358
v -0.120995 -0.086712 -0.394647
v -0.131538 -0.086784 -0.394544
v -0.172874 -0.083241 -0.394482
v -0.175243 -0.007755 -0.369772
v -0.172803 -0.000411 -0.366516
v -0.172163 -0.005674 -0.382246
v -0.176217 -0.018080 -0.385163
v -0.175358 -0.020879 -0.395037
v -0.168593 -0.002043 -0.395275
v -0.121133 -0.083792 -0.416014
v -0.120188 -0.083423 -0.426948
v -0.130887 -0.081724 -0.432017
v -0.119264 -0.083281 -0.437346
v -0.163012 -0.080109 -0.443021
v -0.170881 -0.082645 -0.407586
v -0.174565 -0.076349 -0.405883
v -0.175465 -0.073455 -0.398069
v -0.175811 -0.063385 -0.399640
v -0.171688 -0.074535 -0.433942
v -0.175911 -0.050853 -0.409805
v -0.168784 -0.080014 -0.434290
v -0.173168 -0.054081 -0.438091
v -0.173551 -0.044062 -0.438322
v -0.176013 -0.043769 -0.408507
v -0.173668 -0.022405 -0.412123
v -0.172219 -0.013933 -0.405122
v -0.171891 -0.015250 -0.417581
v -0.167587 -0.007097 -0.415538
v -0.163297 0.004323 -0.404945
v -0.162956 -0.001158 -0.418910
v -0.172962 -0.033170 -0.438016
v -0.171507 -0.028429 -0.446904
v -0.161778 -0.002953 -0.429503
v -0.169512 -0.015986 -0.444619
v -0.166248 -0.010019 -0.438364
v -0.160573 -0.006236 -0.443373
v -0.082583 -0.096414 -0.449214
v -0.090517 -0.102746 -0.459417
v -0.074747 -0.089563 -0.444550
v -0.083662 -0.096757 -0.459576
v -0.086303 -0.100233 -0.465772
v -0.076689 -0.085586 -0.458635
v -0.090412 -0.096027 -0.468448
v -0.092258 -0.101977 -0.465235
v -0.083242 -0.087063 -0.466950
v -0.089800 -0.087602 -0.469549
v -0.054888 -0.081970 -0.447906
v -0.066285 -0.076833 -0.463937
v -0.054934 -0.078094 -0.456265
v -0.076502 -0.073782 -0.480465
v -0.014276 0.000657 -0.471502
v -0.031344 -0.000612 -0.471162
v -0.024834 -0.007251 -0.479661
v -0.058256 -0.002553 -0.470916
v -0.047561 -0.009373 -0.479236
v -0.067661 -0.086518 -0.448464
v -0.066690 -0.080432 -0.456603
v -0.065893 -0.075483 -0.471452
v -0.078211 -0.079533 -0.469787
v -0.088839 -0.079697 -0.473879
v -0.087691 -0.073678 -0.480374
v -0.065269 -0.011663 -0.484580
v -0.062315 -0.009406 -0.477999
v -0.067554 -0.004104 -0.470381
v -0.078277 0.001417 -0.462640
v -0.076742 -0.006067 -0.470209
v -0.107002 0.000897 -0.460265
v -0.073151 -0.009662 -0.477977
v -0.085640 -0.011402 -0.484112
v -0.011802 -0.063052 -0.497297
v -0.014456 -0.069282 -0.494912
v -0.009896 -0.045679 -0.499708
v -0.045467 -0.053503 -0.495401
v -0.032669 -0.072193 -0.489302
v -0.043935 -0.070096 -0.489755
v -0.038481 -0.069564 -0.493043
v -0.043267 -0.064701 -0.493843
v -0.049031 -0.066736 -0.492924
v -0.060129 -0.043472 -0.495039
v -0.011476 -0.033850 -0.499471
v -0.011425 -0.023879 -0.498190
v -0.020016 -0.012355 -0.493406
v -0.028589 -0.011445 -0.489166
v -0.007995 -0.016353 -0.496430
v -0.049551 -0.034222 -0.495799
v -0.041397 -0.014490 -0.492425
v -0.045751 -0.011466 -0.487418
v -0.043738 -0.018033 -0.493878
v -0.054498 -0.063597 -0.492787
v -0.076197 -0.054199 -0.492264
v -0.088325 -0.064035 -0.489526
v -0.092904 -0.070303 -0.485979
v -0.087892 -0.043342 -0.492111
v -0.062236 -0.029725 -0.494093
v -0.061849 -0.021048 -0.492017
v -0.069742 -0.037630 -0.494372
v -0.051851 -0.015559 -0.489916
v -0.071216 -0.015118 -0.487740
v -0.079124 -0.022981 -0.491207
v -0.084448 -0.033315 -0.492192
v -0.089227 -0.015823 -0.487315
v -0.100912 -0.096090 -0.458963
v -0.107488 -0.086868 -0.458840
v -0.096367 -0.098087 -0.465947
v -0.095887 -0.090428 -0.467806
v -0.100290 -0.093225 -0.464124
v -0.100516 -0.096494 -0.464469
v -0.101915 -0.084057 -0.465253
v -0.104587 -0.078966 -0.466313
v -0.108734 -0.081061 -0.464489
v -0.118857 -0.083006 -0.448104
v -0.131828 -0.078736 -0.452567
v -0.119655 -0.079334 -0.464120
v -0.118367 -0.083038 -0.456762
v -0.131931 -0.076712 -0.463718
v -0.098988 -0.079911 -0.470724
v -0.110032 -0.075303 -0.471342
v -0.098764 -0.073661 -0.480013
v -0.109732 -0.073660 -0.479589
v -0.120876 -0.075249 -0.471315
v -0.131854 -0.075182 -0.471307
v -0.139807 -0.073597 -0.477954
v -0.118203 -0.006549 -0.467959
v -0.127238 -0.010839 -0.477193
v -0.133411 -0.000882 -0.459632
v -0.136678 -0.008995 -0.469354
v -0.135176 -0.012234 -0.482115
v -0.143567 -0.076582 -0.463864
v -0.153329 -0.078044 -0.455700
v -0.152350 -0.076678 -0.462484
v -0.166709 -0.078143 -0.451769
v -0.169677 -0.073799 -0.447465
v -0.161236 -0.072656 -0.459818
v -0.167454 -0.075460 -0.453207
v -0.164205 -0.062073 -0.460685
v -0.172031 -0.048210 -0.448185
v -0.167354 -0.051132 -0.458319
v -0.169248 -0.044213 -0.455963
v -0.150975 -0.072076 -0.469171
v -0.144362 -0.070285 -0.481687
v -0.150426 -0.062971 -0.477220
v -0.153609 -0.067163 -0.472516
v -0.157421 -0.066406 -0.468021
v -0.157366 -0.073527 -0.464575
v -0.155838 -0.048441 -0.473463
v -0.164999 -0.039204 -0.462625
v -0.150656 -0.044034 -0.480992
v -0.169121 -0.031416 -0.455120
v -0.162959 -0.018522 -0.460957
v -0.152594 -0.000518 -0.448986
v -0.165775 -0.012413 -0.452911
v -0.162264 -0.013858 -0.458855
v -0.158314 -0.009011 -0.455099
v -0.151428 -0.005831 -0.458360
v -0.143817 -0.002825 -0.459704
v -0.149144 -0.010403 -0.467034
v -0.142996 -0.012571 -0.480420
v -0.149336 -0.016825 -0.477420
v -0.152587 -0.013840 -0.471274
v -0.151643 -0.035061 -0.479156
v -0.156119 -0.011452 -0.463471
v -0.139079 -0.064361 -0.484510
v -0.139325 -0.070094 -0.482768
v -0.139577 -0.053617 -0.486260
v -0.139888 -0.043913 -0.487256
v -0.139744 -0.034233 -0.487074
v -0.119426 -0.023234 -0.487340
v -0.122157 -0.016108 -0.485032
v -0.146395 -0.040438 -0.485008
v -0.138369 -0.018541 -0.484570
v -0.145090 -0.019817 -0.482590
v -0.177104 -0.089124 -0.375628
v -0.177405 -0.085160 -0.381844
v -0.178287 -0.060485 -0.381041
v -0.177767 -0.042214 -0.384118
v -0.176491 -0.084792 -0.387905
v -0.177460 -0.022309 -0.377216
v -0.046127 0.132856 -0.049104
v -0.066384 0.131973 -0.009587
v -0.098085 0.130721 -0.009836
v -0.079110 0.131453 -0.065609
v -0.011886 0.134184 -0.118914
v -0.070062 0.131462 -0.115345
v -0.087673 0.130856 -0.116123
v -0.051305 0.132299 -0.121501
v -0.154950 0.055997 -0.096776
v -0.135809 0.092591 -0.024809
v -0.174874 0.013399 -0.107994
v -0.169186 0.028662 -0.102964
v -0.172852 0.019684 -0.117340
v -0.098034 0.130263 -0.115155
v -0.107538 0.128033 -0.107984
v -0.124209 0.114437 -0.115031
v -0.115015 0.124588 -0.110873
v -0.120157 0.120143 -0.112389
v -0.040790 0.132045 -0.132677
v -0.060333 0.130768 -0.134344
v -0.088084 0.129721 -0.132781
v -0.037145 0.130196 -0.147632
v -0.072864 0.126203 -0.163263
v -0.092629 0.125068 -0.160927
v -0.075932 0.123872 -0.172170
v -0.092003 0.122581 -0.170109
v -0.176249 0.014864 -0.141371
v -0.174432 0.019581 -0.138463
v -0.168843 0.028623 -0.118887
v -0.162751 0.038349 -0.129898
v -0.170479 0.027079 -0.136698
v -0.164530 0.035410 -0.140738
v -0.134320 0.095389 -0.102316
v -0.148480 0.067620 -0.108632
v -0.140513 0.077612 -0.157109
v -0.128582 0.101832 -0.145168
v -0.159278 0.043390 -0.145913
v -0.170454 0.028584 -0.151993
v -0.162324 0.038669 -0.155326
v -0.175370 0.024573 -0.161727
v -0.161652 0.041036 -0.168150
v -0.173585 0.031683 -0.184678
v -0.167464 0.035825 -0.174904
v -0.158254 0.045629 -0.183103
v -0.155819 0.048384 -0.159899
v -0.151623 0.054631 -0.177397
v -0.139221 0.078794 -0.168835
v -0.131103 0.094625 -0.158821
v -0.141644 0.072347 -0.179485
v -0.155869 0.047830 -0.171156
v -0.107098 0.127485 -0.124118
v -0.098046 0.128805 -0.134311
v -0.124214 0.113019 -0.126669
v -0.119132 0.119489 -0.127610
v -0.113800 0.123691 -0.128693
v -0.105769 0.125173 -0.147014
v -0.122245 0.112610 -0.141598
v -0.119028 0.113035 -0.156502
v -0.104714 0.122086 -0.164914
v -0.107784 0.117221 -0.172907
v -0.110932 0.119488 -0.164420
v -0.131598 0.091651 -0.167604
v -0.115861 0.111122 -0.171599
v -0.133945 0.083289 -0.181253
v -0.177181 0.019487 -0.171791
v -0.052951 0.077461 -0.272296
v -0.037454 0.096499 -0.234906
v -0.087575 0.081810 -0.258009
v -0.007464 0.120559 -0.189806
v -0.038783 0.109619 -0.207822
v -0.043934 0.122688 -0.180638
v -0.012388 0.104133 -0.223625
v -0.078657 0.120835 -0.180543
v -0.081396 0.112691 -0.196298
v -0.090105 0.119730 -0.178130
v -0.083166 0.104130 -0.213255
v -0.088842 0.105563 -0.207113
v -0.082205 0.097501 -0.226962
v -0.086906 0.092109 -0.236788
v -0.129160 0.077722 -0.216741
v -0.124524 0.088668 -0.202742
v -0.158828 0.045926 -0.193930
v -0.170224 0.038060 -0.203596
v -0.175769 0.034092 -0.223873
v -0.165817 0.042304 -0.216336
v -0.172360 0.038232 -0.228206
v -0.149607 0.057002 -0.187408
v -0.152176 0.052802 -0.199861
v -0.146597 0.059542 -0.197196
v -0.120272 0.096890 -0.194832
v -0.143527 0.065430 -0.193667
v -0.152774 0.050602 -0.214134
v -0.138994 0.063780 -0.217953
v -0.144229 0.056741 -0.220553
v -0.158613 0.046505 -0.209403
v -0.121459 0.079784 -0.224759
v -0.121691 0.087011 -0.212026
v -0.112628 0.079645 -0.234105
v -0.131046 0.070722 -0.229392
v -0.128988 0.066651 -0.241899
v -0.100175 0.081556 -0.248006
v -0.095455 0.080546 -0.255459
v -0.100039 0.072611 -0.268276
v -0.112381 0.066234 -0.265181
v -0.128653 0.061832 -0.252162
v -0.132942 0.057409 -0.257399
v -0.176922 0.008696 -0.222885
v -0.166615 0.042535 -0.233922
v -0.171216 0.041303 -0.245407
v -0.166536 0.043620 -0.248973
v -0.176763 0.017086 -0.247296
v -0.175766 0.013247 -0.257196
v -0.179586 0.026099 -0.250862
v -0.179090 0.025846 -0.272850
v -0.143430 0.055012 -0.234575
v -0.137034 0.060729 -0.236726
v -0.156285 0.046982 -0.228367
v -0.143357 0.054080 -0.244180
v -0.154968 0.047733 -0.241191
v -0.143133 0.053051 -0.254312
v -0.136329 0.058086 -0.246901
v -0.150074 0.049952 -0.257194
v -0.136978 0.053823 -0.267270
v -0.143848 0.052004 -0.262353
v -0.174224 0.040633 -0.266438
v -0.169133 0.043637 -0.264766
v -0.096504 0.112395 -0.187377
v -0.110884 0.112022 -0.178859
v -0.110970 0.102145 -0.194700
v -0.112023 0.106144 -0.187843
v -0.117873 0.103748 -0.183410
v -0.098068 0.101422 -0.206659
v -0.118440 0.092366 -0.205965
v -0.096238 0.094686 -0.223444
v -0.092008 0.099039 -0.218997
v -0.092519 0.089119 -0.239791
v -0.054356 0.064996 -0.298820
v -0.052342 0.062603 -0.306935
v -0.088698 0.072207 -0.277533
v -0.091043 0.066778 -0.288337
v -0.094174 0.062841 -0.297239
v -0.094701 0.060537 -0.306085
v -0.036977 0.061324 -0.316894
v -0.052033 0.059136 -0.327956
v -0.011465 0.059418 -0.348559
v -0.082892 0.055609 -0.353358
v -0.072450 0.059575 -0.317419
v -0.093262 0.058609 -0.317264
v -0.091955 0.077091 -0.266018
v -0.099032 0.069637 -0.275911
v -0.098366 0.065283 -0.287176
v -0.106676 0.061591 -0.289391
v -0.110707 0.062970 -0.276336
v -0.129773 0.054886 -0.278769
v -0.123414 0.058271 -0.273365
v -0.122613 0.055587 -0.290826
v -0.108160 0.058073 -0.305994
v -0.117758 0.056008 -0.300053
v -0.128548 0.052111 -0.324175
v -0.176024 0.014706 -0.277200
v -0.178108 0.020963 -0.284108
v -0.173378 0.040881 -0.295388
v -0.168158 0.043688 -0.299509
v -0.166648 0.043651 -0.314258
v -0.141279 0.049433 -0.321379
v -0.171198 0.040658 -0.307740
v -0.110902 0.056123 -0.317207
v -0.097972 0.054587 -0.349630
v -0.120700 0.051383 -0.346005
v -0.093929 0.053507 -0.367801
v -0.130445 0.048928 -0.353693
v -0.174593 0.034828 -0.316870
v -0.169596 0.038587 -0.328886
v -0.165504 0.041977 -0.331188
v -0.170396 0.030018 -0.345571
v -0.160163 0.039962 -0.357172
v -0.155046 0.042534 -0.350686
v -0.165943 0.036203 -0.353966
v -0.181269 0.010320 -0.207502
v -0.180229 0.020280 -0.217496
v -0.177282 0.027637 -0.202133
v -0.179661 0.014116 -0.219267
v -0.177990 0.010927 -0.229292
v -0.180518 0.022507 -0.229123
v -0.178009 0.009809 -0.239120
v -0.178840 0.020840 -0.240930
v -0.178554 0.030082 -0.240486
v -0.179692 0.030884 -0.257197
v -0.177321 0.036508 -0.262872
v -0.176751 0.006068 -0.270161
v -0.179537 0.031284 -0.278007
v -0.175897 0.036776 -0.294593
v -0.178207 0.008392 -0.296001
v -0.179377 0.021883 -0.295843
v -0.179638 0.022685 -0.307732
v -0.178365 0.029873 -0.298130
v -0.179074 0.010750 -0.317862
v -0.178749 0.020369 -0.317015
v -0.178860 0.009797 -0.327886
v -0.177519 0.018078 -0.325412
v -0.177501 0.007319 -0.336379
v -0.035467 0.055162 -0.394279
v -0.014480 0.056476 -0.391467
v -0.048024 0.054735 -0.389787
v -0.076789 0.054743 -0.368805
v -0.072951 0.053386 -0.392827
v -0.090726 0.050952 -0.402968
v -0.038178 0.052725 -0.426954
v -0.049680 0.052226 -0.438523
v -0.057697 0.052111 -0.426775
v -0.076971 0.050437 -0.426876
v -0.070137 0.051281 -0.438308
v -0.105770 0.047217 -0.438731
v -0.123184 0.046228 -0.407428
v -0.165386 0.021701 -0.376671
v -0.157937 0.035867 -0.379020
v -0.152419 0.039995 -0.375292
v -0.163335 0.033585 -0.369966
v -0.147719 0.042497 -0.372909
v -0.143299 0.041511 -0.391207
v -0.148635 0.037120 -0.398449
v -0.166879 0.006811 -0.386082
v -0.160505 0.009034 -0.410017
v -0.161141 0.029066 -0.384373
v -0.153135 0.025529 -0.416726
v -0.136960 0.044050 -0.392462
v -0.123326 0.042142 -0.432121
v -0.131377 0.038703 -0.427720
v -0.126327 0.040353 -0.439565
v -0.117274 0.044897 -0.438078
v -0.116279 0.045112 -0.427605
v -0.133048 0.042053 -0.413588
v -0.125218 0.044094 -0.418505
v -0.151605 0.030986 -0.411520
v -0.145069 0.033514 -0.418709
v -0.151616 0.009693 -0.434057
v -0.145198 0.016188 -0.443058
v -0.146185 0.026506 -0.429584
v -0.139418 0.029727 -0.437620
v -0.133257 0.033552 -0.443448
v -0.156950 0.006344 -0.423476
v -0.155833 0.002873 -0.431962
v -0.010557 0.010852 -0.467194
v -0.010627 0.022774 -0.468001
v -0.024276 0.010483 -0.465783
v -0.029825 0.022488 -0.465917
v -0.019169 0.032573 -0.469360
v -0.019306 0.041680 -0.473261
v -0.052678 0.008269 -0.464848
v -0.043140 0.023124 -0.464729
v -0.041080 0.033074 -0.467869
v -0.057009 0.053526 -0.480992
v -0.048813 0.041794 -0.471663
v -0.028470 0.054717 -0.456266
v -0.056421 0.052646 -0.447514
v -0.062448 0.054552 -0.456256
v -0.019231 0.066345 -0.485323
v -0.034127 0.061891 -0.474400
v -0.044815 0.063846 -0.481693
v -0.069304 0.014408 -0.459996
v -0.078892 0.010677 -0.458882
v -0.069178 0.023607 -0.460717
v -0.072291 0.031474 -0.462341
v -0.099311 0.031528 -0.460322
v -0.054067 0.023330 -0.463748
v -0.062010 0.004669 -0.464012
v -0.061876 0.018873 -0.461930
v -0.054504 0.036868 -0.469002
v -0.065621 0.032491 -0.464868
v -0.055832 0.044827 -0.473915
v -0.076619 0.043909 -0.471395
v -0.076854 0.038370 -0.465862
v -0.102902 0.039661 -0.464655
v -0.076283 0.052913 -0.451755
v -0.078165 0.055287 -0.460163
v -0.099565 0.061961 -0.480800
v -0.097825 0.055192 -0.480634
v -0.030891 0.064366 -0.488519
v -0.039668 0.059741 -0.485425
v -0.041400 0.063597 -0.486797
v -0.035774 0.066421 -0.487729
v -0.056261 0.063198 -0.485633
v -0.103661 0.062137 -0.484873
v -0.096672 0.059977 -0.484439
v -0.107319 0.021990 -0.456794
v -0.119336 0.010670 -0.454147
v -0.129100 0.020545 -0.454411
v -0.130185 0.008824 -0.453894
v -0.132664 0.033491 -0.455442
v -0.129686 0.038844 -0.452106
v -0.127951 0.032870 -0.458133
v -0.112269 0.049342 -0.472703
v -0.117835 0.047509 -0.469305
v -0.126274 0.040763 -0.462519
v -0.128773 0.042250 -0.461078
v -0.104796 0.049272 -0.449851
v -0.105008 0.052290 -0.459282
v -0.117377 0.047198 -0.452091
v -0.123737 0.043074 -0.448583
v -0.116682 0.052001 -0.464512
v -0.105762 0.060745 -0.479992
v -0.109986 0.058881 -0.482379
v -0.121927 0.049804 -0.467882
v -0.111017 0.059989 -0.481895
v -0.147800 0.007957 -0.445452
v -0.138513 0.006274 -0.454165
v -0.136850 0.017718 -0.451809
v -0.145963 0.002969 -0.452689
v -0.142748 0.013398 -0.449403
v -0.139275 0.022907 -0.449785
v -0.135971 0.029749 -0.448022
v -0.135190 0.026227 -0.453767
v 0.175478 -0.015615 0.340917
v 0.175379 -0.005104 0.330423
v 0.176532 0.004190 0.329974
v 0.175444 -0.003810 0.329335
v 0.177311 0.018547 0.255384
v 0.175578 0.004743 0.254365
v 0.176016 0.008870 0.259128
v 0.176836 0.010666 0.248589
v -0.175773 -0.012426 0.336426
v -0.176517 -0.012092 0.345684
v -0.176473 -0.015972 0.340329
v -0.175386 -0.001111 0.326370
v -0.176567 0.002472 0.330086
v -0.175907 -0.003160 0.331768
v -0.176163 0.012081 0.256262
v -0.175604 0.005445 0.254387
v -0.177173 0.011659 0.249238
v 0.177612 -0.005439 -0.206011
v 0.178413 -0.008797 -0.203965
v 0.176963 -0.012324 -0.212472
v 0.176896 -0.016697 -0.208798
v 0.176766 -0.001297 -0.223116
v 0.175611 -0.005237 -0.218987
v 0.177784 0.001071 -0.214015
v -0.175139 -0.026462 -0.329810
v -0.177773 -0.006262 -0.206638
v -0.177634 -0.009946 -0.202210
v -0.176839 -0.015897 -0.208801
v -0.176815 -0.012093 -0.213310
v -0.176947 -0.005104 -0.219834
v -0.176971 -0.000874 -0.223819
v -0.175519 0.001969 -0.225868
v -0.175769 -0.022977 -0.324474
v -0.175739 -0.026616 -0.327295
v -0.177083 -0.022956 -0.331603
v -0.176930 -0.017052 -0.329238
v -0.178491 0.003746 -0.215926
v -0.178713 -0.009191 -0.205345
vt 0.000000 0.000000
vt 0.000000 0.000000
vt 0.000000 0.000000
vt 0.511060 0.487560
vt 0.567281 0.487560
vt 0.553139 0.485646
vt 0.716590 0.897172
vt 0.715668 0.905742
vt 0.715668 0.888517
vt 0.668664 0.686597
vt 0.670507 0.667464
vt 0.670507 0.700957
vt 0.030876 0.884689
vt 0.056682 0.884689
vt 0.045766 0.883732
vt 0.767032 0.465550
vt 0.759908 0.466507
vt 0.773733 0.466507
vt 0.729493 0.853110
vt 0.730415 0.881788
vt 0.730415 0.894258
vt 0.990323 0.826316
vt 0.990323 0.853110
vt 0.986636 0.845353
vt 0.742396 0.010048
vt 0.742396 0.085646
vt 0.739631 0.049498
vt 0.523041 0.927751
vt 0.523041 0.946890
vt 0.520276 0.935089
vt 0.946852 0.488517
vt 0.935023 0.489474
vt 0.959908 0.489474
vt 0.723605 0.602392
vt 0.711060 0.605263
vt 0.728571 0.605263
vt 0.572811 0.558373
vt 0.618894 0.558373
vt 0.593125 0.557416
vt 0.926728 0.551675
vt 0.923041 0.546447
vt 0.926728 0.535407
vt 0.021272 0.298086
vt 0.001382 0.302871
vt 0.047465 0.302871
vt 0.509765 0.325837
vt 0.489862 0.329665
vt 0.517512 0.329665
vt 0.144240 0.325837
vt 0.136333 0.324880
vt 0.123041 0.325837
vt 0.986636 0.610116
vt 0.985714 0.660766
vt 0.985714 0.601435
vt 0.973733 0.656741
vt 0.974654 0.634928
vt 0.974654 0.870335
vt 0.910907 0.403567
vt 0.880944 0.392872
vt 0.889444 0.384008
vt 0.881036 0.384135
vt 0.879873 0.405582
vt 0.880983 0.428281
vt 0.881181 0.437382
vt 0.898093 0.454677
vt 0.906627 0.454738
vt 0.915320 0.454828
vt 0.872387 0.407459
vt 0.958758 0.463459
vt 0.932504 0.463530
vt 0.964824 0.454784
vt 0.964592 0.357435
vt 0.932081 0.357425
vt 0.941225 0.357192
vt 0.906590 0.366180
vt 0.897935 0.375092
vt 0.889526 0.375240
vt 0.917539 0.357237
vt 0.872620 0.419414
vt 0.898044 0.366367
vt 0.872134 0.392906
vt 0.906460 0.357266
vt 0.964860 0.464084
vt 0.923704 0.464066
vt 0.931816 0.348746
vt 0.944394 0.348630
vt 0.956162 0.348764
vt 0.963093 0.348713
vt 0.871197 0.428331
vt 0.969124 0.357242
vt 0.969124 0.462251
vt 0.923312 0.348029
vt 0.927449 0.344520
vt 0.872385 0.383532
vt 0.876481 0.378288
vt 0.867779 0.388524
vt 0.865403 0.410691
vt 0.865763 0.396261
vt 0.880377 0.374096
vt 0.888661 0.365534
vt 0.893015 0.361186
vt 0.884457 0.369995
vt 0.968990 0.473206
vt 0.897512 0.356751
vt 0.902222 0.352882
vt 0.906187 0.350601
vt 0.914528 0.350129
vt 0.954964 0.470659
vt 0.865296 0.419846
vt 0.864977 0.424074
vt 0.931713 0.470873
vt 0.962853 0.471143
vt 0.886767 0.454397
vt 0.879591 0.446587
vt 0.874277 0.437351
vt 0.872321 0.442679
vt 0.894505 0.462152
vt 0.920860 0.470412
vt 0.968351 0.348567
vt 0.914079 0.464109
vt 0.903522 0.461449
vt 0.931735 0.343062
vt 0.871989 0.078361
vt 0.910145 0.024776
vt 0.933349 0.031424
vt 0.927161 0.077803
vt 0.909586 0.088055
vt 0.931705 0.111033
vt 0.958628 0.094872
vt 0.953321 0.049925
vt 0.965415 0.053700
vt 0.960804 0.045255
vt 0.915930 0.119278
vt 0.888972 0.108771
vt 0.896175 0.112460
vt 0.940680 0.026918
vt 0.873969 0.047093
vt 0.876950 0.035229
vt 0.905789 0.017694
vt 0.870983 0.058898
vt 0.868033 0.070602
vt 0.867243 0.051545
vt 0.903650 0.122985
vt 0.954795 0.107000
vt 0.933270 0.122937
vt 0.971676 0.081280
vt 0.921868 0.027678
vt 0.917454 0.020315
vt 0.929180 0.023503
vt 0.886207 0.119428
vt 0.927424 0.122304
vt 0.971507 0.069427
vt 0.914745 0.124880
vt 0.909521 0.123075
vt 0.964400 0.097825
vt 0.965797 0.091513
vt 0.973426 0.065278
vt 0.897860 0.120113
vt 0.949193 0.041919
vt 0.969884 0.053484
vt 0.868977 0.038886
vt 0.863125 0.063299
vt 0.936734 0.018988
vt 0.957089 0.036892
vt 0.924920 0.015578
vt 0.913083 0.012714
vt 0.952928 0.112043
vt 0.953379 0.028784
vt 0.968421 0.042593
vt 0.878701 0.021993
vt 0.888209 0.016137
vt 0.867919 0.091082
vt 0.880359 0.114118
vt 0.948751 0.022099
vt 0.901115 0.009821
vt 0.877002 0.124880
vt 0.869176 0.024184
vt 0.871471 0.115760
vt 0.863618 0.100985
vt 0.861460 0.082755
vt 0.859716 0.092447
vt 0.858194 0.041575
vt 0.855295 0.054537
vt 0.897406 0.002408
vt 0.902160 0.003261
vt 0.908681 0.002392
vt 0.945312 0.012254
vt 0.951050 0.015710
vt 0.965964 0.030628
vt 0.958947 0.025172
vt 0.970449 0.034553
vt 0.955379 0.017442
vt 0.914345 0.006991
vt 0.921142 0.004645
vt 0.926333 0.009810
vt 0.933304 0.008005
vt 0.938363 0.013229
vt 0.854839 0.063357
vt 0.974654 0.037071
vt 0.857594 0.072169
vt 0.863552 0.032939
vt 0.857235 0.033153
vt 0.268550 0.933825
vt 0.052572 0.927792
vt 0.136615 0.933451
vt 0.062757 0.933265
vt 0.270661 0.928424
vt 0.289990 0.935335
vt 0.292221 0.929721
vt 0.040055 0.934063
vt 0.008019 0.935691
vt 0.009093 0.929175
vt 0.297687 0.934141
vt 0.299078 0.925800
vt 0.004330 0.934762
vt 0.059325 0.921053
vt 0.004147 0.940191
vt 0.296409 0.940191
vt 0.025886 0.939367
vt 0.280392 0.938083
vt 0.058743 0.936979
vt 0.138145 0.937366
vt 0.269553 0.937602
vt 0.219928 0.975462
vt 0.208049 0.976844
vt 0.206845 0.967461
vt 0.219957 0.967192
vt 0.177688 0.967661
vt 0.169575 0.975057
vt 0.162222 0.970354
vt 0.157095 0.983624
vt 0.180735 0.983179
vt 0.206522 0.990800
vt 0.148245 0.974870
vt 0.108587 0.975177
vt 0.108649 0.982885
vt 0.108721 0.967588
vt 0.150869 0.966859
vt 0.214641 0.990154
vt 0.108721 0.991545
vt 0.147624 0.991524
vt 0.173639 0.991352
vt 0.177807 0.993829
vt 0.182297 0.992290
vt 0.222767 0.989254
vt 0.185973 0.996199
vt 0.248549 0.983172
vt 0.269666 0.975635
vt 0.269801 0.968483
vt 0.276401 0.984128
vt 0.277751 0.975424
vt 0.322744 0.976951
vt 0.322713 0.967144
vt 0.274315 0.966997
vt 0.206849 0.959489
vt 0.219852 0.959256
vt 0.238626 0.958832
vt 0.322504 0.990541
vt 0.258069 0.991665
vt 0.248969 0.991713
vt 0.295044 0.991493
vt 0.253587 0.995237
vt 0.243397 0.995543
vt 0.315696 0.996395
vt 0.221866 0.995970
vt 0.167929 0.963982
vt 0.123995 0.958711
vt 0.154851 0.958514
vt 0.281393 0.958846
vt 0.265293 0.959793
vt 0.322574 0.958484
vt 0.109451 0.955065
vt 0.182026 0.954567
vt 0.247009 0.953111
vt 0.209404 0.953327
vt 0.223637 0.952935
vt 0.168077 0.956818
vt 0.204403 0.996104
vt 0.121705 0.952804
vt 0.146904 0.952347
vt 0.103416 0.972386
vt 0.104197 0.996419
vt 0.108269 0.996330
vt 0.143844 0.997088
vt 0.327192 0.996139
vt 0.286607 0.996875
vt 0.327988 0.977660
vt 0.104150 0.955958
vt 0.289417 0.952472
vt 0.318155 0.952801
vt 0.325164 0.953452
vt 0.329248 0.966648
vt 0.276374 0.951972
vt 0.111512 0.949466
vt 0.328070 0.954186
vt 0.259290 0.950862
vt 0.200091 0.949617
vt 0.183703 0.951439
vt 0.160608 0.951404
vt 0.181418 0.997610
vt 0.223317 0.949198
vt 0.236732 0.949869
vt 0.105189 0.949733
vt 0.175455 0.951666
vt 0.314213 0.948861
vt 0.321870 0.949612
vt 0.149434 0.947847
vt 0.249344 0.997554
vt 0.258329 0.997649
vt 0.098955 0.975258
vt 0.331982 0.977272
vt 0.097655 0.967748
vt 0.099395 0.952805
vt 0.333928 0.992377
vt 0.098045 0.990858
vt 0.336522 0.999522
vt 0.340553 0.997787
vt 0.093548 0.999522
vt 0.093641 0.994254
vt 0.833744 0.860562
vt 0.834055 0.845041
vt 0.826545 0.860261
vt 0.826290 0.844975
vt 0.834036 0.827449
vt 0.826583 0.821323
vt 0.830901 0.816689
vt 0.834202 0.880398
vt 0.826842 0.891889
vt 0.834046 0.895086
vt 0.831344 0.904051
vt 0.842882 0.903729
vt 0.824305 0.905365
vt 0.823546 0.815745
vt 0.842961 0.910174
vt 0.842187 0.825801
vt 0.842303 0.816986
vt 0.842463 0.889275
vt 0.842353 0.836496
vt 0.842174 0.877466
vt 0.841784 0.851894
vt 0.842806 0.863567
vt 0.835239 0.807601
vt 0.846053 0.810708
vt 0.824844 0.799113
vt 0.834653 0.913427
vt 0.844148 0.919361
vt 0.808158 0.860415
vt 0.809142 0.828925
vt 0.804946 0.835978
vt 0.804508 0.883297
vt 0.809308 0.897947
vt 0.814812 0.815023
vt 0.808473 0.783703
vt 0.817276 0.892059
vt 0.813881 0.919390
vt 0.809193 0.940566
vt 0.825583 0.913469
vt 0.813146 0.782680
vt 0.807062 0.940000
vt 0.809879 0.773155
vt 0.806745 0.778177
vt 0.805931 0.827583
vt 0.806314 0.815786
vt 0.818084 0.936654
vt 0.831167 0.922099
vt 0.837692 0.918168
vt 0.830710 0.953452
vt 0.838415 0.953085
vt 0.836273 0.963158
vt 0.827570 0.960843
vt 0.846800 0.964967
vt 0.822943 0.954043
vt 0.814010 0.947613
vt 0.809662 0.949029
vt 0.846195 0.956422
vt 0.846235 0.945634
vt 0.830184 0.778102
vt 0.830820 0.798633
vt 0.820272 0.770969
vt 0.836711 0.802133
vt 0.837299 0.780887
vt 0.830201 0.759546
vt 0.837149 0.758146
vt 0.822967 0.766368
vt 0.845193 0.774680
vt 0.842734 0.804672
vt 0.847124 0.757431
vt 0.802304 0.857527
vt 0.849116 0.971817
vt 0.820630 0.957247
vt 0.805786 0.896477
vt 0.806825 0.915250
vt 0.803527 0.889654
vt 0.843101 0.752321
vt 0.854383 0.765489
vt 0.849747 0.751171
vt 0.852905 0.797409
vt 0.849739 0.804806
vt 0.854423 0.947057
vt 0.855805 0.955846
vt 0.851040 0.852001
vt 0.851544 0.841130
vt 0.850904 0.861104
vt 0.856188 0.757054
vt 0.833642 0.965459
vt 0.853111 0.916342
vt 0.853616 0.886122
vt 0.853727 0.909601
vt 0.857373 0.964276
vt 0.822081 0.762605
vt 0.803451 0.832016
vt 0.824735 0.960986
vt 0.854003 0.818654
vt 0.858481 0.971440
vt 0.854521 0.903193
vt 0.857163 0.811393
vt 0.809272 0.772080
vt 0.829647 0.757106
vt 0.837403 0.753865
vt 0.858744 0.750756
vt 0.860473 0.798694
vt 0.860393 0.915818
vt 0.862212 0.939017
vt 0.862212 0.776060
vt 0.858450 0.976555
vt 0.852991 0.746154
vt 0.861617 0.744976
vt 0.809069 0.405324
vt 0.803197 0.394758
vt 0.775608 0.400646
vt 0.777064 0.406303
vt 0.811961 0.404119
vt 0.804248 0.411508
vt 0.774417 0.413126
vt 0.809173 0.416862
vt 0.772442 0.405880
vt 0.774560 0.423282
vt 0.804195 0.422527
vt 0.791999 0.392515
vt 0.771941 0.388941
vt 0.809415 0.385958
vt 0.786485 0.386286
vt 0.812977 0.410595
vt 0.814556 0.416498
vt 0.812254 0.391432
vt 0.811818 0.386234
vt 0.774844 0.381863
vt 0.804965 0.373422
vt 0.774862 0.374584
vt 0.771197 0.375833
vt 0.811207 0.373289
vt 0.809636 0.365463
vt 0.775129 0.367661
vt 0.815040 0.397256
vt 0.771517 0.399062
vt 0.770863 0.360530
vt 0.804743 0.360119
vt 0.809282 0.361173
vt 0.814348 0.372385
vt 0.813976 0.381478
vt 0.814074 0.363929
vt 0.805365 0.353939
vt 0.774273 0.353555
vt 0.812301 0.355789
vt 0.810247 0.347122
vt 0.808756 0.343153
vt 0.803028 0.342142
vt 0.773645 0.342194
vt 0.770218 0.340993
vt 0.773356 0.394124
vt 0.814396 0.344999
vt 0.769660 0.356064
vt 0.815207 0.402137
vt 0.811540 0.338278
vt 0.772617 0.417653
vt 0.801723 0.428594
vt 0.793178 0.428757
vt 0.809640 0.428148
vt 0.804809 0.436424
vt 0.797349 0.435413
vt 0.799854 0.442914
vt 0.807811 0.442526
vt 0.813349 0.422269
vt 0.815091 0.427593
vt 0.813908 0.434260
vt 0.815207 0.444023
vt 0.784809 0.428996
vt 0.777594 0.428997
vt 0.781123 0.437623
vt 0.773186 0.436392
vt 0.772874 0.429006
vt 0.790294 0.434793
vt 0.794211 0.442736
vt 0.788034 0.441919
vt 0.790886 0.446188
vt 0.786412 0.444546
vt 0.795128 0.446411
vt 0.772151 0.442285
vt 0.780389 0.445704
vt 0.765438 0.438669
vt 0.818761 0.051233
vt 0.815912 0.015336
vt 0.824355 0.027430
vt 0.823776 0.018782
vt 0.824613 0.045140
vt 0.820712 0.054577
vt 0.834788 0.043736
vt 0.831192 0.050333
vt 0.811874 0.019673
vt 0.810608 0.052060
vt 0.830586 0.010768
vt 0.832037 0.027223
vt 0.832210 0.036001
vt 0.806251 0.019555
vt 0.833066 0.017569
vt 0.799858 0.015352
vt 0.802829 0.055821
vt 0.812153 0.012236
vt 0.794934 0.052313
vt 0.791151 0.021351
vt 0.814638 0.055771
vt 0.789847 0.052677
vt 0.839986 0.027181
vt 0.840010 0.035549
vt 0.846073 0.034663
vt 0.845910 0.018651
vt 0.843801 0.040620
vt 0.846584 0.040858
vt 0.840538 0.017600
vt 0.846111 0.012228
vt 0.841655 0.011291
vt 0.806764 0.009951
vt 0.796048 0.013984
vt 0.785747 0.014362
vt 0.792399 0.011444
vt 0.784504 0.052830
vt 0.782562 0.022580
vt 0.781106 0.016784
vt 0.848581 0.036841
vt 0.785919 0.056268
vt 0.848934 0.028091
vt 0.848357 0.020477
vt 0.790654 0.056938
vt 0.824274 0.055095
vt 0.832906 0.056268
vt 0.824575 0.008134
vt 0.848714 0.013923
vt 0.852074 0.008218
vt 0.837577 0.011370
vt 0.837568 0.016302
vt 0.789427 0.794746
vt 0.762500 0.799515
vt 0.794639 0.800426
vt 0.759975 0.793448
vt 0.763002 0.787805
vt 0.795287 0.789229
vt 0.773353 0.782199
vt 0.781813 0.782484
vt 0.790238 0.782917
vt 0.764762 0.781927
vt 0.759904 0.782124
vt 0.769447 0.775320
vt 0.797281 0.783485
vt 0.795022 0.806001
vt 0.759476 0.805482
vt 0.785744 0.774062
vt 0.776438 0.776287
vt 0.761090 0.813426
vt 0.791766 0.813077
vt 0.778645 0.769919
vt 0.796393 0.775298
vt 0.777119 0.822605
vt 0.761763 0.818316
vt 0.794944 0.822372
vt 0.763011 0.774020
vt 0.772812 0.768463
vt 0.799082 0.818977
vt 0.758794 0.823523
vt 0.799532 0.789562
vt 0.800940 0.795513
vt 0.799591 0.801523
vt 0.790941 0.830717
vt 0.760067 0.830794
vt 0.756280 0.825559
vt 0.756124 0.819292
vt 0.757136 0.799720
vt 0.757199 0.805612
vt 0.796807 0.835718
vt 0.800066 0.827559
vt 0.801382 0.784377
vt 0.801310 0.778023
vt 0.801345 0.810751
vt 0.756810 0.775833
vt 0.757756 0.786972
vt 0.781492 0.768199
vt 0.790285 0.838143
vt 0.759966 0.837950
vt 0.776428 0.765579
vt 0.757560 0.793505
vt 0.767198 0.768102
vt 0.800705 0.844498
vt 0.760182 0.768153
vt 0.772156 0.765072
vt 0.801345 0.770179
vt 0.794745 0.768989
vt 0.786274 0.766158
vt 0.752535 0.767199
vt 0.665920 0.293097
vt 0.672661 0.296276
vt 0.643400 0.297825
vt 0.642697 0.293479
vt 0.629394 0.294098
vt 0.640471 0.305636
vt 0.655621 0.305236
vt 0.670084 0.304711
vt 0.685912 0.296945
vt 0.682411 0.292446
vt 0.687643 0.303563
vt 0.701022 0.298282
vt 0.699003 0.303955
vt 0.707332 0.303485
vt 0.716635 0.297967
vt 0.625559 0.304265
vt 0.622560 0.298109
vt 0.608974 0.299926
vt 0.607552 0.304295
vt 0.748644 0.301654
vt 0.754424 0.297213
vt 0.599030 0.300789
vt 0.596968 0.306086
vt 0.585136 0.301117
vt 0.559340 0.306370
vt 0.552322 0.312342
vt 0.552452 0.301948
vt 0.541912 0.312031
vt 0.760416 0.297948
vt 0.756310 0.307549
vt 0.536958 0.307643
vt 0.766129 0.308100
vt 0.534025 0.312019
vt 0.568811 0.314335
vt 0.544934 0.302103
vt 0.742127 0.310066
vt 0.710436 0.310078
vt 0.591475 0.313353
vt 0.703340 0.311183
vt 0.535401 0.322798
vt 0.601182 0.316498
vt 0.612178 0.314135
vt 0.618867 0.292345
vt 0.544541 0.321585
vt 0.754018 0.317726
vt 0.762097 0.316560
vt 0.733807 0.318790
vt 0.556505 0.322024
vt 0.675304 0.313219
vt 0.662110 0.314032
vt 0.648881 0.314141
vt 0.632748 0.314070
vt 0.696072 0.311940
vt 0.574030 0.322412
vt 0.768685 0.303775
vt 0.771887 0.309724
vt 0.596445 0.321101
vt 0.690627 0.293210
vt 0.705465 0.294409
vt 0.768448 0.315732
vt 0.711819 0.318440
vt 0.607064 0.296528
vt 0.589935 0.296827
vt 0.576891 0.296987
vt 0.699157 0.319838
vt 0.528019 0.318848
vt 0.527731 0.315171
vt 0.774723 0.316064
vt 0.523684 0.326513
vt 0.523057 0.321632
vt 0.763908 0.323697
vt 0.777666 0.311284
vt 0.781058 0.315402
vt 0.778589 0.324760
vt 0.770135 0.324040
vt 0.757837 0.324865
vt 0.531416 0.330232
vt 0.784793 0.326132
vt 0.525958 0.336364
vt 0.522120 0.317502
vt 0.538132 0.299691
vt 0.540959 0.299328
vt 0.782286 0.335198
vt 0.775898 0.336364
vt 0.691740 0.321828
vt 0.751510 0.326623
vt 0.743251 0.327833
vt 0.550512 0.330336
vt 0.558783 0.330950
vt 0.543572 0.330633
vt 0.538962 0.332427
vt 0.669888 0.323051
vt 0.567376 0.331423
vt 0.626106 0.322612
vt 0.609633 0.323933
vt 0.603797 0.326173
vt 0.650485 0.323078
vt 0.659327 0.322902
vt 0.766567 0.298309
vt 0.048511 0.986690
vt 0.049918 0.955295
vt 0.039676 0.957767
vt 0.042338 0.988817
vt 0.036196 0.991294
vt 0.047575 0.993619
vt 0.053972 0.992209
vt 0.056092 0.959006
vt 0.060920 0.968518
vt 0.059813 0.987307
vt 0.063106 0.951331
vt 0.056523 0.947936
vt 0.065250 0.944146
vt 0.070384 0.947870
vt 0.066510 0.975674
vt 0.065188 0.993021
vt 0.059183 0.994511
vt 0.067641 0.957692
vt 0.071136 0.988267
vt 0.072421 0.962258
vt 0.073770 0.950920
vt 0.079606 0.959265
vt 0.078741 0.993675
vt 0.040661 0.998362
vt 0.070630 0.995384
vt 0.053006 0.997103
vt 0.058918 0.998755
vt 0.064806 0.997894
vt 0.070087 0.999522
vt 0.076502 0.998999
vt 0.031559 0.974632
vt 0.030179 0.991830
vt 0.033220 0.954470
vt 0.046614 0.998369
vt 0.024747 0.987664
vt 0.027125 0.955340
vt 0.073647 0.940191
vt 0.078053 0.945222
vt 0.034073 0.996055
vt 0.027774 0.996628
vt 0.019601 0.992846
vt 0.031130 0.952145
vt 0.019254 0.955078
vt 0.017953 0.986887
vt 0.081996 0.951526
vt 0.009533 0.950930
vt 0.010525 0.986194
vt 0.003226 0.990869
vt 0.045297 0.952784
vt 0.037144 0.951975
vt 0.012272 0.995884
vt 0.085080 0.955698
vt 0.086175 0.997873
vt 0.084109 0.990338
vt 0.084345 0.982953
vt 0.086175 0.950387
vt 0.956244 0.544893
vt 0.962276 0.550426
vt 0.967524 0.544277
vt 0.947423 0.542572
vt 0.983852 0.577512
vt 0.979927 0.567582
vt 0.973895 0.561899
vt 0.968150 0.556065
vt 0.984502 0.572133
vt 0.990323 0.566228
vt 0.949904 0.538907
vt 0.979432 0.555576
vt 0.983781 0.562491
vt 0.960149 0.539788
vt 0.956530 0.532774
vt 0.947295 0.531624
vt 0.971970 0.550990
vt 0.975722 0.546327
vt 0.977541 0.550099
vt 0.951618 0.525261
vt 0.941475 0.534487
vt 0.973194 0.542574
vt 0.959701 0.524824
vt 0.970461 0.511125
vt 0.966069 0.507072
vt 0.976317 0.504729
vt 0.973111 0.498226
vt 0.989802 0.572529
vt 0.978360 0.500301
vt 0.977540 0.489173
vt 0.984228 0.493133
vt 0.986103 0.482510
vt 0.980614 0.477273
vt 0.989071 0.473157
vt 0.982617 0.467011
vt 0.987436 0.466532
vt 0.990323 0.457347
vt 0.981804 0.454258
vt 0.988925 0.442224
vt 0.980211 0.441938
vt 0.983690 0.435787
vt 0.981366 0.432057
vt 0.920603 0.914275
vt 0.928229 0.908977
vt 0.929601 0.916488
vt 0.908401 0.904476
vt 0.904759 0.910379
vt 0.894810 0.910112
vt 0.895592 0.901530
vt 0.932181 0.911435
vt 0.887067 0.906838
vt 0.885547 0.914838
vt 0.882993 0.906117
vt 0.873272 0.954865
vt 0.883866 0.922934
vt 0.882426 0.930929
vt 0.880812 0.938834
vt 0.879032 0.946738
vt 0.877593 0.953075
vt 0.888052 0.940446
vt 0.888163 0.932731
vt 0.876509 0.956459
vt 0.891494 0.924795
vt 0.893052 0.930196
vt 0.893610 0.934259
vt 0.891085 0.917550
vt 0.889401 0.899494
vt 0.885789 0.896172
vt 0.885121 0.955298
vt 0.884615 0.948379
vt 0.938346 0.921991
vt 0.892964 0.939674
vt 0.940563 0.913400
vt 0.949333 0.919795
vt 0.949349 0.926784
vt 0.958320 0.924654
vt 0.957226 0.933021
vt 0.963027 0.927414
vt 0.964016 0.940018
vt 0.955850 0.913121
vt 0.969721 0.933439
vt 0.978076 0.943889
vt 0.970697 0.945549
vt 0.973371 0.951955
vt 0.985714 0.952917
vt 0.981643 0.956459
vt 0.950230 0.905544
vt 0.936328 0.903878
vt 0.291300 0.009763
vt 0.292503 0.016233
vt 0.266030 0.015857
vt 0.261205 0.009295
vt 0.297260 0.014199
vt 0.258716 0.016161
vt 0.255665 0.008911
vt 0.261838 0.004306
vt 0.291512 0.004854
vt 0.257033 0.005411
vt 0.300169 0.011748
vt 0.251152 0.017703
vt 0.302869 0.007314
vt 0.306452 0.014261
vt 0.299795 0.017703
vt 0.924049 0.286208
vt 0.929923 0.284947
vt 0.920277 0.281098
vt 0.934314 0.288943
vt 0.914637 0.285083
vt 0.937317 0.284781
vt 0.909322 0.279709
vt 0.943460 0.290865
vt 0.920863 0.291734
vt 0.931473 0.294723
vt 0.931129 0.301983
vt 0.920357 0.300702
vt 0.907972 0.291839
vt 0.911212 0.302413
vt 0.901255 0.286882
vt 0.904637 0.275534
vt 0.896044 0.290569
vt 0.896939 0.299423
vt 0.901780 0.306437
vt 0.944301 0.283891
vt 0.911934 0.275159
vt 0.942183 0.297734
vt 0.938219 0.279043
vt 0.944825 0.276336
vt 0.943148 0.304805
vt 0.940166 0.272271
vt 0.945621 0.271605
vt 0.921600 0.310034
vt 0.931107 0.310583
vt 0.913936 0.311430
vt 0.908096 0.312820
vt 0.898381 0.284220
vt 0.894164 0.284863
vt 0.903501 0.313432
vt 0.944158 0.312718
vt 0.919327 0.276302
vt 0.916483 0.271693
vt 0.920416 0.272503
vt 0.898621 0.277734
vt 0.908676 0.271128
vt 0.901868 0.272335
vt 0.895932 0.273084
vt 0.893850 0.278081
vt 0.890783 0.269898
vt 0.943980 0.265975
vt 0.897212 0.307117
vt 0.901353 0.313826
vt 0.892027 0.292605
vt 0.950977 0.299905
vt 0.951442 0.306438
vt 0.914858 0.318286
vt 0.928493 0.317164
vt 0.950661 0.288615
vt 0.935960 0.266994
vt 0.937920 0.258890
vt 0.946232 0.255892
vt 0.939960 0.249086
vt 0.946315 0.246321
vt 0.941663 0.240795
vt 0.948428 0.241074
vt 0.945666 0.233707
vt 0.936792 0.232903
vt 0.941717 0.225783
vt 0.949506 0.226396
vt 0.947351 0.218793
vt 0.937854 0.218084
vt 0.942744 0.210728
vt 0.950724 0.211634
vt 0.948785 0.204348
vt 0.939264 0.203161
vt 0.931254 0.209553
vt 0.944678 0.195585
vt 0.952406 0.197861
vt 0.950445 0.189398
vt 0.941480 0.187758
vt 0.947829 0.180383
vt 0.954378 0.181762
vt 0.933211 0.194006
vt 0.954378 0.311174
vt 0.927486 0.324880
vt 0.938240 0.315761
vt 0.940157 0.323439
vt 0.910553 0.324791
vt 0.907295 0.318718
vt 0.980747 0.909441
vt 0.979746 0.899386
vt 0.970929 0.900450
vt 0.989933 0.906169
vt 0.987712 0.912314
vt 0.985488 0.913723
vt 0.991722 0.909165
vt 0.970596 0.908529
vt 0.965274 0.902610
vt 0.986547 0.895215
vt 0.992166 0.895591
vt 0.992166 0.921053
vt 0.963592 0.907721
vt 0.985611 0.917962
vt 0.965731 0.914899
vt 0.960386 0.912876
vt 0.976770 0.917385
vt 0.955300 0.908515
vt 0.960158 0.900765
vt 0.760914 0.095882
vt 0.767281 0.090492
vt 0.761289 0.086989
vt 0.767229 0.080836
vt 0.760452 0.078051
vt 0.767033 0.071406
vt 0.759208 0.068709
vt 0.767033 0.098958
vt 0.761955 0.099144
vt 0.763382 0.063636
vt 0.757004 0.063750
vt 0.752535 0.085027
vt 0.753196 0.096628
vt 0.758489 0.104790
vt 0.765428 0.107477
vt 0.757368 0.115177
vt 0.764690 0.119213
vt 0.760330 0.121053
vt 0.463857 0.046819
vt 0.453966 0.043541
vt 0.439171 0.047368
vt 0.472350 0.047368
vt 0.829562 0.172384
vt 0.852306 0.236942
vt 0.820804 0.201752
vt 0.795342 0.167441
vt 0.853398 0.167831
vt 0.808388 0.306687
vt 0.832386 0.346770
vt 0.784008 0.266445
vt 0.796872 0.229142
vt 0.778862 0.157064
vt 0.777386 0.249800
vt 0.782887 0.255626
vt 0.849569 0.378429
vt 0.851230 0.317455
vt 0.853487 0.155159
vt 0.819446 0.162788
vt 0.844786 0.146253
vt 0.779963 0.147814
vt 0.789373 0.133228
vt 0.810318 0.124047
vt 0.840282 0.133431
vt 0.835791 0.122225
vt 0.809182 0.114693
vt 0.830222 0.108206
vt 0.795348 0.122447
vt 0.836318 0.113273
vt 0.861003 0.156502
vt 0.838156 0.364609
vt 0.849158 0.390018
vt 0.855961 0.392519
vt 0.849286 0.400199
vt 0.837925 0.418181
vt 0.855343 0.141021
vt 0.861900 0.139719
vt 0.854493 0.128842
vt 0.814570 0.106295
vt 0.827992 0.100198
vt 0.857465 0.376914
vt 0.858736 0.306422
vt 0.859165 0.254764
vt 0.855331 0.406922
vt 0.847559 0.137671
vt 0.844712 0.126014
vt 0.865899 0.164005
vt 0.838707 0.435038
vt 0.772861 0.254825
vt 0.860864 0.409420
vt 0.864372 0.379425
vt 0.865899 0.331771
vt 0.859736 0.433892
vt 0.855105 0.435560
vt 0.859040 0.443741
vt 0.797651 0.115485
vt 0.838825 0.103815
vt 0.820120 0.095082
vt 0.825282 0.092353
vt 0.779697 0.135913
vt 0.832494 0.363558
vt 0.824211 0.347298
vt 0.833002 0.375941
vt 0.833653 0.400697
vt 0.821173 0.335118
vt 0.819326 0.324128
vt 0.813535 0.322504
vt 0.808321 0.315759
vt 0.843010 0.115788
vt 0.771889 0.243089
vt 0.773476 0.159074
vt 0.865801 0.137460
vt 0.778406 0.124008
vt 0.773723 0.146954
vt 0.804346 0.104712
vt 0.846027 0.442308
vt 0.864972 0.256542
vt 0.864966 0.303333
vt 0.838961 0.095207
vt 0.839448 0.457961
vt 0.859129 0.121191
vt 0.819867 0.075709
vt 0.798763 0.307007
vt 0.854749 0.452439
vt 0.850744 0.454811
vt 0.856118 0.454502
vt 0.852080 0.470335
vt 0.797500 0.087451
vt 0.806791 0.076448
vt 0.812381 0.066453
vt 0.831930 0.090353
vt 0.833810 0.079020
vt 0.821442 0.060766
vt 0.826592 0.073756
vt 0.790271 0.093633
vt 0.813689 0.337304
vt 0.848754 0.110527
vt 0.801431 0.296685
vt 0.826802 0.357841
vt 0.215059 0.722952
vt 0.214286 0.728701
vt 0.220133 0.727888
vt 0.220737 0.719139
vt 0.220737 0.740191
vt 0.216665 0.736291
vt 0.910127 0.674973
vt 0.915124 0.667700
vt 0.908295 0.652761
vt 0.913200 0.678027
vt 0.909846 0.688187
vt 0.913827 0.637733
vt 0.908352 0.640512
vt 0.914808 0.618205
vt 0.915196 0.688320
vt 0.915641 0.704880
vt 0.921809 0.704875
vt 0.921187 0.683665
vt 0.921550 0.669475
vt 0.916380 0.714219
vt 0.921686 0.607058
vt 0.920038 0.637940
vt 0.912905 0.609902
vt 0.915164 0.600302
vt 0.921908 0.583280
vt 0.915883 0.583403
vt 0.928727 0.704831
vt 0.936739 0.583553
vt 0.936632 0.611699
vt 0.936523 0.704805
vt 0.922419 0.714894
vt 0.944386 0.592439
vt 0.944348 0.704840
vt 0.943978 0.583501
vt 0.942020 0.579813
vt 0.930751 0.716682
vt 0.910378 0.605006
vt 0.941166 0.711801
vt 0.946377 0.709059
vt 0.908560 0.609850
vt 0.918161 0.722909
vt 0.910442 0.713390
vt 0.922947 0.570850
vt 0.929944 0.574531
vt 0.938535 0.576828
vt 0.925372 0.721652
vt 0.951613 0.704822
vt 0.951613 0.591640
vt 0.950790 0.582057
vt 0.926883 0.725837
vt 0.945000 0.575557
vt 0.932083 0.566240
vt 0.940840 0.569453
vt 0.926808 0.561244
vt 0.648232 0.723892
vt 0.646069 0.722384
vt 0.644723 0.716164
vt 0.654654 0.721623
vt 0.641670 0.721516
vt 0.643641 0.723923
vt 0.634729 0.714096
vt 0.643455 0.707847
vt 0.652556 0.714060
vt 0.644520 0.705075
vt 0.631790 0.721553
vt 0.624955 0.714238
vt 0.659447 0.712098
vt 0.633748 0.702871
vt 0.606308 0.723892
vt 0.600550 0.716506
vt 0.596774 0.723373
vt 0.534101 0.772727
vt 0.538710 0.771591
vt 0.538710 0.764115
vt 0.534698 0.764470
vt 0.224424 0.946890
vt 0.218914 0.942105
vt 0.217972 0.946890
vt 0.224229 0.942564
vt 0.683883 0.625566
vt 0.676611 0.661115
vt 0.677233 0.639581
vt 0.684997 0.657872
vt 0.675362 0.620799
vt 0.688653 0.625893
vt 0.679471 0.620468
vt 0.671855 0.625717
vt 0.670664 0.657330
vt 0.667153 0.624827
vt 0.664731 0.656828
vt 0.693325 0.622496
vt 0.692840 0.658348
vt 0.659214 0.654738
vt 0.660975 0.659767
vt 0.660566 0.624903
vt 0.700808 0.626286
vt 0.702675 0.659002
vt 0.694301 0.661976
vt 0.688048 0.662401
vt 0.689447 0.618175
vt 0.706174 0.627252
vt 0.699350 0.619648
vt 0.710048 0.620527
vt 0.711616 0.622353
vt 0.711465 0.639082
vt 0.711094 0.659355
vt 0.717849 0.627626
vt 0.716276 0.659588
vt 0.712397 0.662865
vt 0.707275 0.663732
vt 0.665240 0.660935
vt 0.728405 0.621849
vt 0.725757 0.628275
vt 0.723580 0.659450
vt 0.720642 0.618343
vt 0.698452 0.616580
vt 0.735023 0.664593
vt 0.666141 0.617563
vt 0.659770 0.620238
vt 0.654913 0.624241
vt 0.653498 0.655043
vt 0.678621 0.615537
vt 0.673355 0.615039
vt 0.685215 0.615308
vt 0.645693 0.648380
vt 0.647268 0.623012
vt 0.640961 0.622579
vt 0.645793 0.655796
vt 0.638635 0.656040
vt 0.635948 0.655750
vt 0.648831 0.615781
vt 0.639129 0.615206
vt 0.637292 0.637546
vt 0.631797 0.664593
vt 0.655941 0.618995
vt 0.637901 0.620871
vt 0.639129 0.661740
vt 0.649245 0.659531
vt 0.657878 0.614833
vt 0.608756 0.698086
vt 0.618894 0.698086
vt 0.614059 0.696172
vt 0.713825 0.293301
vt 0.716437 0.295215
vt 0.720276 0.293301
vt 0.898685 0.523504
vt 0.899571 0.496000
vt 0.896391 0.501641
vt 0.901872 0.520042
vt 0.905683 0.489731
vt 0.901804 0.482868
vt 0.905766 0.478048
vt 0.906675 0.511495
vt 0.902228 0.528468
vt 0.908462 0.520279
vt 0.914508 0.502617
vt 0.914075 0.477863
vt 0.916590 0.468421
vt 0.914071 0.529197
vt 0.916219 0.520189
vt 0.916590 0.511530
vt 0.904270 0.536763
vt 0.911625 0.537503
vt 0.896093 0.492591
vt 0.894470 0.498055
vt 0.903404 0.542168
vt 0.912767 0.545933
vt 0.937967 0.944165
vt 0.938216 0.972036
vt 0.944876 0.967440
vt 0.931435 0.948737
vt 0.929308 0.976217
vt 0.919433 0.940272
vt 0.918872 0.975779
vt 0.910979 0.938844
vt 0.927915 0.938355
vt 0.934542 0.935805
vt 0.915956 0.930568
vt 0.908445 0.930136
vt 0.921883 0.983364
vt 0.923011 0.929762
vt 0.941810 0.977847
vt 0.932498 0.981728
vt 0.946969 0.973987
vt 0.911584 0.980724
vt 0.916523 0.988255
vt 0.908570 0.986954
vt 0.911113 0.969978
vt 0.906514 0.980395
vt 0.907259 0.952192
vt 0.903713 0.935157
vt 0.901125 0.929593
vt 0.929539 0.928598
vt 0.944043 0.981490
vt 0.948848 0.980239
vt 0.936180 0.985578
vt 0.926576 0.988012
vt 0.902847 0.985560
vt 0.938884 0.933243
vt 0.935306 0.928263
vt 0.911763 0.924880
vt 0.942063 0.941174
vt 0.948848 0.965657
vt 0.905023 0.924965
vt 0.905790 0.992527
vt 0.897945 0.992031
vt 0.893624 0.986198
vt 0.889894 0.995694
vt 0.885253 0.989132
vt 0.913363 0.994582
vt 0.897721 0.933237
vt 0.135514 0.333211
vt 0.132955 0.343076
vt 0.128736 0.335277
vt 0.123879 0.344019
vt 0.132402 0.327946
vt 0.142990 0.334975
vt 0.146298 0.344019
vt 0.151687 0.340112
vt 0.152168 0.332859
vt 0.160829 0.335777
vt 0.127411 0.328995
vt 0.123216 0.334035
vt 0.117512 0.338823
vt 0.131890 0.326794
vt 0.500696 0.983254
vt 0.500922 0.972660
vt 0.497956 0.973271
vt 0.497235 0.978837
vt 0.500696 0.969856
vt 0.921575 0.176256
vt 0.925642 0.176151
vt 0.924833 0.181340
vt 0.933894 0.179215
vt 0.910958 0.178375
vt 0.933242 0.171494
vt 0.916510 0.170926
vt 0.911794 0.170694
vt 0.906425 0.175075
vt 0.914872 0.180678
vt 0.912858 0.138760
vt 0.922409 0.131773
vt 0.923798 0.136741
vt 0.926812 0.146375
vt 0.934062 0.146155
vt 0.930165 0.133650
vt 0.934843 0.133889
vt 0.938710 0.126794
vt 0.930733 0.127218
vt 0.906778 0.138501
vt 0.899746 0.170424
vt 0.900508 0.138252
vt 0.905141 0.134941
vt 0.911217 0.134453
vt 0.894218 0.170117
vt 0.894441 0.138123
vt 0.888722 0.138202
vt 0.889029 0.174943
vt 0.892530 0.177602
vt 0.882237 0.169936
vt 0.886152 0.134818
vt 0.898283 0.180695
vt 0.880645 0.181340
vt 0.762458 0.725205
vt 0.758236 0.729733
vt 0.763440 0.731735
vt 0.757537 0.723439
vt 0.756990 0.738838
vt 0.760608 0.720096
vt 0.765438 0.738690
vt 0.765438 0.721170
vt 0.753706 0.727017
vt 0.752637 0.734686
vt 0.751321 0.739234
vt 0.747583 0.738037
vt 0.746083 0.731640
vt 0.754270 0.724444
vt 0.750276 0.723671
vt 0.973249 0.141148
vt 0.977419 0.146208
vt 0.970046 0.146890
vt 0.979509 0.142412
vt 0.983871 0.146890
vt 0.742572 0.345912
vt 0.746978 0.389782
vt 0.751294 0.339711
vt 0.740553 0.339714
vt 0.756221 0.336007
vt 0.751759 0.390166
vt 0.756221 0.400501
vt 0.750076 0.404306
vt 0.754151 0.335407
vt 0.364609 0.917081
vt 0.361751 0.929530
vt 0.367934 0.918961
vt 0.370968 0.899043
vt 0.363794 0.912154
vt 0.365439 0.941270
vt 0.370467 0.946687
vt 0.367642 0.950862
vt 0.365458 0.947759
vt 0.370968 0.959330
vt 0.312592 0.936731
vt 0.321725 0.936961
vt 0.322659 0.927509
vt 0.321785 0.918699
vt 0.311982 0.918679
vt 0.321806 0.910161
vt 0.312857 0.908948
vt 0.330415 0.920877
vt 0.329460 0.930331
vt 0.330415 0.938277
vt 0.329227 0.913163
vt 0.320116 0.903895
vt 0.314034 0.900000
vt 0.721656 0.028230
vt 0.721670 0.015114
vt 0.715432 0.022236
vt 0.709217 0.028229
vt 0.727880 0.022243
vt 0.734101 0.028223
vt 0.727912 0.009153
vt 0.734101 0.015169
vt 0.716006 0.009091
vt 0.709814 0.015300
vt 0.415697 0.906885
vt 0.406414 0.923793
vt 0.408758 0.911900
vt 0.401276 0.916239
vt 0.408883 0.896711
vt 0.417553 0.893657
vt 0.412934 0.886934
vt 0.408369 0.887808
vt 0.419745 0.881826
vt 0.438372 0.879210
vt 0.433938 0.872044
vt 0.441869 0.869378
vt 0.446006 0.878653
vt 0.402344 0.904106
vt 0.396015 0.910439
vt 0.391088 0.919303
vt 0.390013 0.910831
vt 0.399881 0.928579
vt 0.387978 0.932023
vt 0.396027 0.940704
vt 0.387806 0.941091
vt 0.390001 0.952969
vt 0.448687 0.874131
vt 0.381106 0.940210
vt 0.382342 0.945697
vt 0.383008 0.955276
vt 0.383676 0.937724
vt 0.385707 0.962695
vt 0.390415 0.962062
vt 0.386451 0.967495
vt 0.396638 0.973371
vt 0.390746 0.975645
vt 0.399383 0.987147
vt 0.404252 0.983758
vt 0.408440 0.989664
vt 0.404239 0.993780
vt 0.426857 0.972227
vt 0.404075 0.935769
vt 0.419849 0.976563
vt 0.401657 0.947717
vt 0.501286 0.941118
vt 0.450091 0.977313
vt 0.468775 0.975223
vt 0.454661 0.984503
vt 0.475817 0.970354
vt 0.480438 0.977540
vt 0.487331 0.972663
vt 0.493889 0.967495
vt 0.485125 0.896071
vt 0.469849 0.890408
vt 0.450752 0.885855
vt 0.443964 0.887859
vt 0.502096 0.921239
vt 0.457205 0.883012
vt 0.495363 0.903936
vt 0.463173 0.881692
vt 0.468334 0.885946
vt 0.478893 0.889644
vt 0.424369 0.985116
vt 0.491350 0.979775
vt 0.431323 0.979763
vt 0.473572 0.983333
vt 0.447457 0.989991
vt 0.443035 0.981914
vt 0.502765 0.916713
vt 0.473878 0.885277
vt 0.485084 0.984747
vt 0.487546 0.894006
vt 0.398017 0.960605
vt 0.407431 0.974837
vt 0.452515 0.880308
vt 0.412197 0.981157
vt 0.483871 0.890371
vt 0.416456 0.988716
vt 0.478954 0.989923
vt 0.467831 0.881284
vt 0.489771 0.989766
vt 0.494356 0.985914
vt 0.483951 0.993780
vt 0.962673 0.500957
vt 0.957119 0.498086
vt 0.939474 0.500957
vt 0.939991 0.498116
vt 0.935023 0.499645
vt 0.992166 0.634928
vt 0.989401 0.620531
vt 0.991661 0.611286
vt 0.989697 0.596322
vt 0.992166 0.586124
vt 0.038974 0.320987
vt 0.032842 0.322872
vt 0.032880 0.317225
vt 0.026683 0.321050
vt 0.020562 0.322912
vt 0.020589 0.317272
vt 0.014238 0.320656
vt 0.014313 0.328599
vt 0.026720 0.329377
vt 0.007638 0.323305
vt 0.007734 0.317580
vt 0.003270 0.320096
vt 0.001382 0.328237
vt 0.020598 0.334450
vt 0.032885 0.334427
vt 0.039016 0.329387
vt 0.044999 0.323024
vt 0.045171 0.334450
vt 0.051207 0.328779
vt 0.051304 0.320756
vt 0.057635 0.323689
vt 0.057653 0.332845
vt 0.064055 0.328499
vt 0.007898 0.332691
vt 0.057521 0.318006
vt 0.044992 0.317473
vt 0.503988 0.954667
vt 0.500106 0.964149
vt 0.500000 0.968900
vt 0.506694 0.960208
vt 0.509021 0.955788
vt 0.509217 0.945933
vt 0.509217 0.966526
vt 0.766112 0.867338
vt 0.771406 0.868675
vt 0.771015 0.871793
vt 0.777281 0.871413
vt 0.783471 0.874294
vt 0.761818 0.878728
vt 0.760606 0.869615
vt 0.780149 0.882989
vt 0.772464 0.876784
vt 0.767369 0.882824
vt 0.788490 0.881272
vt 0.780859 0.893017
vt 0.775920 0.894310
vt 0.756652 0.873904
vt 0.751598 0.884427
vt 0.751442 0.875901
vt 0.746455 0.885065
vt 0.771493 0.892813
vt 0.765045 0.887864
vt 0.757452 0.892224
vt 0.759512 0.865931
vt 0.751553 0.866347
vt 0.743508 0.872385
vt 0.742907 0.884831
vt 0.747659 0.862679
vt 0.788086 0.888669
vt 0.784891 0.900616
vt 0.762408 0.897880
vt 0.753531 0.898796
vt 0.744317 0.892454
vt 0.737738 0.896708
vt 0.788848 0.875473
vt 0.792166 0.880758
vt 0.767177 0.903384
vt 0.774309 0.900134
vt 0.779583 0.904388
vt 0.782391 0.909688
vt 0.748149 0.906673
vt 0.763450 0.908540
vt 0.735229 0.905024
vt 0.744491 0.912030
vt 0.755073 0.920388
vt 0.763428 0.918146
vt 0.763888 0.929745
vt 0.769589 0.925302
vt 0.770089 0.938871
vt 0.773891 0.939603
vt 0.774034 0.918451
vt 0.778243 0.921441
vt 0.761233 0.942742
vt 0.766309 0.946221
vt 0.755434 0.941424
vt 0.770068 0.945512
vt 0.776487 0.942247
vt 0.774829 0.951233
vt 0.772737 0.952893
vt 0.763085 0.951284
vt 0.751355 0.944756
vt 0.753918 0.956745
vt 0.736929 0.951978
vt 0.734776 0.941117
vt 0.763521 0.959726
vt 0.744979 0.964661
vt 0.728568 0.959742
vt 0.728924 0.969335
vt 0.745086 0.975038
vt 0.732338 0.974130
vt 0.739772 0.982108
vt 0.723205 0.964343
vt 0.715810 0.955797
vt 0.749196 0.966689
vt 0.755495 0.967549
vt 0.752558 0.979076
vt 0.770138 0.974571
vt 0.764531 0.988657
vt 0.757223 0.987387
vt 0.769382 0.993386
vt 0.746251 0.985849
vt 0.728434 0.980913
vt 0.723579 0.977569
vt 0.718146 0.971481
vt 0.702396 0.958891
vt 0.678471 0.969313
vt 0.660835 0.956161
vt 0.657184 0.961041
vt 0.672244 0.972181
vt 0.650964 0.954121
vt 0.656806 0.971023
vt 0.678713 0.975144
vt 0.661058 0.976129
vt 0.643917 0.971163
vt 0.645064 0.956063
vt 0.647801 0.975810
vt 0.699298 0.951849
vt 0.671000 0.951709
vt 0.726041 0.950209
vt 0.625246 0.970840
vt 0.587839 0.978908
vt 0.588559 0.964421
vt 0.583542 0.975257
vt 0.595110 0.956830
vt 0.584270 0.958423
vt 0.661252 0.944870
vt 0.647753 0.945496
vt 0.672842 0.945174
vt 0.578814 0.969975
vt 0.626526 0.974814
vt 0.632249 0.951756
vt 0.604248 0.952084
vt 0.578882 0.959432
vt 0.581186 0.950372
vt 0.709559 0.946388
vt 0.615928 0.945651
vt 0.595294 0.946752
vt 0.571768 0.961318
vt 0.572383 0.979367
vt 0.578026 0.981475
vt 0.649377 0.939027
vt 0.625433 0.933091
vt 0.685460 0.934480
vt 0.653731 0.933134
vt 0.710744 0.937855
vt 0.719027 0.937688
vt 0.752983 0.992134
vt 0.761445 0.996174
vt 0.766238 0.999522
vt 0.770810 0.961312
vt 0.724956 0.942881
vt 0.570988 0.951938
vt 0.571248 0.987072
vt 0.620468 0.936706
vt 0.580934 0.943685
vt 0.559563 0.975862
vt 0.551268 0.968549
vt 0.728548 0.938346
vt 0.588793 0.937576
vt 0.559823 0.984792
vt 0.537506 0.983750
vt 0.537791 0.990978
vt 0.536666 0.972110
vt 0.542435 0.967569
vt 0.547124 0.959111
vt 0.552494 0.994078
vt 0.576657 0.936626
vt 0.534357 0.961589
vt 0.542612 0.999522
vt 0.571443 0.940755
vt 0.571126 0.936030
vt 0.560390 0.942268
vt 0.551021 0.945021
vt 0.543513 0.951009
vt 0.544887 0.943395
vt 0.538096 0.950222
vt 0.532262 0.951373
vt 0.753226 0.863514
vt 0.660274 0.906465
vt 0.647983 0.911010
vt 0.641485 0.906473
vt 0.661495 0.911284
vt 0.677349 0.906637
vt 0.625252 0.912060
vt 0.617148 0.907244
vt 0.606741 0.908114
vt 0.678965 0.912712
vt 0.697979 0.909018
vt 0.657262 0.922333
vt 0.691416 0.920673
vt 0.703096 0.912807
vt 0.675333 0.927639
vt 0.645442 0.926705
vt 0.717929 0.915182
vt 0.719541 0.924638
vt 0.716862 0.929932
vt 0.686186 0.929304
vt 0.725627 0.927173
vt 0.727507 0.916814
vt 0.625798 0.920010
vt 0.611450 0.928209
vt 0.586035 0.927973
vt 0.629867 0.927868
vt 0.602660 0.913556
vt 0.586541 0.915152
vt 0.657065 0.927893
vt 0.620653 0.929906
vt 0.598772 0.933545
vt 0.581795 0.930865
vt 0.690471 0.933139
vt 0.710631 0.933783
vt 0.579499 0.916441
vt 0.726434 0.932400
vt 0.728290 0.908858
vt 0.731150 0.922476
vt 0.737401 0.936138
vt 0.734112 0.914250
vt 0.582930 0.909283
vt 0.576021 0.907468
vt 0.571759 0.927129
vt 0.575612 0.919168
vt 0.591065 0.909502
vt 0.601325 0.908402
vt 0.571195 0.909675
vt 0.731379 0.901536
vt 0.720967 0.907571
vt 0.709696 0.909005
vt 0.702779 0.907127
vt 0.745268 0.930298
vt 0.746368 0.922122
vt 0.751305 0.939638
vt 0.742713 0.935891
vt 0.557563 0.938424
vt 0.552286 0.934247
vt 0.543768 0.925790
vt 0.536692 0.939496
vt 0.537897 0.923642
vt 0.542600 0.917655
vt 0.536513 0.945841
vt 0.569212 0.902039
vt 0.547067 0.908511
vt 0.570721 0.895155
vt 0.566420 0.894236
vt 0.570544 0.883231
vt 0.564738 0.884206
vt 0.578933 0.903756
vt 0.573527 0.897015
vt 0.572730 0.888435
vt 0.734974 0.893971
vt 0.735949 0.881961
vt 0.586040 0.904715
vt 0.622470 0.904957
vt 0.557588 0.886455
vt 0.548084 0.899595
vt 0.547511 0.888944
vt 0.556499 0.880613
vt 0.543659 0.877993
vt 0.530151 0.914551
vt 0.531683 0.921884
vt 0.679553 0.904688
vt 0.693576 0.905314
vt 0.561526 0.873525
vt 0.541630 0.891194
vt 0.536051 0.902972
vt 0.652469 0.903557
vt 0.725230 0.903282
vt 0.530587 0.932767
vt 0.533592 0.892532
vt 0.529372 0.904953
vt 0.538541 0.886221
vt 0.532882 0.883507
vt 0.525987 0.894491
vt 0.531067 0.899627
vt 0.525201 0.881503
vt 0.531459 0.946290
vt 0.517512 0.886385
vt 0.519906 0.897252
vt 0.522479 0.906918
vt 0.526145 0.918313
vt 0.529559 0.940839
vt 0.577742 0.882916
vt 0.577922 0.892899
vt 0.125867 0.491388
vt 0.135945 0.491548
vt 0.125806 0.533321
vt 0.135945 0.542105
vt 0.961239 0.177156
vt 0.954503 0.224233
vt 0.973395 0.170937
vt 0.967885 0.163852
vt 0.961742 0.168032
vt 0.967565 0.173999
vt 0.962193 0.157869
vt 0.974453 0.160165
vt 0.983353 0.171155
vt 0.984331 0.160894
vt 0.973534 0.276582
vt 0.983415 0.276222
vt 0.958399 0.265099
vt 0.955502 0.255385
vt 0.961697 0.273093
vt 0.961912 0.282167
vt 0.983301 0.285306
vt 0.974629 0.286504
vt 0.962443 0.292750
vt 0.968023 0.151895
vt 0.957770 0.277200
vt 0.955339 0.272087
vt 0.958405 0.172572
vt 0.956891 0.181958
vt 0.955346 0.196328
vt 0.991595 0.168437
vt 0.991556 0.158318
vt 0.990813 0.281925
vt 0.991609 0.273213
vt 0.954378 0.261238
vt 0.984985 0.152058
vt 0.975976 0.150492
vt 0.963118 0.148804
vt 0.981833 0.294479
vt 0.958152 0.287742
vt 0.991173 0.152547
vt 0.991093 0.290540
vt 0.958099 0.165245
vt 0.959621 0.153624
vt 0.973704 0.296920
vt 0.967483 0.299145
vt 0.962368 0.299628
vt 0.998438 0.285626
vt 0.999539 0.162620
vt 0.999539 0.276154
vt 0.966616 0.306699
vt 0.972568 0.306336
vt 0.979476 0.305586
vt 0.989589 0.300303
vt 0.999029 0.294292
vt 0.534825 0.089538
vt 0.515382 0.090185
vt 0.531357 0.083168
vt 0.544401 0.078400
vt 0.515883 0.082863
vt 0.508430 0.085882
vt 0.700823 0.113679
vt 0.707439 0.102367
vt 0.701828 0.138682
vt 0.708526 0.144068
vt 0.700249 0.094513
vt 0.709632 0.189400
vt 0.702478 0.184277
vt 0.702883 0.200759
vt 0.713592 0.205182
vt 0.700320 0.081200
vt 0.710150 0.083461
vt 0.715102 0.137579
vt 0.715766 0.166843
vt 0.716782 0.193906
vt 0.708544 0.070092
vt 0.714373 0.106294
vt 0.715083 0.084200
vt 0.700567 0.057789
vt 0.711384 0.058542
vt 0.720394 0.206300
vt 0.704166 0.229547
vt 0.712825 0.228187
vt 0.716213 0.070364
vt 0.720356 0.227700
vt 0.690686 0.059516
vt 0.739609 0.132609
vt 0.734150 0.076262
vt 0.727578 0.097986
vt 0.735214 0.107481
vt 0.740504 0.114747
vt 0.734773 0.138083
vt 0.739362 0.158750
vt 0.730791 0.170771
vt 0.741485 0.171623
vt 0.736907 0.178956
vt 0.737797 0.222116
vt 0.742396 0.146543
vt 0.734336 0.065127
vt 0.733057 0.058951
vt 0.737194 0.226976
vt 0.724711 0.236586
vt 0.737066 0.064954
vt 0.740936 0.225206
vt 0.722991 0.052416
vt 0.710853 0.051432
vt 0.700231 0.049838
vt 0.714883 0.238235
vt 0.734725 0.056054
vt 0.704001 0.239013
vt 0.738569 0.231076
vt 0.740148 0.187893
vt 0.740842 0.176406
vt 0.737703 0.089357
vt 0.738750 0.107926
vt 0.691002 0.048195
vt 0.691569 0.081963
vt 0.694193 0.206618
vt 0.695815 0.238471
vt 0.693595 0.191054
vt 0.693235 0.175366
vt 0.693311 0.120392
vt 0.691126 0.095161
vt 0.667859 0.173930
vt 0.664671 0.184153
vt 0.667644 0.204140
vt 0.649116 0.207854
vt 0.675976 0.218215
vt 0.665174 0.157121
vt 0.631671 0.155591
vt 0.637275 0.213186
vt 0.616589 0.188903
vt 0.616109 0.152014
vt 0.661882 0.146419
vt 0.673014 0.130422
vt 0.677089 0.120231
vt 0.616983 0.136749
vt 0.656231 0.131589
vt 0.648783 0.090350
vt 0.664020 0.110305
vt 0.635287 0.108818
vt 0.630423 0.086494
vt 0.614800 0.106459
vt 0.662422 0.083056
vt 0.650095 0.070039
vt 0.638294 0.076493
vt 0.668332 0.062135
vt 0.648848 0.221689
vt 0.634907 0.225462
vt 0.680365 0.244243
vt 0.606441 0.099832
vt 0.605772 0.075954
vt 0.608870 0.205726
vt 0.607481 0.176939
vt 0.609367 0.222646
vt 0.635452 0.066266
vt 0.599237 0.067277
vt 0.607402 0.138086
vt 0.679341 0.050162
vt 0.638554 0.051754
vt 0.618677 0.050110
vt 0.607387 0.151934
vt 0.633057 0.243986
vt 0.616592 0.251175
vt 0.610165 0.237092
vt 0.596695 0.076191
vt 0.661499 0.041716
vt 0.630267 0.035786
vt 0.607625 0.040686
vt 0.610989 0.055419
vt 0.596308 0.054433
vt 0.639428 0.251636
vt 0.599971 0.189618
vt 0.600475 0.224120
vt 0.597237 0.243710
vt 0.609695 0.026985
vt 0.572652 0.034258
vt 0.597925 0.109746
vt 0.600519 0.140277
vt 0.600676 0.154405
vt 0.601178 0.235298
vt 0.615249 0.261641
vt 0.581764 0.255010
vt 0.590464 0.248299
vt 0.668433 0.037905
vt 0.681065 0.040666
vt 0.592781 0.022377
vt 0.587656 0.057142
vt 0.669439 0.255710
vt 0.611552 0.282611
vt 0.573641 0.261829
vt 0.587704 0.068630
vt 0.599660 0.013635
vt 0.605807 0.011503
vt 0.568220 0.021570
vt 0.650666 0.027353
vt 0.625364 0.016185
vt 0.590348 0.079313
vt 0.596522 0.008671
vt 0.580004 0.008328
vt 0.616211 0.012106
vt 0.591150 0.099827
vt 0.565087 0.031502
vt 0.624277 0.280996
vt 0.638508 0.271877
vt 0.600576 0.284855
vt 0.570567 0.267934
vt 0.688953 0.245869
vt 0.558091 0.025293
vt 0.593219 0.223871
vt 0.593401 0.191388
vt 0.587757 0.234676
vt 0.565904 0.038944
vt 0.632933 0.015520
vt 0.563047 0.007529
vt 0.574662 0.288447
vt 0.567264 0.273613
vt 0.539387 0.006428
vt 0.593386 0.136312
vt 0.643781 0.275945
vt 0.655091 0.265161
vt 0.562798 0.288006
vt 0.699538 0.244530
vt 0.685454 0.252387
vt 0.555908 0.279426
vt 0.592650 0.151219
vt 0.551829 0.289861
vt 0.579322 0.060563
vt 0.582954 0.074356
vt 0.582322 0.068223
vt 0.577311 0.068030
vt 0.564361 0.267965
vt 0.556738 0.268953
vt 0.577730 0.238764
vt 0.576840 0.249899
vt 0.585501 0.221295
vt 0.546697 0.281925
vt 0.585083 0.227504
vt 0.560641 0.292297
vt 0.538986 0.291146
vt 0.565497 0.258944
vt 0.668847 0.261127
vt 0.544208 0.014441
vt 0.672470 0.034747
vt 0.659095 0.023993
vt 0.534242 0.012802
vt 0.556394 0.035666
vt 0.657247 0.269164
vt 0.570565 0.190427
vt 0.527752 0.158375
vt 0.538207 0.178177
vt 0.513915 0.154195
vt 0.541794 0.154494
vt 0.560771 0.154125
vt 0.580485 0.153358
vt 0.532285 0.143380
vt 0.570055 0.142643
vt 0.551015 0.143305
vt 0.563904 0.107665
vt 0.535248 0.118111
vt 0.515747 0.116871
vt 0.571158 0.079422
vt 0.515787 0.137051
vt 0.505098 0.146790
vt 0.499338 0.154980
vt 0.494058 0.148002
vt 0.492631 0.183513
vt 0.575975 0.219273
vt 0.559072 0.218202
vt 0.532426 0.213700
vt 0.515322 0.179366
vt 0.520849 0.214329
vt 0.506517 0.212782
vt 0.486391 0.154955
vt 0.493264 0.210473
vt 0.485785 0.137338
vt 0.478991 0.144198
vt 0.478896 0.155972
vt 0.460785 0.153042
vt 0.459661 0.117743
vt 0.476707 0.084949
vt 0.477377 0.113460
vt 0.452855 0.148822
vt 0.455783 0.074400
vt 0.453045 0.109364
vt 0.467310 0.178718
vt 0.479801 0.206095
vt 0.456145 0.181802
vt 0.457819 0.196923
vt 0.457292 0.218439
vt 0.478541 0.221335
vt 0.458736 0.226127
vt 0.484417 0.085062
vt 0.486655 0.208381
vt 0.442298 0.083164
vt 0.476105 0.073921
vt 0.448014 0.190176
vt 0.443835 0.204873
vt 0.444819 0.218555
vt 0.445309 0.159664
vt 0.485552 0.220792
vt 0.491412 0.119508
vt 0.444378 0.226687
vt 0.441274 0.074290
vt 0.445252 0.106679
vt 0.446063 0.141631
vt 0.489999 0.087689
vt 0.495259 0.133134
vt 0.497874 0.090744
vt 0.551219 0.082284
vt 0.563203 0.077098
vt 0.482047 0.230578
vt 0.468647 0.231848
vt 0.446104 0.150512
vt 0.406789 0.212909
vt 0.393826 0.187570
vt 0.355898 0.161540
vt 0.357977 0.192426
vt 0.364590 0.204031
vt 0.365266 0.228716
vt 0.356197 0.152309
vt 0.365485 0.142190
vt 0.355804 0.144104
vt 0.406709 0.120775
vt 0.363291 0.114393
vt 0.418039 0.108473
vt 0.377457 0.107813
vt 0.362458 0.076448
vt 0.406838 0.085528
vt 0.484564 0.073250
vt 0.351694 0.106804
vt 0.354407 0.102543
vt 0.354647 0.077151
vt 0.491860 0.219389
vt 0.357526 0.207122
vt 0.349919 0.195924
vt 0.357540 0.228832
vt 0.451501 0.233727
vt 0.540955 0.217504
vt 0.500806 0.082751
vt 0.441640 0.066689
vt 0.526396 0.221541
vt 0.516145 0.218898
vt 0.475233 0.066320
vt 0.454862 0.066720
vt 0.480270 0.065415
vt 0.549059 0.072277
vt 0.566189 0.221844
vt 0.344597 0.184047
vt 0.488737 0.233308
vt 0.348598 0.144062
vt 0.349237 0.162260
vt 0.439290 0.234542
vt 0.361100 0.236322
vt 0.347396 0.119147
vt 0.357623 0.068917
vt 0.345900 0.098679
vt 0.342253 0.118212
vt 0.507821 0.079354
vt 0.557634 0.224735
vt 0.567598 0.070628
vt 0.346798 0.080082
vt 0.575569 0.228066
vt 0.500340 0.224930
vt 0.543978 0.222110
vt 0.530842 0.225269
vt 0.349891 0.203986
vt 0.350907 0.227793
vt 0.501652 0.072091
vt 0.343417 0.145792
vt 0.571618 0.054278
vt 0.544471 0.071533
vt 0.538470 0.070928
vt 0.482309 0.235641
vt 0.558070 0.069684
vt 0.562855 0.069799
vt 0.569771 0.060860
vt 0.696503 0.251705
vt 0.343603 0.162998
vt 0.690154 0.041750
vt 0.700148 0.040692
vt 0.339905 0.214148
vt 0.341776 0.190696
vt 0.568731 0.240326
vt 0.569140 0.228877
vt 0.552050 0.228821
vt 0.542850 0.240200
vt 0.346351 0.069505
vt 0.338118 0.096789
vt 0.338637 0.080071
vt 0.338902 0.070641
vt 0.514156 0.071825
vt 0.526133 0.076727
vt 0.441760 0.240956
vt 0.449273 0.060635
vt 0.503356 0.065551
vt 0.455453 0.239521
vt 0.517103 0.226813
vt 0.530364 0.073507
vt 0.493979 0.064747
vt 0.557783 0.262374
vt 0.705357 0.247113
vt 0.350133 0.236483
vt 0.484563 0.066779
vt 0.332066 0.199045
vt 0.650887 0.017469
vt 0.641455 0.014980
vt 0.328146 0.114078
vt 0.331595 0.099733
vt 0.358555 0.242627
vt 0.333365 0.170293
vt 0.674826 0.265898
vt 0.434233 0.060322
vt 0.508159 0.056353
vt 0.496524 0.055801
vt 0.519307 0.244277
vt 0.508416 0.237487
vt 0.502319 0.237895
vt 0.494296 0.236369
vt 0.559095 0.062842
vt 0.555601 0.042485
vt 0.552241 0.051974
vt 0.472734 0.060482
vt 0.356001 0.062594
vt 0.541158 0.064411
vt 0.497949 0.062252
vt 0.549151 0.027624
vt 0.541671 0.023493
vt 0.523765 0.060770
vt 0.514133 0.056106
vt 0.521614 0.049913
vt 0.503385 0.052750
vt 0.528903 0.057725
vt 0.532113 0.047288
vt 0.526001 0.047179
vt 0.673644 0.023699
vt 0.684813 0.025711
vt 0.690536 0.032158
vt 0.331904 0.132126
vt 0.324585 0.156627
vt 0.570243 0.002866
vt 0.618587 0.007966
vt 0.525213 0.247342
vt 0.536285 0.247648
vt 0.560612 0.255039
vt 0.690294 0.263434
vt 0.660647 0.274204
vt 0.533132 0.285576
vt 0.552020 0.254858
vt 0.510123 0.245840
vt 0.490765 0.059185
vt 0.549633 0.269841
vt 0.326780 0.089535
vt 0.331512 0.077387
vt 0.597953 0.289809
vt 0.344417 0.062900
vt 0.322221 0.192877
vt 0.318958 0.105700
vt 0.600088 0.006414
vt 0.677947 0.022370
vt 0.542831 0.056522
vt 0.536808 0.046442
vt 0.548566 0.042475
vt 0.339495 0.229313
vt 0.554332 0.005046
vt 0.704770 0.260167
vt 0.708562 0.254407
vt 0.576371 0.292862
vt 0.320189 0.201335
vt 0.324038 0.210570
vt 0.508954 0.047647
vt 0.528205 0.002693
vt 0.709309 0.045786
vt 0.607149 0.287438
vt 0.317556 0.112150
vt 0.318106 0.153078
vt 0.478018 0.057658
vt 0.712171 0.244106
vt 0.669688 0.019573
vt 0.528750 0.015377
vt 0.550046 0.263219
vt 0.346409 0.244818
vt 0.591714 0.004778
vt 0.336044 0.240622
vt 0.317244 0.096896
vt 0.539388 0.271164
vt 0.535868 0.279738
vt 0.685390 0.269324
vt 0.542262 0.256577
vt 0.531487 0.254952
vt 0.335107 0.064639
vt 0.546811 0.035358
vt 0.548303 0.295798
vt 0.499951 0.243497
vt 0.518907 0.001448
vt 0.310169 0.196023
vt 0.296956 0.059779
vt 0.315644 0.065145
vt 0.299116 0.129559
vt 0.263791 0.129599
vt 0.285329 0.150789
vt 0.245811 0.152864
vt 0.217632 0.150196
vt 0.281679 0.175593
vt 0.254424 0.172970
vt 0.217990 0.164992
vt 0.210546 0.162707
vt 0.220232 0.207612
vt 0.270641 0.198072
vt 0.212610 0.207329
vt 0.201281 0.154424
vt 0.203881 0.211331
vt 0.194408 0.208655
vt 0.191833 0.214624
vt 0.172396 0.197494
vt 0.166388 0.217380
vt 0.162898 0.150041
vt 0.184160 0.173801
vt 0.192192 0.155310
vt 0.168781 0.122698
vt 0.178347 0.098238
vt 0.143629 0.087972
vt 0.141004 0.115135
vt 0.136894 0.139369
vt 0.133587 0.158769
vt 0.136287 0.197755
vt 0.139843 0.224781
vt 0.177139 0.084134
vt 0.141037 0.075862
vt 0.184620 0.222187
vt 0.160261 0.227857
vt 0.146374 0.237403
vt 0.201945 0.226941
vt 0.184364 0.241347
vt 0.191679 0.096090
vt 0.192742 0.081765
vt 0.172745 0.252516
vt 0.145242 0.245955
vt 0.164003 0.265791
vt 0.179566 0.270458
vt 0.198542 0.245344
vt 0.189557 0.257680
vt 0.204197 0.234060
vt 0.135545 0.239774
vt 0.135629 0.278698
vt 0.160514 0.278419
vt 0.201382 0.278238
vt 0.129266 0.089306
vt 0.131659 0.076836
vt 0.123596 0.159242
vt 0.127829 0.226853
vt 0.123313 0.126657
vt 0.212840 0.252658
vt 0.206502 0.271087
vt 0.217484 0.259882
vt 0.157294 0.036887
vt 0.139631 0.048581
vt 0.200637 0.075970
vt 0.169793 0.035881
vt 0.115082 0.146356
vt 0.116296 0.165667
vt 0.203803 0.042213
vt 0.221427 0.270733
vt 0.127192 0.239541
vt 0.126070 0.267835
vt 0.129321 0.047395
vt 0.092779 0.161322
vt 0.210344 0.056135
vt 0.132665 0.037086
vt 0.201504 0.105173
vt 0.209939 0.133736
vt 0.200089 0.088670
vt 0.089516 0.090295
vt 0.077932 0.119066
vt 0.067843 0.091856
vt 0.048064 0.091494
vt 0.047766 0.122838
vt 0.070674 0.157581
vt 0.041516 0.156431
vt 0.041748 0.173642
vt 0.072757 0.193945
vt 0.050055 0.202007
vt 0.083578 0.226468
vt 0.050983 0.228446
vt 0.093071 0.216429
vt 0.091954 0.193253
vt 0.052155 0.239069
vt 0.099194 0.237691
vt 0.215949 0.041877
vt 0.122423 0.074767
vt 0.057092 0.081918
vt 0.095010 0.078241
vt 0.121733 0.277894
vt 0.098310 0.247159
vt 0.109783 0.258886
vt 0.216138 0.244136
vt 0.211199 0.235600
vt 0.095462 0.269772
vt 0.120794 0.041258
vt 0.042912 0.198882
vt 0.044516 0.228090
vt 0.092686 0.278588
vt 0.041151 0.127588
vt 0.041588 0.092425
vt 0.205131 0.082508
vt 0.202596 0.035150
vt 0.219123 0.278488
vt 0.131672 0.282774
vt 0.118148 0.280686
vt 0.085819 0.070686
vt 0.068104 0.070812
vt 0.080938 0.054326
vt 0.106513 0.059859
vt 0.089959 0.044540
vt 0.209878 0.100401
vt 0.044418 0.079605
vt 0.122737 0.033324
vt 0.212412 0.223399
vt 0.034857 0.141761
vt 0.035298 0.178264
vt 0.068472 0.052343
vt 0.208496 0.076926
vt 0.215964 0.064230
vt 0.220982 0.252826
vt 0.052550 0.071347
vt 0.076210 0.043106
vt 0.030934 0.155918
vt 0.106994 0.037630
vt 0.084672 0.035763
vt 0.030357 0.170545
vt 0.033868 0.107345
vt 0.152862 0.031057
vt 0.131912 0.031186
vt 0.224945 0.041896
vt 0.047161 0.073983
vt 0.136978 0.283935
vt 0.171380 0.283807
vt 0.035738 0.205972
vt 0.228389 0.269645
vt 0.068247 0.045484
vt 0.036288 0.084536
vt 0.036178 0.087310
vt 0.079608 0.038202
vt 0.213980 0.034598
vt 0.221870 0.243292
vt 0.063113 0.261363
vt 0.050373 0.247390
vt 0.079835 0.278000
vt 0.043044 0.241508
vt 0.055111 0.064855
vt 0.060268 0.061270
vt 0.063209 0.055748
vt 0.231380 0.275298
vt 0.049764 0.060798
vt 0.179272 0.030207
vt 0.217597 0.103691
vt 0.219695 0.083977
vt 0.261226 0.107088
vt 0.038087 0.230696
vt 0.221914 0.221559
vt 0.229229 0.278010
vt 0.027181 0.163499
vt 0.027934 0.151085
vt 0.085977 0.284648
vt 0.096694 0.288448
vt 0.121071 0.288210
vt 0.223150 0.034524
vt 0.036955 0.076969
vt 0.230816 0.260876
vt 0.240407 0.268944
vt 0.111942 0.029757
vt 0.096954 0.027958
vt 0.066497 0.271540
vt 0.051102 0.255642
vt 0.050093 0.273070
vt 0.226928 0.064707
vt 0.223355 0.090696
vt 0.245528 0.092894
vt 0.070112 0.039492
vt 0.262831 0.212504
vt 0.298648 0.205727
vt 0.279962 0.208024
vt 0.232010 0.241864
vt 0.200149 0.283827
vt 0.223684 0.284247
vt 0.045565 0.045696
vt 0.036336 0.057974
vt 0.010002 0.155162
vt 0.036464 0.239323
vt 0.009389 0.172375
vt 0.011658 0.178675
vt 0.018996 0.217397
vt 0.018922 0.234177
vt 0.015408 0.142167
vt 0.017357 0.091624
vt 0.301932 0.212441
vt 0.284029 0.216480
vt 0.281528 0.098576
vt 0.301120 0.099925
vt 0.262747 0.097050
vt 0.236085 0.043353
vt 0.252783 0.052849
vt 0.270350 0.063220
vt 0.303098 0.092617
vt 0.245393 0.266951
vt 0.242924 0.218190
vt 0.258624 0.247330
vt 0.247669 0.260580
vt 0.271641 0.248685
vt 0.291855 0.229108
vt 0.310687 0.238903
vt 0.301094 0.246701
vt 0.289959 0.247578
vt 0.282464 0.255596
vt 0.258894 0.266395
vt 0.294513 0.256889
vt 0.077587 0.031780
vt 0.315141 0.247779
vt 0.041386 0.264414
vt 0.042885 0.246565
vt 0.041460 0.270934
vt 0.297568 0.251806
vt 0.309877 0.255425
vt 0.259618 0.046997
vt 0.279858 0.053693
vt 0.288702 0.059845
vt 0.243522 0.043031
vt 0.257682 0.259436
vt 0.268059 0.257975
vt 0.277660 0.258349
vt 0.261136 0.263038
vt 0.272250 0.264458
vt 0.060072 0.281361
vt 0.050432 0.280111
vt 0.077146 0.281023
vt 0.024486 0.238443
vt 0.253992 0.044828
vt 0.290209 0.051714
vt 0.020331 0.083881
vt 0.329814 0.236749
vt 0.316719 0.242899
vt 0.058337 0.034875
vt 0.053242 0.038543
vt 0.321463 0.249037
vt 0.213464 0.028821
vt 0.334348 0.244980
vt 0.315070 0.061135
vt 0.295934 0.056415
vt 0.246715 0.271748
vt 0.236499 0.037901
vt 0.033271 0.255462
vt 0.033758 0.262349
vt 0.013311 0.211015
vt 0.008592 0.143158
vt 0.011036 0.133181
vt 0.012270 0.092552
vt 0.028918 0.068880
vt 0.022566 0.244973
vt 0.112930 0.019788
vt 0.118881 0.017649
vt 0.045339 0.039966
vt 0.040614 0.043001
vt 0.037747 0.047682
vt 0.033382 0.051738
vt 0.278370 0.047482
vt 0.128328 0.298915
vt 0.121565 0.298691
vt 0.246154 0.276258
vt 0.320419 0.254540
vt 0.247129 0.039834
vt 0.004716 0.166711
vt 0.017445 0.079052
vt 0.058123 0.284756
vt 0.078075 0.292314
vt 0.311559 0.055075
vt 0.318954 0.053356
vt 0.088693 0.022931
vt 0.069697 0.028885
vt 0.280535 0.267602
vt 0.048927 0.035346
vt 0.027771 0.059637
vt 0.004890 0.152821
vt 0.723976 0.048112
vt 0.720568 0.043927
vt 0.288496 0.261589
vt 0.263384 0.272023
vt 0.726934 0.241053
vt 0.134017 0.025999
vt 0.091384 0.015721
vt 0.106184 0.014519
vt 0.336077 0.251600
vt 0.252137 0.038275
vt 0.530314 0.296959
vt 0.015966 0.238915
vt 0.139574 0.294290
vt 0.145036 0.289276
vt 0.091017 0.302764
vt 0.106052 0.302962
vt 0.295283 0.264025
vt 0.012552 0.082968
vt 0.008669 0.087661
vt 0.077793 0.023206
vt 0.146751 0.025989
vt 0.241218 0.033126
vt 0.521974 0.287539
vt 0.288007 0.044316
vt 0.008377 0.177741
vt 0.005342 0.188987
vt 0.012229 0.229009
vt 0.517685 0.013377
vt 0.122946 0.013379
vt 0.503911 0.000478
vt 0.235286 0.285524
vt 0.132647 0.303828
vt 0.714645 0.249653
vt 0.543809 0.000789
vt 0.342266 0.056169
vt 0.241570 0.280850
vt 0.080928 0.015994
vt 0.223410 0.027694
vt 0.023219 0.257126
vt 0.118118 0.303623
vt 0.136460 0.020426
vt 0.001442 0.140967
vt 0.004590 0.134323
vt 0.437644 0.054964
vt 0.020445 0.065372
vt 0.525342 0.279772
vt 0.351113 0.248669
vt 0.064954 0.026002
vt 0.455181 0.245014
vt 0.147979 0.301699
vt 0.167132 0.288671
vt 0.000461 0.171087
vt 0.509330 0.299239
vt 0.052586 0.029979
vt 0.443212 0.246302
vt 0.183311 0.287979
vt 0.355541 0.057197
vt 0.721263 0.248097
vt 0.362912 0.248153
vt 0.635806 0.010706
vt 0.015547 0.071296
vt 0.478024 0.244812
vt 0.073188 0.293427
vt 0.278622 0.039914
vt 0.310655 0.261061
vt 0.085613 0.013996
vt 0.329588 0.257482
vt 0.623116 0.285374
vt 0.642024 0.281638
vt 0.654317 0.279591
vt 0.540545 0.036957
vt 0.035012 0.278316
vt 0.698819 0.031236
vt 0.690884 0.024552
vt 0.251921 0.280529
vt 0.517104 0.303828
vt 0.489452 0.241164
vt 0.712248 0.257473
vt 0.518351 0.250373
vt 0.041187 0.035565
vt 0.035831 0.039093
vt 0.032666 0.043020
vt 0.320346 0.262803
vt 0.284887 0.271841
vt 0.337568 0.258303
vt 0.277360 0.275496
vt 0.304601 0.269430
vt 0.319833 0.269306
vt 0.293449 0.274292
vt 0.488453 0.350282
vt 0.454335 0.330819
vt 0.458694 0.326710
vt 0.446933 0.318913
vt 0.425479 0.308966
vt 0.522892 0.392341
vt 0.437419 0.392625
vt 0.517045 0.381768
vt 0.439963 0.381463
vt 0.428268 0.380438
vt 0.305839 0.391428
vt 0.307288 0.379090
vt 0.297216 0.400025
vt 0.440577 0.400330
vt 0.521672 0.400531
vt 0.287981 0.378511
vt 0.287340 0.391282
vt 0.528060 0.378888
vt 0.518073 0.409348
vt 0.297704 0.408324
vt 0.544699 0.395402
vt 0.534971 0.382798
vt 0.543119 0.410146
vt 0.267225 0.384479
vt 0.272850 0.376795
vt 0.256389 0.395712
vt 0.245163 0.408239
vt 0.259239 0.374438
vt 0.234259 0.383305
vt 0.235068 0.391552
vt 0.243680 0.399779
vt 0.225833 0.384055
vt 0.518039 0.426287
vt 0.297082 0.425667
vt 0.541498 0.418519
vt 0.534116 0.429608
vt 0.251928 0.417392
vt 0.252506 0.428071
vt 0.220696 0.375595
vt 0.549448 0.405186
vt 0.551617 0.391111
vt 0.551838 0.383513
vt 0.559665 0.390065
vt 0.562853 0.404761
vt 0.270716 0.434497
vt 0.560084 0.382781
vt 0.567940 0.382369
vt 0.576999 0.390346
vt 0.577261 0.400190
vt 0.586928 0.400843
vt 0.568095 0.399495
vt 0.578094 0.411261
vt 0.569717 0.419302
vt 0.558953 0.408849
vt 0.590326 0.406748
vt 0.574938 0.426770
vt 0.568197 0.441831
vt 0.560428 0.426462
vt 0.560717 0.435290
vt 0.552870 0.423051
vt 0.551261 0.436003
vt 0.298983 0.433890
vt 0.512331 0.434511
vt 0.533739 0.440015
vt 0.540724 0.441247
vt 0.542743 0.426490
vt 0.253265 0.443871
vt 0.604241 0.403925
vt 0.216684 0.379777
vt 0.547396 0.439637
vt 0.560458 0.444292
vt 0.540607 0.449923
vt 0.210214 0.373880
vt 0.543913 0.377354
vt 0.280730 0.442467
vt 0.300884 0.440111
vt 0.510778 0.440669
vt 0.524854 0.443573
vt 0.576427 0.383410
vt 0.569250 0.376331
vt 0.577379 0.375942
vt 0.581855 0.382546
vt 0.587036 0.376384
vt 0.589828 0.384070
vt 0.536087 0.457391
vt 0.539884 0.456879
vt 0.252517 0.457563
vt 0.584840 0.414402
vt 0.579089 0.428381
vt 0.576064 0.441728
vt 0.604212 0.398961
vt 0.619023 0.406646
vt 0.595305 0.392530
vt 0.613402 0.392556
vt 0.621633 0.399339
vt 0.626318 0.392084
vt 0.638429 0.393714
vt 0.639483 0.411130
vt 0.631292 0.409496
vt 0.644623 0.424408
vt 0.650073 0.426681
vt 0.645402 0.438192
vt 0.651772 0.447207
vt 0.644572 0.458035
vt 0.645814 0.465502
vt 0.637538 0.460320
vt 0.636734 0.468345
vt 0.634400 0.477282
vt 0.628630 0.469685
vt 0.626956 0.477067
vt 0.619638 0.469708
vt 0.657244 0.441250
vt 0.655356 0.425067
vt 0.663847 0.437992
vt 0.665828 0.424410
vt 0.665103 0.415159
vt 0.650656 0.416851
vt 0.651984 0.409974
vt 0.647960 0.399851
vt 0.676027 0.426755
vt 0.676684 0.435745
vt 0.659472 0.407438
vt 0.667174 0.407326
vt 0.659399 0.400977
vt 0.666630 0.398979
vt 0.654623 0.391296
vt 0.663812 0.460910
vt 0.655464 0.462071
vt 0.674540 0.411487
vt 0.670757 0.401298
vt 0.585906 0.393053
vt 0.596350 0.382707
vt 0.590516 0.378375
vt 0.601909 0.379281
vt 0.616321 0.386154
vt 0.626072 0.383025
vt 0.617884 0.380693
vt 0.623131 0.377399
vt 0.635314 0.390350
vt 0.586210 0.387260
vt 0.581668 0.387517
vt 0.615177 0.487221
vt 0.605987 0.478492
vt 0.611075 0.472569
vt 0.599886 0.489883
vt 0.591128 0.474108
vt 0.593297 0.468528
vt 0.585316 0.460547
vt 0.561109 0.375500
vt 0.672582 0.433177
vt 0.678126 0.473240
vt 0.674402 0.467439
vt 0.674616 0.474485
vt 0.677108 0.478181
vt 0.571013 0.454765
vt 0.576575 0.453152
vt 0.579990 0.464785
vt 0.558431 0.414601
vt 0.555791 0.422067
vt 0.563767 0.418235
vt 0.208552 0.381999
vt 0.623794 0.466653
vt 0.634273 0.376039
vt 0.624028 0.375278
vt 0.622822 0.369482
vt 0.611613 0.371025
vt 0.606784 0.367844
vt 0.599259 0.369753
vt 0.640073 0.381819
vt 0.641820 0.375025
vt 0.648423 0.384886
vt 0.651186 0.378974
vt 0.242861 0.417885
vt 0.602745 0.469674
vt 0.569792 0.469940
vt 0.380411 0.379261
vt 0.560305 0.452404
vt 0.560089 0.461593
vt 0.587233 0.485265
vt 0.636711 0.452159
vt 0.640696 0.437901
vt 0.577468 0.481560
vt 0.569050 0.474105
vt 0.624266 0.488661
vt 0.635050 0.485890
vt 0.200337 0.373615
vt 0.201251 0.367871
vt 0.187801 0.367506
vt 0.185175 0.371118
vt 0.174366 0.367580
vt 0.168108 0.372760
vt 0.160952 0.368294
vt 0.160637 0.374887
vt 0.168686 0.381711
vt 0.157863 0.384915
vt 0.170834 0.397404
vt 0.177369 0.393336
vt 0.178147 0.400021
vt 0.187582 0.393302
vt 0.200104 0.400806
vt 0.152138 0.374377
vt 0.150876 0.381391
vt 0.145191 0.375437
vt 0.144033 0.383445
vt 0.151685 0.390367
vt 0.150274 0.397432
vt 0.154139 0.410256
vt 0.160826 0.401256
vt 0.166951 0.406972
vt 0.136552 0.384165
vt 0.135742 0.391925
vt 0.160559 0.392046
vt 0.160249 0.414872
vt 0.150337 0.424077
vt 0.140482 0.406767
vt 0.145452 0.419405
vt 0.149731 0.440310
vt 0.134521 0.409268
vt 0.127614 0.400943
vt 0.128286 0.392592
vt 0.124420 0.408911
vt 0.119868 0.401693
vt 0.177360 0.405070
vt 0.143461 0.435154
vt 0.135760 0.426325
vt 0.143533 0.400225
vt 0.149660 0.449656
vt 0.131893 0.434416
vt 0.133321 0.443547
vt 0.144539 0.452022
vt 0.154769 0.465255
vt 0.127594 0.445219
vt 0.117078 0.429415
vt 0.190611 0.405162
vt 0.201046 0.393099
vt 0.201340 0.408399
vt 0.118218 0.410685
vt 0.094492 0.409493
vt 0.091800 0.425172
vt 0.094703 0.437843
vt 0.116286 0.443838
vt 0.077817 0.425547
vt 0.072816 0.433337
vt 0.071433 0.428064
vt 0.084975 0.409136
vt 0.089938 0.405113
vt 0.116501 0.457893
vt 0.053053 0.409700
vt 0.103540 0.458473
vt 0.081436 0.441208
vt 0.053461 0.433460
vt 0.082211 0.451707
vt 0.090901 0.457214
vt 0.053037 0.425582
vt 0.053236 0.417392
vt 0.100551 0.404464
vt 0.046411 0.422954
vt 0.210675 0.399977
vt 0.208302 0.389604
vt 0.215017 0.392717
vt 0.201383 0.382664
vt 0.192663 0.387099
vt 0.216461 0.414526
vt 0.211993 0.419382
vt 0.219173 0.408225
vt 0.138566 0.464304
vt 0.047628 0.448952
vt 0.152693 0.367610
vt 0.226056 0.418699
vt 0.230896 0.408674
vt 0.234055 0.416274
vt 0.234954 0.408647
vt 0.226391 0.432461
vt 0.219479 0.425857
vt 0.220180 0.437029
vt 0.225737 0.455038
vt 0.218993 0.459656
vt 0.221589 0.472920
vt 0.231361 0.451935
vt 0.238372 0.453877
vt 0.242715 0.461611
vt 0.229864 0.465050
vt 0.244395 0.452170
vt 0.243463 0.437844
vt 0.225912 0.404638
vt 0.223133 0.401239
vt 0.249012 0.463615
vt 0.126488 0.424933
vt 0.229603 0.398320
vt 0.151421 0.472210
vt 0.143753 0.468591
vt 0.166356 0.476408
vt 0.156896 0.481947
vt 0.167494 0.470512
vt 0.176242 0.478677
vt 0.139000 0.452162
vt 0.236591 0.430919
vt 0.238711 0.423248
vt 0.164306 0.489356
vt 0.173930 0.491053
vt 0.187047 0.487920
vt 0.187832 0.478252
vt 0.207490 0.479115
vt 0.197020 0.490005
vt 0.217492 0.469051
vt 0.211323 0.462008
vt 0.210375 0.470231
vt 0.213209 0.481504
vt 0.202499 0.470834
vt 0.201290 0.478077
vt 0.193843 0.470572
vt 0.184856 0.473088
vt 0.174052 0.469316
vt 0.046026 0.438077
vt 0.046157 0.410427
vt 0.155509 0.425054
vt 0.155036 0.431803
vt 0.177443 0.387211
vt 0.173348 0.381256
vt 0.192832 0.381697
vt 0.197540 0.378429
vt 0.134063 0.458796
vt 0.150599 0.481487
vt 0.144073 0.474529
vt 0.642874 0.387396
vt 0.642469 0.393588
vt 0.648919 0.393758
vt 0.643284 0.394551
vt 0.276990 0.454484
vt 0.267154 0.463311
vt 0.173766 0.377738
vt 0.196125 0.377411
vt 0.651136 0.402507
vt 0.654138 0.403709
vt 0.220901 0.399049
vt 0.218166 0.395798
vt 0.225330 0.393744
vt 0.237629 0.401022
vt 0.587631 0.488843
vt 0.205637 0.489413
vt 0.210880 0.487500
vt 0.267057 0.371927
vt 0.648064 0.471433
vt 0.653700 0.469569
vt 0.159392 0.460896
vt 0.211449 0.453497
vt 0.139013 0.418341
vt 0.134016 0.414334
vt 0.131651 0.422160
vt 0.669087 0.458964
vt 0.656782 0.383533
vt 0.180104 0.495215
vt 0.216647 0.386721
vt 0.629115 0.461326
vt 0.130589 0.413562
vt 0.136810 0.375889
vt 0.646361 0.478033
vt 0.640053 0.479887
vt 0.227868 0.395760
vt 0.303918 0.452669
vt 0.509843 0.453411
vt 0.111273 0.400662
vt 0.607522 0.494631
vt 0.520939 0.460095
vt 0.527250 0.453227
vt 0.228675 0.472810
vt 0.636273 0.423618
vt 0.128536 0.384194
vt 0.220770 0.481147
vt 0.214429 0.443843
vt 0.214372 0.434455
vt 0.120393 0.392395
vt 0.675041 0.478683
vt 0.290149 0.460210
vt 0.306233 0.460665
vt 0.374164 0.460927
vt 0.508708 0.461332
vt 0.194677 0.494662
vt 0.076754 0.403057
vt 0.053435 0.403732
vt 0.096598 0.460767
vt 0.094464 0.401018
vt 0.621939 0.493320
vt 0.134259 0.448772
vt 0.202971 0.462587
vt 0.129007 0.462651
vt 0.534927 0.374577
vt 0.666473 0.393670
vt 0.536509 0.461327
vt 0.686350 0.475790
vt 0.639719 0.388826
vt 0.155924 0.386731
vt 0.137736 0.468500
vt 0.085659 0.401752
vt 0.225620 0.369614
vt 0.255320 0.369793
vt 0.155511 0.450238
vt 0.514964 0.373888
vt 0.114603 0.462736
vt 0.692229 0.457869
vt 0.699799 0.467209
vt 0.695141 0.474018
vt 0.707834 0.474180
vt 0.221849 0.390689
vt 0.211847 0.390593
vt 0.433890 0.373726
vt 0.385776 0.373424
vt 0.294009 0.373470
vt 0.585225 0.373336
vt 0.209043 0.366938
vt 0.667601 0.467658
vt 0.659475 0.466205
vt 0.549873 0.445218
vt 0.596983 0.410685
vt 0.704417 0.478257
vt 0.717495 0.478016
vt 0.719995 0.473710
vt 0.724636 0.477446
vt 0.720807 0.467492
vt 0.716518 0.469031
vt 0.714857 0.460435
vt 0.726762 0.455867
vt 0.717149 0.449207
vt 0.728878 0.466207
vt 0.726458 0.447213
vt 0.714392 0.435260
vt 0.727183 0.434490
vt 0.726336 0.421921
vt 0.705338 0.427088
vt 0.686112 0.407936
vt 0.708804 0.456040
vt 0.171613 0.411492
vt 0.711357 0.465740
vt 0.705340 0.414383
vt 0.040358 0.446763
vt 0.121272 0.367864
vt 0.039600 0.425730
vt 0.041672 0.406244
vt 0.378361 0.468397
vt 0.512326 0.469052
vt 0.306341 0.468380
vt 0.524929 0.470280
vt 0.535135 0.469649
vt 0.288599 0.468860
vt 0.228858 0.405494
vt 0.716008 0.407811
vt 0.704502 0.409143
vt 0.697042 0.404262
vt 0.045485 0.403111
vt 0.134310 0.367834
vt 0.110736 0.366542
vt 0.095508 0.380779
vt 0.101805 0.366325
vt 0.084312 0.366711
vt 0.108923 0.394104
vt 0.091880 0.388864
vt 0.675350 0.400730
vt 0.729183 0.474451
vt 0.736239 0.473640
vt 0.155032 0.439641
vt 0.579937 0.446891
vt 0.276814 0.374906
vt 0.085300 0.381850
vt 0.148003 0.363390
vt 0.040032 0.451864
vt 0.073447 0.368874
vt 0.579639 0.485893
vt 0.071270 0.381277
vt 0.234462 0.469359
vt 0.244537 0.469031
vt 0.726060 0.413226
vt 0.636941 0.371814
vt 0.048637 0.400480
vt 0.156805 0.389086
vt 0.254747 0.470161
vt 0.732728 0.431867
vt 0.218638 0.364384
vt 0.628140 0.414389
vt 0.315937 0.365585
vt 0.514655 0.366399
vt 0.159456 0.363269
vt 0.602705 0.462928
vt 0.548451 0.372454
vt 0.080513 0.387039
vt 0.252831 0.475525
vt 0.036228 0.421263
vt 0.067732 0.374281
vt 0.116992 0.362141
vt 0.177188 0.464592
vt 0.036086 0.433715
vt 0.060561 0.380714
vt 0.258936 0.368413
vt 0.690702 0.479341
vt 0.526231 0.365418
vt 0.180242 0.363253
vt 0.510813 0.475469
vt 0.309712 0.474527
vt 0.295208 0.474965
vt 0.051408 0.453610
vt 0.572290 0.478117
vt 0.591950 0.433377
vt 0.611910 0.456769
vt 0.731990 0.444000
vt 0.735179 0.464988
vt 0.298826 0.366125
vt 0.282909 0.365583
vt 0.732646 0.453180
vt 0.741475 0.476623
vt 0.247535 0.365200
vt 0.629150 0.490939
vt 0.069153 0.389913
vt 0.563112 0.469846
vt 0.200357 0.493294
vt 0.545345 0.446431
vt 0.085138 0.391772
vt 0.107028 0.362560
vt 0.566178 0.371991
vt 0.586049 0.371392
vt 0.532162 0.476061
vt 0.593769 0.443013
vt 0.073906 0.396714
vt 0.602315 0.451598
vt 0.194547 0.462782
vt 0.185789 0.457770
vt 0.176374 0.451998
vt 0.169160 0.462550
vt 0.168051 0.452950
vt 0.168058 0.443162
vt 0.684052 0.397153
vt 0.677099 0.391605
vt 0.166411 0.433307
vt 0.197111 0.363300
vt 0.205376 0.361851
vt 0.178465 0.412946
vt 0.183013 0.422309
vt 0.172708 0.421907
vt 0.194956 0.413939
vt 0.193412 0.425615
vt 0.163336 0.421796
vt 0.204753 0.413062
vt 0.202549 0.425726
vt 0.209432 0.424555
vt 0.201375 0.434669
vt 0.588552 0.420745
vt 0.598719 0.421331
vt 0.603460 0.413469
vt 0.608312 0.421849
vt 0.613020 0.410445
vt 0.619292 0.410214
vt 0.621076 0.415556
vt 0.618678 0.424670
vt 0.193782 0.452422
vt 0.181952 0.451388
vt 0.177157 0.445075
vt 0.184997 0.442669
vt 0.178406 0.436585
vt 0.185368 0.435683
vt 0.180437 0.429630
vt 0.188532 0.428761
vt 0.193617 0.443146
vt 0.189689 0.448116
vt 0.194153 0.434444
vt 0.198112 0.439325
vt 0.195398 0.430655
vt 0.171839 0.438948
vt 0.172428 0.445189
vt 0.172362 0.430422
vt 0.198772 0.448670
vt 0.201505 0.443274
vt 0.521770 0.482213
vt 0.225144 0.477297
vt 0.216598 0.485321
vt 0.598040 0.429695
vt 0.606199 0.428427
vt 0.604126 0.435571
vt 0.610799 0.434822
vt 0.610557 0.441955
vt 0.617031 0.442521
vt 0.613802 0.427822
vt 0.617900 0.431217
vt 0.615491 0.447231
vt 0.602868 0.444575
vt 0.607861 0.450781
vt 0.597520 0.438192
vt 0.598028 0.444668
vt 0.625300 0.442495
vt 0.625366 0.434409
vt 0.629503 0.424211
vt 0.628291 0.418949
vt 0.635890 0.430778
vt 0.619769 0.451391
vt 0.380844 0.481315
vt 0.302178 0.481353
vt 0.511118 0.481912
vt 0.269902 0.481246
vt 0.537622 0.481945
vt 0.539312 0.476326
vt 0.074202 0.456397
vt 0.084172 0.457751
vt 0.593888 0.452688
vt 0.595441 0.462335
vt 0.588008 0.458607
vt 0.722845 0.405041
vt 0.536973 0.366788
vt 0.059859 0.372624
vt 0.064725 0.368003
vt 0.069707 0.365647
vt 0.052061 0.380688
vt 0.702468 0.398096
vt 0.134410 0.361156
vt 0.305585 0.294805
vt 0.395590 0.288096
vt 0.300174 0.287200
vt 0.299863 0.322893
vt 0.279849 0.295042
vt 0.272558 0.300666
vt 0.301681 0.346087
vt 0.263066 0.316329
vt 0.287586 0.357096
vt 0.279747 0.359110
vt 0.266082 0.347022
vt 0.244891 0.339876
vt 0.253579 0.328728
vt 0.266923 0.364300
vt 0.507223 0.354579
vt 0.729504 0.413901
vt 0.646668 0.374413
vt 0.060819 0.398152
vt 0.053216 0.399379
vt 0.081953 0.362357
vt 0.077941 0.365925
vt 0.541408 0.469871
vt 0.241100 0.329096
vt 0.235548 0.331562
vt 0.110460 0.359548
vt 0.257463 0.307849
vt 0.254474 0.314833
vt 0.690009 0.397717
vt 0.060464 0.389275
vt 0.558488 0.366179
vt 0.240134 0.323545
vt 0.530727 0.353826
vt 0.073147 0.361777
vt 0.251935 0.346258
vt 0.043166 0.369837
vt 0.049930 0.365642
vt 0.040353 0.379104
vt 0.152545 0.359328
vt 0.182531 0.359050
vt 0.161089 0.359294
vt 0.650970 0.474652
vt 0.032698 0.427303
vt 0.060115 0.363501
vt 0.065661 0.360494
vt 0.225389 0.332828
vt 0.282039 0.287698
vt 0.266050 0.289424
vt 0.255232 0.303493
vt 0.492249 0.345404
vt 0.266023 0.355259
vt 0.423453 0.302238
vt 0.051931 0.390039
vt 0.244830 0.302722
vt 0.100737 0.359613
vt 0.663963 0.382736
vt 0.235338 0.340417
vt 0.042061 0.360218
vt 0.033247 0.352614
vt 0.386113 0.281434
vt 0.301797 0.281404
vt 0.284693 0.281523
vt 0.209214 0.360749
vt 0.035028 0.409631
vt 0.556766 0.353837
vt 0.574717 0.362732
vt 0.244366 0.348158
vt 0.227583 0.311351
vt 0.219057 0.315942
vt 0.218172 0.322011
vt 0.207685 0.324460
vt 0.152880 0.485109
vt 0.035529 0.441130
vt 0.674945 0.382052
vt 0.670718 0.375989
vt 0.658462 0.375637
vt 0.506945 0.347536
vt 0.077074 0.359507
vt 0.398749 0.284456
vt 0.252894 0.295218
vt 0.253997 0.289065
vt 0.039140 0.368611
vt 0.693998 0.387746
vt 0.681706 0.380123
vt 0.688466 0.373909
vt 0.676658 0.373741
vt 0.681831 0.370383
vt 0.664359 0.371819
vt 0.490399 0.337283
vt 0.044151 0.388050
vt 0.584026 0.354962
vt 0.581766 0.359646
vt 0.248574 0.482087
vt 0.248408 0.478221
vt 0.266366 0.279270
vt 0.455701 0.319018
vt 0.210829 0.332614
vt 0.201694 0.328012
vt 0.249927 0.359880
vt 0.038564 0.351929
vt 0.026662 0.345078
vt 0.047665 0.349726
vt 0.029296 0.417033
vt 0.035990 0.388357
vt 0.642738 0.482446
vt 0.593938 0.360559
vt 0.262009 0.283297
vt 0.551940 0.349393
vt 0.517360 0.348140
vt 0.447819 0.311852
vt 0.245061 0.290732
vt 0.239249 0.295781
vt 0.235677 0.302765
vt 0.222577 0.304733
vt 0.219358 0.309159
vt 0.213249 0.311081
vt 0.037655 0.403156
vt 0.040287 0.399545
vt 0.044474 0.396720
vt 0.235075 0.347268
vt 0.226823 0.341650
vt 0.699495 0.386505
vt 0.198393 0.356540
vt 0.031915 0.400507
vt 0.022277 0.408057
vt 0.022309 0.403746
vt 0.013364 0.416868
vt 0.225070 0.358119
vt 0.234599 0.359162
vt 0.015848 0.427156
vt 0.729134 0.478583
vt 0.556133 0.453222
vt 0.050709 0.358937
vt 0.135840 0.356526
vt 0.146138 0.355139
vt 0.208890 0.313667
vt 0.703186 0.388918
vt 0.698977 0.372075
vt 0.694553 0.373764
vt 0.711094 0.395739
vt 0.013961 0.404662
vt 0.168635 0.493871
vt 0.249308 0.285397
vt 0.289866 0.276077
vt 0.223513 0.346311
vt 0.661228 0.367419
vt 0.038247 0.344653
vt 0.026035 0.446206
vt 0.019171 0.441504
vt 0.710099 0.386228
vt 0.420394 0.293665
vt 0.481098 0.328773
vt 0.486460 0.328740
vt 0.209168 0.339685
vt 0.032900 0.448673
vt 0.200844 0.336584
vt 0.652021 0.369219
vt 0.543612 0.462886
vt 0.019725 0.399089
vt 0.025015 0.398503
vt 0.597311 0.495215
vt 0.718497 0.395657
vt 0.723243 0.402446
vt 0.201059 0.353842
vt 0.213580 0.354939
vt 0.189671 0.353933
vt 0.885776 0.271933
vt 0.871314 0.271712
vt 0.876781 0.258852
vt 0.878316 0.277676
vt 0.887097 0.282775
vt 0.870507 0.282775
vt 0.233166 0.836179
vt 0.225461 0.845083
vt 0.220900 0.837385
vt 0.222724 0.834608
vt 0.219654 0.825720
vt 0.235303 0.828898
vt 0.200724 0.836605
vt 0.199848 0.849044
vt 0.189905 0.844464
vt 0.204410 0.844225
vt 0.207462 0.840959
vt 0.206741 0.834978
vt 0.192546 0.852536
vt 0.200011 0.853526
vt 0.191021 0.861361
vt 0.204801 0.851644
vt 0.206708 0.821435
vt 0.191046 0.835154
vt 0.216279 0.818291
vt 0.216034 0.832564
vt 0.212579 0.835465
vt 0.225750 0.818789
vt 0.216514 0.802825
vt 0.209844 0.810467
vt 0.222035 0.807636
vt 0.210815 0.796303
vt 0.216623 0.779679
vt 0.209974 0.776044
vt 0.222151 0.790182
vt 0.229709 0.785681
vt 0.229838 0.775410
vt 0.222386 0.774985
vt 0.216540 0.766560
vt 0.208774 0.766393
vt 0.202556 0.773440
vt 0.201509 0.764994
vt 0.178150 0.842603
vt 0.168529 0.836267
vt 0.166604 0.842782
vt 0.158315 0.852998
vt 0.150606 0.833994
vt 0.150972 0.842712
vt 0.149388 0.850491
vt 0.141885 0.843758
vt 0.147243 0.828493
vt 0.132718 0.852166
vt 0.125071 0.851359
vt 0.124320 0.843361
vt 0.132482 0.834154
vt 0.141741 0.825573
vt 0.149379 0.861192
vt 0.140415 0.861670
vt 0.141170 0.852080
vt 0.133376 0.859803
vt 0.158349 0.860609
vt 0.157682 0.827013
vt 0.169976 0.830990
vt 0.153520 0.824020
vt 0.203970 0.782538
vt 0.147586 0.867567
vt 0.162821 0.868906
vt 0.166780 0.864726
vt 0.183339 0.865393
vt 0.178457 0.869019
vt 0.208415 0.757621
vt 0.197134 0.757491
vt 0.193306 0.763868
vt 0.185071 0.761713
vt 0.178993 0.755956
vt 0.192478 0.749033
vt 0.181320 0.748788
vt 0.167799 0.755306
vt 0.169269 0.763284
vt 0.205861 0.795366
vt 0.204813 0.807611
vt 0.149380 0.817394
vt 0.185253 0.830243
vt 0.194772 0.824993
vt 0.193579 0.769868
vt 0.169078 0.848973
vt 0.178744 0.854831
vt 0.163775 0.855714
vt 0.186127 0.858045
vt 0.134580 0.824492
vt 0.139367 0.813489
vt 0.133064 0.816948
vt 0.132766 0.807618
vt 0.140846 0.799215
vt 0.124820 0.835334
vt 0.116740 0.842603
vt 0.117044 0.832804
vt 0.109179 0.839877
vt 0.108177 0.832958
vt 0.115240 0.824103
vt 0.122313 0.825133
vt 0.124084 0.829766
vt 0.201787 0.817471
vt 0.132431 0.799226
vt 0.141647 0.788542
vt 0.125952 0.806738
vt 0.116840 0.808727
vt 0.114661 0.799309
vt 0.122286 0.789714
vt 0.136159 0.788130
vt 0.134769 0.776690
vt 0.105145 0.791240
vt 0.105568 0.808689
vt 0.144156 0.769032
vt 0.081731 0.809314
vt 0.084185 0.794588
vt 0.062872 0.807985
vt 0.061888 0.802270
vt 0.039985 0.807662
vt 0.040110 0.799724
vt 0.040121 0.816280
vt 0.105310 0.774527
vt 0.123657 0.780206
vt 0.115608 0.781340
vt 0.112837 0.774121
vt 0.086965 0.825390
vt 0.059822 0.825223
vt 0.106951 0.824635
vt 0.043011 0.783294
vt 0.069680 0.792133
vt 0.064710 0.781731
vt 0.070856 0.783941
vt 0.083617 0.774720
vt 0.032465 0.804413
vt 0.080757 0.828815
vt 0.033283 0.819914
vt 0.078920 0.774973
vt 0.234549 0.779883
vt 0.235745 0.803803
vt 0.126892 0.858068
vt 0.210312 0.848080
vt 0.130847 0.762264
vt 0.129649 0.769027
vt 0.118459 0.849472
vt 0.032503 0.784003
vt 0.244537 0.792997
vt 0.242710 0.781653
vt 0.264221 0.779576
vt 0.264788 0.794914
vt 0.265150 0.803166
vt 0.243423 0.808184
vt 0.285100 0.812326
vt 0.242643 0.819484
vt 0.278675 0.829627
vt 0.299388 0.830367
vt 0.319664 0.813510
vt 0.503712 0.819426
vt 0.501852 0.836740
vt 0.390041 0.832690
vt 0.411192 0.816319
vt 0.524830 0.834867
vt 0.525079 0.819638
vt 0.525194 0.809194
vt 0.378055 0.841052
vt 0.292210 0.838240
vt 0.510683 0.845136
vt 0.440294 0.842889
vt 0.533172 0.826668
vt 0.531683 0.837727
vt 0.300633 0.804458
vt 0.502372 0.811073
vt 0.413767 0.808063
vt 0.283261 0.804256
vt 0.260903 0.839319
vt 0.532164 0.846225
vt 0.435649 0.851005
vt 0.511436 0.853381
vt 0.369845 0.849339
vt 0.293247 0.846722
vt 0.537410 0.854060
vt 0.540257 0.847052
vt 0.547106 0.856773
vt 0.546306 0.863790
vt 0.557869 0.855447
vt 0.555895 0.865202
vt 0.565846 0.857264
vt 0.571660 0.842357
vt 0.574466 0.848156
vt 0.549230 0.837515
vt 0.565570 0.833341
vt 0.558686 0.826274
vt 0.565825 0.814788
vt 0.556253 0.871168
vt 0.541105 0.837732
vt 0.277179 0.846378
vt 0.252509 0.853685
vt 0.216796 0.853646
vt 0.556714 0.848315
vt 0.566418 0.839289
vt 0.575686 0.854433
vt 0.284800 0.794944
vt 0.582412 0.841105
vt 0.578247 0.838548
vt 0.532798 0.869023
vt 0.503820 0.863992
vt 0.457294 0.861651
vt 0.429479 0.862264
vt 0.383711 0.861527
vt 0.293277 0.859046
vt 0.533993 0.811346
vt 0.542850 0.810225
vt 0.542561 0.821077
vt 0.551281 0.806531
vt 0.552041 0.819885
vt 0.552744 0.827219
vt 0.559286 0.803622
vt 0.303199 0.798387
vt 0.420523 0.802016
vt 0.499369 0.804775
vt 0.513751 0.803446
vt 0.583177 0.856471
vt 0.592901 0.850497
vt 0.600793 0.857481
vt 0.609702 0.851002
vt 0.530449 0.798868
vt 0.267442 0.859235
vt 0.573886 0.831863
vt 0.235179 0.818461
vt 0.562013 0.791416
vt 0.568205 0.794333
vt 0.571317 0.782519
vt 0.613796 0.860803
vt 0.629191 0.854793
vt 0.629006 0.838834
vt 0.622786 0.838518
vt 0.633801 0.826695
vt 0.640275 0.824056
vt 0.635386 0.813686
vt 0.641358 0.797163
vt 0.635598 0.793590
vt 0.647872 0.805922
vt 0.649488 0.826851
vt 0.654498 0.823280
vt 0.654928 0.793508
vt 0.647784 0.792088
vt 0.639948 0.834713
vt 0.642283 0.842597
vt 0.639177 0.848682
vt 0.641850 0.784284
vt 0.649905 0.835824
vt 0.658213 0.826484
vt 0.657169 0.836348
vt 0.664752 0.828242
vt 0.666133 0.819370
vt 0.663020 0.814382
vt 0.649032 0.842847
vt 0.670005 0.780307
vt 0.665508 0.790159
vt 0.666311 0.781493
vt 0.667404 0.773012
vt 0.672173 0.773657
vt 0.656839 0.845254
vt 0.650379 0.851107
vt 0.629502 0.798849
vt 0.628320 0.790022
vt 0.633953 0.783610
vt 0.627430 0.781735
vt 0.634091 0.775743
vt 0.624307 0.774697
vt 0.619564 0.780287
vt 0.610044 0.777595
vt 0.608047 0.771997
vt 0.594720 0.778502
vt 0.619366 0.765550
vt 0.607630 0.765567
vt 0.591268 0.770764
vt 0.645783 0.850856
vt 0.659985 0.795623
vt 0.597445 0.863512
vt 0.579965 0.866908
vt 0.588385 0.869905
vt 0.602649 0.869290
vt 0.608036 0.873213
vt 0.614674 0.865822
vt 0.619858 0.859948
vt 0.628153 0.859540
vt 0.622776 0.868618
vt 0.612950 0.874621
vt 0.622302 0.789520
vt 0.557118 0.782077
vt 0.567668 0.803275
vt 0.243957 0.862112
vt 0.208935 0.861336
vt 0.207661 0.856343
vt 0.200067 0.862891
vt 0.191213 0.868795
vt 0.593493 0.845532
vt 0.608142 0.842516
vt 0.547065 0.800214
vt 0.626403 0.769450
vt 0.630727 0.770868
vt 0.632232 0.858202
vt 0.530001 0.789391
vt 0.541739 0.826825
vt 0.547086 0.824724
vt 0.547139 0.832341
vt 0.625640 0.863575
vt 0.638521 0.779444
vt 0.121441 0.815482
vt 0.125692 0.822226
vt 0.127764 0.825101
vt 0.564835 0.864700
vt 0.565582 0.872114
vt 0.570043 0.866497
vt 0.575332 0.866998
vt 0.636104 0.851269
vt 0.549287 0.790649
vt 0.602472 0.754992
vt 0.594889 0.754701
vt 0.201541 0.752187
vt 0.198211 0.746575
vt 0.585012 0.778252
vt 0.577942 0.768719
vt 0.586720 0.761870
vt 0.568149 0.766549
vt 0.229346 0.814366
vt 0.227108 0.801333
vt 0.151140 0.771589
vt 0.143304 0.755327
vt 0.137533 0.755484
vt 0.154535 0.760662
vt 0.158277 0.763430
vt 0.159539 0.746923
vt 0.150869 0.745497
vt 0.185317 0.743732
vt 0.612864 0.760636
vt 0.167635 0.739151
vt 0.181521 0.739633
vt 0.269638 0.786165
vt 0.574129 0.861784
vt 0.577237 0.786413
vt 0.571052 0.858788
vt 0.576091 0.872087
vt 0.665277 0.836377
vt 0.558336 0.775093
vt 0.132263 0.828884
vt 0.127419 0.830305
vt 0.111735 0.769873
vt 0.251748 0.777015
vt 0.610355 0.782114
vt 0.592354 0.878316
vt 0.604157 0.881050
vt 0.590239 0.881106
vt 0.575559 0.876067
vt 0.615755 0.879719
vt 0.621203 0.875180
vt 0.629136 0.868075
vt 0.630406 0.875255
vt 0.636662 0.866318
vt 0.630801 0.862529
vt 0.637710 0.857801
vt 0.034600 0.829949
vt 0.055397 0.831002
vt 0.644442 0.859989
vt 0.571114 0.824720
vt 0.627087 0.764178
vt 0.623370 0.762188
vt 0.282740 0.779310
vt 0.297159 0.785759
vt 0.241578 0.771604
vt 0.248091 0.772168
vt 0.361445 0.787449
vt 0.499612 0.784997
vt 0.443246 0.789557
vt 0.508859 0.785665
vt 0.578438 0.759655
vt 0.519354 0.786376
vt 0.065009 0.832378
vt 0.146486 0.811015
vt 0.633349 0.856661
vt 0.658926 0.850067
vt 0.144934 0.848643
vt 0.390359 0.780563
vt 0.297835 0.777553
vt 0.629905 0.814263
vt 0.674913 0.777981
vt 0.213549 0.844328
vt 0.092525 0.837403
vt 0.251590 0.866595
vt 0.220563 0.867858
vt 0.626822 0.825579
vt 0.218510 0.837957
vt 0.198352 0.777782
vt 0.660709 0.784835
vt 0.643006 0.851883
vt 0.641639 0.845782
vt 0.684386 0.778792
vt 0.073134 0.775610
vt 0.258480 0.772729
vt 0.237568 0.767041
vt 0.680772 0.788177
vt 0.701229 0.778681
vt 0.700113 0.775172
vt 0.717427 0.776234
vt 0.650798 0.784032
vt 0.123832 0.822218
vt 0.202648 0.846354
vt 0.641381 0.872160
vt 0.217496 0.840261
vt 0.210698 0.838217
vt 0.088372 0.771430
vt 0.225517 0.767139
vt 0.026869 0.817573
vt 0.118272 0.772704
vt 0.123713 0.775768
vt 0.127320 0.764709
vt 0.681526 0.812043
vt 0.717451 0.824182
vt 0.716970 0.809095
vt 0.708021 0.805231
vt 0.718397 0.798601
vt 0.704605 0.794016
vt 0.683853 0.795279
vt 0.711938 0.787526
vt 0.721059 0.788391
vt 0.703461 0.786276
vt 0.610710 0.755867
vt 0.218461 0.829601
vt 0.701074 0.834735
vt 0.668020 0.846325
vt 0.716501 0.832698
vt 0.513155 0.775032
vt 0.655538 0.856345
vt 0.283407 0.766774
vt 0.299661 0.769814
vt 0.376045 0.772597
vt 0.499400 0.776419
vt 0.110917 0.868344
vt 0.086511 0.862311
vt 0.094809 0.843753
vt 0.079221 0.850262
vt 0.082639 0.839443
vt 0.711350 0.781271
vt 0.720581 0.780105
vt 0.680210 0.773492
vt 0.706324 0.846893
vt 0.693918 0.847304
vt 0.531414 0.775761
vt 0.532038 0.787403
vt 0.230497 0.815329
vt 0.026273 0.807542
vt 0.645059 0.780499
vt 0.133126 0.871745
vt 0.116468 0.767786
vt 0.684794 0.846550
vt 0.687665 0.850126
vt 0.728689 0.780913
vt 0.734174 0.778464
vt 0.721733 0.776618
vt 0.060121 0.853073
vt 0.219959 0.763167
vt 0.641441 0.776281
vt 0.600209 0.782816
vt 0.166252 0.820272
vt 0.618013 0.835055
vt 0.591285 0.833226
vt 0.216187 0.758701
vt 0.212215 0.754418
vt 0.723194 0.820228
vt 0.672466 0.854872
vt 0.662716 0.853203
vt 0.091536 0.872078
vt 0.080233 0.868809
vt 0.630189 0.877849
vt 0.150063 0.873514
vt 0.064271 0.848846
vt 0.027646 0.833086
vt 0.591059 0.782877
vt 0.164698 0.769291
vt 0.182555 0.768212
vt 0.207488 0.750317
vt 0.143883 0.748298
vt 0.024033 0.802049
vt 0.027825 0.782618
vt 0.245553 0.764951
vt 0.174090 0.873738
vt 0.147902 0.790465
vt 0.147839 0.799960
vt 0.543955 0.794397
vt 0.541832 0.803742
vt 0.537831 0.802569
vt 0.537005 0.794963
vt 0.573629 0.814306
vt 0.573326 0.804605
vt 0.405066 0.767170
vt 0.299429 0.763441
vt 0.500459 0.769976
vt 0.175830 0.821657
vt 0.150932 0.780060
vt 0.158170 0.781585
vt 0.203863 0.872798
vt 0.716469 0.840833
vt 0.715443 0.846411
vt 0.184069 0.818751
vt 0.184447 0.809049
vt 0.192628 0.810229
vt 0.195422 0.802262
vt 0.241822 0.753415
vt 0.728484 0.788174
vt 0.252220 0.759664
vt 0.191581 0.741668
vt 0.186671 0.738277
vt 0.633862 0.768109
vt 0.638135 0.771776
vt 0.054464 0.867420
vt 0.579839 0.793031
vt 0.584042 0.796234
vt 0.053447 0.844392
vt 0.599305 0.829108
vt 0.591271 0.824028
vt 0.603841 0.822995
vt 0.584522 0.805005
vt 0.593367 0.796776
vt 0.721443 0.834704
vt 0.619826 0.806964
vt 0.049215 0.851744
vt 0.605507 0.794121
vt 0.159130 0.790270
vt 0.167903 0.781626
vt 0.600841 0.841435
vt 0.608474 0.835529
vt 0.609138 0.823974
vt 0.586423 0.819439
vt 0.591574 0.815196
vt 0.583122 0.814462
vt 0.587260 0.810948
vt 0.591412 0.806020
vt 0.600387 0.807641
vt 0.600337 0.814684
vt 0.607042 0.810125
vt 0.595802 0.820079
vt 0.606516 0.818694
vt 0.598250 0.800216
vt 0.591680 0.801180
vt 0.605883 0.801718
vt 0.612861 0.812957
vt 0.614389 0.803178
vt 0.623329 0.819649
vt 0.617892 0.827068
vt 0.613333 0.835637
vt 0.622353 0.828381
vt 0.028623 0.780189
vt 0.175034 0.812728
vt 0.166379 0.809705
vt 0.178683 0.808082
vt 0.187899 0.797886
vt 0.178023 0.779301
vt 0.187207 0.779643
vt 0.193772 0.792160
vt 0.189584 0.787016
vt 0.180760 0.786598
vt 0.181916 0.795115
vt 0.175094 0.792488
vt 0.175298 0.799684
vt 0.166474 0.800574
vt 0.181474 0.803776
vt 0.166121 0.791009
vt 0.161860 0.796090
vt 0.170541 0.805165
vt 0.172976 0.785042
vt 0.166338 0.786037
vt 0.161126 0.805168
vt 0.158053 0.800366
vt 0.159877 0.740893
vt 0.513321 0.764148
vt 0.104040 0.873912
vt 0.530112 0.762631
vt 0.499322 0.763439
vt 0.531117 0.771152
vt 0.724901 0.798612
vt 0.042400 0.778318
vt 0.063025 0.775993
vt 0.374898 0.759673
vt 0.297501 0.756767
vt 0.257080 0.755293
vt 0.613337 0.795147
vt 0.587463 0.755661
vt 0.723316 0.808372
vt 0.123491 0.875636
vt 0.618970 0.758165
vt 0.040432 0.855532
vt 0.072267 0.842770
vt 0.713066 0.850754
vt 0.233929 0.872187
vt 0.056539 0.838534
vt 0.020911 0.828212
vt 0.032767 0.862023
vt 0.020354 0.811528
vt 0.038935 0.835806
vt 0.615373 0.754909
vt 0.031079 0.855029
vt 0.149301 0.877313
vt 0.139710 0.877582
vt 0.042539 0.849287
vt 0.029233 0.846962
vt 0.702360 0.852752
vt 0.690511 0.855470
vt 0.553664 0.778176
vt 0.021274 0.793210
vt 0.203907 0.746089
vt 0.651774 0.870124
vt 0.045241 0.843015
vt 0.726990 0.825593
vt 0.535167 0.778418
vt 0.379454 0.755247
vt 0.298307 0.752572
vt 0.504400 0.759292
vt 0.673554 0.862744
vt 0.171302 0.877763
vt 0.043470 0.869851
vt 0.026876 0.868586
vt 0.027333 0.860511
vt 0.009392 0.804230
vt 0.522640 0.760103
vt 0.669159 0.871506
vt 0.660977 0.876258
vt 0.683105 0.865176
vt 0.645785 0.876528
vt 0.004073 0.815200
vt 0.002304 0.807898
vt 0.008929 0.788901
vt 0.013562 0.789488
vt 0.020617 0.784295
vt 0.252488 0.752169
vt 0.679594 0.872918
vt 0.677840 0.878868
vt 0.690364 0.866926
vt 0.664005 0.879621
vt 0.024911 0.851827
vt 0.015868 0.783470
vt 0.083828 0.875199
vt 0.058219 0.872183
vt 0.736068 0.781805
vt 0.004418 0.830128
vt 0.004505 0.792332
vt 0.022119 0.832210
vt 0.219461 0.877931
vt 0.187476 0.879693
vt 0.200597 0.877106
vt 0.539175 0.806792
vt 0.689453 0.861920
vt 0.697106 0.859568
vt 0.009787 0.832612
vt 0.649315 0.881162
vt 0.665813 0.884135
vt 0.563270 0.765111
vt 0.567262 0.764519
vt 0.571977 0.759500
vt 0.241657 0.877746
vt 0.016352 0.834906
vt 0.674320 0.885646
vt 0.036134 0.874201
vt 0.027768 0.874762
vt 0.023205 0.872222
vt 0.021867 0.878324
vt 0.031013 0.878708
vt 0.024124 0.883348
vt 0.017114 0.885646
vt 0.645117 0.883747
vt 0.051466 0.876096
vt 0.693156 0.875435
vt 0.688601 0.880707
vt 0.700474 0.866914
vt 0.023562 0.865179
vt 0.009633 0.783696
vt 0.706549 0.858420
vt 0.740113 0.779253
vt 0.747005 0.781426
vt 0.234538 0.759424
vt 0.240103 0.755874
vt 0.073084 0.826595
vt 0.889862 0.975598
vt 0.899078 0.975598
vt 0.896123 0.966029
vt 0.217051 0.509017
vt 0.220875 0.516940
vt 0.221659 0.497129
vt 0.217870 0.499443
vt 0.218326 0.526215
vt 0.221659 0.529665
vt 0.922146 0.776031
vt 0.914731 0.768569
vt 0.913777 0.776720
vt 0.910141 0.784743
vt 0.922310 0.768502
vt 0.930742 0.769376
vt 0.957739 0.871222
vt 0.880974 0.804135
vt 0.900466 0.873387
vt 0.873258 0.821988
vt 0.872490 0.834114
vt 0.874255 0.848154
vt 0.874901 0.856832
vt 0.872732 0.804782
vt 0.889133 0.795037
vt 0.880988 0.795652
vt 0.897309 0.786033
vt 0.889149 0.786589
vt 0.949448 0.768545
vt 0.954782 0.774996
vt 0.892080 0.873089
vt 0.864606 0.822474
vt 0.865230 0.839791
vt 0.865534 0.831117
vt 0.872795 0.813328
vt 0.864015 0.813944
vt 0.956263 0.767101
vt 0.896981 0.776602
vt 0.905221 0.776535
vt 0.962673 0.874856
vt 0.959366 0.772048
vt 0.944472 0.762949
vt 0.934668 0.763369
vt 0.889925 0.778340
vt 0.865108 0.806423
vt 0.873597 0.797033
vt 0.881813 0.787984
vt 0.924860 0.762076
vt 0.863363 0.850513
vt 0.858387 0.843257
vt 0.957626 0.881197
vt 0.961930 0.889291
vt 0.898898 0.769235
vt 0.857207 0.816842
vt 0.952981 0.760899
vt 0.957798 0.759965
vt 0.866603 0.861646
vt 0.856682 0.825686
vt 0.960220 0.763675
vt 0.856982 0.834958
vt 0.873846 0.868790
vt 0.882281 0.876653
vt 0.907219 0.767940
vt 0.956594 0.889474
vt 0.949573 0.888374
vt 0.935775 0.886192
vt 0.916828 0.874429
vt 0.915588 0.882066
vt 0.907525 0.875349
vt 0.911088 0.882903
vt 0.890836 0.882218
vt 0.886209 0.883666
vt 0.900059 0.882223
vt 0.962673 0.756459
vt 0.712903 0.866551
vt 0.721198 0.861722
vt 0.721198 0.869378
vt 0.014286 0.859809
vt 0.014286 0.867464
vt 0.005991 0.864888
vt 0.105793 0.883732
vt 0.100922 0.891388
vt 0.109217 0.891388
vt 0.194931 0.918182
vt 0.204147 0.918182
vt 0.201102 0.912440
vt 0.206912 0.947847
vt 0.195021 0.944976
vt 0.182028 0.947847
vt 0.090783 0.765072
vt 0.070536 0.763158
vt 0.062212 0.765072
vt 0.342309 0.016340
vt 0.346772 0.017185
vt 0.331518 0.021441
vt 0.349547 0.013991
vt 0.330405 0.019282
vt 0.320177 0.022983
vt 0.384189 0.011320
vt 0.375596 0.014830
vt 0.357210 0.013071
vt 0.361132 0.015310
vt 0.386824 0.013523
vt 0.356970 0.017563
vt 0.389900 0.010572
vt 0.361052 0.027778
vt 0.353015 0.025627
vt 0.377161 0.022779
vt 0.402863 0.011588
vt 0.368461 0.028216
vt 0.360971 0.036638
vt 0.355273 0.036336
vt 0.398276 0.026718
vt 0.427651 0.014986
vt 0.403012 0.025057
vt 0.412032 0.012920
vt 0.424524 0.010354
vt 0.439495 0.014808
vt 0.447705 0.011046
vt 0.414638 0.009091
vt 0.432703 0.026579
vt 0.461420 0.014419
vt 0.444532 0.026690
vt 0.466056 0.028425
vt 0.489453 0.014735
vt 0.469700 0.012691
vt 0.478839 0.028095
vt 0.489079 0.022206
vt 0.503138 0.029063
vt 0.510983 0.022780
vt 0.511207 0.030344
vt 0.503606 0.035366
vt 0.511111 0.018470
vt 0.494242 0.016683
vt 0.377270 0.031290
vt 0.366970 0.040670
vt 0.519116 0.028199
vt 0.511446 0.039158
vt 0.518627 0.020935
vt 0.518731 0.040670
vt 0.523963 0.018672
vt 0.461683 0.010500
vt 0.489702 0.013138
vt 0.517018 0.016882
vt 0.343844 0.023735
vt 0.335570 0.029961
vt 0.348142 0.032723
vt 0.325090 0.035752
vt 0.317556 0.033737
vt 0.312023 0.029044
vt 0.310138 0.038767
vt 0.696087 0.548777
vt 0.668129 0.537984
vt 0.668827 0.524960
vt 0.659136 0.541503
vt 0.665533 0.522669
vt 0.669333 0.515254
vt 0.680020 0.548664
vt 0.675375 0.552737
vt 0.693529 0.555009
vt 0.659471 0.535879
vt 0.670617 0.521752
vt 0.674894 0.521445
vt 0.661418 0.544049
vt 0.691436 0.564925
vt 0.687131 0.569908
vt 0.690915 0.571056
vt 0.695769 0.565306
vt 0.700186 0.575423
vt 0.704750 0.565154
vt 0.692176 0.580655
vt 0.699203 0.586012
vt 0.693343 0.591969
vt 0.688356 0.587765
vt 0.705127 0.583498
vt 0.705689 0.596048
vt 0.708357 0.550641
vt 0.727213 0.543967
vt 0.688811 0.599699
vt 0.682780 0.592877
vt 0.683650 0.580177
vt 0.677017 0.583495
vt 0.669569 0.574955
vt 0.653244 0.567102
vt 0.653570 0.559478
vt 0.646744 0.561112
vt 0.645981 0.568228
vt 0.641752 0.564338
vt 0.638983 0.570859
vt 0.649366 0.555606
vt 0.654479 0.551668
vt 0.663788 0.584738
vt 0.661091 0.558605
vt 0.717048 0.541794
vt 0.722308 0.559321
vt 0.705474 0.574931
vt 0.727945 0.534300
vt 0.717004 0.536278
vt 0.712739 0.543137
vt 0.734640 0.536530
vt 0.731818 0.529889
vt 0.723730 0.499114
vt 0.734884 0.511376
vt 0.730458 0.491877
vt 0.721169 0.492169
vt 0.740266 0.494399
vt 0.743877 0.529798
vt 0.746893 0.519738
vt 0.745089 0.493313
vt 0.754441 0.527260
vt 0.752317 0.491683
vt 0.753517 0.482080
vt 0.759029 0.482776
vt 0.765859 0.514288
vt 0.781415 0.477093
vt 0.779617 0.474257
vt 0.779763 0.510957
vt 0.790538 0.482032
vt 0.795658 0.507029
vt 0.801458 0.506084
vt 0.797796 0.516337
vt 0.803442 0.514169
vt 0.819377 0.510022
vt 0.829559 0.499499
vt 0.814848 0.519423
vt 0.827667 0.508867
vt 0.798479 0.524876
vt 0.832248 0.472971
vt 0.771349 0.523335
vt 0.758225 0.531693
vt 0.762653 0.533386
vt 0.780119 0.531655
vt 0.777118 0.538155
vt 0.764535 0.539275
vt 0.788656 0.475931
vt 0.780917 0.540101
vt 0.756494 0.477459
vt 0.795222 0.473906
vt 0.789670 0.472031
vt 0.743297 0.485917
vt 0.736939 0.528534
vt 0.784819 0.472018
vt 0.752479 0.536448
vt 0.738156 0.544525
vt 0.715852 0.502122
vt 0.734769 0.490224
vt 0.758041 0.516106
vt 0.687280 0.576707
vt 0.659516 0.556724
vt 0.695063 0.560936
vt 0.662823 0.551092
vt 0.828777 0.516613
vt 0.824213 0.525416
vt 0.843179 0.515305
vt 0.847066 0.522966
vt 0.853573 0.514026
vt 0.818022 0.531566
vt 0.855566 0.525446
vt 0.815808 0.536729
vt 0.795444 0.541017
vt 0.802967 0.542883
vt 0.831251 0.537615
vt 0.792102 0.545896
vt 0.799664 0.552235
vt 0.785898 0.555930
vt 0.789368 0.560391
vt 0.767489 0.568102
vt 0.772514 0.559214
vt 0.798720 0.535495
vt 0.817736 0.550761
vt 0.796650 0.563693
vt 0.780481 0.549625
vt 0.856135 0.529427
vt 0.854975 0.522831
vt 0.849981 0.505501
vt 0.843449 0.506675
vt 0.855430 0.502069
vt 0.858639 0.510196
vt 0.852338 0.492627
vt 0.857940 0.490646
vt 0.849509 0.483866
vt 0.860874 0.498594
vt 0.857030 0.532857
vt 0.861165 0.530581
vt 0.862716 0.535257
vt 0.845584 0.540666
vt 0.804993 0.473561
vt 0.743916 0.551742
vt 0.861251 0.525994
vt 0.723583 0.569941
vt 0.814788 0.561172
vt 0.805016 0.657533
vt 0.848665 0.652972
vt 0.812930 0.667680
vt 0.784983 0.678100
vt 0.731529 0.698959
vt 0.756815 0.693630
vt 0.739128 0.707908
vt 0.729299 0.706465
vt 0.730239 0.715244
vt 0.738881 0.716668
vt 0.762582 0.713596
vt 0.722017 0.716444
vt 0.720783 0.705144
vt 0.715426 0.710086
vt 0.713396 0.718484
vt 0.709940 0.712309
vt 0.705808 0.721812
vt 0.703999 0.712861
vt 0.697737 0.721778
vt 0.695392 0.710831
vt 0.689352 0.717184
vt 0.699032 0.702107
vt 0.686773 0.708743
vt 0.670329 0.712811
vt 0.713252 0.700008
vt 0.776552 0.690118
vt 0.786979 0.694849
vt 0.793571 0.680030
vt 0.793680 0.693394
vt 0.790629 0.699847
vt 0.777604 0.707059
vt 0.785495 0.707688
vt 0.793901 0.705417
vt 0.790597 0.714959
vt 0.782925 0.715215
vt 0.784318 0.727243
vt 0.791717 0.724837
vt 0.796994 0.749836
vt 0.789304 0.751772
vt 0.790436 0.759175
vt 0.801978 0.755693
vt 0.801144 0.760287
vt 0.809555 0.752911
vt 0.804895 0.747725
vt 0.815040 0.755466
vt 0.802877 0.699853
vt 0.778932 0.698560
vt 0.803149 0.676470
vt 0.815077 0.679640
vt 0.803257 0.687441
vt 0.815603 0.685025
vt 0.837896 0.674228
vt 0.851872 0.674870
vt 0.876917 0.676558
vt 0.860864 0.674800
vt 0.880790 0.672365
vt 0.880892 0.673637
vt 0.856367 0.683449
vt 0.827314 0.691524
vt 0.816559 0.689353
vt 0.818087 0.694477
vt 0.809821 0.697149
vt 0.813358 0.703194
vt 0.823282 0.703123
vt 0.850404 0.688015
vt 0.861014 0.688096
vt 0.870700 0.685105
vt 0.868554 0.693484
vt 0.861301 0.693663
vt 0.879001 0.693520
vt 0.878085 0.683795
vt 0.885852 0.688834
vt 0.882387 0.678880
vt 0.890391 0.685713
vt 0.887022 0.679998
vt 0.894932 0.691604
vt 0.888059 0.696134
vt 0.857063 0.694572
vt 0.871814 0.700751
vt 0.849971 0.662372
vt 0.855440 0.661100
vt 0.853147 0.651277
vt 0.861906 0.658837
vt 0.866574 0.648399
vt 0.868041 0.657280
vt 0.864450 0.664677
vt 0.874851 0.656892
vt 0.877642 0.664038
vt 0.881046 0.656446
vt 0.886641 0.663643
vt 0.879321 0.646233
vt 0.873653 0.646924
vt 0.885233 0.645198
vt 0.886734 0.653598
vt 0.882018 0.575527
vt 0.879816 0.679686
vt 0.859270 0.668625
vt 0.758229 0.704840
vt 0.837102 0.663677
vt 0.681006 0.713759
vt 0.834182 0.696998
vt 0.790043 0.535967
vt 0.861993 0.699153
vt 0.894331 0.652617
vt 0.895813 0.661080
vt 0.898630 0.643059
vt 0.902765 0.671899
vt 0.756053 0.546893
vt 0.813881 0.711871
vt 0.805842 0.714030
vt 0.806679 0.722542
vt 0.820624 0.721202
vt 0.819925 0.711476
vt 0.844357 0.495398
vt 0.891852 0.635157
vt 0.892006 0.594855
vt 0.887969 0.574580
vt 0.887205 0.565523
vt 0.875195 0.541570
vt 0.877777 0.527837
vt 0.873603 0.532855
vt 0.865857 0.542005
vt 0.870135 0.551368
vt 0.866790 0.533028
vt 0.871970 0.524238
vt 0.890548 0.569367
vt 0.859564 0.538282
vt 0.857042 0.546342
vt 0.896177 0.625559
vt 0.898334 0.605620
vt 0.900689 0.627746
vt 0.895079 0.587971
vt 0.863585 0.525382
vt 0.864339 0.506296
vt 0.861851 0.512239
vt 0.671313 0.719304
vt 0.662586 0.721323
vt 0.662274 0.730274
vt 0.655183 0.723752
vt 0.663758 0.755616
vt 0.615207 0.750163
vt 0.622050 0.756577
vt 0.666922 0.730078
vt 0.678618 0.719947
vt 0.668924 0.760287
vt 0.656642 0.547100
vt 0.854602 0.539244
vt 0.807023 0.527924
vt 0.835664 0.558215
vt 0.842241 0.565948
vt 0.846059 0.555851
vt 0.848893 0.565102
vt 0.853207 0.553923
vt 0.848715 0.548874
vt 0.841081 0.547211
vt 0.831711 0.550335
vt 0.744298 0.539335
vt 0.870319 0.511786
vt 0.824889 0.470155
vt 0.838045 0.468421
vt 0.865521 0.552342
vt 0.861040 0.562047
vt 0.826088 0.712320
vt 0.719965 0.699310
vt 0.701420 0.539569
vt 0.861394 0.710582
vt 0.871863 0.710370
vt 0.876119 0.742625
vt 0.877830 0.710288
vt 0.881330 0.737076
vt 0.883583 0.701827
vt 0.889323 0.701689
vt 0.896198 0.692892
vt 0.894629 0.726025
vt 0.831640 0.744460
vt 0.899625 0.717286
vt 0.898417 0.728785
vt 0.883022 0.742133
vt 0.890487 0.734620
vt 0.889422 0.738892
vt 0.876394 0.745798
vt 0.865289 0.747425
vt 0.792006 0.518641
vt 0.860710 0.482938
vt 0.862641 0.478034
vt 0.851997 0.476326
vt 0.845979 0.477937
vt 0.846820 0.473089
vt 0.842711 0.470772
vt 0.859265 0.522634
vt 0.841918 0.478593
vt 0.898552 0.634092
vt 0.901192 0.638267
vt 0.851530 0.563103
vt 0.743249 0.533851
vt 0.688981 0.512275
vt 0.750329 0.546051
vt 0.835472 0.507981
vt 0.848695 0.702805
vt 0.805034 0.692836
vt 0.835583 0.543403
vt 0.769910 0.706835
vt 0.770085 0.712015
vt 0.797101 0.714874
vt 0.771104 0.702237
vt 0.788883 0.528118
vt 0.831061 0.745789
vt 0.878819 0.701235
vt 0.683337 0.575074
vt 0.699226 0.552374
vt 0.701545 0.505731
vt 0.828718 0.749299
vt 0.834078 0.747992
vt 0.869141 0.482039
vt 0.712372 0.496634
vt 0.711995 0.490260
vt 0.859448 0.553290
vt 0.849026 0.541031
vt 0.838249 0.985167
vt 0.830739 0.976427
vt 0.831056 0.968900
vt 0.800443 0.985167
vt 0.797696 0.979623
vt 0.021872 0.042816
vt 0.014333 0.046769
vt 0.026267 0.052153
vt 0.015125 0.043060
vt 0.026267 0.011853
vt 0.022958 0.006220
vt 0.011356 0.035919
vt 0.017838 0.051758
vt 0.008756 0.045201
vt 0.756563 0.188549
vt 0.763594 0.188995
vt 0.758500 0.178130
vt 0.763594 0.177781
vt 0.755252 0.182922
vt 0.753456 0.176555
vt 0.889862 0.340191
vt 0.876923 0.340191
vt 0.881864 0.334450
vt 0.872350 0.336522
vt 0.740553 0.568739
vt 0.749770 0.564648
vt 0.744076 0.557416
vt 0.742603 0.577512
vt 0.749770 0.575706
vt 0.161379 0.918182
vt 0.149770 0.915588
vt 0.164526 0.912440
vt 0.170046 0.918182
vt 0.208913 0.897129
vt 0.224077 0.900591
vt 0.201382 0.905742
vt 0.224424 0.905742
vt 0.967281 0.708612
vt 0.962065 0.716775
vt 0.967281 0.721053
vt 0.961751 0.710046
vt 0.884332 0.129665
vt 0.875115 0.136735
vt 0.884332 0.138278
vt 0.040640 0.469535
vt 0.049309 0.469322
vt 0.037606 0.475120
vt 0.040510 0.462242
vt 0.048214 0.459161
vt 0.032177 0.469896
vt 0.031706 0.460249
vt 0.007834 0.475120
vt 0.022761 0.463443
vt 0.021803 0.457351
vt 0.022174 0.452153
vt 0.468923 0.266039
vt 0.473761 0.256938
vt 0.434923 0.267009
vt 0.442358 0.304375
vt 0.475735 0.265844
vt 0.477880 0.258920
vt 0.431797 0.292876
vt 0.470939 0.281308
vt 0.476010 0.276664
vt 0.477880 0.301117
vt 0.475069 0.313397
vt 0.599229 0.544976
vt 0.573983 0.533834
vt 0.574063 0.518845
vt 0.605991 0.514354
vt 0.565438 0.544976
vt 0.252897 0.897129
vt 0.251599 0.890245
vt 0.334735 0.879904
vt 0.250230 0.882984
vt 0.336263 0.885550
vt 0.345408 0.883496
vt 0.347005 0.897129
vt 0.764380 0.162972
vt 0.769124 0.157936
vt 0.757938 0.154169
vt 0.769124 0.148804
vt 0.756221 0.163158
vt 0.220544 0.693503
vt 0.112960 0.687030
vt 0.228834 0.693723
vt 0.116240 0.550493
vt 0.278344 0.567124
vt 0.272643 0.688241
vt 0.098002 0.691132
vt 0.290301 0.715370
vt 0.311124 0.518959
vt 0.461348 0.752632
vt 0.473519 0.520589
vt 0.515097 0.521759
vt 0.504577 0.731093
vt 0.235208 0.747328
vt 0.236770 0.556465
vt 0.102185 0.547604
vt 0.083117 0.746810
vt 0.097606 0.487220
vt 0.014621 0.566144
vt 0.105658 0.481149
vt 0.007900 0.616654
vt 0.012584 0.665795
vt 0.012644 0.695565
vt 0.029500 0.725703
vt 0.033410 0.508237
vt 0.051112 0.493166
vt 0.041427 0.493302
vt 0.064664 0.487284
vt 0.111041 0.541145
vt 0.103390 0.695775
vt 0.006771 0.671509
vt 0.231462 0.710198
vt 0.044851 0.488691
vt 0.254496 0.540057
vt 0.255471 0.507363
vt 0.223081 0.699983
vt 0.224428 0.556753
vt 0.220212 0.551432
vt 0.228537 0.549421
vt 0.373377 0.514471
vt 0.269741 0.502965
vt 0.251871 0.500580
vt 0.007557 0.695118
vt 0.097965 0.480693
vt 0.105301 0.477033
vt 0.110192 0.477059
vt 0.392130 0.510410
vt 0.006978 0.663539
vt 0.214887 0.697921
vt 0.513190 0.569311
vt 0.521108 0.563994
vt 0.512304 0.729575
vt 0.523118 0.521707
vt 0.527832 0.521880
vt 0.526388 0.547599
vt 0.529454 0.557568
vt 0.529815 0.566276
vt 0.021932 0.722900
vt 0.024063 0.729312
vt 0.028875 0.732973
vt 0.249117 0.504003
vt 0.005615 0.590069
vt 0.008527 0.564469
vt 0.116489 0.691675
vt 0.050518 0.742251
vt 0.066501 0.750091
vt 0.053440 0.747429
vt 0.003226 0.614865
vt 0.471674 0.515177
vt 0.078090 0.482763
vt 0.080254 0.752632
vt 0.046289 0.746029
vt 0.530944 0.547371
vt 0.244144 0.499031
vt 0.523267 0.515925
vt 0.121161 0.545390
vt 0.057193 0.486767
vt 0.237694 0.543004
vt 0.026913 0.735591
vt 0.043412 0.741957
vt 0.516666 0.514041
vt 0.109091 0.531051
vt 0.022179 0.527396
vt 0.023790 0.517972
vt 0.029766 0.506781
vt 0.013867 0.705669
vt 0.015395 0.712694
vt 0.017569 0.719338
vt 0.012192 0.559410
vt 0.504455 0.521001
vt 0.036976 0.735248
vt 0.018557 0.523750
vt 0.245030 0.496825
vt 0.243012 0.503963
vt 0.247635 0.512232
vt 0.036637 0.497999
vt 0.527453 0.512100
vt 0.008827 0.702357
vt 0.230830 0.717515
vt 0.228787 0.742686
vt 0.226723 0.709974
vt 0.225004 0.703619
vt 0.016862 0.531588
vt 0.003277 0.638288
vt 0.521136 0.722089
vt 0.550928 0.715083
vt 0.560873 0.576477
vt 0.568694 0.576462
vt 0.565511 0.715189
vt 0.569208 0.567244
vt 0.575448 0.569721
vt 0.575386 0.561045
vt 0.571832 0.716066
vt 0.591994 0.570353
vt 0.585694 0.718202
vt 0.644700 0.597065
vt 0.630777 0.572180
vt 0.003704 0.667207
vt 0.507029 0.515109
vt 0.031088 0.739120
vt 0.060861 0.484184
vt 0.512129 0.511086
vt 0.537919 0.562260
vt 0.540074 0.554405
vt 0.532631 0.514572
vt 0.539068 0.513860
vt 0.537460 0.547599
vt 0.544935 0.516335
vt 0.543778 0.542328
vt 0.548929 0.507570
vt 0.541802 0.552206
vt 0.539037 0.553100
vt 0.534921 0.554643
vt 0.541487 0.505479
vt 0.787558 0.287560
vt 0.761322 0.285753
vt 0.764776 0.277990
vt 0.747926 0.281785
vt 0.751507 0.287560
vt 0.638834 0.514677
vt 0.631797 0.504555
vt 0.645736 0.524880
vt 0.648387 0.511513
vt 0.639973 0.504340
vt 0.647916 0.497068
vt 0.640378 0.493510
vt 0.648387 0.486603
vt 0.378341 0.893301
vt 0.368340 0.893301
vt 0.373708 0.886603
vt 0.363420 0.889194
vt 0.355300 0.889393
vt 0.876959 0.986124
vt 0.863134 0.986124
vt 0.867972 0.981340
vt 0.753456 0.268421
vt 0.758745 0.259440
vt 0.765318 0.268421
vt 0.765438 0.257895
vt 0.911060 0.581370
vt 0.911060 0.566029
vt 0.906773 0.569651
vt 0.906452 0.582297
vt 0.619481 0.994892
vt 0.611521 0.995694
vt 0.613273 0.989251
vt 0.617271 0.983254
vt 0.630310 0.985751
vt 0.635484 0.995694
vt 0.975576 0.873583
vt 0.982028 0.874163
vt 0.977513 0.871140
vt 0.982028 0.868421
vt 0.238249 0.904785
vt 0.244700 0.904445
vt 0.238891 0.895094
vt 0.244700 0.893578
vt 0.242703 0.886603
f 1/2816 3/3052 2/3155
f 1/2816 4/2813 3/3052
f 1/1378 2/1373 5/1372
f 4/2813 6/3062 3/3052
f 7/816 9/821 8/824
f 1/2816 8/2815 4/2813
f 1/2816 7/3035 8/2815
f 1/1378 5/1372 7/1374
f 8/2815 11/3073 10/2814
f 8/824 9/821 11/831
f 4/2813 8/2815 10/2814
f 10/2814 11/3073 12/3012
f 4/2813 13/2783 6/3062
f 10/2814 16/2776 15/2812
f 10/2814 12/3012 16/2776
f 4/2813 15/2812 13/2783
f 4/2813 10/2814 15/2812
f 13/2783 17/2777 14/2782
f 13/2783 15/2812 17/2777
f 14/2782 19/2778 18/2791
f 14/2782 17/2777 19/2778
f 18/2791 21/2785 20/2792
f 18/2791 19/2778 21/2785
f 17/2777 22/2775 19/2778
f 19/2778 23/2784 21/2785
f 20/2792 24/3119 18/2791
f 20/2792 21/2785 25/2787
f 23/2784 27/2996 26/2786
f 21/2785 26/2786 25/2787
f 21/2785 23/2784 26/2786
f 25/2787 28/3050 20/2792
f 25/2787 29/2788 28/3050
f 25/2787 26/2786 29/2788
f 30/4258 31/4256 33/4261
f 30/1558 34/1688 32/1555
f 30/4807 35/4732 34/4795
f 30/4807 33/4752 35/4732
f 33/4261 31/4256 36/4250
f 33/1491 36/1492 37/1493
f 33/4752 37/4740 35/4732
f 38/4247 40/4254 39/4248
f 31/4256 38/4247 36/4250
f 31/4256 40/4254 38/4247
f 31/4256 30/4258 40/4254
f 38/4247 42/4246 41/4245
f 38/4247 39/4248 42/4246
f 36/4250 38/4247 41/4245
f 43/1534 44/1540 46/1554
f 43/1534 47/1535 45/1536
f 43/4797 46/4796 47/4767
f 48/1537 45/1536 47/1535
f 48/1537 49/1538 45/1536
f 48/4768 50/4769 49/4788
f 48/4768 51/4733 50/4769
f 48/4768 47/4767 51/4733
f 52/1542 54/1541 53/1543
f 45/1536 54/1541 52/1542
f 45/1536 49/1538 54/1541
f 52/1542 53/1543 55/1539
f 45/1536 55/1539 43/1534
f 45/1536 52/1542 55/1539
f 56/4829 49/4788 50/4769
f 56/1565 57/1544 49/1538
f 56/1565 58/1566 57/1544
f 56/4829 50/4769 59/4800
f 56/3170 60/3120 58/3121
f 56/3170 61/3402 60/3120
f 56/4829 59/4800 61/4789
f 57/1544 54/1541 49/1538
f 57/1544 58/1566 62/1559
f 58/3121 63/3086 62/3166
f 58/3121 60/3120 63/3086
f 62/1559 64/1545 57/1544
f 62/1559 65/1560 64/1545
f 62/3166 66/3084 65/3169
f 62/3166 63/3086 66/3084
f 50/4769 51/4733 59/4800
f 54/1541 68/1551 53/1543
f 54/1541 67/1546 68/1551
f 54/1541 64/1545 67/1546
f 54/1541 57/1544 64/1545
f 53/1543 68/1551 69/1552
f 46/1554 32/1555 34/1688
f 46/1554 44/1540 32/1555
f 46/4796 34/4795 47/4767
f 34/4795 35/4732 47/4767
f 47/4767 35/4732 51/4733
f 44/1540 71/1549 32/1555
f 44/1540 70/1547 71/1549
f 44/1540 55/1539 70/1547
f 44/1540 43/1534 55/1539
f 32/1555 40/1556 30/1558
f 32/1555 71/1549 40/1556
f 71/1549 73/1557 40/1556
f 71/1549 72/1550 73/1557
f 71/1549 74/1548 72/1550
f 71/1549 70/1547 74/1548
f 55/1539 74/1548 70/1547
f 55/1539 75/1553 74/1548
f 55/1539 69/1552 75/1553
f 55/1539 53/1543 69/1552
f 40/4254 77/4255 39/4248
f 40/4254 73/4257 77/4255
f 77/1127 79/1117 78/1106
f 77/1127 80/1132 79/1117
f 39/4248 78/4249 42/4246
f 39/4248 77/4255 78/4249
f 80/1132 81/1122 79/1117
f 80/1132 82/1136 81/1122
f 65/1560 83/1569 64/1545
f 65/1560 84/1570 83/1569
f 65/3169 85/3087 84/3165
f 65/3169 66/3084 85/3087
f 84/1570 86/1582 83/1569
f 84/3165 87/3089 86/3138
f 84/3165 85/3087 87/3089
f 86/1582 88/1581 83/1569
f 86/1582 89/1578 88/1581
f 86/1582 90/1580 89/1578
f 86/3138 91/3090 90/3288
f 86/3138 87/3089 91/3090
f 92/1567 88/1581 93/1572
f 92/1567 83/1569 88/1581
f 92/1567 94/1568 83/1569
f 68/1551 95/1561 69/1552
f 68/1551 92/1567 95/1561
f 68/1551 94/1568 92/1567
f 68/1551 67/1546 94/1568
f 92/1567 93/1572 95/1561
f 64/1545 94/1568 67/1546
f 64/1545 83/1569 94/1568
f 88/1581 96/1576 93/1572
f 88/1581 89/1578 96/1576
f 89/1578 97/1577 96/1576
f 96/1576 97/1577 98/1575
f 90/1580 99/1579 89/1578
f 90/3288 91/3090 100/3133
f 97/1577 101/1739 98/1575
f 97/1577 102/1585 101/1739
f 102/1585 103/1741 101/1739
f 102/1585 97/1577 104/1583
f 89/1578 99/1579 97/1577
f 99/1579 104/1583 97/1577
f 99/1579 105/1584 104/1583
f 99/1579 106/1586 105/1584
f 99/1579 90/1580 106/1586
f 107/1590 109/1592 108/1591
f 104/1583 108/1591 102/1585
f 104/1583 107/1590 108/1591
f 104/1583 105/1584 107/1590
f 75/1553 110/1562 74/1548
f 75/1553 95/1561 110/1562
f 75/1553 69/1552 95/1561
f 110/1562 93/1572 111/1571
f 110/1562 95/1561 93/1572
f 74/1548 112/1563 72/1550
f 74/1548 110/1562 112/1563
f 110/1562 111/1571 112/1563
f 111/1571 98/1575 113/1574
f 111/1571 96/1576 98/1575
f 111/1571 93/1572 96/1576
f 98/1575 114/1740 113/1574
f 113/1574 114/1740 115/1727
f 77/961 116/954 80/963
f 77/961 117/956 116/954
f 73/1557 117/1759 77/1760
f 73/1557 118/1564 117/1759
f 73/1557 112/1563 118/1564
f 73/1557 72/1550 112/1563
f 118/1564 119/1735 117/1759
f 118/1564 120/1573 119/1735
f 118/1564 111/1571 120/1573
f 118/1564 112/1563 111/1571
f 121/953 123/960 122/959
f 117/956 123/960 121/953
f 117/1759 119/1735 123/1776
f 117/956 121/953 116/954
f 80/963 116/954 82/955
f 121/953 125/951 124/950
f 121/953 122/959 125/951
f 116/954 124/950 82/955
f 116/954 121/953 124/950
f 120/1573 126/1724 119/1735
f 120/1573 115/1727 126/1724
f 120/1573 113/1574 115/1727
f 120/1573 111/1571 113/1574
f 115/1727 127/1709 126/1724
f 115/1727 128/1725 127/1709
f 119/1735 129/1736 123/1776
f 119/1735 126/1724 129/1736
f 126/1724 130/1704 129/1736
f 126/1724 127/1709 130/1704
f 81/966 132/957 131/964
f 81/966 124/950 132/957
f 82/955 124/950 81/966
f 124/950 133/952 132/957
f 124/950 125/951 133/952
f 131/964 135/962 134/965
f 131/964 132/957 135/962
f 132/957 136/958 135/962
f 132/957 133/952 136/958
f 114/1740 98/1575 101/1739
f 114/1740 128/1725 115/1727
f 114/1740 101/1739 128/1725
f 101/1739 137/1726 128/1725
f 101/1739 138/1742 137/1726
f 128/1725 139/1708 127/1709
f 127/1709 139/1708 140/1705
f 127/1709 140/1705 130/1704
f 128/1725 141/1723 139/1708
f 128/1725 137/1726 141/1723
f 139/1708 141/1723 142/1706
f 143/1668 145/1594 144/1661
f 137/1726 143/1668 141/1723
f 137/1726 145/1594 143/1668
f 143/1668 144/1661 146/1656
f 141/1723 146/1656 142/1706
f 141/1723 143/1668 146/1656
f 101/1739 103/1741 138/1742
f 103/1741 108/1591 138/1742
f 103/1741 102/1585 108/1591
f 108/1591 147/1593 145/1594
f 138/1742 145/1594 137/1726
f 138/1742 108/1591 145/1594
f 108/1591 109/1592 147/1593
f 145/1594 148/1629 144/1661
f 145/1594 147/1593 148/1629
f 147/1593 149/1597 148/1629
f 148/1629 149/1597 150/1603
f 153/4260 152/4251 151/4242
f 153/1495 37/1493 152/1494
f 153/4827 154/4757 37/4740
f 37/1493 36/1492 152/1494
f 37/4740 76/4731 35/4732
f 37/4740 154/4757 76/4731
f 41/4245 42/4246 155/4244
f 36/4250 41/4245 152/4251
f 152/4251 41/4245 151/4242
f 153/4207 156/4208 157/4209
f 153/4260 151/4242 156/4243
f 153/4827 157/4813 154/4757
f 156/4243 151/4242 158/4239
f 41/4245 155/4244 151/4242
f 151/4242 155/4244 159/4241
f 151/4242 159/4241 158/4239
f 157/4259 156/4243 158/4239
f 157/4813 160/4730 154/4757
f 157/1496 162/1497 161/1498
f 157/4259 158/4239 162/4236
f 157/4813 161/4777 160/4730
f 154/4757 160/4730 76/4731
f 159/1093 165/1096 164/1094
f 159/1093 155/1097 165/1096
f 158/4239 159/4241 163/4240
f 161/1498 162/1497 166/1499
f 158/4239 163/4240 167/4235
f 162/4236 158/4239 167/4235
f 167/4235 163/4240 168/4238
f 162/4236 167/4235 166/4234
f 159/1093 164/1094 163/1095
f 163/1095 169/1098 168/1099
f 163/1095 164/1094 169/1098
f 78/1106 171/1103 170/1102
f 78/1106 79/1117 171/1103
f 42/1128 170/1102 155/1097
f 42/1128 78/1106 170/1102
f 170/1102 171/1103 172/1101
f 155/1097 170/1102 172/1101
f 79/1117 173/1113 171/1103
f 79/1117 81/1122 173/1113
f 172/1101 171/1103 174/1104
f 172/1101 174/1104 165/1096
f 155/1097 172/1101 165/1096
f 171/1103 173/1113 174/1104
f 81/1122 175/1116 173/1113
f 81/1122 131/1124 175/1116
f 131/1124 176/1119 175/1116
f 131/1124 134/1125 176/1119
f 165/1096 178/1105 164/1094
f 165/1096 174/1104 178/1105
f 174/1104 173/1113 178/1105
f 164/1094 178/1105 180/1108
f 164/1094 180/1108 169/1098
f 76/4731 160/4730 177/4726
f 173/1113 175/1116 178/1105
f 160/4730 179/4728 177/4726
f 177/4726 179/4728 181/4727
f 178/1105 175/1116 182/1115
f 178/1105 182/1115 180/1108
f 175/1116 183/1118 182/1115
f 175/1116 176/1119 183/1118
f 184/1698 186/1738 185/1701
f 184/1698 187/1771 186/1738
f 184/1698 188/1697 189/1693
f 184/1698 189/1693 187/1771
f 189/1693 190/1770 187/1771
f 189/1693 192/1692 191/1689
f 189/1693 188/1697 192/1692
f 189/1693 191/1689 190/1770
f 191/1689 194/1690 193/1691
f 191/1689 192/1692 194/1690
f 191/1689 195/1775 190/1770
f 191/1689 193/1691 195/1775
f 188/1697 196/1699 192/1692
f 192/1692 196/1699 194/1690
f 129/1736 130/1704 197/1737
f 129/1835 198/1803 123/1829
f 129/1835 197/1834 198/1803
f 197/1737 185/1701 186/1738
f 197/1737 130/1704 185/1701
f 197/1834 199/1801 198/1803
f 197/1834 186/1819 199/1801
f 122/1816 198/1803 200/1800
f 122/1816 123/1829 198/1803
f 122/1816 201/1804 125/1828
f 122/1816 200/1800 201/1804
f 200/1800 199/1801 202/1802
f 200/1800 198/1803 199/1801
f 200/1800 203/1799 201/1804
f 200/1800 202/1802 203/1799
f 186/1819 204/1797 199/1801
f 186/1819 187/1820 204/1797
f 202/1802 199/1801 204/1797
f 202/16 204/17 203/18
f 125/1828 205/1806 133/1827
f 125/1828 201/1804 205/1806
f 201/1804 206/1805 205/1806
f 201/1804 203/1799 206/1805
f 133/1827 207/1823 136/1832
f 133/1827 205/1806 207/1823
f 205/1806 208/1822 207/1823
f 205/1806 206/1805 208/1822
f 130/1704 140/1705 209/1700
f 140/1705 142/1706 209/1700
f 140/1705 139/1708 142/1706
f 130/1704 209/1700 185/1701
f 146/1656 212/1645 211/1655
f 146/1656 144/1661 212/1645
f 142/1706 211/1655 210/1721
f 142/1706 146/1656 211/1655
f 185/1701 209/1700 184/1698
f 142/1706 214/1720 213/1707
f 142/1706 210/1721 214/1720
f 209/1700 142/1706 213/1707
f 184/1698 209/1700 188/1697
f 210/1721 211/1655 214/1720
f 211/1655 216/1638 215/1653
f 211/1655 212/1645 216/1638
f 214/1720 211/1655 215/1653
f 144/1661 148/1629 212/1645
f 217/1627 150/1603 218/1615
f 212/1645 150/1603 217/1627
f 212/1645 148/1629 150/1603
f 212/1645 217/1627 216/1638
f 204/1797 187/1820 190/1821
f 204/1797 190/1821 195/1798
f 204/1797 195/1798 203/1799
f 206/1805 219/1825 208/1822
f 209/1700 220/1702 188/1697
f 209/1700 213/1707 220/1702
f 188/1697 220/1702 196/1699
f 213/1707 215/1653 220/1702
f 213/1707 214/1720 215/1653
f 215/1653 222/1636 221/1654
f 220/1702 215/1653 221/1654
f 215/1653 216/1638 222/1636
f 196/1699 220/1702 223/1716
f 220/1702 221/1654 223/1716
f 221/1654 222/1636 224/1651
f 222/1636 225/1637 224/1651
f 217/1627 227/1617 226/1628
f 217/1627 218/1615 227/1617
f 216/1638 217/1627 226/1628
f 216/1638 227/1617 222/1636
f 216/1638 226/1628 227/1617
f 222/1636 228/1620 225/1637
f 222/1636 227/1617 228/1620
f 229/3080 60/3120 61/3402
f 229/3080 231/3078 230/3079
f 229/4781 232/4774 231/4776
f 229/4781 61/4789 232/4774
f 61/4789 59/4800 232/4774
f 231/3078 233/3065 230/3079
f 231/3078 234/3077 233/3065
f 231/4776 232/4774 234/4775
f 60/3120 235/3081 63/3086
f 60/3120 229/3080 235/3081
f 63/3086 235/3081 66/3084
f 230/3079 235/3081 229/3080
f 230/3079 236/3082 235/3081
f 230/3079 237/3095 236/3082
f 230/3079 233/3065 237/3095
f 235/3081 238/3083 66/3084
f 235/3081 236/3082 238/3083
f 59/4800 51/4733 232/4774
f 234/4775 232/4774 177/4726
f 234/3077 239/3064 233/3065
f 234/3077 2/3155 239/3064
f 234/4775 177/4726 2/4780
f 233/3065 240/3063 237/3095
f 237/3095 238/3083 236/3082
f 237/3095 241/3093 238/3083
f 237/3095 240/3063 241/3093
f 233/3065 239/3064 240/3063
f 240/3063 6/3062 241/3093
f 232/4774 51/4733 177/4726
f 51/4733 35/4732 177/4726
f 35/4732 76/4731 177/4726
f 2/3155 3/3052 239/3064
f 2/1373 177/1370 5/1372
f 239/3064 3/3052 240/3063
f 240/3063 3/3052 6/3062
f 177/1370 242/1371 5/1372
f 7/816 243/820 9/821
f 7/816 244/819 243/820
f 9/821 245/832 11/831
f 9/821 243/820 245/832
f 243/820 246/822 245/832
f 243/820 244/819 246/822
f 11/3073 247/2789 12/3012
f 11/3073 248/3074 247/2789
f 11/604 249/571 248/591
f 11/604 245/605 249/571
f 246/606 251/595 250/566
f 245/605 250/566 249/571
f 245/605 246/606 250/566
f 7/816 252/818 244/819
f 5/1372 242/1371 7/1374
f 7/816 253/817 252/818
f 244/819 254/823 246/822
f 244/819 252/818 254/823
f 246/822 255/827 251/834
f 246/822 254/823 255/827
f 252/818 256/825 254/823
f 252/818 253/817 256/825
f 254/823 257/826 255/827
f 254/823 256/825 257/826
f 177/4 258/5 242/6
f 7/816 259/814 253/817
f 7/816 260/815 259/814
f 242/1371 260/1375 7/1374
f 260/815 261/813 259/814
f 253/817 262/828 256/825
f 253/817 259/814 262/828
f 259/814 263/810 262/828
f 259/814 261/813 263/810
f 256/600 264/576 257/603
f 256/600 265/562 264/576
f 256/600 266/575 265/562
f 256/600 262/602 266/575
f 263/176 268/173 267/150
f 263/176 269/178 268/173
f 262/602 267/593 266/575
f 262/602 263/607 267/593
f 260/815 270/829 261/813
f 260/815 271/830 270/829
f 242/1371 271/1376 260/1375
f 242/1371 258/1377 271/1376
f 271/4169 272/4168 270/4181
f 271/4169 273/4157 272/4168
f 271/4739 274/4711 273/4773
f 271/4739 258/4716 274/4711
f 261/813 275/811 263/810
f 261/813 270/829 275/811
f 263/810 276/808 269/809
f 263/810 275/811 276/808
f 270/4181 272/4168 275/4182
f 275/4182 272/4168 276/4183
f 66/3084 277/3085 85/3087
f 85/3087 278/3088 87/3089
f 85/3087 277/3085 278/3088
f 66/3084 238/3083 277/3085
f 87/3089 278/3088 91/3090
f 278/3088 279/3091 91/3090
f 241/3093 277/3085 238/3083
f 241/3093 6/3062 277/3085
f 277/3085 6/3062 278/3088
f 6/3062 13/2783 278/3088
f 278/3088 14/2782 279/3091
f 278/3088 13/2783 14/2782
f 91/3090 281/3108 100/3133
f 100/1587 106/1586 90/1580
f 100/1587 282/1588 106/1586
f 100/3133 281/3108 282/3265
f 91/3090 280/3096 281/3108
f 91/3090 279/3091 280/3096
f 283/3434 282/3265 284/3433
f 282/1588 283/1589 106/1586
f 282/3265 285/3411 284/3433
f 282/3265 286/3271 285/3411
f 281/3108 286/3271 282/3265
f 283/1589 287/1595 107/1590
f 283/1589 284/1660 287/1595
f 106/1586 107/1590 105/1584
f 106/1586 283/1589 107/1590
f 107/1590 287/1595 109/1592
f 284/1660 288/1605 287/1595
f 284/1660 289/1607 288/1605
f 284/3433 285/3411 289/3421
f 280/3096 290/3109 281/3108
f 279/3091 291/3092 280/3096
f 280/3096 292/3110 290/3109
f 280/3096 291/3092 292/3110
f 281/3108 290/3109 286/3271
f 292/3110 293/3300 286/3271
f 292/3110 286/3271 290/3109
f 286/3271 294/3393 295/3408
f 286/3271 296/3354 294/3393
f 286/3271 293/3300 296/3354
f 285/3411 295/3408 289/3421
f 285/3411 286/3271 295/3408
f 109/1592 298/1596 147/1593
f 109/1592 297/1604 298/1596
f 109/1592 288/1605 297/1604
f 109/1592 287/1595 288/1605
f 147/1593 298/1596 149/1597
f 12/3012 247/2789 16/2776
f 15/2812 16/2776 17/2777
f 251/595 255/598 299/570
f 255/598 264/576 299/570
f 255/598 257/603 264/576
f 279/3091 18/2791 291/3092
f 279/3091 14/2782 18/2791
f 292/3110 300/3191 293/3300
f 291/3092 300/3191 292/3110
f 293/3300 300/3191 296/3354
f 291/3092 24/3119 300/3191
f 291/3092 18/2791 24/3119
f 300/3191 24/3119 301/3192
f 24/3119 28/3050 301/3192
f 24/3119 20/2792 28/3050
f 269/178 302/179 268/173
f 302/179 303/172 268/173
f 302/179 304/181 303/172
f 304/181 305/180 303/172
f 304/807 306/812 305/833
f 269/809 276/808 302/805
f 276/4183 272/4168 307/4184
f 302/805 308/806 304/807
f 302/805 276/808 308/806
f 304/807 308/806 306/812
f 276/4183 307/4184 308/4185
f 308/4185 309/4186 306/4187
f 308/4185 307/4184 309/4186
f 305/833 311/836 310/837
f 305/833 309/835 311/836
f 306/812 309/835 305/833
f 310/837 313/838 312/839
f 310/837 311/836 313/838
f 312/839 313/838 314/840
f 258/4716 315/4713 274/4711
f 177/4726 316/4725 258/4716
f 258/4716 316/4725 315/4713
f 134/1125 317/1133 176/1119
f 134/965 135/962 317/967
f 135/962 207/968 317/967
f 135/962 136/958 207/968
f 317/1840 207/1823 208/1822
f 176/1119 317/1133 183/1118
f 317/1840 208/1822 219/1825
f 318/2790 247/2789 248/3074
f 318/2790 320/3006 319/2767
f 318/2790 248/3074 320/3006
f 321/3005 320/3006 322/3313
f 321/3005 319/2767 320/3006
f 321/3005 323/2770 319/2767
f 321/3005 324/3019 323/2770
f 321/3005 322/3313 324/3019
f 326/3020 324/3019 327/3376
f 326/3020 323/2770 324/3019
f 326/3020 328/2847 323/2770
f 326/3020 327/3376 328/2847
f 323/2770 330/2769 319/2767
f 319/2767 331/2768 325/2766
f 319/2767 330/2769 331/2768
f 323/2770 332/2771 330/2769
f 323/2770 329/2772 332/2771
f 330/2769 333/3016 331/2768
f 330/2769 332/2771 333/3016
f 334/2846 328/2847 335/3172
f 334/2846 323/2770 328/2847
f 334/2846 336/2804 323/2770
f 334/2846 337/3045 336/2804
f 334/2846 335/3172 337/3045
f 323/2770 336/2804 329/2772
f 336/2804 337/3045 338/3025
f 336/2804 339/2805 329/2772
f 329/2772 340/2773 332/2771
f 332/2771 341/2824 333/3016
f 332/2771 340/2773 341/2824
f 329/2772 342/2806 340/2773
f 329/2772 339/2805 342/2806
f 336/2804 338/3025 343/2807
f 336/2804 343/2807 339/2805
f 343/2807 345/3432 344/3001
f 343/2807 338/3025 345/3432
f 343/2807 346/2808 339/2805
f 339/2805 347/2836 342/2806
f 339/2805 348/2809 347/2836
f 339/2805 346/2808 348/2809
f 347/2836 350/3144 342/2806
f 347/2836 349/3263 350/3144
f 347/2836 348/2809 349/3263
f 318/2790 351/2774 247/2789
f 318/2790 352/2765 351/2774
f 318/2790 319/2767 352/2765
f 351/2774 16/2776 247/2789
f 319/2767 325/2766 352/2765
f 352/2765 325/2766 353/2764
f 351/2774 22/2775 16/2776
f 351/2774 354/2763 22/2775
f 351/2774 352/2765 354/2763
f 22/2775 17/2777 16/2776
f 352/2765 353/2764 354/2763
f 354/2763 353/2764 355/2762
f 325/2766 331/2768 356/2842
f 325/2766 357/2843 353/2764
f 325/2766 356/2842 357/2843
f 331/2768 333/3016 356/2842
f 357/2843 358/3252 359/3029
f 353/2764 359/3029 355/2762
f 353/2764 357/2843 359/3029
f 22/2775 360/2779 19/2778
f 22/2775 354/2763 360/2779
f 23/2784 361/2780 27/2996
f 19/2778 361/2780 23/2784
f 19/2778 360/2779 361/2780
f 354/2763 362/2760 360/2779
f 354/2763 355/2762 362/2760
f 360/2779 362/2760 361/2780
f 29/2788 364/2781 363/2989
f 3713/2995 29/2788 26/2786
f 27/2996 3713/2995 26/2786
f 3713/2995 27/2996 361/2780
f 3713/2995 361/2780 364/2781
f 355/2762 365/2761 362/2760
f 355/2762 359/3029 365/2761
f 359/3029 367/3140 365/2761
f 359/3029 366/3251 367/3140
f 359/3029 368/3250 366/3251
f 359/3029 358/3252 368/3250
f 361/2780 369/2759 364/2781
f 361/2780 362/2760 369/2759
f 780/3053 369/2759 370/2801
f 364/2781 369/2759 3714/2990
f 362/2760 371/2757 369/2759
f 362/2760 365/2761 371/2757
f 369/2759 372/2758 370/2801
f 369/2759 371/2757 372/2758
f 367/3140 374/2754 365/2761
f 367/3140 373/3211 374/2754
f 367/3140 375/3212 373/3211
f 367/3140 366/3251 375/3212
f 365/2761 374/2754 371/2757
f 371/2757 376/2756 372/2758
f 374/2754 377/2753 371/2757
f 374/2754 378/2730 377/2753
f 374/2754 379/3210 378/2730
f 374/2754 373/3211 379/3210
f 371/2757 377/2753 376/2756
f 378/2730 379/3210 380/3208
f 377/2753 381/2755 376/2756
f 378/2730 382/2712 377/2753
f 378/2730 383/2717 382/2712
f 378/2730 384/3076 383/2717
f 378/2730 380/3208 384/3076
f 377/2753 382/2712 381/2755
f 344/3001 385/2841 343/2807
f 344/1202 345/1189 386/1188
f 343/2807 385/2841 346/2808
f 385/2841 387/2844 346/2808
f 385/2841 388/3129 387/2844
f 385/2841 344/3001 388/3129
f 348/2809 389/3264 349/3263
f 348/2809 390/2810 389/3264
f 348/2809 346/2808 390/2810
f 346/2808 387/2844 391/2819
f 346/2808 391/2819 390/2810
f 387/2844 393/2837 391/2819
f 387/2844 392/2845 393/2837
f 387/2844 394/3162 392/2845
f 391/2819 393/2837 395/2817
f 393/2837 396/2840 395/2817
f 393/2837 397/3174 396/2840
f 393/2837 392/2845 397/3174
f 390/2810 398/3123 389/3264
f 390/2810 399/2818 398/3123
f 390/2810 391/2819 399/2818
f 398/3123 399/2818 400/2752
f 401/2751 400/2752 403/2718
f 401/2751 402/3163 400/2752
f 391/2819 395/2817 399/2818
f 399/2818 404/2719 400/2752
f 399/2818 395/2817 404/2719
f 395/2817 396/2840 405/2839
f 395/2817 406/2733 404/2719
f 395/2817 405/2839 406/2733
f 400/2752 404/2719 403/2718
f 403/2718 404/2719 407/2715
f 404/2719 406/2733 408/2721
f 404/2719 409/2720 407/2715
f 404/2719 408/2721 409/2720
f 410/2750 384/3076 411/3207
f 410/2750 383/2717 384/3076
f 410/2750 411/3207 412/3206
f 401/2751 410/2750 412/3206
f 401/2751 413/2714 410/2750
f 401/2751 403/2718 413/2714
f 410/2750 413/2714 383/2717
f 382/2712 414/2793 381/2755
f 383/2717 415/2711 382/2712
f 383/2717 413/2714 415/2711
f 414/2793 417/2710 416/2803
f 382/2712 417/2710 414/2793
f 382/2712 415/2711 417/2710
f 403/2718 407/2715 413/2714
f 413/2714 407/2715 418/2706
f 409/2720 420/2820 419/2822
f 409/2720 421/2821 420/2820
f 407/2715 409/2720 419/2822
f 419/2822 420/2820 422/2716
f 407/2715 422/2716 418/2706
f 407/2715 419/2822 422/2716
f 413/2714 423/2713 415/2711
f 413/2714 418/2706 423/2713
f 415/2711 424/2705 417/2710
f 415/2711 423/2713 424/2705
f 423/2713 418/2706 424/2705
f 405/2839 425/3075 406/2733
f 405/2839 426/3403 425/3075
f 405/2839 396/2840 426/3403
f 406/2733 425/3075 427/2723
f 406/2733 427/2723 408/2721
f 409/2720 428/2722 421/2821
f 408/2721 428/2722 409/2720
f 408/2721 427/2723 428/2722
f 427/2723 429/2728 428/2722
f 427/2723 430/2732 429/2728
f 433/1287 435/1265 434/1264
f 433/1287 436/1290 435/1265
f 433/2748 431/2747 436/2734
f 433/2748 432/3051 431/2747
f 433/2748 434/3429 432/3051
f 436/1290 437/1278 435/1265
f 436/2734 438/2727 437/3176
f 436/2734 439/2726 438/2727
f 436/2734 431/2747 439/2726
f 431/2747 440/2740 439/2726
f 431/2747 441/3027 440/2740
f 438/2727 430/2732 437/3176
f 438/2727 442/2698 430/2732
f 438/2727 439/2726 442/2698
f 430/2732 442/2698 429/2728
f 442/2698 439/2726 443/2695
f 428/2722 444/2685 421/2821
f 428/2722 445/2697 444/2685
f 428/2722 429/2728 445/2697
f 444/2685 420/2820 421/2821
f 444/2685 446/2702 420/2820
f 422/2716 446/2702 418/2706
f 422/2716 420/2820 446/2702
f 418/2706 447/2703 424/2705
f 418/2706 446/2702 447/2703
f 446/2702 444/2685 448/2683
f 446/2702 448/2683 447/2703
f 429/2728 442/2698 445/2697
f 442/2698 449/2681 445/2697
f 442/2698 443/2695 449/2681
f 445/2697 449/2681 444/2685
f 444/2685 450/2677 448/2683
f 448/2683 450/2677 451/2668
f 444/2685 449/2681 450/2677
f 452/553 454/556 453/551
f 452/553 322/579 454/556
f 452/553 324/580 322/579
f 452/553 327/581 324/580
f 455/563 249/571 456/559
f 455/563 248/591 249/571
f 455/563 320/590 248/591
f 455/563 322/579 320/590
f 455/563 454/556 322/579
f 455/563 456/559 454/556
f 456/559 250/566 457/558
f 456/559 249/571 250/566
f 456/559 457/558 454/556
f 453/551 458/552 452/553
f 453/551 460/555 459/554
f 453/551 454/556 460/555
f 453/551 459/554 458/552
f 457/558 462/567 461/557
f 457/558 250/566 462/567
f 457/558 461/557 454/556
f 250/566 299/570 462/567
f 250/566 251/595 299/570
f 461/557 265/562 463/560
f 461/557 462/567 265/562
f 461/557 460/555 454/556
f 461/557 463/560 460/555
f 462/567 264/576 265/562
f 462/567 299/570 264/576
f 464/564 327/581 452/553
f 464/564 328/592 327/581
f 464/564 335/577 328/592
f 464/564 465/569 335/577
f 335/577 465/569 466/574
f 465/569 467/572 466/574
f 464/564 452/553 458/552
f 464/564 468/568 465/569
f 464/564 458/552 469/565
f 464/564 469/565 468/568
f 465/569 468/568 467/572
f 468/568 470/573 467/572
f 459/554 473/594 471/599
f 459/554 460/555 473/594
f 459/554 472/586 458/552
f 459/554 471/599 472/586
f 463/560 266/575 474/561
f 463/560 265/562 266/575
f 463/560 474/561 460/555
f 473/158 267/150 475/135
f 474/561 267/593 473/594
f 474/561 266/575 267/593
f 474/561 473/594 460/555
f 267/150 476/134 475/135
f 267/150 268/173 476/134
f 473/158 475/135 471/143
f 273/4157 477/4134 272/4168
f 478/153 472/154 479/133
f 469/565 472/586 478/587
f 469/565 458/552 472/586
f 469/565 478/587 468/568
f 472/154 471/143 479/133
f 478/153 479/133 480/151
f 468/568 480/585 470/573
f 468/568 478/587 480/585
f 471/143 481/127 479/133
f 471/143 475/135 481/127
f 466/574 337/589 335/577
f 466/574 482/588 337/589
f 466/574 483/582 482/588
f 466/574 467/572 483/582
f 482/588 338/601 337/589
f 482/588 483/582 484/596
f 483/582 467/572 485/583
f 483/582 486/597 484/596
f 483/582 485/583 486/597
f 482/1198 487/1190 338/1201
f 482/1198 488/1193 487/1190
f 482/1198 484/1199 488/1193
f 487/1190 489/1187 345/1189
f 487/1190 345/1189 338/1201
f 487/1190 490/1191 489/1187
f 488/1193 490/1191 487/1190
f 484/1199 486/1200 488/1193
f 486/1200 491/1194 488/1193
f 490/1191 492/1183 489/1187
f 490/1191 493/1192 492/1183
f 488/1193 493/1192 490/1191
f 488/1193 491/1194 493/1192
f 340/2773 494/3164 341/2824
f 340/2773 350/3144 494/3164
f 340/2773 342/2806 350/3144
f 495/578 467/572 470/573
f 495/578 485/583 467/572
f 495/578 480/585 496/584
f 495/578 470/573 480/585
f 495/578 496/584 485/583
f 485/583 496/584 486/597
f 496/145 497/144 498/167
f 486/1200 498/1195 491/1194
f 486/1200 496/1203 498/1195
f 493/1192 497/1196 492/1183
f 493/1192 498/1195 497/1196
f 491/1194 498/1195 493/1192
f 480/151 499/128 496/145
f 480/151 479/133 499/128
f 496/145 499/128 497/144
f 479/133 481/127 499/128
f 499/128 481/127 500/126
f 273/4773 274/4711 501/4710
f 497/144 499/128 502/129
f 273/4157 503/4147 477/4134
f 273/4157 504/4158 503/4147
f 273/4773 501/4710 504/4758
f 356/2842 506/3248 357/2843
f 357/2843 507/3249 358/3252
f 357/2843 506/3248 507/3249
f 358/3252 507/3249 368/3250
f 364/2781 3714/2990 363/2989
f 268/173 303/172 476/134
f 476/134 481/127 475/135
f 303/172 508/123 476/134
f 303/172 305/180 508/123
f 476/134 508/123 481/127
f 272/1793 477/1794 307/1795
f 307/1795 477/1794 509/1796
f 307/850 509/849 309/835
f 509/52 477/53 510/54
f 305/180 511/141 508/123
f 305/180 310/200 511/141
f 310/200 512/162 511/141
f 310/200 312/198 512/162
f 511/141 513/140 508/123
f 511/141 512/162 513/140
f 312/198 514/183 512/162
f 312/839 314/840 514/841
f 512/162 515/142 513/140
f 512/162 514/183 515/142
f 514/183 516/182 515/142
f 514/841 517/845 516/846
f 309/835 510/842 311/836
f 309/835 509/849 510/842
f 311/4190 518/4148 313/4188
f 311/4190 510/4136 518/4148
f 514/841 519/844 517/845
f 514/841 520/843 519/844
f 314/840 520/843 514/841
f 313/4188 520/4179 314/4189
f 313/4188 518/4148 520/4179
f 518/4148 521/4140 520/4179
f 518/4148 510/4136 521/4140
f 520/4179 521/4140 519/4178
f 513/140 515/142 522/137
f 515/142 523/161 522/137
f 515/142 516/182 523/161
f 513/140 524/124 508/123
f 513/140 522/137 524/124
f 522/137 525/138 524/124
f 522/137 523/161 525/138
f 510/4136 526/4139 521/4140
f 333/3016 527/3253 356/2842
f 333/3016 341/2824 527/3253
f 527/3253 528/3240 506/3248
f 527/3253 529/3243 528/3240
f 356/2842 527/3253 506/3248
f 527/3253 530/3245 529/3243
f 527/3253 494/3164 530/3245
f 341/2824 494/3164 527/3253
f 529/3243 531/3239 528/3240
f 529/3243 530/3245 531/3239
f 506/3248 532/3242 507/3249
f 506/3248 528/3240 532/3242
f 507/3249 532/3242 533/3213
f 507/3249 533/3213 368/3250
f 528/3240 534/3238 532/3242
f 528/3240 531/3239 534/3238
f 532/3242 534/3238 535/3241
f 494/3164 536/3184 530/3245
f 494/3164 350/3144 536/3184
f 530/3245 537/3244 531/3239
f 350/3144 538/3262 536/3184
f 350/3144 349/3263 538/3262
f 536/3184 537/3244 530/3245
f 536/3184 539/3247 537/3244
f 536/3184 540/3182 539/3247
f 536/3184 538/3262 540/3182
f 531/3239 541/3237 534/3238
f 531/3239 537/3244 541/3237
f 534/3238 542/3236 535/3241
f 534/3238 541/3237 542/3236
f 543/3235 542/3236 541/3237
f 543/3235 411/3207 542/3236
f 543/3235 412/3206 411/3207
f 543/3235 402/3163 412/3206
f 543/3235 544/3246 402/3163
f 543/3235 541/3237 544/3246
f 537/3244 544/3246 541/3237
f 537/3244 539/3247 544/3246
f 368/3250 375/3212 366/3251
f 368/3250 533/3213 375/3212
f 533/3213 379/3210 375/3212
f 533/3213 545/3209 379/3210
f 533/3213 535/3241 545/3209
f 533/3213 532/3242 535/3241
f 375/3212 379/3210 373/3211
f 545/3209 380/3208 379/3210
f 545/3209 411/3207 380/3208
f 545/3209 542/3236 411/3207
f 545/3209 535/3241 542/3236
f 380/3208 411/3207 384/3076
f 481/127 508/123 500/126
f 508/123 546/125 500/126
f 477/4134 547/4135 510/4136
f 477/4134 505/4131 547/4135
f 524/124 525/138 548/139
f 510/4136 547/4135 549/4137
f 510/4136 549/4137 550/4138
f 510/4136 550/4138 526/4139
f 508/123 524/124 546/125
f 546/125 524/124 551/147
f 315/4713 553/4712 274/4711
f 345/1189 555/1182 386/1188
f 345/1189 489/1187 555/1182
f 556/1177 557/1171 388/1186
f 386/1188 388/1186 344/1202
f 386/1188 556/1177 388/1186
f 386/1188 555/1182 556/1177
f 489/1187 492/1183 555/1182
f 556/1177 558/1169 557/1171
f 556/1177 559/1178 558/1169
f 555/1182 559/1178 556/1177
f 555/1182 492/1183 559/1178
f 388/1186 394/1208 387/1210
f 388/1186 560/1172 394/1208
f 388/1186 561/1166 560/1172
f 388/1186 557/1171 561/1166
f 560/1172 562/1170 394/1208
f 560/1172 561/1166 562/1170
f 562/1170 564/1168 563/1173
f 561/1166 564/1168 562/1170
f 562/1170 565/1175 397/1204
f 562/1170 563/1173 565/1175
f 394/1208 397/1204 392/1209
f 394/1208 562/1170 397/1204
f 557/1171 558/1169 561/1166
f 564/1168 566/1174 563/1173
f 564/1168 567/1167 566/1174
f 561/1166 567/1167 564/1168
f 561/1166 558/1169 567/1167
f 563/1173 568/1176 565/1175
f 563/1173 566/1174 568/1176
f 497/144 502/129 569/155
f 492/1183 497/1196 569/1184
f 559/1178 570/1185 558/1169
f 559/1178 569/1184 570/1185
f 569/155 502/129 570/156
f 492/1183 569/1184 559/1178
f 499/128 500/126 502/129
f 500/126 571/130 502/129
f 503/4147 572/4146 477/4134
f 477/4134 572/4146 505/4131
f 570/156 502/129 567/146
f 558/1169 570/1185 567/1167
f 502/129 573/131 567/146
f 502/129 571/130 573/131
f 566/1174 574/1197 568/1176
f 566/1174 567/1167 574/1197
f 567/146 573/131 574/152
f 572/4146 575/4133 505/4131
f 576/1205 578/1206 577/1221
f 576/1205 579/1181 578/1206
f 397/1204 577/1221 396/1225
f 397/1204 576/1205 577/1221
f 397/1204 579/1181 576/1205
f 397/1204 565/1175 579/1181
f 579/1181 580/1179 578/1206
f 565/1175 580/1179 579/1181
f 565/1175 568/1176 580/1179
f 580/1179 581/1207 578/1206
f 582/1285 584/1254 583/1288
f 582/1285 585/1263 584/1254
f 582/1285 586/1286 585/1263
f 582/213 587/208 586/218
f 582/213 588/209 587/208
f 582/213 583/214 588/209
f 587/208 589/220 586/218
f 590/1279 591/1262 585/1263
f 590/1279 592/1267 591/1262
f 590/3259 593/3105 592/3294
f 590/3259 594/3181 593/3105
f 590/3259 586/3258 594/3181
f 590/1279 585/1263 586/1286
f 592/1267 595/1259 591/1262
f 592/1267 434/1264 595/1259
f 592/3294 432/3051 434/3429
f 592/3294 593/3105 432/3051
f 585/1263 596/1257 584/1254
f 585/1263 591/1262 596/1257
f 591/1262 595/1259 596/1257
f 594/3181 597/3104 593/3105
f 594/3181 589/3232 597/3104
f 594/3181 586/3258 589/3232
f 593/3105 598/3026 432/3051
f 593/3105 597/3104 598/3026
f 583/1288 584/1254 599/1289
f 583/4809 599/4808 588/4723
f 599/1289 584/1254 600/1256
f 584/1254 596/1257 601/1255
f 596/1257 602/1258 601/1255
f 596/1257 595/1259 602/1258
f 584/1254 601/1255 600/1256
f 580/1179 603/1180 581/1207
f 574/152 573/131 603/157
f 568/1176 603/1180 580/1179
f 568/1176 574/1197 603/1180
f 504/4158 604/4154 503/4147
f 504/4158 605/4176 604/4154
f 504/4758 501/4710 605/4745
f 605/4176 606/4173 604/4154
f 605/4176 607/4191 606/4173
f 605/4198 553/4199 607/4200
f 605/4745 501/4710 553/4712
f 503/4147 604/4154 572/4146
f 604/4154 608/4172 572/4146
f 604/4154 606/4173 608/4172
f 572/4146 609/4159 575/4133
f 572/4146 608/4172 609/4159
f 599/4808 610/4741 588/4723
f 599/4808 611/4810 610/4741
f 599/1289 600/1256 611/1270
f 600/1256 612/1268 611/1270
f 600/1256 601/1255 612/1268
f 601/1255 613/1269 612/1268
f 601/1255 602/1258 613/1269
f 610/4201 606/4202 607/4203
f 610/4741 611/4810 606/4811
f 607/7 553/8 610/9
f 611/1270 608/1280 606/1281
f 611/1270 612/1268 608/1280
f 612/1268 609/1282 608/1280
f 612/1268 613/1269 609/1282
f 349/3263 389/3264 538/3262
f 538/3262 398/3123 540/3182
f 538/3262 389/3264 398/3123
f 540/3182 544/3246 539/3247
f 540/3182 402/3163 544/3246
f 540/3182 398/3123 402/3163
f 402/3163 401/2751 412/3206
f 398/3123 400/2752 402/3163
f 500/126 546/125 571/130
f 571/130 546/125 614/136
f 547/4135 505/4131 615/4142
f 571/130 616/132 573/131
f 571/130 614/136 617/159
f 571/130 618/164 616/132
f 571/130 617/159 618/164
f 617/159 619/168 618/164
f 617/159 614/136 619/168
f 505/13 575/14 620/15
f 505/4131 620/4128 621/4130
f 505/4131 621/4130 622/4156
f 546/125 551/147 623/149
f 551/147 524/124 624/148
f 524/124 625/166 624/148
f 524/124 548/139 625/166
f 551/147 626/165 623/149
f 551/147 624/148 626/165
f 624/148 627/194 626/165
f 624/148 625/166 627/194
f 549/4137 628/4141 552/4152
f 549/4137 547/4135 628/4141
f 547/4135 615/4142 629/4143
f 547/4135 630/4163 628/4141
f 547/4135 629/4143 630/4163
f 546/125 631/163 614/136
f 546/125 623/149 631/163
f 614/136 632/174 619/168
f 614/136 633/187 632/174
f 614/136 631/163 633/187
f 623/149 634/196 631/163
f 623/149 626/165 634/196
f 626/165 635/195 634/196
f 626/165 627/194 635/195
f 631/163 636/197 633/187
f 631/163 634/196 636/197
f 615/4142 505/4131 637/4144
f 615/4142 637/4144 638/4145
f 505/4131 639/4155 637/4144
f 505/4131 622/4156 639/4155
f 637/4144 640/4161 638/4145
f 637/4144 639/4155 640/4161
f 615/4142 641/4164 629/4143
f 615/4142 638/4145 641/4164
f 629/1515 642/1502 630/1516
f 629/1515 641/1509 642/1502
f 634/1504 642/1502 641/1509
f 634/1504 635/1503 642/1502
f 634/1504 643/1505 636/1506
f 634/1504 641/1509 643/1505
f 638/1514 643/1505 641/1509
f 638/1514 640/1508 643/1505
f 577/1221 644/1212 426/1217
f 577/1221 578/1206 644/1212
f 396/1225 577/1221 426/1217
f 426/1217 645/1213 425/1218
f 426/1217 644/1212 645/1213
f 578/1206 646/1211 644/1212
f 644/1212 646/1211 645/1213
f 425/3075 430/2732 427/2723
f 425/3075 437/3176 430/2732
f 425/1297 647/1277 437/1278
f 425/1218 645/1213 647/1222
f 645/1213 648/1219 647/1222
f 578/1206 581/1207 646/1211
f 646/1211 649/1215 645/1213
f 645/1213 650/1216 648/1219
f 645/1213 649/1215 650/1216
f 434/1264 651/1261 595/1259
f 434/1264 435/1265 651/1261
f 435/1265 647/1277 651/1261
f 435/1265 437/1278 647/1277
f 651/1261 647/1277 648/1276
f 432/3051 441/3027 431/2747
f 432/3051 598/3026 441/3027
f 595/1259 652/1260 602/1258
f 595/1259 651/1261 652/1260
f 651/1261 648/1276 652/1260
f 652/1260 648/1276 650/1274
f 581/1207 653/1214 646/1211
f 646/1211 653/1214 649/1215
f 581/1207 654/1224 653/1214
f 581/1207 603/1180 654/1224
f 573/131 654/160 603/157
f 653/1214 655/1223 649/1215
f 653/1214 654/1224 655/1223
f 573/131 655/169 654/160
f 573/131 616/132 655/169
f 616/132 656/189 655/169
f 616/132 618/164 656/189
f 618/164 657/190 656/189
f 618/164 619/168 657/190
f 655/169 659/191 658/199
f 655/169 656/189 659/191
f 649/1215 658/1220 650/1216
f 649/1215 655/1223 658/1220
f 575/4133 660/4132 620/4128
f 575/4133 609/4159 661/4160
f 575/4133 662/4165 660/4132
f 575/4133 661/4160 662/4165
f 620/4128 663/4129 621/4130
f 620/4128 660/4132 663/4129
f 621/4130 664/4180 622/4156
f 621/4130 663/4129 664/4180
f 656/1284 664/1292 663/1291
f 656/1284 657/1293 664/1292
f 656/1284 665/1273 659/1275
f 656/1284 663/1291 665/1273
f 660/1296 665/1273 663/1291
f 660/1296 662/1272 665/1273
f 602/1258 666/1266 613/1269
f 602/1258 652/1260 666/1266
f 652/1260 658/1271 666/1266
f 652/1260 650/1274 658/1271
f 613/1269 661/1283 609/1282
f 613/1269 666/1266 661/1283
f 666/1266 662/1272 661/1283
f 666/1266 658/1271 662/1272
f 658/1271 665/1273 662/1272
f 658/1271 659/1275 665/1273
f 619/168 667/192 657/190
f 619/168 632/174 667/192
f 632/174 668/188 667/192
f 632/174 633/187 668/188
f 622/4156 669/4170 639/4155
f 622/4156 664/4180 669/4170
f 639/1524 670/1510 640/1508
f 639/1524 669/1513 670/1510
f 657/1293 669/1294 664/1292
f 657/1293 667/1295 669/1294
f 667/1512 670/1510 669/1513
f 667/1512 668/1511 670/1510
f 633/1507 643/1505 640/1508
f 633/1507 636/1506 643/1505
f 633/1507 670/1510 668/1511
f 633/1507 640/1508 670/1510
f 501/4710 274/4711 553/4712
f 440/2740 672/2725 439/2726
f 440/2740 673/2739 672/2725
f 439/2726 672/2725 443/2695
f 673/2739 440/2740 674/3023
f 443/2695 676/2682 449/2681
f 451/2668 677/2669 675/2670
f 450/2677 677/2669 451/2668
f 449/2681 678/2676 450/2677
f 450/2677 678/2676 677/2669
f 673/2739 679/2724 672/2725
f 673/2739 680/2738 679/2724
f 672/2725 679/2724 443/2695
f 449/2681 676/2682 678/2676
f 679/2724 681/2696 443/2695
f 443/2695 681/2696 676/2682
f 587/208 682/203 589/220
f 587/208 683/207 682/203
f 587/208 588/209 683/207
f 682/203 684/223 589/220
f 597/3104 686/3158 685/3102
f 597/3104 589/3232 686/3158
f 597/3104 685/3102 598/3026
f 686/3158 589/3232 684/3256
f 685/3102 687/3039 598/3026
f 610/4741 688/4717 588/4723
f 683/55 588/56 689/57
f 682/203 690/222 684/223
f 682/203 683/207 691/204
f 686/3158 684/3256 690/3254
f 683/207 689/216 691/204
f 588/4723 688/4717 689/4719
f 441/3027 598/3026 440/2740
f 598/3026 687/3039 674/3023
f 598/3026 674/3023 440/2740
f 610/4741 671/4715 688/4717
f 610/4741 553/4712 671/4715
f 686/3158 692/3101 685/3102
f 685/3102 692/3101 687/3039
f 692/3101 693/3038 687/3039
f 686/3158 694/3159 692/3101
f 686/3158 690/3254 694/3159
f 682/203 695/205 690/222
f 682/203 691/204 695/205
f 687/3039 693/3038 674/3023
f 693/3038 696/3022 674/3023
f 674/3023 680/2738 673/2739
f 674/3023 696/3022 680/2738
f 688/4717 697/4718 689/4719
f 28/3050 698/3013 699/3327
f 28/3050 29/2788 698/3013
f 700/1602 702/1598 701/1614
f 149/1597 700/1602 150/1603
f 149/1597 702/1598 700/1602
f 700/1602 701/1614 218/1615
f 150/1603 700/1602 218/1615
f 218/1615 701/1614 703/1616
f 218/1615 703/1616 227/1617
f 227/1617 703/1616 704/1618
f 705/2615 707/2616 706/2545
f 703/1616 705/1619 704/1618
f 703/1616 707/1622 705/1619
f 227/1617 704/1618 228/1620
f 705/1619 709/1623 708/1621
f 705/2615 706/2545 709/2573
f 704/1618 705/1619 708/1621
f 708/1621 709/1623 710/1626
f 289/1607 712/1610 711/1608
f 289/3421 295/3408 712/3409
f 289/1607 711/1608 713/1606
f 714/1609 711/1608 715/1657
f 711/1608 714/1609 713/1606
f 295/3408 294/3393 712/3409
f 712/1610 716/1659 711/1608
f 712/2655 717/2654 716/2554
f 712/3409 294/3393 717/3410
f 711/1608 718/1658 715/1657
f 711/1608 716/1659 718/1658
f 702/1598 720/1599 719/1600
f 298/1596 702/1598 149/1597
f 298/1596 720/1599 702/1598
f 298/1596 297/1604 720/1599
f 288/1605 720/1599 297/1604
f 288/1605 713/1606 720/1599
f 288/1605 289/1607 713/1606
f 721/2634 723/2618 722/2563
f 720/1599 721/1601 719/1600
f 720/1599 723/1611 721/1601
f 720/1599 713/1606 723/1611
f 724/2592 726/2591 725/2547
f 702/1598 724/1613 701/1614
f 702/1598 726/1612 724/1613
f 702/1598 719/1600 726/1612
f 721/2634 722/2563 726/2591
f 719/1600 721/1601 726/1612
f 726/2591 728/2486 725/2547
f 726/2591 727/2530 728/2486
f 726/2591 722/2563 727/2530
f 714/1609 715/1657 723/1611
f 713/1606 714/1609 723/1611
f 723/2618 729/2548 722/2563
f 723/2618 715/2572 729/2548
f 715/2572 731/2478 729/2548
f 715/2572 718/2555 731/2478
f 729/2548 731/2478 730/2459
f 729/2548 732/2432 727/2530
f 729/2548 730/2459 732/2432
f 722/2563 729/2548 727/2530
f 727/2530 732/2432 728/2486
f 733/2433 732/2432 734/2395
f 732/2432 733/2433 728/2486
f 296/3354 735/3356 294/3393
f 296/3354 736/3355 735/3356
f 296/3354 300/3191 736/3355
f 735/2653 737/2552 717/2654
f 735/3356 717/3410 294/3393
f 301/3192 736/3355 300/3191
f 301/3192 738/3345 736/3355
f 735/2653 739/2571 737/2552
f 735/3356 740/3357 739/3358
f 736/3355 740/3357 735/3356
f 717/2654 741/2553 716/2554
f 717/2654 737/2552 741/2553
f 716/2554 731/2478 718/2555
f 716/2554 742/2477 731/2478
f 716/2554 741/2553 742/2477
f 737/2552 742/2477 741/2553
f 737/2552 743/2534 742/2477
f 737/2552 739/2571 743/2534
f 301/3192 699/3327 738/3345
f 301/3192 28/3050 699/3327
f 745/3346 746/3359 740/3357
f 738/3345 740/3357 736/3355
f 738/3345 745/3346 740/3357
f 738/3345 699/3327 745/3346
f 745/3346 747/3347 746/3359
f 699/3327 747/3347 745/3346
f 740/2627 743/2534 739/2571
f 740/2627 748/2533 743/2534
f 740/2627 746/2621 748/2533
f 748/2533 750/2569 749/2470
f 746/2621 750/2569 748/2533
f 743/2534 751/2431 742/2477
f 743/2534 748/2533 751/2431
f 742/2477 751/2431 744/2445
f 748/2533 749/2470 751/2431
f 751/2431 753/2443 744/2445
f 751/2431 752/2412 753/2443
f 731/2478 742/2477 744/2445
f 731/2478 744/2445 730/2459
f 744/2445 755/2426 730/2459
f 744/2445 754/2416 755/2426
f 744/2445 756/2441 754/2416
f 730/2459 757/2407 732/2432
f 730/2459 755/2426 757/2407
f 732/2432 758/2367 734/2395
f 732/2432 757/2407 758/2367
f 755/2426 759/2382 757/2407
f 755/2426 754/2416 759/2382
f 757/2407 759/2382 758/2367
f 744/2445 760/2442 756/2441
f 744/2445 753/2443 760/2442
f 756/2441 761/2402 754/2416
f 756/2441 760/2442 761/2402
f 753/2443 761/2402 760/2442
f 753/2443 752/2412 761/2402
f 754/2416 761/2402 759/2382
f 759/2382 762/2366 758/2367
f 725/2547 728/2486 763/2485
f 724/2592 764/2546 707/2616
f 724/2592 725/2547 764/2546
f 701/1614 707/1622 703/1616
f 701/1614 724/1613 707/1622
f 725/2547 763/2485 764/2546
f 763/2485 728/2486 765/2454
f 728/2486 733/2433 766/2422
f 733/2433 734/2395 766/2422
f 728/2486 766/2422 765/2454
f 766/2422 734/2395 767/2394
f 766/2422 767/2394 768/2410
f 766/2422 768/2410 765/2454
f 707/2616 764/2546 706/2545
f 764/2546 763/2485 706/2545
f 706/2545 769/2479 709/2573
f 706/2545 763/2485 769/2479
f 709/2573 769/2479 710/2562
f 763/2485 765/2454 769/2479
f 769/2479 765/2454 770/2453
f 765/2454 771/2418 770/2453
f 768/2410 772/2370 771/2418
f 768/2410 767/2394 772/2370
f 765/2454 768/2410 771/2418
f 734/2395 758/2367 773/2368
f 734/2395 773/2368 767/2394
f 758/2367 762/2366 774/2365
f 758/2367 774/2365 773/2368
f 767/2394 773/2368 772/2370
f 773/2368 775/2369 772/2370
f 774/2365 775/2369 773/2368
f 29/2788 776/2833 698/3013
f 29/2788 363/2989 776/2833
f 777/2834 778/3289 747/3347
f 698/3013 747/3347 699/3327
f 698/3013 777/2834 747/3347
f 698/3013 776/2833 777/2834
f 3715/2987 780/3053 779/2831
f 3716/2988 776/2833 363/2989
f 3715/2987 776/2833 3716/2988
f 779/2831 776/2833 3715/2987
f 3714/2990 3716/2988 363/2989
f 777/2834 781/2832 778/3289
f 776/2833 781/2832 777/2834
f 776/2833 779/2831 781/2832
f 779/2831 782/2825 781/2832
f 779/2831 370/2801 782/2825
f 779/2831 780/3053 370/2801
f 370/2801 783/2798 782/2825
f 370/2801 372/2758 783/2798
f 783/2798 785/2800 784/2826
f 782/2825 783/2798 784/2826
f 786/2580 788/2463 787/2568
f 781/2639 787/2568 778/2610
f 781/2639 786/2580 787/2568
f 781/2832 782/2825 786/3134
f 786/2580 789/2550 788/2463
f 786/2580 790/2581 789/2550
f 782/2825 790/2827 786/3134
f 782/2825 784/2826 790/2827
f 783/2798 791/2799 785/2800
f 783/2798 792/2797 791/2799
f 372/2758 792/2797 783/2798
f 372/2758 376/2756 792/2797
f 784/2826 793/2828 790/2827
f 790/2581 794/2551 789/2550
f 790/2581 795/2602 794/2551
f 793/2828 795/2829 790/2827
f 792/2797 796/2796 791/2799
f 792/2797 797/2794 796/2796
f 376/2756 797/2794 792/2797
f 376/2756 381/2755 797/2794
f 793/2828 798/2830 795/2829
f 798/2830 799/3377 795/2829
f 798/2830 800/3180 799/3377
f 798/2830 801/3071 800/3180
f 798/2830 802/2795 801/3071
f 798/2830 793/2828 802/2795
f 416/2803 3718/2802 414/2793
f 3717/2745 802/2795 3719/2746
f 3719/2746 802/2795 797/2794
f 3718/2802 381/2755 414/2793
f 3719/2746 381/2755 3718/2802
f 797/2794 381/2755 3719/2746
f 3717/2745 803/2743 801/3071
f 3720/2744 803/2743 3717/2745
f 804/2741 803/2743 3720/2744
f 3720/2744 3718/2802 416/2803
f 3720/2744 416/2803 804/2741
f 800/3180 805/3337 799/3377
f 801/3071 803/2743 800/3180
f 417/2710 804/2741 416/2803
f 417/2710 806/2709 804/2741
f 417/2710 424/2705 806/2709
f 804/2741 807/2742 803/2743
f 804/2741 806/2709 807/2742
f 424/2705 808/2708 806/2709
f 806/2709 809/2811 807/2742
f 806/2709 808/2708 809/2811
f 800/3180 810/3179 805/3337
f 803/2743 810/3179 800/3180
f 803/2743 807/2742 810/3179
f 809/2811 811/3302 810/3179
f 809/2811 812/3145 811/3302
f 810/3179 811/3302 805/3337
f 807/2742 809/2811 810/3179
f 424/2705 813/2704 808/2708
f 424/2705 447/2703 813/2704
f 809/2811 814/2736 812/3145
f 808/2708 814/2736 809/2811
f 808/2708 813/2704 814/2736
f 447/2703 448/2683 813/2704
f 448/2683 815/2684 813/2704
f 448/2683 451/2668 815/2684
f 815/2684 816/3049 814/2736
f 815/2684 817/2680 816/3049
f 814/2736 816/3049 812/3145
f 813/2704 815/2684 814/2736
f 451/2668 817/2680 815/2684
f 818/2593 819/2508 750/2569
f 747/3347 750/3417 746/3359
f 747/3347 818/3428 750/3417
f 747/3347 778/3289 818/3428
f 750/2569 819/2508 749/2470
f 818/2593 787/2568 819/2508
f 778/2610 787/2568 818/2593
f 819/2508 820/2420 821/2434
f 819/2508 787/2568 820/2420
f 749/2470 822/2417 751/2431
f 749/2470 821/2434 822/2417
f 749/2470 819/2508 821/2434
f 751/2431 823/2403 752/2412
f 751/2431 822/2417 823/2403
f 821/2434 824/2405 822/2417
f 821/2434 820/2420 824/2405
f 822/2417 824/2405 823/2403
f 820/2420 788/2463 825/2419
f 787/2568 788/2463 820/2420
f 788/2463 826/2462 825/2419
f 820/2420 825/2419 824/2405
f 824/2405 827/2404 823/2403
f 752/2412 828/2401 761/2402
f 752/2412 823/2403 828/2401
f 516/846 830/847 829/848
f 516/846 519/844 830/847
f 517/845 519/844 516/846
f 761/2402 828/2401 759/2382
f 759/2382 831/2364 762/2366
f 828/2401 832/2383 759/2382
f 759/2382 832/2383 831/2364
f 516/182 833/201 523/161
f 516/182 829/202 833/201
f 523/161 834/177 525/138
f 523/161 833/201 834/177
f 823/2403 832/2383 828/2401
f 823/2403 827/2404 832/2383
f 829/986 830/985 833/984
f 519/4178 521/4140 830/4174
f 834/982 836/983 835/977
f 833/984 836/983 834/982
f 833/984 830/985 836/983
f 521/4140 836/4166 830/4174
f 521/4140 526/4139 836/4166
f 827/2404 837/2381 832/2383
f 785/2800 791/2799 784/2826
f 791/2799 793/2828 784/2826
f 788/2463 789/2550 826/2462
f 789/2550 838/2408 826/2462
f 789/2550 794/2551 838/2408
f 826/2462 838/2408 825/2419
f 825/2419 839/2390 824/2405
f 791/2799 796/2796 793/2828
f 796/2796 802/2795 793/2828
f 796/2796 797/2794 802/2795
f 794/2551 840/2424 838/2408
f 794/2551 841/2579 840/2424
f 794/2551 795/2602 841/2579
f 795/2602 799/2614 841/2579
f 825/2419 838/2408 839/2390
f 839/2390 827/2404 824/2405
f 840/2424 842/2360 838/2408
f 839/2390 842/2360 843/2357
f 838/2408 842/2360 839/2390
f 842/2360 844/2348 843/2357
f 525/138 845/170 548/139
f 525/138 834/177 845/170
f 834/982 846/969 845/981
f 834/982 835/977 846/969
f 548/139 845/170 847/171
f 845/981 848/971 847/980
f 845/981 846/969 848/971
f 526/4139 849/4150 836/4166
f 526/4139 550/4138 849/4150
f 836/983 850/976 835/977
f 836/4166 849/4150 850/4167
f 550/4138 851/4151 849/4150
f 849/4150 852/4177 850/4167
f 849/4150 851/4151 852/4177
f 835/977 850/976 846/969
f 846/969 852/970 848/971
f 846/969 850/976 852/970
f 847/980 848/971 853/973
f 548/139 847/171 854/175
f 847/171 855/184 854/175
f 847/980 853/973 855/975
f 550/4138 856/4149 851/4151
f 550/4138 549/4137 856/4149
f 851/4151 857/4175 852/4177
f 851/4151 856/4149 857/4175
f 549/4137 858/4153 856/4149
f 549/4137 552/4152 858/4153
f 856/4149 859/4171 857/4175
f 856/4149 858/4153 859/4171
f 848/971 857/972 853/973
f 848/971 852/970 857/972
f 853/973 859/974 855/975
f 853/973 857/972 859/974
f 827/2404 839/2390 837/2381
f 832/2383 860/2339 831/2364
f 832/2383 837/2381 860/2339
f 839/2390 861/2340 837/2381
f 839/2390 843/2357 861/2340
f 843/2357 844/2348 862/2320
f 843/2357 862/2320 861/2340
f 837/2381 861/2340 860/2339
f 861/2340 863/2313 860/2339
f 861/2340 862/2320 863/2313
f 762/2366 831/2364 774/2365
f 831/2364 864/2351 774/2365
f 831/2364 865/2343 864/2351
f 774/2365 866/2358 775/2369
f 774/2365 864/2351 866/2358
f 866/2358 864/2351 867/2352
f 831/2364 860/2339 865/2343
f 865/2343 860/2339 868/2315
f 860/2339 863/2313 869/2314
f 860/2339 869/2314 868/2315
f 864/2351 865/2343 870/2341
f 864/2351 870/2341 867/2352
f 865/2343 871/2316 870/2341
f 865/2343 868/2315 871/2316
f 801/3071 802/2795 3717/2745
f 799/2614 872/2594 841/2579
f 799/3377 873/3363 872/3362
f 799/3377 805/3337 873/3363
f 873/3363 805/3337 872/3362
f 805/3337 874/3336 872/3362
f 805/3337 811/3302 874/3336
f 840/2424 875/2347 842/2360
f 840/2424 876/2423 875/2347
f 841/2579 876/2423 840/2424
f 841/2579 872/2594 876/2423
f 842/2360 875/2347 844/2348
f 876/2423 877/2350 875/2347
f 876/2423 878/2446 877/2350
f 872/2594 878/2446 876/2423
f 872/3362 874/3336 878/3379
f 548/139 879/186 625/166
f 548/139 854/175 879/186
f 854/175 880/185 879/186
f 854/175 855/184 880/185
f 625/166 881/193 627/194
f 625/166 879/186 881/193
f 552/4152 882/4162 858/4153
f 552/4152 628/4141 882/4162
f 858/1522 883/1521 859/1523
f 858/1522 882/1519 883/1521
f 879/1520 883/1521 882/1519
f 879/1520 880/1525 883/1521
f 879/1520 884/1517 881/1526
f 879/1520 882/1519 884/1517
f 628/1518 884/1517 882/1519
f 628/1518 630/1516 884/1517
f 855/975 883/978 880/979
f 855/975 859/974 883/978
f 627/1501 884/1517 630/1516
f 627/1501 881/1526 884/1517
f 627/1501 642/1502 635/1503
f 627/1501 630/1516 642/1502
f 844/2348 875/2347 885/2319
f 844/2348 885/2319 862/2320
f 885/2319 875/2347 886/2327
f 862/2320 885/2319 863/2313
f 812/3145 887/3266 811/3302
f 811/3302 888/3304 874/3336
f 811/3302 887/3266 888/3304
f 812/3145 816/3049 887/3266
f 887/3266 889/3156 888/3304
f 816/3049 889/3156 887/3266
f 816/3049 817/2680 889/3156
f 878/2446 890/2397 877/2350
f 874/3336 888/3304 878/3379
f 877/2350 890/2397 891/2353
f 878/2446 892/2536 890/2397
f 888/3304 892/3380 878/3379
f 875/2347 893/2349 886/2327
f 875/2347 877/2350 893/2349
f 877/2350 891/2353 893/2349
f 891/2353 894/2359 893/2349
f 893/2349 896/2363 886/2327
f 893/2349 895/2396 896/2363
f 893/2349 897/2413 895/2396
f 863/2313 885/2319 899/2312
f 863/2313 898/2311 869/2314
f 863/2313 899/2312 898/2311
f 869/2314 898/2311 868/2315
f 868/2315 900/2308 871/2316
f 868/2315 898/2311 900/2308
f 898/2311 901/2310 900/2308
f 900/2308 901/2310 902/2309
f 885/2319 903/2326 899/2312
f 885/2319 886/2327 903/2326
f 899/2312 901/2310 898/2311
f 899/2312 903/2326 901/2310
f 886/2327 896/2363 903/2326
f 903/2326 896/2363 904/2361
f 896/2363 895/2396 905/2406
f 896/2363 905/2406 904/2361
f 904/2361 905/2406 906/2362
f 903/2326 907/2302 901/2310
f 903/2326 904/2361 907/2302
f 904/2361 906/2362 907/2302
f 907/2302 906/2362 908/2298
f 451/2668 675/2670 817/2680
f 677/2669 910/2672 909/2671
f 817/2680 675/2670 912/3060
f 817/2680 913/3142 889/3156
f 817/2680 912/3060 913/3142
f 889/3156 914/3287 888/3304
f 889/3156 913/3142 914/3287
f 913/3142 915/2663 914/3287
f 892/2536 916/2435 890/2397
f 892/2536 917/2458 916/2435
f 892/2536 918/2611 917/2458
f 888/3304 918/3348 892/3380
f 888/3304 914/3287 918/3348
f 890/2397 919/2380 891/2353
f 890/2397 916/2435 919/2380
f 891/2353 919/2380 894/2359
f 919/2380 920/2425 894/2359
f 919/2380 916/2435 920/2425
f 914/3287 921/3321 918/3348
f 914/3287 915/2663 921/3321
f 917/2458 922/2492 920/2425
f 917/2458 923/2541 922/2492
f 917/2458 920/2425 916/2435
f 917/2458 918/2611 923/2541
f 918/2611 924/2595 923/2541
f 918/3348 921/3321 924/3360
f 922/2492 926/2518 925/2493
f 922/2492 923/2541 926/2518
f 894/2359 927/2414 893/2349
f 920/2425 928/2467 927/2414
f 894/2359 920/2425 927/2414
f 927/2414 929/2448 897/2413
f 893/2349 927/2414 897/2413
f 897/2413 929/2448 895/2396
f 927/2414 930/2468 929/2448
f 927/2414 928/2467 930/2468
f 922/2492 925/2493 928/2467
f 920/2425 922/2492 928/2467
f 928/2467 931/2469 930/2468
f 928/2467 925/2493 931/2469
f 675/2670 932/3068 912/3060
f 912/3060 932/3068 913/3142
f 675/2670 677/2669 909/2671
f 675/2670 909/2671 932/3068
f 921/3321 933/2665 924/3360
f 921/3321 915/2663 933/2665
f 934/2561 935/2528 926/2518
f 934/2561 936/2583 935/2528
f 924/2595 926/2518 923/2541
f 924/2595 934/2561 926/2518
f 924/3360 936/3423 934/3424
f 926/2518 935/2528 925/2493
f 935/2528 937/2515 925/2493
f 935/2528 936/2583 937/2515
f 915/2663 938/2664 933/2665
f 924/3360 939/3367 936/3423
f 924/3360 933/2665 939/3367
f 937/2515 941/2556 940/2516
f 936/2583 941/2556 937/2515
f 936/2583 939/2637 941/2556
f 925/2493 937/2515 942/2494
f 925/2493 942/2494 931/2469
f 942/2494 943/2491 931/2469
f 937/2515 940/2516 942/2494
f 942/2494 944/2489 943/2491
f 895/2396 945/2447 905/2406
f 895/2396 929/2448 945/2447
f 929/2448 930/2468 945/2447
f 905/2406 945/2447 906/2362
f 930/2468 946/2449 945/2447
f 930/2468 931/2469 946/2449
f 906/2362 945/2447 947/2294
f 906/2362 947/2294 908/2298
f 947/2294 948/2291 949/2293
f 947/2294 945/2447 948/2291
f 945/2447 946/2449 948/2291
f 931/2469 943/2491 946/2449
f 943/2491 944/2489 946/2449
f 948/2291 950/2292 949/2293
f 948/2291 951/2290 950/2292
f 909/2671 910/2672 932/3068
f 939/3367 953/2666 952/3381
f 933/2665 953/2666 939/3367
f 933/2665 938/2664 953/2666
f 939/2637 952/2597 941/2556
f 938/2664 954/2667 953/2666
f 910/2672 955/3069 932/3068
f 932/3068 955/3069 913/3142
f 913/3142 956/3141 915/2663
f 910/2672 911/2838 955/3069
f 955/3069 956/3141 913/3142
f 915/25 954/26 938/27
f 952/2597 957/2529 941/2556
f 952/3381 959/3323 958/3422
f 953/2666 959/3323 952/3381
f 953/2666 954/2667 959/3323
f 940/2516 957/2529 960/2517
f 941/2556 957/2529 940/2516
f 940/2516 960/2517 942/2494
f 957/2529 962/2288 960/2517
f 957/2529 961/2539 962/2288
f 957/2529 952/2597 961/2539
f 960/2517 962/2288 942/2494
f 942/2494 963/2495 944/2489
f 962/2288 964/2276 963/2495
f 942/2494 962/2288 963/2495
f 961/2539 965/2538 962/2288
f 961/2539 966/2566 965/2538
f 952/2597 966/2566 961/2539
f 952/2597 958/2567 966/2566
f 962/2288 965/2538 967/2289
f 962/2288 967/2289 964/2276
f 967/2289 968/2245 964/2276
f 964/2276 968/2245 969/2244
f 954/2667 970/3274 959/3323
f 959/3323 971/3350 958/3422
f 959/3323 970/3274 971/3350
f 958/2567 972/2282 965/2538
f 958/2567 965/2538 966/2566
f 965/2538 973/2182 967/2289
f 965/2538 972/2282 973/2182
f 958/2567 974/2247 972/2282
f 958/2567 971/2608 974/2247
f 967/2289 973/2182 968/2245
f 973/2182 975/2181 968/2245
f 968/2245 975/2181 969/2244
f 972/2282 976/2179 973/2182
f 972/2282 974/2247 976/2179
f 970/3274 977/3331 971/3350
f 974/2247 978/2147 976/2179
f 974/2247 979/2215 978/2147
f 971/2608 979/2215 974/2247
f 971/2608 977/2630 979/2215
f 973/2182 980/2153 975/2181
f 973/2182 976/2179 980/2153
f 976/2179 981/2124 980/2153
f 976/2179 978/2147 981/2124
f 963/2495 982/2490 944/2489
f 944/2489 983/2266 946/2449
f 944/2489 982/2490 983/2266
f 946/2449 983/2266 948/2291
f 983/2266 951/2290 948/2291
f 963/2495 984/2249 982/2490
f 963/2495 964/2276 984/2249
f 982/2490 984/2249 983/2266
f 984/2249 985/2199 983/2266
f 951/2290 986/2267 950/2292
f 983/2266 985/2199 987/2231
f 983/2266 987/2231 986/2267
f 951/2290 983/2266 986/2267
f 969/2244 988/2200 984/2249
f 964/2276 969/2244 984/2249
f 969/2244 989/2180 988/2200
f 969/2244 975/2181 989/2180
f 984/2249 988/2200 985/2199
f 988/2200 990/2149 985/2199
f 988/2200 989/2180 990/2149
f 975/2181 991/2148 989/2180
f 975/2181 980/2153 991/2148
f 980/2153 992/2123 991/2148
f 980/2153 981/2124 992/2123
f 989/2180 991/2148 990/2149
f 991/2148 993/2122 990/2149
f 991/2148 992/2123 993/2122
f 990/2149 993/2122 994/2146
f 985/2199 995/2230 987/2231
f 987/2231 995/2230 996/2202
f 995/2230 997/2161 996/2202
f 990/2149 998/2142 997/2161
f 990/2149 994/2146 998/2142
f 985/2199 997/2161 995/2230
f 985/2199 990/2149 997/2161
f 994/2146 993/2122 999/2114
f 994/2146 999/2114 998/2142
f 997/2161 998/2142 1000/2143
f 998/2142 1001/2112 1000/2143
f 998/2142 999/2114 1001/2112
f 161/1498 166/1499 1002/1500
f 161/4777 1002/4771 160/4730
f 167/4235 168/4238 1003/4231
f 166/4234 167/4235 1003/4231
f 166/4234 1003/4231 1004/4233
f 1002/4237 166/4234 1004/4233
f 1002/4771 179/4728 160/4730
f 1002/4237 1004/4233 1005/4226
f 168/1099 1007/1100 1006/1126
f 168/1099 169/1098 1007/1100
f 1003/4231 1006/4232 1004/4233
f 1003/4231 168/4238 1006/4232
f 1005/4226 1004/4233 1006/4232
f 1006/1126 1009/1109 1008/1123
f 1006/1126 1007/1100 1009/1109
f 1002/4204 1005/4205 1010/4206
f 1002/4771 1010/4772 179/4728
f 1010/4222 1012/4220 1011/4216
f 1010/4222 1005/4226 1012/4220
f 1010/4772 1011/4798 179/4728
f 1006/4232 1008/4230 1005/4226
f 1011/4216 1014/4217 1013/4218
f 1011/4216 1012/4220 1014/4217
f 1011/4798 1015/4792 179/4728
f 1011/4798 1013/4812 1015/4792
f 1013/4218 1014/4217 1016/4219
f 1005/4226 1008/4230 1017/4225
f 1012/4220 1017/4225 1014/4217
f 1012/4220 1005/4226 1017/4225
f 1017/4225 1018/4227 1014/4217
f 169/1098 180/1108 1019/1107
f 169/1098 1019/1107 1007/1100
f 1007/1100 1019/1107 1009/1109
f 1009/1109 1019/1107 1020/1110
f 1008/1123 1009/1109 1020/1110
f 1020/1110 1019/1107 1021/1111
f 1019/1107 180/1108 1022/1114
f 1019/1107 1022/1114 1021/1111
f 1020/1110 1021/1111 1023/1112
f 1008/4230 1023/4252 1017/4225
f 1008/1123 1020/1110 1023/1112
f 1023/4252 1024/4253 1018/4227
f 1023/1112 1021/1111 1024/1129
f 1017/4225 1023/4252 1018/4227
f 1021/1111 1025/1130 1024/1129
f 1021/1111 1022/1114 1025/1130
f 180/1108 182/1115 1022/1114
f 182/1115 183/1118 1022/1114
f 1022/1114 1026/1131 1025/1130
f 1022/1114 183/1118 1027/1120
f 1022/1114 1028/1121 1026/1131
f 1022/1114 1027/1120 1028/1121
f 193/1691 1029/1762 195/1775
f 193/1691 194/1690 1030/1694
f 193/1691 1030/1694 1031/1695
f 193/1691 1031/1695 1029/1762
f 194/1690 196/1699 1032/1703
f 194/1690 1032/1703 1030/1694
f 1030/1694 1032/1703 1033/1710
f 1031/1695 1030/1694 1034/1696
f 1031/1826 1035/1809 1029/1810
f 1031/1826 1034/1818 1035/1809
f 1034/1696 1037/1714 1036/1733
f 1034/1696 1030/1694 1037/1714
f 1034/1818 1036/1817 1035/1809
f 195/1798 1038/1807 203/1799
f 195/1798 1029/1810 1035/1809
f 195/1798 1035/1809 1038/1807
f 203/1799 1038/1807 206/1805
f 1038/1807 1039/1808 206/1805
f 206/1805 1039/1808 219/1825
f 196/1699 223/1716 1032/1703
f 223/1716 221/1654 1032/1703
f 221/1654 224/1651 1041/1652
f 1032/1703 1041/1652 1040/1713
f 1032/1703 221/1654 1041/1652
f 224/1651 225/1637 1041/1652
f 1032/1703 1040/1713 1033/1710
f 1033/1710 1040/1713 1042/1717
f 1042/1717 1041/1652 1043/1664
f 1040/1713 1041/1652 1042/1717
f 1041/1652 225/1637 1044/1646
f 1041/1652 1044/1646 1043/1664
f 225/1637 228/1620 1045/1625
f 225/1637 1045/1625 1046/1641
f 225/1637 1046/1641 1044/1646
f 1035/1809 1036/1817 1047/1811
f 1035/1809 1047/1811 1038/1807
f 1036/1733 1037/1714 1048/1732
f 1036/1817 1049/1812 1047/1811
f 1036/1817 1048/1831 1049/1812
f 1048/1732 1051/1715 1050/1728
f 1048/1732 1037/1714 1051/1715
f 1048/1831 1052/1815 1049/1812
f 1048/1732 1050/1728 1052/1761
f 1038/1807 1049/1812 1052/1815
f 1038/1807 1047/1811 1049/1812
f 1038/1807 1052/1815 1053/1814
f 1052/1815 1055/1836 1053/1814
f 1052/1815 1054/1837 1055/1836
f 1038/1807 1056/1813 1039/1808
f 1038/1807 1053/1814 1056/1813
f 1053/1814 1057/1830 1056/1813
f 1053/1814 1055/1836 1057/1830
f 1039/1808 1058/1824 219/1825
f 1039/1808 1056/1813 1058/1824
f 1056/1813 1059/1833 1058/1824
f 1056/1813 1057/1830 1059/1833
f 1030/1694 1033/1710 1060/1711
f 1042/1717 1061/1718 1060/1711
f 1042/1717 1043/1664 1061/1718
f 1033/1710 1042/1717 1060/1711
f 1043/1664 1044/1646 1062/1647
f 1060/1711 1061/1718 1063/1712
f 1030/1694 1060/1711 1063/1712
f 1037/1714 1063/1712 1051/1715
f 1037/1714 1030/1694 1063/1712
f 1063/1712 1061/1718 1064/1719
f 1043/1664 1062/1647 1065/1669
f 1061/1718 1043/1664 1065/1669
f 1065/1669 1062/1647 1066/1665
f 1061/1718 1065/1669 1064/1719
f 1046/1641 1045/1625 1067/1642
f 1044/1646 1046/1641 1067/1642
f 1067/1642 1045/1625 1068/1634
f 1044/1646 1067/1642 1062/1647
f 1062/1647 1068/1634 1069/1644
f 1062/1647 1067/1642 1068/1634
f 1062/1647 1069/1644 1066/1665
f 1069/1644 1068/1634 1070/1635
f 1013/4218 1072/4221 1071/4213
f 1013/4218 1016/4219 1072/4221
f 1013/4812 1071/4801 1015/4792
f 1014/4217 1073/4223 1016/4219
f 1014/4217 1018/4227 1073/4223
f 1072/4221 1075/4224 1074/4211
f 1016/4219 1075/4224 1072/4221
f 1016/4219 1073/4223 1075/4224
f 1071/4213 1074/4211 1076/4210
f 1072/4221 1074/4211 1071/4213
f 1071/4801 1076/4793 1015/4792
f 1018/4227 1024/4253 1077/4228
f 1018/4227 1077/4228 1073/4223
f 1075/1772 1079/1763 1078/1766
f 1075/1772 1080/1755 1079/1763
f 1073/4223 1080/4229 1075/4224
f 1073/4223 1077/4228 1080/4229
f 1076/4210 1082/4212 1081/4214
f 1076/4210 1074/4211 1082/4212
f 1076/4793 1083/4734 1015/4792
f 1076/4793 1081/4794 1083/4734
f 1075/4224 1078/4264 1084/4262
f 1074/4211 1075/4224 1084/4262
f 1082/4212 1084/4262 1085/4263
f 1084/4262 1078/4264 1085/4263
f 1074/4211 1084/4262 1082/4212
f 1085/1767 1087/1773 1086/1780
f 1085/1767 1088/1765 1087/1773
f 1078/1766 1088/1765 1085/1767
f 1078/1766 1079/1763 1088/1765
f 1015/4792 1083/4734 179/4728
f 1081/4214 1082/4212 1089/4215
f 1081/4794 1089/4805 1083/4734
f 1089/4115 1091/4080 1090/4114
f 1089/4215 1082/4212 1091/4267
f 1089/4805 1090/4736 1083/4734
f 1085/4263 1092/4265 1082/4212
f 1085/1767 1086/1780 1092/1781
f 1091/4267 1082/4212 1093/4266
f 1082/4212 1092/4265 1093/4266
f 1083/4734 1090/4736 1094/4735
f 1086/1780 1095/1778 1092/1781
f 1086/1780 1087/1773 1095/1778
f 1093/1784 1097/1782 1096/1786
f 1093/1784 1092/1781 1097/1782
f 1095/1778 1097/1782 1092/1781
f 1095/1778 1098/1783 1097/1782
f 1099/3895 1091/4080 1100/3894
f 1090/4114 1091/4080 1099/3895
f 1090/4736 1099/4742 1094/4735
f 1099/3895 1102/3881 1101/3896
f 1099/3895 1100/3894 1102/3881
f 1094/4735 1099/4742 1101/4786
f 1091/4080 1096/3946 1100/3894
f 1093/4266 1096/4268 1091/4267
f 1100/3894 1103/3862 1102/3881
f 1100/3894 1096/3946 1103/3862
f 1096/3946 1104/3858 1103/3862
f 1096/3946 1105/4017 1104/3858
f 1096/1786 1097/1782 1105/1787
f 1106/1757 1108/1729 1107/1752
f 1106/1757 1109/1756 1108/1729
f 1106/1842 1054/1837 1109/1838
f 1106/1842 1110/1843 1054/1837
f 1106/1757 1111/1758 1110/1792
f 1106/1757 1107/1752 1111/1758
f 1080/1755 1112/1753 1079/1763
f 1077/1754 1112/1753 1080/1755
f 1077/1754 1107/1752 1112/1753
f 1077/1754 1111/1758 1107/1752
f 1107/1752 1113/1750 1112/1753
f 1107/1752 1108/1729 1113/1750
f 1024/1791 1111/1758 1077/1754
f 1024/1791 1110/1792 1111/1758
f 1024/1129 1114/1138 1110/1140
f 1024/1129 1025/1130 1114/1138
f 1110/1843 1055/1836 1054/1837
f 1110/1843 1114/1844 1055/1836
f 1109/1756 1050/1728 1108/1729
f 1109/1756 1052/1761 1050/1728
f 1109/1838 1054/1837 1052/1815
f 1050/1728 1115/1722 1108/1729
f 1050/1728 1051/1715 1115/1722
f 1108/1729 1116/1734 1113/1750
f 1116/1734 1118/1731 1117/1745
f 1108/1729 1118/1731 1116/1734
f 1108/1729 1115/1722 1118/1731
f 1088/1765 1119/1764 1087/1773
f 1079/1763 1119/1764 1088/1765
f 1079/1763 1112/1753 1119/1764
f 1112/1753 1120/1751 1119/1764
f 1112/1753 1113/1750 1120/1751
f 1120/1751 1116/1734 1121/1748
f 1113/1750 1116/1734 1120/1751
f 1116/1734 1117/1745 1121/1748
f 1025/1130 1122/1139 1114/1138
f 1025/1130 1026/1131 1122/1139
f 1114/1844 1057/1830 1055/1836
f 1114/4119 1122/4120 1057/4121
f 1026/1131 1123/1137 1122/1139
f 1026/1131 1028/1121 1123/1137
f 1122/1845 1059/1833 1057/1830
f 1122/4195 1123/4196 1059/4197
f 1063/1712 1064/1719 1115/1722
f 1051/1715 1063/1712 1115/1722
f 1118/1731 1124/1730 1117/1745
f 1115/1722 1124/1730 1118/1731
f 1115/1722 1064/1719 1124/1730
f 1064/1719 1125/1681 1124/1730
f 1065/1669 1066/1665 1126/1677
f 1064/1719 1065/1669 1126/1677
f 1125/1681 1126/1677 1127/1680
f 1126/1677 1066/1665 1127/1680
f 1064/1719 1126/1677 1125/1681
f 1117/1745 1124/1730 1128/1744
f 1128/1744 1124/1730 1129/1743
f 1125/1681 1129/1743 1124/1730
f 1066/1665 1130/1662 1127/1680
f 1066/1665 1069/1644 1130/1662
f 1069/1644 1070/1635 1131/1643
f 1131/1643 1132/1648 1130/1662
f 1069/1644 1131/1643 1130/1662
f 1125/1681 1133/1682 1129/1743
f 1125/1681 1127/1680 1133/1682
f 1129/1743 1133/1682 1134/1683
f 1133/1682 1127/1680 1134/1683
f 1127/1680 1135/1675 1134/1683
f 1127/1680 1130/1662 1135/1675
f 1095/1778 1136/1774 1098/1783
f 1087/1773 1136/1774 1095/1778
f 1087/1773 1119/1764 1136/1774
f 1119/1764 1137/1768 1136/1774
f 1119/1764 1120/1751 1137/1768
f 1136/1774 1138/1779 1098/1783
f 1136/1774 1137/1768 1138/1779
f 1098/1783 1138/1779 1097/1782
f 1120/1751 1121/1748 1137/1768
f 1137/1768 1140/1747 1139/1769
f 1137/1768 1121/1748 1140/1747
f 1117/1745 1141/1746 1140/1747
f 1121/1748 1117/1745 1140/1747
f 1105/4017 1142/3856 1104/3858
f 1105/4017 1143/4025 1142/3856
f 1097/1782 1143/1788 1105/1787
f 1097/1782 1138/1779 1143/1788
f 1143/4025 1144/3906 1142/3856
f 1138/1779 1144/1789 1143/1788
f 1138/1779 1137/1768 1144/1789
f 1144/3906 1145/3855 1142/3856
f 1137/1768 1139/1769 1144/1789
f 1144/3906 1146/3868 1145/3855
f 1144/3906 1147/3961 1146/3868
f 1139/4050 1147/3961 1144/3906
f 1139/1769 1140/1747 1147/1777
f 1117/1745 1128/1744 1141/1746
f 1128/1744 1148/1685 1141/1746
f 1129/1743 1148/1685 1128/1744
f 1129/1743 1134/1683 1148/1685
f 1141/1746 1150/1749 1149/1785
f 1148/1685 1150/1749 1141/1746
f 1148/1685 1151/1686 1150/1749
f 1148/1685 1152/1684 1151/1686
f 1148/1685 1134/1683 1152/1684
f 1134/1683 1135/1675 1152/1684
f 1147/3961 1153/3939 1146/3868
f 1141/1746 1153/1790 1147/1777
f 1141/1746 1149/1785 1153/1790
f 1140/1747 1141/1746 1147/1777
f 177/4726 181/4727 316/4725
f 183/1118 317/1133 1154/1134
f 317/1840 219/1825 1154/1841
f 183/1118 1155/1135 1027/1120
f 183/1118 1154/1134 1155/1135
f 1154/1841 1058/1824 1155/1839
f 1154/1841 219/1825 1058/1824
f 1027/1120 1123/1137 1028/1121
f 1027/1120 1155/1135 1123/1137
f 1155/1839 1059/1833 1123/1846
f 1155/1839 1058/1824 1059/1833
f 179/4728 1083/4734 181/4727
f 1094/4735 1101/4786 1156/4737
f 1102/3881 1158/3880 1157/3841
f 1101/3896 1102/3881 1157/3841
f 1101/4786 1157/4830 1156/4737
f 1094/4735 1156/4737 181/4727
f 1157/3841 1160/3839 1159/3840
f 1157/3841 1158/3880 1160/3839
f 1156/4737 1159/4779 181/4727
f 1156/4737 1157/4830 1159/4779
f 1102/3881 1161/3861 1158/3880
f 1102/3881 1103/3862 1161/3861
f 1103/3862 1104/3858 1161/3861
f 1161/3861 1104/3858 1162/3859
f 1158/3880 1163/3863 1160/3839
f 1161/3861 1163/3863 1158/3880
f 1161/3861 1162/3859 1163/3863
f 1083/4734 1094/4735 181/4727
f 1159/3840 1165/3834 1164/3882
f 1159/3840 1160/3839 1165/3834
f 181/4727 1159/4779 1164/4753
f 1163/3863 1162/3859 1166/3860
f 1160/3839 1167/3838 1165/3834
f 1160/3839 1163/3863 1167/3838
f 1163/3863 1166/3860 1167/3838
f 181/4727 1168/4729 316/4725
f 316/4725 1169/4738 315/4713
f 1169/783 1171/773 1170/778
f 1169/783 1172/766 1171/773
f 316/4725 1172/4791 1169/4738
f 1169/103 1174/83 1173/91
f 1169/103 1170/112 1174/83
f 315/4713 1169/4738 1173/4785
f 1170/778 1176/777 1175/782
f 1170/778 1171/773 1176/777
f 1175/782 1176/777 1177/785
f 1170/112 1178/69 1174/83
f 1170/112 1175/108 1178/69
f 1175/108 1179/70 1178/69
f 1172/766 1180/763 1171/773
f 1172/766 1181/764 1180/763
f 316/4725 1168/4729 1172/4791
f 1171/773 1182/776 1176/777
f 1171/773 1180/763 1182/776
f 1180/763 1183/765 1182/776
f 1180/763 1181/764 1183/765
f 1176/1423 1184/1421 1177/1422
f 1176/1423 1185/1424 1184/1421
f 1176/1423 1186/1434 1185/1424
f 1176/500 1182/498 1186/490
f 1183/499 1188/496 1187/489
f 1182/498 1187/489 1186/490
f 1182/498 1183/499 1187/489
f 181/4727 1164/4753 1168/4729
f 1172/766 1189/770 1181/764
f 1172/766 1190/769 1189/770
f 1172/766 1191/767 1190/769
f 1168/4729 1191/4755 1172/4791
f 1181/764 1192/779 1183/765
f 1181/764 1189/770 1192/779
f 1183/765 1193/780 1188/784
f 1183/765 1192/779 1193/780
f 1189/770 1194/774 1192/779
f 1189/770 1190/769 1194/774
f 1192/779 1195/781 1193/780
f 1192/779 1194/774 1195/781
f 1191/767 1196/768 1190/769
f 1191/767 1197/771 1196/768
f 1190/769 1198/775 1194/774
f 1190/769 1196/768 1198/775
f 1196/768 1199/772 1198/775
f 1196/768 1197/771 1199/772
f 1194/481 1200/493 1195/497
f 1194/481 1201/480 1200/493
f 1194/481 1202/479 1201/480
f 1194/481 1198/482 1202/479
f 1199/3831 1204/3681 1203/3842
f 1199/3831 1205/3715 1204/3681
f 1198/482 1203/485 1202/479
f 1198/482 1199/486 1203/485
f 1130/1662 1132/1648 1206/1667
f 1130/1662 1206/1667 1135/1675
f 1104/3858 1142/3856 1208/3857
f 1104/3858 1208/3857 1162/3859
f 1145/3855 1146/3868 1209/3866
f 1208/3857 1210/3854 1162/3859
f 1208/3857 1142/3856 1210/3854
f 1162/3859 1210/3854 1166/3860
f 1210/3854 1145/3855 1211/3691
f 1142/3856 1145/3855 1210/3854
f 1145/3855 1209/3866 1211/3691
f 1211/3691 1209/3866 1212/3690
f 1152/1684 1213/1678 1151/1686
f 1152/1684 1135/1675 1213/1678
f 1135/1675 1206/1667 1214/1674
f 1213/4113 1216/4110 1215/4089
f 1214/1674 1206/1667 1216/1673
f 1135/1675 1216/1673 1213/1678
f 1135/1675 1214/1674 1216/1673
f 1146/3868 1217/3883 1209/3866
f 1146/3868 1153/3939 1217/3883
f 1153/3939 1149/3940 1217/3883
f 1217/3883 1218/3884 1209/3866
f 1149/3940 1219/4030 1217/3883
f 1151/1686 1213/1678 1219/1687
f 1150/1749 1219/1687 1149/1785
f 1150/1749 1151/1686 1219/1687
f 1217/3883 1220/4043 1218/3884
f 1217/3883 1219/4030 1220/4043
f 1213/4113 1220/4043 1219/4030
f 1213/4113 1215/4089 1220/4043
f 1215/4089 1222/4074 1221/4088
f 1215/4089 1216/4110 1222/4074
f 1209/3866 1218/3884 1223/3892
f 1209/3866 1224/3867 1212/3690
f 1209/3866 1223/3892 1224/3867
f 1218/3884 1220/4043 1225/4044
f 1215/4089 1225/4044 1220/4043
f 1215/4089 1221/4088 1225/4044
f 1225/4044 1227/4064 1226/4055
f 1225/4044 1221/4088 1227/4064
f 1222/4074 1227/4064 1221/4088
f 1222/4074 1228/4072 1227/4064
f 1225/4044 1226/4055 1229/3893
f 1218/3884 1229/3893 1223/3892
f 1218/3884 1225/4044 1229/3893
f 1175/782 1231/786 1230/787
f 1175/782 1177/785 1231/786
f 1175/108 1230/111 1179/70
f 1230/787 1233/788 1232/789
f 1230/787 1231/786 1233/788
f 1232/789 1233/788 1234/791
f 1230/111 1235/84 1179/70
f 1230/111 1232/118 1235/84
f 1232/118 1236/120 1235/84
f 1232/789 1234/791 1236/792
f 1177/1422 1184/1421 1231/1420
f 1231/1420 1237/1417 1233/1418
f 1231/1420 1184/1421 1237/1417
f 1233/1418 1238/1416 1234/1419
f 1233/1418 1237/1417 1238/1416
f 1236/792 1240/794 1239/795
f 1236/792 1238/793 1240/794
f 1234/791 1238/793 1236/792
f 1239/795 1242/796 1241/797
f 1239/795 1240/794 1242/796
f 1241/797 1242/796 1243/798
f 1188/496 1193/495 1244/494
f 1193/495 1200/493 1244/494
f 1193/495 1195/497 1200/493
f 1205/3715 1245/3692 1204/3681
f 1212/3690 1224/3867 1247/3781
f 1247/3781 1224/3867 1248/3818
f 1223/3892 1249/3907 1224/3867
f 1223/3892 1229/3893 1249/3907
f 1226/4055 1249/3907 1229/3893
f 1224/3867 1249/3907 1250/3908
f 1250/3908 1249/3907 1251/3870
f 1252/3698 1254/3823 1253/3694
f 1164/3882 1254/3823 1252/3698
f 1164/3882 1165/3834 1254/3823
f 1164/4753 1252/4754 1168/4729
f 1165/3834 1253/3694 1254/3823
f 1165/3834 1167/3838 1253/3694
f 1252/3698 1253/3694 1191/3697
f 1168/4729 1252/4754 1191/4755
f 1197/771 1255/790 1199/772
f 1197/771 1191/767 1255/790
f 1253/3694 1255/3696 1191/3697
f 1199/3831 1256/3695 1205/3715
f 1199/3831 1255/3696 1256/3695
f 1253/3694 1256/3695 1255/3696
f 1167/3838 1211/3691 1253/3694
f 1167/3838 1210/3854 1211/3691
f 1166/3860 1210/3854 1167/3838
f 1205/3715 1256/3695 1245/3692
f 1253/3694 1245/3692 1256/3695
f 1253/3694 1211/3691 1245/3692
f 1204/3681 1245/3692 1246/3680
f 1246/3680 1245/3692 1257/3688
f 1211/3691 1257/3688 1245/3692
f 1211/3691 1212/3690 1257/3688
f 1212/3690 1258/3689 1257/3688
f 1212/3690 1247/3781 1258/3689
f 1247/3781 1259/3699 1258/3689
f 1247/3781 1248/3818 1259/3699
f 1257/3688 1261/3687 1260/3679
f 1257/3688 1258/3689 1261/3687
f 1246/3680 1257/3688 1260/3679
f 1258/3689 1262/3693 1261/3687
f 1258/3689 1259/3699 1262/3693
f 1250/3908 1251/3870 1248/3818
f 1224/3867 1250/3908 1248/3818
f 1263/3714 1262/3693 1264/3700
f 1259/3699 1264/3700 1262/3693
f 1259/3699 1248/3818 1264/3700
f 1248/3818 1265/3801 1264/3700
f 1248/3818 1251/3870 1265/3801
f 553/4712 315/4713 554/4714
f 554/4714 315/4713 1266/4746
f 1173/91 1174/83 1267/71
f 1174/83 1178/69 1267/71
f 1268/475 1270/437 1269/434
f 1268/1369 1271/1366 1270/1368
f 1268/1467 1272/1461 1271/1465
f 1268/1467 1273/1468 1272/1461
f 1268/1467 1269/1487 1273/1468
f 1274/491 1186/490 1275/488
f 1274/1482 1185/1424 1186/1434
f 1274/1482 1276/1462 1185/1424
f 1274/1365 1271/1366 1276/1367
f 1274/1365 1270/1368 1271/1366
f 1274/491 1275/488 1270/437
f 1185/1424 1277/1463 1184/1421
f 1185/1424 1276/1462 1277/1463
f 1275/488 1187/489 1278/487
f 1275/488 1186/490 1187/489
f 1275/488 1278/487 1270/437
f 1271/1465 1272/1461 1276/1462
f 1173/91 1267/71 1279/90
f 315/4713 1173/4785 1279/4747
f 1267/71 1178/69 1280/72
f 1281/436 1269/434 1282/431
f 1281/1477 1273/1468 1269/1487
f 1281/1477 1283/1469 1273/1468
f 1281/436 1284/430 1283/455
f 1281/436 1282/431 1284/430
f 1283/1469 1272/1461 1273/1468
f 1283/1469 1285/1460 1272/1461
f 1283/1469 1286/1484 1285/1460
f 1283/455 1284/430 1286/470
f 1284/430 1287/440 1286/470
f 1269/434 1270/437 1288/435
f 1269/434 1288/435 1289/433
f 1278/487 1291/492 1290/477
f 1278/487 1187/489 1291/492
f 1278/487 1290/477 1270/437
f 1187/489 1244/494 1291/492
f 1187/489 1188/496 1244/494
f 1290/477 1201/480 1292/476
f 1290/477 1291/492 1201/480
f 1290/477 1292/476 1270/437
f 1291/492 1200/493 1201/480
f 1291/492 1244/494 1200/493
f 1288/435 1270/437 1293/438
f 1288/435 1296/483 1294/444
f 1288/435 1293/438 1296/483
f 1288/435 1295/443 1289/433
f 1288/435 1294/444 1295/443
f 1292/476 1202/479 1297/478
f 1292/476 1201/480 1202/479
f 1292/476 1293/438 1270/437
f 1292/476 1297/478 1293/438
f 1297/478 1203/485 1298/484
f 1297/478 1202/479 1203/485
f 1297/478 1296/483 1293/438
f 1297/478 1298/484 1296/483
f 1282/431 1289/433 1299/428
f 1282/431 1269/434 1289/433
f 1282/431 1299/428 1284/430
f 1299/428 1300/429 1284/430
f 1284/430 1301/439 1287/440
f 1284/430 1300/429 1301/439
f 1302/432 1295/443 1303/473
f 1299/428 1295/443 1302/432
f 1299/428 1289/433 1295/443
f 1299/428 1302/432 1300/429
f 1302/432 1305/454 1304/445
f 1302/432 1303/473 1305/454
f 1300/429 1302/432 1304/445
f 1287/1479 1285/1460 1286/1484
f 1287/1479 1306/1466 1285/1460
f 1287/440 1307/447 1306/450
f 1306/450 1307/447 1308/449
f 1306/1466 1309/1464 1285/1460
f 1306/1466 1310/1476 1309/1464
f 1306/450 1311/453 1310/456
f 1306/450 1308/449 1311/453
f 1310/456 1312/463 1309/472
f 1279/90 1267/71 1280/72
f 315/4713 1279/4747 1266/4746
f 1285/1460 1313/1452 1272/1461
f 1272/1461 1313/1452 1276/1462
f 1285/1460 1309/1464 1313/1452
f 1307/447 1287/440 1314/442
f 1307/447 1315/448 1308/449
f 1307/447 1314/442 1316/441
f 1307/447 1316/441 1315/448
f 1316/441 1301/439 1300/429
f 1316/441 1314/442 1301/439
f 1317/4037 1304/4027 1318/3864
f 1316/441 1304/445 1317/446
f 1316/441 1300/429 1304/445
f 1317/446 1320/459 1319/451
f 1317/446 1318/460 1320/459
f 1316/441 1319/451 1315/448
f 1316/441 1317/446 1319/451
f 1308/449 1315/448 1311/453
f 1315/448 1321/452 1311/453
f 1310/456 1322/462 1312/463
f 1310/456 1323/457 1322/462
f 1311/453 1323/457 1310/456
f 1311/453 1321/452 1323/457
f 1319/451 1324/461 1321/452
f 1319/451 1320/459 1324/461
f 1315/448 1319/451 1321/452
f 1323/457 1325/464 1322/462
f 1323/457 1326/458 1325/464
f 1321/452 1325/464 1326/458
f 1321/452 1324/461 1325/464
f 1321/452 1326/458 1323/457
f 1287/440 1301/439 1314/442
f 1327/3787 1329/3964 1328/3900
f 1179/70 1331/67 1178/69
f 1179/70 1235/84 1331/67
f 1235/84 1236/120 1331/67
f 1277/1463 1276/1462 1333/1413
f 1184/1421 1334/1412 1237/1417
f 1184/1421 1277/1463 1334/1412
f 1237/1417 1334/1412 1238/1416
f 1277/1463 1333/1413 1334/1412
f 1178/69 1332/58 1280/72
f 1178/69 1331/67 1332/58
f 1276/1462 1313/1452 1333/1413
f 1236/120 1335/66 1331/67
f 1236/120 1239/121 1335/66
f 1239/121 1336/65 1335/66
f 1239/121 1241/117 1336/65
f 1331/67 1335/66 1332/58
f 1335/66 1336/65 1332/58
f 1241/117 1337/113 1336/65
f 1241/797 1338/799 1337/800
f 1241/797 1243/798 1338/799
f 1336/65 1337/113 1339/64
f 1337/113 1340/114 1339/64
f 1238/1416 1341/1414 1240/1425
f 1238/1416 1334/1412 1341/1414
f 1240/1425 1342/1415 1242/1426
f 1240/1425 1341/1414 1342/1415
f 1334/1412 1333/1413 1341/1414
f 1341/1414 1333/1413 1342/1415
f 1242/1426 1338/1427 1243/1428
f 1242/1426 1342/1415 1338/1427
f 1342/1415 1343/1429 1338/1427
f 1342/1415 1333/1413 1343/1429
f 1338/1427 1343/1429 1344/1430
f 1336/65 1339/64 1332/58
f 1332/58 1339/64 1345/63
f 1333/1413 1346/1449 1343/1429
f 1343/1429 1347/1431 1344/1430
f 1343/1429 1346/1449 1347/1431
f 1346/1449 1348/1451 1347/1431
f 1351/3985 1353/3988 1352/3986
f 1313/1452 1356/1448 1333/1413
f 1332/58 1357/73 1280/72
f 1313/1452 1358/1453 1356/1448
f 1333/1413 1356/1448 1346/1449
f 1346/1449 1360/1450 1348/1451
f 1346/1449 1356/1448 1360/1450
f 1345/63 1359/62 1332/58
f 1332/58 1359/62 1361/59
f 1363/3982 1350/3984 1364/3977
f 1363/3982 1362/4023 1350/3984
f 1363/3982 1366/3975 1365/3980
f 1363/3982 1364/3977 1366/3975
f 1363/3982 1329/3964 1362/4023
f 1363/3982 1365/3980 1329/3964
f 1364/3977 1368/3983 1367/3979
f 1364/3977 1350/3984 1368/3983
f 1349/3962 1368/3983 1350/3984
f 1349/3962 1351/3985 1368/3983
f 1367/3979 1370/3969 1369/3958
f 1367/3979 1368/3983 1370/3969
f 1351/3985 1370/3969 1368/3983
f 1351/3985 1352/3986 1370/3969
f 1364/3977 1371/3976 1366/3975
f 1364/3977 1367/3979 1371/3976
f 1367/3979 1369/3958 1371/3976
f 1365/3980 1373/3974 1372/3981
f 1365/3980 1366/3975 1373/3974
f 1328/3900 1374/3960 1330/3915
f 1328/3900 1329/3964 1374/3960
f 1365/3980 1374/3960 1329/3964
f 1365/3980 1372/3981 1374/3960
f 1330/3915 1376/3954 1375/3953
f 1330/3915 1374/3960 1376/3954
f 1374/3960 1377/3959 1376/3954
f 1374/3960 1372/3981 1377/3959
f 1373/3974 1377/3959 1372/3981
f 1373/3974 1378/3973 1377/3959
f 1366/3975 1379/3971 1373/3974
f 1366/3975 1371/3976 1379/3971
f 1371/3976 1380/3978 1379/3971
f 1371/3976 1369/3958 1380/3978
f 1373/3974 1379/3971 1378/3973
f 1379/3971 1383/3957 1381/3970
f 1379/3971 1380/3978 1383/3957
f 1379/3971 1382/3972 1378/3973
f 1379/3971 1381/3970 1382/3972
f 1352/3986 1384/3968 1370/3969
f 1352/3986 1385/3987 1384/3968
f 1370/3969 1384/3968 1386/3956
f 1369/3958 1370/3969 1386/3956
f 1384/3968 1387/3967 1386/3956
f 1386/3956 1388/3903 1383/3957
f 1369/3958 1383/3957 1380/3978
f 1369/3958 1386/3956 1383/3957
f 1386/3956 1389/3734 1388/3903
f 1386/3956 1387/3967 1389/3734
f 1383/3957 1390/3640 1381/3970
f 1383/3957 1388/3903 1390/3640
f 1388/3903 1391/3639 1390/3640
f 1388/3903 1389/3734 1391/3639
f 553/4712 554/4714 671/4715
f 554/4714 1266/4746 1392/4724
f 1309/1382 1394/1383 1313/1381
f 1309/472 1312/463 1394/469
f 1394/540 1396/522 1395/543
f 1394/540 1397/536 1396/522
f 1394/1383 1395/1379 1313/1381
f 1394/469 1312/463 1397/468
f 1395/1379 1398/1380 1313/1381
f 1395/543 1399/519 1398/517
f 1395/543 1396/522 1399/519
f 1398/517 1400/510 1401/521
f 1398/1380 1401/1384 1313/1381
f 1313/1381 1401/1384 1402/1385
f 1312/463 1322/462 1403/467
f 1397/536 1404/520 1396/522
f 1397/536 1403/537 1404/520
f 1312/463 1403/467 1397/468
f 1322/462 1405/466 1403/467
f 1325/464 1407/471 1406/465
f 1325/4024 1408/3761 1407/3813
f 1322/462 1406/465 1405/466
f 1322/462 1325/464 1406/465
f 1403/537 1409/534 1404/520
f 1403/537 1405/538 1409/534
f 1406/465 1409/474 1405/466
f 1406/465 1407/471 1409/474
f 1396/522 1404/520 1399/519
f 1398/517 1410/516 1400/510
f 1399/519 1410/516 1398/517
f 1410/516 1411/514 1400/510
f 1399/519 1404/520 1410/516
f 1400/510 1411/514 1412/509
f 1404/520 1409/534 1413/533
f 1413/533 1414/532 1410/516
f 1404/520 1413/533 1410/516
f 1411/514 1415/518 1412/509
f 1411/514 1410/516 1415/518
f 1414/532 1415/518 1410/516
f 1279/90 1417/88 1416/119
f 1279/90 1280/72 1417/88
f 1266/4746 1279/4747 1416/4748
f 1416/944 1419/890 1418/900
f 1416/944 1417/915 1419/890
f 1266/4746 1418/4787 1392/4724
f 1266/4746 1416/4748 1418/4787
f 1280/72 1420/87 1417/88
f 1280/72 1421/86 1420/87
f 1280/72 1393/74 1421/86
f 1417/915 1422/887 1419/890
f 1417/915 1420/914 1422/887
f 1420/914 1423/873 1422/887
f 1420/914 1421/918 1423/873
f 1401/1384 1425/1386 1402/1385
f 1401/1384 1424/1387 1425/1386
f 1401/521 1426/501 1424/506
f 1401/521 1400/510 1426/501
f 1426/501 1427/505 1424/506
f 1392/4851 1418/4852 1428/4849
f 1418/900 1430/876 1429/894
f 1418/900 1419/890 1430/876
f 1418/4852 1431/4853 1428/4849
f 1418/4852 1429/4854 1431/4853
f 1428/4849 1432/4850 1392/4851
f 1428/4849 1431/4853 1432/4850
f 1419/890 1433/875 1430/876
f 1419/890 1422/887 1433/875
f 1422/887 1434/869 1433/875
f 1422/887 1423/873 1434/869
f 1429/894 1436/877 1435/893
f 1429/894 1430/876 1436/877
f 1429/4854 1437/4855 1431/4853
f 1429/4854 1435/4856 1437/4855
f 1435/893 1439/879 1438/895
f 1435/893 1436/877 1439/879
f 1435/893 1440/916 1437/917
f 1435/893 1438/895 1440/916
f 1431/946 1441/945 1432/947
f 1431/946 1437/917 1441/945
f 1437/917 1440/916 1441/945
f 1430/876 1442/874 1436/877
f 1430/876 1433/875 1442/874
f 1433/875 1443/866 1442/874
f 1433/875 1434/869 1443/866
f 1436/877 1444/878 1439/879
f 1436/877 1442/874 1444/878
f 1442/874 1445/870 1444/878
f 1442/874 1443/866 1445/870
f 1400/510 1412/509 1426/501
f 1426/501 1446/503 1427/505
f 1426/501 1447/502 1446/503
f 1412/509 1447/502 1426/501
f 1447/502 1448/504 1446/503
f 1415/518 1449/546 1447/502
f 1412/509 1415/518 1447/502
f 1438/895 1439/879 1450/896
f 1438/895 1450/896 1440/916
f 1450/896 1452/884 1451/899
f 1450/896 1439/879 1452/884
f 1450/4803 1453/4770 1440/4804
f 1450/4803 1451/4783 1453/4770
f 1440/916 1454/948 1441/945
f 1440/916 1453/949 1454/948
f 1444/878 1445/870 1455/880
f 1439/879 1444/878 1452/884
f 1451/899 1458/911 1456/912
f 1451/899 1452/884 1458/911
f 1451/4783 1457/4751 1453/4770
f 1451/4783 1456/4802 1457/4751
f 1457/4061 1456/4014 1459/4012
f 1453/4770 1457/4751 1454/4744
f 1452/884 1460/883 1458/911
f 1452/884 1444/878 1460/883
f 1444/878 1461/882 1460/883
f 1444/878 1455/880 1461/882
f 1458/4016 1460/4051 1462/3885
f 1462/3885 1464/3886 1463/3740
f 1460/4051 1464/3886 1462/3885
f 1460/883 1461/882 1464/913
f 1458/4016 1462/3885 1465/3869
f 1456/4014 1465/3869 1459/4012
f 1456/4014 1458/4016 1465/3869
f 1462/3885 1466/3814 1465/3869
f 1462/3885 1463/3740 1466/3814
f 1280/72 1357/73 1393/74
f 1313/1452 1468/1454 1358/1453
f 1357/73 1332/58 1467/75
f 1357/73 1467/75 1469/78
f 1313/1452 1470/1456 1468/1454
f 1313/1452 1402/1459 1471/1458
f 1313/1452 1472/1457 1470/1456
f 1313/1452 1471/1458 1472/1457
f 1470/1456 1473/1473 1468/1454
f 1470/1456 1472/1457 1473/1473
f 1468/1389 1473/1390 1474/1391
f 1332/58 1475/76 1467/75
f 1332/58 1476/60 1475/76
f 1332/58 1361/59 1476/60
f 1361/59 1477/61 1476/60
f 1475/76 1476/60 1478/77
f 1476/60 1479/99 1478/77
f 1476/60 1477/61 1479/99
f 1356/1 1358/2 1480/3
f 1358/1407 1481/1406 1480/1402
f 1356/1405 1480/1402 1482/1404
f 1356/1448 1483/1470 1360/1450
f 1356/1448 1482/1472 1483/1470
f 1480/1402 1484/1403 1482/1404
f 1480/1402 1481/1406 1484/1403
f 1482/1404 1485/1410 1483/1411
f 1482/1404 1484/1403 1485/1410
f 1467/75 1475/76 1486/80
f 1467/75 1487/82 1469/78
f 1467/75 1488/104 1487/82
f 1467/75 1486/80 1488/104
f 1475/76 1489/100 1486/80
f 1475/76 1478/77 1489/100
f 1478/77 1490/102 1489/100
f 1478/77 1479/99 1490/102
f 1486/80 1491/101 1488/104
f 1486/80 1489/100 1491/101
f 1489/930 1493/932 1492/931
f 1489/930 1490/933 1493/932
f 1489/930 1494/928 1491/929
f 1489/930 1492/931 1494/928
f 1468/1454 1495/1455 1358/1453
f 1358/1453 1496/1474 1481/1475
f 1358/1453 1495/1455 1496/1474
f 1468/1389 1497/1392 1495/1393
f 1468/1389 1474/1391 1497/1392
f 1495/1393 1498/1394 1496/1395
f 1495/1393 1497/1392 1498/1394
f 1481/1406 1492/1408 1484/1403
f 1481/1406 1496/1409 1492/1408
f 1484/936 1493/932 1485/935
f 1484/936 1492/931 1493/932
f 1496/1395 1494/1400 1492/1401
f 1496/1395 1498/1394 1494/1400
f 1376/3954 1499/3931 1375/3953
f 1376/3954 1377/3959 1499/3931
f 1377/3959 1500/3930 1499/3931
f 1377/3959 1382/3972 1500/3930
f 1378/3973 1382/3972 1377/3959
f 1382/3972 1501/3802 1500/3930
f 1382/3972 1381/3970 1501/3802
f 1381/3970 1503/3664 1501/3802
f 1381/3970 1390/3640 1503/3664
f 1393/74 1504/85 1421/86
f 1393/74 1357/73 1504/85
f 1421/918 1505/885 1423/873
f 1421/918 1506/889 1505/885
f 1421/86 1504/85 1506/122
f 1357/73 1507/92 1504/85
f 1357/73 1469/78 1507/92
f 1469/78 1508/107 1507/92
f 1504/85 1509/93 1506/122
f 1504/85 1507/92 1509/93
f 1507/910 1511/920 1510/919
f 1507/910 1508/921 1511/920
f 1507/910 1512/891 1509/892
f 1507/910 1510/919 1512/891
f 1425/544 1514/508 1513/545
f 1425/544 1424/506 1514/508
f 1402/1459 1513/1471 1471/1458
f 1402/1385 1425/1386 1513/1388
f 1471/1458 1515/1478 1472/1457
f 1471/1458 1513/1471 1515/1478
f 1424/506 1516/507 1514/508
f 1424/506 1427/505 1516/507
f 1513/1471 1517/1488 1515/1478
f 1513/1471 1518/1489 1517/1488
f 1513/1087 1519/1089 1518/1090
f 1513/1087 1514/1088 1519/1089
f 1516/1312 1521/1314 1520/1315
f 1516/1312 1522/1313 1521/1314
f 1514/1088 1520/1091 1519/1089
f 1514/1088 1516/1092 1520/1091
f 1472/1457 1510/1486 1473/1473
f 1472/1457 1515/1478 1510/1486
f 1473/1390 1511/1397 1474/1391
f 1473/1390 1510/1398 1511/1397
f 1515/1478 1512/1490 1510/1486
f 1515/1478 1517/1488 1512/1490
f 1522/1313 1523/1316 1521/1314
f 1423/873 1518/871 1434/869
f 1423/873 1505/885 1518/871
f 1505/885 1517/888 1518/871
f 1505/885 1506/889 1517/888
f 1506/889 1512/891 1517/888
f 1506/889 1509/892 1512/891
f 1434/869 1519/867 1443/866
f 1434/869 1518/871 1519/867
f 1443/866 1520/868 1445/870
f 1443/866 1519/867 1520/868
f 1469/78 1524/106 1508/107
f 1469/78 1487/82 1524/106
f 1487/82 1525/105 1524/106
f 1487/82 1488/104 1525/105
f 1508/921 1526/922 1511/920
f 1508/921 1524/923 1526/922
f 1524/923 1527/924 1526/922
f 1524/923 1525/925 1527/924
f 1488/926 1494/928 1498/927
f 1488/926 1491/929 1494/928
f 1488/926 1527/924 1525/925
f 1488/926 1498/927 1527/924
f 1474/1391 1526/1396 1497/1392
f 1474/1391 1511/1397 1526/1396
f 1497/1392 1527/1399 1498/1394
f 1497/1392 1526/1396 1527/1399
f 1427/505 1528/513 1516/507
f 1516/507 1529/524 1522/527
f 1516/507 1528/513 1529/524
f 1427/505 1530/512 1528/513
f 1427/505 1446/503 1530/512
f 1528/513 1531/523 1529/524
f 1528/513 1530/512 1531/523
f 1522/527 1532/525 1523/528
f 1522/527 1529/524 1532/525
f 1529/524 1531/523 1532/525
f 1523/528 1532/525 1533/539
f 1532/525 1534/541 1533/539
f 1446/503 1535/515 1530/512
f 1446/503 1448/504 1535/515
f 1530/512 1536/529 1531/523
f 1530/512 1535/515 1536/529
f 1448/504 1537/511 1535/515
f 1448/504 1447/502 1537/511
f 1449/546 1537/511 1447/502
f 1537/3926 1539/3928 1538/3929
f 1537/3926 1540/3927 1539/3928
f 1536/1162 1539/1163 1540/1164
f 1536/1162 1541/1165 1539/1163
f 1535/1158 1541/1160 1536/1161
f 1535/1158 1542/1159 1541/1160
f 1535/515 1538/549 1542/550
f 1535/515 1537/511 1538/549
f 1531/523 1543/526 1532/525
f 1531/523 1536/529 1543/526
f 1536/529 1544/530 1543/526
f 1536/529 1540/531 1544/530
f 1532/525 1545/542 1534/541
f 1532/525 1543/526 1545/542
f 1543/526 1546/547 1545/542
f 1543/526 1544/530 1546/547
f 1445/870 1547/872 1455/880
f 1445/870 1520/868 1547/872
f 1520/868 1548/886 1547/872
f 1520/868 1521/901 1548/886
f 1455/880 1547/872 1549/881
f 1547/872 1548/886 1549/881
f 1521/901 1533/902 1548/886
f 1521/901 1523/903 1533/902
f 1548/886 1534/905 1549/881
f 1548/886 1533/902 1534/905
f 1455/880 1542/897 1461/882
f 1455/880 1549/881 1542/897
f 1549/881 1541/904 1542/897
f 1461/882 1538/898 1464/913
f 1461/882 1542/897 1538/898
f 1549/881 1545/906 1541/904
f 1549/881 1534/905 1545/906
f 1541/904 1546/907 1539/908
f 1541/904 1545/906 1546/907
f 1553/3682 1555/3676 1554/3686
f 1203/3842 1204/3681 1553/3682
f 1203/3842 1554/3686 1298/3889
f 1203/3842 1553/3682 1554/3686
f 1556/3745 1558/3703 1557/3705
f 1556/3745 1554/3686 1558/3703
f 1296/3899 1554/3686 1556/3745
f 1296/3899 1298/3889 1554/3686
f 1296/3899 1557/3705 1294/3951
f 1296/3899 1556/3745 1557/3705
f 1554/3686 1559/3677 1558/3703
f 1554/3686 1555/3676 1559/3677
f 1560/3738 1562/3706 1561/3737
f 1560/3738 1557/3705 1562/3706
f 1295/3950 1557/3705 1560/3738
f 1295/3950 1294/3951 1557/3705
f 1295/3950 1561/3737 1303/3803
f 1295/3950 1560/3738 1561/3737
f 1561/3737 1562/3706 1563/3711
f 1303/3803 1563/3711 1305/3804
f 1303/3803 1561/3737 1563/3711
f 1557/3705 1564/3704 1562/3706
f 1557/3705 1558/3703 1564/3704
f 1558/3703 1565/3702 1564/3704
f 1558/3703 1559/3677 1565/3702
f 1562/3706 1564/3704 1566/3707
f 1564/3704 1567/3726 1566/3707
f 1564/3704 1565/3702 1567/3726
f 1568/3773 1563/3711 1569/3712
f 1304/4027 1563/3711 1568/3773
f 1304/4027 1305/3804 1563/3711
f 1304/4027 1568/3773 1318/3864
f 1563/3711 1570/3709 1569/3712
f 1563/3711 1562/3706 1570/3709
f 1568/3773 1569/3712 1320/3755
f 1318/3864 1568/3773 1320/3755
f 1562/3706 1571/3708 1570/3709
f 1562/3706 1566/3707 1571/3708
f 1566/3707 1327/3787 1571/3708
f 1566/3707 1567/3726 1327/3787
f 1362/4023 1327/3787 1567/3726
f 1362/4023 1329/3964 1327/3787
f 1327/3787 1328/3900 1571/3708
f 1320/3755 1572/3713 1324/3756
f 1320/3755 1569/3712 1572/3713
f 1569/3712 1570/3709 1572/3713
f 1325/4024 1324/3756 1408/3761
f 1324/3756 1572/3713 1408/3761
f 1570/3709 1573/3710 1572/3713
f 1570/3709 1571/3708 1573/3710
f 1328/3900 1573/3710 1571/3708
f 1328/3900 1330/3915 1573/3710
f 1572/3713 1573/3710 1574/3759
f 1573/3710 1330/3915 1574/3759
f 1553/3682 1575/3678 1555/3676
f 1204/3681 1575/3678 1553/3682
f 1555/3676 1576/3675 1559/3677
f 1575/3678 1577/3674 1555/3676
f 1204/3681 1246/3680 1575/3678
f 1575/3678 1260/3679 1577/3674
f 1246/3680 1260/3679 1575/3678
f 1555/3676 1577/3674 1576/3675
f 1577/3674 1578/3673 1576/3675
f 1559/3677 1579/3701 1565/3702
f 1559/3677 1576/3675 1579/3701
f 1362/4023 1567/3726 1350/3984
f 1565/3702 1579/3701 1567/3726
f 1349/3962 1567/3726 1579/3701
f 1349/3962 1350/3984 1567/3726
f 1349/3962 1580/3822 1351/3985
f 1349/3962 1579/3701 1580/3822
f 1576/3675 1580/3822 1579/3701
f 1351/3985 1581/3828 1353/3988
f 1351/3985 1580/3822 1581/3828
f 1576/3675 1581/3828 1580/3822
f 1576/3675 1578/3673 1581/3828
f 1260/3679 1582/3683 1577/3674
f 1260/3679 1261/3687 1582/3683
f 1261/3687 1583/3684 1582/3683
f 1261/3687 1262/3693 1583/3684
f 1263/3714 1583/3684 1262/3693
f 1263/3714 1354/3833 1583/3684
f 1577/3674 1584/3671 1578/3673
f 1577/3674 1582/3683 1584/3671
f 1582/3683 1583/3684 1584/3671
f 1585/3798 3721/3753 1265/3801
f 1264/3700 1265/3801 3722/3832
f 3722/3832 1263/3714 1264/3700
f 3723/3685 1584/3671 1583/3684
f 3721/3753 1584/3671 3723/3685
f 1586/3670 1584/3671 3721/3753
f 3721/3753 1355/3817 1586/3670
f 3722/3832 3723/3685 1354/3833
f 1354/3833 3723/3685 1583/3684
f 1578/3673 1587/3672 1581/3828
f 1578/3673 1584/3671 1587/3672
f 1352/3986 1588/3902 1385/3987
f 1352/3986 1353/3988 1588/3902
f 1581/3828 1588/3902 1353/3988
f 1581/3828 1587/3672 1588/3902
f 1589/3722 1586/3670 3724/3723
f 3724/3723 1590/3744 1589/3722
f 1584/3671 1591/3661 1587/3672
f 1584/3671 1586/3670 1591/3661
f 1586/3670 1592/3669 1591/3661
f 1586/3670 1589/3722 1592/3669
f 1384/3968 1593/3735 1387/3967
f 1384/3968 1385/3987 1593/3735
f 1588/3902 1593/3735 1385/3987
f 1588/3902 1587/3672 1593/3735
f 1587/3672 1591/3661 1593/3735
f 1591/3661 1592/3669 1594/3660
f 1593/3735 1595/3659 1389/3734
f 1593/3735 1591/3661 1595/3659
f 1387/3967 1593/3735 1389/3734
f 1591/3661 1594/3660 1595/3659
f 1595/3659 1594/3660 1596/3658
f 1389/3734 1597/3625 1391/3639
f 1389/3734 1595/3659 1597/3625
f 1595/3659 1596/3658 1597/3625
f 1408/3761 1572/3713 1598/3760
f 1408/3761 1598/3760 1407/3813
f 1407/3813 1599/3762 1409/4095
f 1407/3813 1598/3760 1599/3762
f 1572/3713 1600/3668 1598/3760
f 1572/3713 1574/3759 1600/3668
f 1574/3759 1601/3778 1600/3668
f 1574/3759 1330/3915 1601/3778
f 1375/3953 1601/3778 1330/3915
f 1598/3760 1600/3668 1599/3762
f 1413/4093 1599/3762 1414/3782
f 1413/4093 1602/4094 1599/3762
f 1409/534 1602/535 1413/533
f 1409/4095 1599/3762 1602/4094
f 1414/3782 1599/3762 1603/3727
f 1599/3762 1600/3668 1603/3727
f 1600/3668 1604/3666 1603/3727
f 1415/4045 1603/3727 1449/3754
f 1414/3782 1603/3727 1415/4045
f 1601/3778 1605/3667 1600/3668
f 1375/3953 1605/3667 1601/3778
f 1499/3931 1502/3629 1606/3728
f 1375/3953 1606/3728 1605/3667
f 1375/3953 1499/3931 1606/3728
f 1500/3930 1502/3629 1499/3931
f 1500/3930 1501/3802 1502/3629
f 1600/3668 1605/3667 1604/3666
f 1605/3667 1607/3653 1604/3666
f 1605/3667 1606/3728 1607/3653
f 1604/3666 1449/3754 1603/3727
f 1604/3666 1608/3650 1449/3754
f 1604/3666 1607/3653 1608/3650
f 1606/3728 1609/3628 1607/3653
f 1606/3728 1502/3629 1609/3628
f 1607/3653 1609/3628 1608/3650
f 1609/3628 1610/3651 1608/3650
f 1390/3640 1611/3624 1503/3664
f 1390/3640 1391/3639 1611/3624
f 1501/3802 1612/3627 1502/3629
f 1501/3802 1503/3664 1612/3627
f 1503/3664 1613/3636 1612/3627
f 1503/3664 1611/3624 1613/3636
f 1391/3639 1597/3625 1611/3624
f 1597/3625 1596/3658 1614/3637
f 1597/3625 1615/3623 1611/3624
f 1597/3625 1614/3637 1615/3623
f 1616/3779 1615/3623 1614/3637
f 1616/3779 1617/3749 1615/3623
f 1502/3629 1612/3627 1609/3628
f 1550/3742 1618/3652 1552/3743
f 1550/3742 1610/3651 1618/3652
f 1609/3628 1618/3652 1610/3651
f 1552/3743 1618/3652 1619/3626
f 1609/3628 1619/3626 1618/3652
f 1609/3628 1612/3627 1619/3626
f 1613/3636 1620/3635 1612/3627
f 1613/3636 1611/3624 1620/3635
f 1611/3624 1621/3621 1620/3635
f 1611/3624 1615/3623 1621/3621
f 1612/3627 1622/3619 1619/3626
f 1612/3627 1620/3635 1622/3619
f 1620/3635 1621/3621 1622/3619
f 1537/3926 1623/3736 1540/3927
f 1537/3926 1449/3754 1623/3736
f 1449/3754 1608/3650 1623/3736
f 1540/3927 1624/3648 1544/4087
f 1540/3927 1623/3736 1624/3648
f 1608/3650 1624/3648 1623/3736
f 1608/3650 1625/3649 1624/3648
f 1608/3650 1610/3651 1625/3649
f 1550/3742 1625/3649 1610/3651
f 1550/3742 1551/3741 1625/3649
f 1624/3648 1627/3605 1626/3647
f 1624/3648 1625/3649 1627/3605
f 1544/530 1626/548 1546/547
f 1544/4087 1624/3648 1626/3647
f 1464/3886 1628/3662 1463/3740
f 1464/3886 1538/3929 1628/3662
f 1538/3929 1539/3928 1628/3662
f 1466/3814 1463/3740 1629/3657
f 1463/3740 1628/3662 1629/3657
f 1628/3662 1626/3647 1630/3600
f 1539/3928 1626/3647 1628/3662
f 1539/908 1546/907 1626/909
f 1626/3647 1631/3599 1630/3600
f 1626/3647 1627/3605 1631/3599
f 1628/3662 1630/3600 1629/3657
f 1625/3649 1551/3741 1627/3605
f 1551/3741 1632/3606 1627/3605
f 1551/3741 1633/3631 1632/3606
f 1550/3742 1633/3631 1551/3741
f 1550/3742 1552/3743 1633/3631
f 1619/3626 1634/3618 1633/3631
f 1619/3626 1622/3619 1634/3618
f 1552/3743 1619/3626 1633/3631
f 1622/3619 1635/3617 1634/3618
f 1633/3631 1636/3612 1632/3606
f 1633/3631 1634/3618 1636/3612
f 1634/3618 1635/3617 1636/3612
f 1627/3605 1637/3598 1631/3599
f 1627/3605 1632/3606 1637/3598
f 1632/3606 1638/3603 1637/3598
f 1632/3606 1636/3612 1638/3603
f 1636/3612 1639/3614 1638/3603
f 1636/3612 1635/3617 1639/3614
f 671/4715 554/4714 688/4717
f 554/4714 697/4718 688/4717
f 1392/4724 697/4718 554/4714
f 1392/4724 1432/4743 697/4718
f 1441/10 1454/11 1432/12
f 1457/4061 1459/4012 1640/4054
f 1454/4744 1457/4751 1640/4750
f 1640/4054 1459/4012 1641/4015
f 1465/3869 1466/3814 1642/3812
f 1465/3869 1644/3874 1643/3934
f 1459/4012 1643/3934 1641/4015
f 1459/4012 1465/3869 1643/3934
f 1465/3869 1645/3810 1644/3874
f 1465/3869 1642/3812 1645/3810
f 1432/4743 1454/4744 697/4718
f 697/4718 1454/4744 1646/4749
f 1454/4744 1640/4750 1646/4749
f 1644/3874 1645/3810 1647/3820
f 1643/3934 1644/3874 1648/3932
f 1641/4015 1643/3934 1648/3932
f 1648/3932 1644/3874 1649/3873
f 1644/3874 1647/3820 1649/3873
f 1466/3814 1629/3657 1642/3812
f 1642/3812 1629/3657 1645/3810
f 1645/3810 1650/3811 1647/3820
f 1640/4054 1641/4015 1651/4052
f 1646/4749 1640/4750 1651/4756
f 1651/4052 1641/4015 1652/4020
f 1641/4015 1648/3932 1652/4020
f 1650/3811 1653/3655 1654/3809
f 1647/3820 1650/3811 1654/3809
f 1629/3657 1630/3600 1655/3608
f 1630/3600 1656/3594 1655/3608
f 1630/3600 1631/3599 1656/3594
f 1629/3657 1655/3608 1657/3656
f 1629/3657 1657/3656 1645/3810
f 1645/3810 1657/3656 1650/3811
f 1631/3599 1637/3598 1656/3594
f 1637/3598 1658/3595 1656/3594
f 1637/3598 1638/3603 1658/3595
f 1658/3595 1638/3603 1660/3604
f 1638/3603 1661/3613 1660/3604
f 1638/3603 1639/3614 1661/3613
f 1657/3656 1655/3608 1653/3655
f 1650/3811 1657/3656 1653/3655
f 1639/3614 1662/3643 1661/3613
f 1653/3655 1655/3608 1663/3609
f 1655/3608 1664/3597 1663/3609
f 1655/3608 1656/3594 1664/3597
f 1664/3597 1656/3594 1665/3596
f 1656/3594 1658/3595 1665/3596
f 1658/3595 1660/3604 1665/3596
f 1653/3655 1663/3609 1666/3607
f 1663/3609 1664/3597 1666/3607
f 1665/3596 1660/3604 1667/3601
f 1660/3604 1661/3613 1667/3601
f 1667/3601 1661/3613 1668/3615
f 228/1620 704/1618 1045/1625
f 708/1621 710/1626 1669/1624
f 704/1618 1669/1624 1045/1625
f 704/1618 708/1621 1669/1624
f 1669/2625 710/2562 1670/2598
f 1671/1630 1669/1624 1672/1640
f 1669/2625 1670/2598 1672/2599
f 1045/1625 1669/1624 1671/1630
f 1045/1625 1674/1631 1673/1632
f 1045/1625 1671/1630 1674/1631
f 1068/1634 1045/1625 1673/1632
f 1673/1632 1674/1631 1675/1633
f 1068/1634 1673/1632 1070/1635
f 1131/1643 1676/1639 1132/1648
f 1131/1643 1070/1635 1676/1639
f 1673/1632 1676/1639 1070/1635
f 1673/1632 1675/1633 1676/1639
f 710/2562 769/2479 1677/2481
f 1670/2598 1677/2481 1678/2482
f 710/2562 1677/2481 1670/2598
f 769/2479 1679/2421 1677/2481
f 769/2479 770/2453 1679/2421
f 1677/2481 1679/2421 1678/2482
f 1670/2598 1678/2482 1672/2599
f 1672/2599 1678/2482 1680/2544
f 1678/2482 1681/2483 1680/2544
f 770/2453 771/2418 1679/2421
f 771/2418 1682/2371 1679/2421
f 771/2418 772/2370 1682/2371
f 1679/2421 1682/2371 1683/2411
f 1678/2482 1679/2421 1684/2429
f 1683/2411 1682/2371 1685/2391
f 1679/2421 1683/2411 1684/2429
f 1672/2599 1680/2544 1674/2600
f 1671/1630 1672/1640 1674/1631
f 1681/2483 1686/2450 1687/2484
f 1680/2544 1687/2484 1674/2600
f 1680/2544 1681/2483 1687/2484
f 1678/2482 1684/2429 1681/2483
f 1681/2483 1684/2429 1686/2450
f 1683/2411 1685/2391 1684/2429
f 1684/2429 1685/2391 1688/2392
f 1684/2429 1688/2392 1686/2450
f 772/2370 775/2369 1682/2371
f 1685/2391 1682/2371 1689/2373
f 1682/2371 775/2369 1690/2372
f 1682/2371 1690/2372 1689/2373
f 1685/2391 1689/2373 1688/2392
f 1688/2392 1689/2373 1691/2375
f 1690/2372 1692/2374 1689/2373
f 1689/2373 1692/2374 1691/2375
f 1676/1639 1694/1650 1693/1649
f 1676/1639 1675/1633 1694/1650
f 1675/1633 1674/1631 1694/1650
f 1676/1639 1693/1649 1132/1648
f 1694/1650 1695/1663 1693/1649
f 1694/2585 1696/2527 1695/2549
f 1694/2585 1687/2484 1696/2527
f 1687/2484 1686/2450 1696/2527
f 1674/2600 1687/2484 1694/2585
f 1206/1667 1132/1648 1207/1666
f 1132/1648 1693/1649 1207/1666
f 1207/1666 1693/1649 1697/1670
f 1693/1649 1695/1663 1697/1670
f 1686/2450 1698/2480 1696/2527
f 1696/2527 1698/2480 1695/2549
f 1698/2480 1686/2450 1699/2440
f 1686/2450 1688/2392 1699/2440
f 1698/2480 1699/2440 1700/2511
f 1697/2612 1702/2542 1701/2543
f 1697/2612 1695/2549 1702/2542
f 1695/2549 1698/2480 1702/2542
f 1698/2480 1700/2511 1702/2542
f 1701/2543 1704/2510 1703/2512
f 1702/2542 1704/2510 1701/2543
f 1702/2542 1700/2511 1704/2510
f 1206/1667 1207/1666 1705/1671
f 1705/1671 1697/1670 1706/1672
f 1697/1670 1701/1676 1706/1672
f 1207/1666 1697/1670 1705/1671
f 1216/4110 1705/4108 1222/4074
f 1206/1667 1705/1671 1216/1673
f 1701/1676 1703/1679 1706/1672
f 1222/4074 1707/4073 1228/4072
f 1222/4074 1705/4108 1707/4073
f 1705/4108 1706/4109 1707/4073
f 1688/2392 1708/2378 1699/2440
f 1688/2392 1691/2375 1708/2378
f 1700/2511 1699/2440 1709/2438
f 1699/2440 1708/2378 1709/2438
f 1700/2511 1709/2438 1710/2465
f 1700/2511 1710/2465 1704/2510
f 1710/2465 1709/2438 1711/2437
f 1709/2438 1708/2378 1711/2437
f 1710/2465 1711/2437 1712/2464
f 1691/2375 1692/2374 1708/2378
f 1692/2374 1714/2379 1708/2378
f 1708/2378 1714/2379 1713/2385
f 1708/2378 1715/2393 1711/2437
f 1708/2378 1713/2385 1715/2393
f 1703/2512 1716/2525 1706/2645
f 1703/2512 1717/2466 1716/2525
f 1704/2510 1717/2466 1703/2512
f 1704/2510 1710/2465 1717/2466
f 1710/2465 1712/2464 1717/2466
f 1716/2525 1719/2524 1718/2564
f 1717/2466 1719/2524 1716/2525
f 1227/4064 1720/4062 1226/4055
f 1227/4064 1228/4072 1720/4062
f 1228/4072 1707/4073 1720/4062
f 1706/4109 1716/4098 1707/4073
f 1720/4062 1722/4075 1721/4063
f 1720/4062 1707/4073 1722/4075
f 1716/4098 1722/4075 1707/4073
f 1716/4098 1718/4092 1722/4075
f 1249/3907 1226/4055 1720/4062
f 1717/2466 1712/2464 1719/2524
f 1712/2464 1711/2437 1723/2439
f 1711/2437 1715/2393 1723/2439
f 1712/2464 1724/2526 1719/2524
f 1712/2464 1723/2439 1724/2526
f 1249/3907 1725/4048 1251/3870
f 1249/3907 1720/4062 1725/4048
f 1720/4062 1721/4063 1725/4048
f 1722/4075 1726/4091 1721/4063
f 1725/4048 1721/4063 1727/4065
f 1726/4091 1727/4065 1721/4063
f 1722/4075 1718/4092 1726/4091
f 1726/2636 1718/2564 1728/2565
f 1719/2524 1728/2565 1718/2564
f 1719/2524 1724/2526 1728/2565
f 1251/3870 1729/3845 1265/3801
f 1725/4048 1729/3845 1251/3870
f 866/2358 1730/2377 775/2369
f 775/2369 1730/2377 1690/2372
f 866/2358 867/2352 1730/2377
f 1690/2372 1731/2376 1692/2374
f 1690/2372 1730/2377 1731/2376
f 1730/2377 867/2352 1731/2376
f 1731/2376 1732/2342 1692/2374
f 870/2341 871/2316 1733/2317
f 867/2352 1732/2342 1731/2376
f 867/2352 870/2341 1732/2342
f 870/2341 1733/2317 1732/2342
f 1732/2342 1733/2317 1734/2318
f 1340/802 1736/803 1735/804
f 1340/802 1344/801 1736/803
f 1337/800 1344/801 1340/802
f 1337/800 1338/799 1344/801
f 1713/2385 1737/2389 1715/2393
f 1340/114 1738/115 1339/64
f 1340/114 1735/116 1738/115
f 1735/1435 1739/1432 1738/1436
f 1735/1435 1736/1438 1739/1432
f 1339/64 1740/89 1345/63
f 1339/64 1738/115 1740/89
f 1740/1437 1742/1433 1741/1439
f 1738/1436 1742/1433 1740/1437
f 1738/1436 1739/1432 1742/1433
f 1344/1430 1739/1432 1736/1438
f 1344/1430 1347/1431 1739/1432
f 1347/1431 1742/1433 1739/1432
f 1347/1431 1348/1451 1742/1433
f 1713/2385 1743/2386 1737/2389
f 1692/2374 1744/2355 1714/2379
f 1692/2374 1732/2342 1744/2355
f 1713/2385 1714/2379 1743/2386
f 1724/2526 1723/2439 1745/2455
f 1724/2526 1745/2455 1728/2565
f 1727/4065 1728/4106 1746/3911
f 1726/4091 1728/4106 1727/4065
f 1723/2439 1715/2393 1745/2455
f 1745/2455 1746/2588 1728/2565
f 1745/2455 1747/2456 1746/2588
f 1737/2389 1748/2400 1715/2393
f 1737/2389 1743/2386 1749/2384
f 1737/2389 1749/2384 1748/2400
f 1715/2393 1747/2456 1745/2455
f 1715/2393 1748/2400 1747/2456
f 1747/2456 1750/2589 1746/2588
f 1748/2400 1751/2457 1747/2456
f 1345/63 1740/89 1752/79
f 1740/89 1753/109 1752/79
f 1740/89 1741/110 1753/109
f 1345/63 1754/68 1359/62
f 1345/63 1752/79 1754/68
f 1752/79 1755/97 1754/68
f 1752/79 1753/109 1755/97
f 1741/1439 1756/1440 1753/1441
f 1753/1441 1757/1442 1755/1443
f 1753/1441 1756/1440 1757/1442
f 1348/1451 1758/1480 1742/1433
f 1348/1451 1360/1450 1758/1480
f 1742/1433 1756/1440 1741/1439
f 1742/1433 1758/1480 1756/1440
f 1758/1480 1757/1442 1756/1440
f 1754/68 1755/97 1759/98
f 1359/62 1760/81 1361/59
f 1359/62 1754/68 1760/81
f 1754/68 1759/98 1760/81
f 1755/1443 1757/1442 1759/1444
f 1759/1444 1757/1442 1761/1445
f 1360/1450 1762/1481 1758/1480
f 1758/1480 1762/1481 1757/1442
f 1360/1450 1763/1483 1762/1481
f 1762/1481 1761/1445 1757/1442
f 1762/1481 1763/1483 1761/1445
f 1743/2386 1714/2379 1764/2356
f 1714/2379 1744/2355 1764/2356
f 1732/2342 1765/2335 1744/2355
f 1732/2342 1734/2318 1765/2335
f 1734/2318 1766/2323 1765/2335
f 1765/2335 1766/2323 1767/2329
f 1744/2355 1765/2335 1764/2356
f 1765/2335 1767/2329 1768/2336
f 1743/2386 1764/2356 1749/2384
f 1770/3719 1769/3720 1772/3788
f 1750/2589 1747/2456 1773/2558
f 1751/2457 1773/2558 1747/2456
f 1748/2400 1774/2399 1751/2457
f 1770/3719 1772/3788 1776/3718
f 1776/3718 1778/3780 1777/3717
f 1774/2399 1779/2427 1751/2457
f 1751/2457 1775/2557 1773/2558
f 1751/2457 1779/2427 1775/2557
f 1780/2605 1782/2586 1781/2623
f 1780/2605 1775/2557 1782/2586
f 1779/2427 1782/2586 1775/2557
f 1779/2427 1783/2587 1782/2586
f 1748/2400 1749/2384 1774/2399
f 1764/2356 1765/2335 1768/2336
f 1774/2399 1749/2384 1768/2336
f 1764/2356 1768/2336 1749/2384
f 1768/2336 1779/2427 1774/2399
f 871/2316 1784/2306 1733/2317
f 871/2316 900/2308 1784/2306
f 900/2308 902/2309 1784/2306
f 1733/2317 1785/2307 1734/2318
f 1733/2317 1784/2306 1785/2307
f 1784/2306 1787/2305 1785/2307
f 1734/2318 1785/2307 1786/2322
f 1785/2307 1788/2321 1786/2322
f 902/2309 901/2310 1789/2304
f 902/2309 1789/2304 1784/2306
f 901/2310 907/2302 1789/2304
f 1789/2304 907/2302 1790/2303
f 907/2302 1791/2301 1790/2303
f 907/2302 908/2298 1791/2301
f 1784/2306 1789/2304 1787/2305
f 1787/2305 1788/2321 1785/2307
f 1789/2304 1790/2303 1787/2305
f 1792/2334 1788/2321 1793/2324
f 1787/2305 1793/2324 1788/2321
f 1787/2305 1790/2303 1793/2324
f 1790/2303 1791/2301 1794/2409
f 1790/2303 1794/2409 1793/2324
f 1361/59 1795/94 1477/61
f 1361/59 1760/81 1795/94
f 1760/81 1796/96 1795/94
f 1760/81 1759/98 1796/96
f 1477/61 1797/95 1479/99
f 1477/61 1795/94 1797/95
f 1795/939 1799/941 1798/940
f 1795/939 1796/942 1799/941
f 1795/939 1800/937 1797/938
f 1795/939 1798/940 1800/937
f 1759/1444 1799/1446 1796/1447
f 1759/1444 1761/1445 1799/1446
f 1360/1450 1798/1485 1763/1483
f 1360/1450 1483/1470 1798/1485
f 1763/1483 1799/1446 1761/1445
f 1763/1483 1798/1485 1799/1446
f 1483/943 1800/937 1798/940
f 1483/943 1485/935 1800/937
f 1479/934 1800/937 1485/935
f 1479/934 1797/938 1800/937
f 1479/934 1493/932 1490/933
f 1479/934 1485/935 1493/932
f 1734/2318 1786/2322 1766/2323
f 1767/2329 1801/2330 1768/2336
f 1767/2329 1802/2328 1801/2330
f 1766/2323 1802/2328 1767/2329
f 1786/2322 1803/2325 1766/2323
f 1786/2322 1788/2321 1803/2325
f 1766/2323 1803/2325 1802/2328
f 1802/2328 1804/2331 1801/2330
f 1781/2623 1782/2586 1783/2587
f 1781/1072 1783/1067 1805/1063
f 1783/1067 1806/1035 1805/1063
f 1768/2336 1801/2330 1808/2337
f 1783/2587 1809/2428 1806/2624
f 1783/2587 1779/2427 1809/2428
f 1768/2336 1809/2428 1779/2427
f 1768/2336 1808/2337 1809/2428
f 1801/2330 1804/2331 1808/2337
f 1806/2624 1809/2428 1807/2629
f 1788/2321 1810/2332 1803/2325
f 1788/2321 1792/2334 1810/2332
f 1802/2328 1803/2325 1811/2333
f 1802/2328 1811/2333 1804/2331
f 1803/2325 1810/2332 1811/2333
f 1793/2324 1812/2388 1792/2334
f 1793/2324 1794/2409 1812/2388
f 1810/2332 1792/2334 1813/2344
f 1810/2332 1814/2346 1811/2333
f 1810/2332 1813/2344 1814/2346
f 1815/1031 1806/1035 1807/1022
f 1815/1031 1807/1022 1816/1021
f 1817/1037 1818/1020 1659/1038
f 1815/1031 1816/1021 1818/1020
f 1818/1020 1816/1021 1819/1019
f 1807/1022 1819/1019 1816/1021
f 1804/2331 1820/2338 1808/2337
f 1811/2333 1821/2345 1804/2331
f 1804/2331 1821/2345 1820/2338
f 1808/2337 1820/2338 1809/2428
f 1807/2629 1809/2428 1822/2475
f 1820/2338 1822/2475 1809/2428
f 1811/2333 1814/2346 1821/2345
f 1265/3801 1823/3796 1585/3798
f 1265/3801 1729/3845 1823/3796
f 1727/4065 1729/3845 1725/4048
f 1727/4065 1746/3911 1729/3845
f 1824/3794 3724/3723 3725/3797
f 3725/3797 1823/3796 1824/3794
f 3726/3739 1823/3796 3725/3797
f 1585/3798 1823/3796 3726/3739
f 3726/3739 1355/3817 1585/3798
f 1823/3796 1825/3795 1824/3794
f 1823/3796 1729/3845 1825/3795
f 1746/3911 1825/3795 1729/3845
f 1824/3794 1827/3793 1826/3724
f 1824/3794 1825/3795 1827/3793
f 1590/3744 1824/3794 1826/3724
f 1589/3722 1828/3721 1592/3669
f 1589/3722 1826/3724 1828/3721
f 1590/3744 1826/3724 1589/3722
f 1769/3720 1828/3721 1771/3725
f 1826/3724 1771/3725 1828/3721
f 1826/3724 1827/3793 1771/3725
f 1825/3795 1746/3911 1827/3793
f 1827/3793 1750/3792 1771/3725
f 1827/3793 1746/3911 1750/3792
f 1769/3720 1592/3669 1828/3721
f 1769/3720 1770/3719 1592/3669
f 1594/3660 1592/3669 1829/3716
f 1770/3719 1829/3716 1592/3669
f 1771/3725 1750/3792 1830/3789
f 1750/2589 1773/2558 1830/2613
f 1771/3725 1830/3789 1769/3720
f 1773/2558 1775/2557 1830/2613
f 1769/3720 1830/3789 1772/3788
f 1594/3660 1829/3716 1596/3658
f 1770/3719 1776/3718 1829/3716
f 1596/3658 1829/3716 1777/3717
f 1776/3718 1777/3717 1829/3716
f 1772/3788 1830/3789 1780/3790
f 1775/2557 1780/2605 1830/2613
f 1772/3788 1780/3790 1831/3791
f 1776/3718 1831/3791 1778/3780
f 1776/3718 1772/3788 1831/3791
f 3728/3777 1616/3779 1614/3637
f 3727/3752 1596/3658 1777/3717
f 3728/3777 1596/3658 3727/3752
f 1614/3637 1596/3658 3728/3777
f 3729/3751 1832/3750 1617/3749
f 3727/3752 1832/3750 3729/3751
f 1831/3791 1832/3750 3727/3752
f 3727/3752 1778/3780 1831/3791
f 1617/3749 3728/3777 3729/3751
f 1831/1073 1780/1074 1833/1071
f 1781/1072 1833/1071 1780/1074
f 1831/1073 1833/1071 1832/1042
f 1781/1072 1805/1063 1833/1071
f 1615/3623 1834/3622 1621/3621
f 1615/3623 1617/3749 1834/3622
f 1617/3749 1835/3630 1834/3622
f 1617/3749 1832/3750 1835/3630
f 1621/3621 1836/3620 1622/3619
f 1621/3621 1834/3622 1836/3620
f 1834/3622 1835/3630 1836/3620
f 1832/1042 1837/1041 1835/1040
f 1832/1042 1833/1071 1837/1041
f 1805/1063 1837/1041 1833/1071
f 1805/1063 1806/1035 1837/1041
f 1815/1031 1837/1041 1806/1035
f 1815/1031 1835/1040 1837/1041
f 1622/3619 1836/3620 1635/3617
f 1836/3620 1835/3630 1817/3641
f 1815/1031 1817/1037 1835/1040
f 1635/3617 1817/3641 1639/3614
f 1635/3617 1836/3620 1817/3641
f 1815/1031 1818/1020 1817/1037
f 1817/3641 1659/3642 1639/3614
f 908/2298 947/2294 1838/2297
f 947/2294 1839/2296 1838/2297
f 947/2294 949/2293 1839/2296
f 908/2298 1840/2299 1791/2301
f 908/2298 1838/2297 1840/2299
f 1838/2297 1839/2296 1840/2299
f 1840/2299 1839/2296 1841/2300
f 1791/2301 1842/2451 1794/2409
f 1791/2301 1840/2299 1842/2451
f 1841/2300 1843/2471 1840/2299
f 1840/2299 1844/2497 1842/2451
f 1840/2299 1843/2471 1844/2497
f 949/2293 1846/2295 1839/2296
f 949/2293 950/2292 1846/2295
f 1841/2300 1847/2473 1843/2471
f 1841/2300 1848/2472 1847/2473
f 1847/2473 1849/2488 1843/2471
f 1847/2473 1848/2472 1849/2488
f 1794/2409 1850/2436 1812/2388
f 1794/2409 1842/2451 1850/2436
f 1812/2388 1850/2436 1851/2387
f 1792/2334 1812/2388 1851/2387
f 1850/2436 1842/2451 1852/2474
f 1813/2344 1853/2415 1814/2346
f 1851/2387 1853/2415 1813/2344
f 1851/2387 1850/2436 1853/2415
f 1792/2334 1851/2387 1813/2344
f 1850/2436 1854/2460 1853/2415
f 1850/2436 1852/2474 1854/2460
f 1853/2415 1854/2460 1855/2430
f 1814/2346 1853/2415 1855/2430
f 1842/2451 1844/2497 1852/2474
f 1844/2497 1845/2498 1852/2474
f 1854/2460 1852/2474 1856/2496
f 1852/2474 1845/2498 1857/2499
f 1852/2474 1857/2499 1856/2496
f 1659/1038 1818/1020 1858/1028
f 1818/1020 1859/1003 1858/1028
f 1818/1020 1819/1019 1859/1003
f 1807/1022 1860/1018 1819/1019
f 1860/1018 1859/1003 1819/1019
f 1860/1018 1861/997 1859/1003
f 1814/2346 1862/2354 1821/2345
f 1821/2345 1863/2398 1820/2338
f 1821/2345 1862/2354 1863/2398
f 1862/2354 1855/2430 1864/2444
f 1814/2346 1855/2430 1862/2354
f 1862/2354 1865/2452 1863/2398
f 1862/2354 1864/2444 1865/2452
f 1807/1022 1866/1050 1860/1018
f 1807/1022 1822/1051 1866/1050
f 1820/2338 1866/2476 1822/2475
f 1820/2338 1863/2398 1866/2476
f 1863/2398 1865/2452 1866/2476
f 1854/2460 1867/2461 1855/2430
f 1854/2460 1856/2496 1867/2461
f 1865/2452 1864/2444 1868/2609
f 1855/2430 1867/2461 1864/2444
f 1868/2609 1864/2444 1869/2559
f 1867/2461 1869/2559 1864/2444
f 1867/2461 1870/2540 1869/2559
f 1867/2461 1856/2496 1870/2540
f 1860/1018 1866/1050 1871/1048
f 1865/2452 1871/2604 1866/2476
f 1865/2452 1868/2609 1871/2604
f 1860/1018 1871/1048 1861/997
f 1844/2497 1843/2471 1845/2498
f 1843/2471 1872/2500 1845/2498
f 1857/2499 1845/2498 1873/2519
f 1845/2498 1874/2520 1873/2519
f 1845/2498 1872/2500 1874/2520
f 1872/2500 1875/2521 1874/2520
f 1639/3614 1659/3642 1662/3643
f 1659/1038 1876/1029 1662/1039
f 1659/1038 1858/1028 1876/1029
f 1858/1028 1859/1003 1877/1004
f 1859/1003 1861/997 1877/1004
f 1858/1028 1877/1004 1876/1029
f 1662/1039 1876/1029 1878/1065
f 1857/2499 1879/2506 1856/2496
f 1857/2499 1873/2519 1879/2506
f 1869/2559 1870/2540 1880/2648
f 1856/2496 1879/2506 1870/2540
f 1879/2506 1882/2522 1881/2577
f 1873/2519 1874/2520 1882/2522
f 1873/2519 1882/2522 1879/2506
f 1880/1049 1881/1083 1883/1052
f 1880/2648 1870/2540 1881/2577
f 1879/2506 1881/2577 1870/2540
f 1871/1048 1880/1049 1861/997
f 1871/1048 1868/1086 1880/1049
f 1869/2559 1880/2648 1868/2609
f 1861/997 1880/1049 1883/1052
f 1881/2577 1885/2523 1884/2570
f 1881/2577 1882/2522 1885/2523
f 1874/2520 1885/2523 1882/2522
f 1874/2520 1875/2521 1885/2523
f 1883/1052 1887/1054 1886/1053
f 1883/1052 1881/1083 1887/1054
f 1881/2577 1884/2570 1887/2659
f 1875/2521 1884/2570 1885/2523
f 1875/2521 1888/2576 1884/2570
f 1861/997 1883/1052 1886/1053
f 1843/2471 1849/2488 1872/2500
f 1849/2488 1889/2501 1872/2500
f 1872/2500 1891/2504 1890/2505
f 1875/2521 1890/2505 1888/2576
f 1872/2500 1890/2505 1875/2521
f 950/2292 1892/2248 1846/2295
f 1846/2295 1893/2287 1839/2296
f 986/2267 987/2231 1892/2248
f 950/2292 986/2267 1892/2248
f 1846/2295 1892/2248 1893/2287
f 1839/2296 1893/2287 1841/2300
f 1841/2300 1893/2287 1848/2472
f 1848/2472 1894/2487 1849/2488
f 1849/2488 1894/2487 1889/2501
f 1893/2287 1895/2260 1848/2472
f 1893/2287 1892/2248 1895/2260
f 1848/2472 1896/2261 1894/2487
f 1848/2472 1895/2260 1896/2261
f 1894/2487 1896/2261 1897/2502
f 1896/2261 1898/2255 1897/2502
f 987/2231 996/2202 1892/2248
f 1892/2248 996/2202 1899/2196
f 996/2202 1900/2174 1899/2196
f 997/2161 1000/2143 1901/2170
f 996/2202 997/2161 1901/2170
f 1000/2143 1001/2112 1902/2108
f 1901/2170 1000/2143 1903/2140
f 996/2202 1901/2170 1903/2140
f 1900/2174 1903/2140 1904/2127
f 996/2202 1903/2140 1900/2174
f 1000/2143 1905/2109 1903/2140
f 1000/2143 1902/2108 1905/2109
f 1892/2248 1899/2196 1895/2260
f 1899/2196 1900/2174 1906/2173
f 1895/2260 1906/2173 1896/2261
f 1895/2260 1899/2196 1906/2173
f 1896/2261 1906/2173 1898/2255
f 1900/2174 1907/2158 1906/2173
f 1900/2174 1904/2127 1907/2158
f 1906/2173 1907/2158 1908/2159
f 1907/2158 1909/2126 1908/2159
f 1908/2159 1909/2126 1910/2128
f 1903/2140 1905/2109 1904/2127
f 1907/2158 1904/2127 1909/2126
f 1662/3643 1878/3644 1661/3613
f 1878/1065 1876/1029 1911/1064
f 1888/2576 1912/2590 1884/2570
f 1886/1053 1887/1054 1913/996
f 1887/1054 1914/1055 1913/996
f 1884/2570 1912/2590 1914/2657
f 1884/2570 1914/2657 1887/2659
f 1912/1070 1913/996 1914/1055
f 1912/1070 1915/1085 1913/996
f 1915/2660 1916/2661 1913/2662
f 1913/37 1861/38 1886/39
f 1911/1064 1876/1029 1917/1030
f 1876/1029 1877/1004 1917/1030
f 1917/1030 1877/1004 1918/992
f 1916/43 1919/44 1913/45
f 1913/996 1919/998 1920/993
f 1877/1004 1861/997 1918/992
f 1889/2501 1894/2487 1897/2502
f 1889/2501 1897/2502 1921/2503
f 1872/2500 1889/2501 1891/2504
f 1888/2576 1890/2505 1922/2507
f 1891/2504 1922/2507 1890/2505
f 1889/2501 1921/2503 1891/2504
f 1922/2507 1924/2513 1923/2514
f 1891/2504 1924/2513 1922/2507
f 1891/2504 1921/2503 1924/2513
f 1897/2502 1926/2531 1925/2532
f 1897/2502 1898/2255 1926/2531
f 1897/2502 1927/2509 1921/2503
f 1921/2503 1923/2514 1924/2513
f 1921/2503 1927/2509 1923/2514
f 1928/2638 1930/2560 1929/2656
f 1928/2638 1923/2514 1930/2560
f 1927/2509 1930/2560 1923/2514
f 1927/2509 1931/2535 1930/2560
f 1927/2509 1925/2532 1931/2535
f 1925/2532 1926/2531 1931/2535
f 1897/2502 1925/2532 1927/2509
f 1922/2507 1923/2514 1912/2590
f 1888/2576 1922/2507 1912/2590
f 1915/2660 1912/2590 1928/2638
f 1923/2514 1928/2638 1912/2590
f 1915/2660 1929/2656 1916/2661
f 1915/2660 1928/2638 1929/2656
f 1898/2255 1932/2275 1926/2531
f 1929/2656 1933/2640 1916/2661
f 1929/2656 1930/2560 1933/2640
f 1916/2661 1933/2640 1919/2658
f 1926/2531 1934/2537 1931/2535
f 1930/2560 1935/2582 1933/2640
f 1930/2560 1931/2535 1935/2582
f 1931/2535 1934/2537 1935/2582
f 1934/2537 1932/2275 1936/2273
f 1926/2531 1932/2275 1934/2537
f 1933/2640 1935/2582 1919/2658
f 1934/2537 1936/2273 1935/2582
f 1906/2173 1908/2159 1898/2255
f 1898/2255 1937/2194 1932/2275
f 1898/2255 1908/2159 1937/2194
f 1908/2159 1938/2145 1937/2194
f 1908/2159 1910/2128 1938/2145
f 1932/2275 1937/2194 1936/2273
f 1919/998 1940/1036 1939/1002
f 1919/2658 1935/2582 1940/2620
f 1936/2273 1940/2620 1935/2582
f 1940/2620 1942/2201 1941/2632
f 1940/2620 1936/2273 1942/2201
f 1937/2194 1942/2201 1936/2273
f 1937/2194 1938/2145 1942/2201
f 1939/1002 1940/1036 1943/1001
f 1940/1036 1941/1057 1943/1001
f 1661/3613 1911/3645 1668/3615
f 1661/3613 1878/3644 1911/3645
f 676/2682 1944/2675 678/2676
f 678/2676 1944/2675 677/2669
f 1944/2675 1945/2673 677/2669
f 1946/2949 1948/2992 1947/3137
f 1946/2949 1949/2749 1948/2992
f 1950/2737 696/3022 1951/3036
f 1950/2737 680/2738 696/3022
f 1950/2737 1951/3036 1952/2991
f 680/2738 1950/2737 679/2724
f 1944/2675 1953/2679 1945/2673
f 1952/2991 1951/3036 1948/2992
f 1952/2991 1949/2749 1950/2737
f 1950/2737 1954/2707 679/2724
f 679/2724 1954/2707 681/2696
f 1954/2707 1955/2700 681/2696
f 1952/2991 1948/2992 1949/2749
f 1949/2749 1956/2729 1950/2737
f 1950/2737 1956/2729 1954/2707
f 1956/2729 1955/2700 1954/2707
f 681/2696 1955/2700 676/2682
f 676/2682 1957/2689 1944/2675
f 1944/2675 1958/2686 1953/2679
f 1957/2689 1959/2688 1944/2675
f 1944/2675 1959/2688 1958/2686
f 1955/2700 1960/2699 676/2682
f 676/2682 1960/2699 1957/2689
f 695/205 1961/221 690/222
f 695/205 1962/206 1961/221
f 695/205 691/204 1962/206
f 694/3159 1963/3103 692/3101
f 692/3101 1964/3037 693/3038
f 692/3101 1963/3103 1964/3037
f 694/3159 690/3254 1961/3255
f 693/3038 1964/3037 696/3022
f 689/4719 697/4718 1965/4720
f 694/3159 1966/3160 1963/3103
f 694/3159 1961/3255 1966/3160
f 1962/206 1967/210 1961/221
f 1962/206 691/204 1967/210
f 1966/3160 1968/3106 1963/3103
f 1963/3103 1951/3036 1964/3037
f 1963/3103 1968/3106 1951/3036
f 1967/210 1970/219 1961/221
f 1967/210 1971/211 1970/219
f 1967/210 691/204 1971/211
f 1966/3160 1972/3147 1968/3106
f 1966/3160 1970/3257 1972/3147
f 1966/3160 1961/3255 1970/3257
f 1972/3147 1947/3137 1968/3106
f 1968/3106 1948/2992 1951/3036
f 1968/3106 1947/3137 1948/2992
f 1971/211 691/204 1973/212
f 1974/217 1970/219 1971/211
f 1974/3364 1972/3147 1970/3257
f 691/4550 689/4549 1973/4548
f 689/4549 1969/4547 1973/4548
f 1969/4547 1975/4546 1973/4548
f 1969/4547 1976/4545 1975/4546
f 1964/3037 1951/3036 696/3022
f 689/4719 1977/4721 1969/4722
f 1977/4721 1978/4759 1969/4722
f 1969/4722 1978/4759 1976/4761
f 1946/2949 1980/3132 1979/2943
f 1946/2949 1947/3137 1980/3132
f 1981/2944 1979/2943 1982/3131
f 1981/2944 1983/2941 1979/2943
f 1981/2944 1984/2938 1983/2941
f 1981/2944 1985/2940 1984/2938
f 1981/2944 1986/3028 1985/2940
f 1981/2944 1982/3131 1986/3028
f 1985/2940 1986/3028 1987/3233
f 1985/2940 1989/2970 1988/2967
f 1985/2940 1990/3031 1989/2970
f 1985/2940 1987/3233 1990/3031
f 1985/2940 1991/2939 1984/2938
f 1985/2940 1988/2967 1991/2939
f 1989/2970 1990/3031 1992/3234
f 1989/2970 1994/3003 1993/2965
f 1989/2970 1992/3234 1994/3003
f 1993/2965 1994/3003 1996/3002
f 1989/2970 1997/2969 1988/2967
f 1989/2970 1993/2965 1997/2969
f 1988/2967 1998/2968 1991/2939
f 1988/2967 1997/2969 1998/2968
f 1993/2965 1999/2971 1997/2969
f 1993/2965 1995/2972 1999/2971
f 1997/2969 2000/3047 1998/2968
f 1997/2969 1999/2971 2000/3047
f 2001/2966 1996/3002 2002/3175
f 2001/2966 1993/2965 1996/3002
f 2001/2966 2003/2963 1993/2965
f 2001/2966 2004/3040 2003/2963
f 2001/2966 2002/3175 2004/3040
f 1993/2965 2005/2964 1995/2972
f 1993/2965 2003/2963 2005/2964
f 2003/2963 2004/3040 2006/3014
f 1995/2972 2007/2973 1999/2971
f 1995/2972 2005/2964 2007/2973
f 2000/3047 2007/2973 2008/3185
f 1999/2971 2007/2973 2000/3047
f 2007/2973 2010/2974 2009/3151
f 2005/2964 2010/2974 2007/2973
f 1946/2949 1979/2943 2011/2945
f 1949/2749 1946/2949 2011/2945
f 1949/2749 2012/2946 1956/2729
f 1949/2749 2011/2945 2012/2946
f 1956/2729 2012/2946 1955/2700
f 2012/2946 2014/2960 2013/2835
f 1955/2700 2012/2946 2013/2835
f 1983/2941 2015/2942 1979/2943
f 1983/2941 2016/2935 2015/2942
f 1983/2941 1984/2938 2016/2935
f 1984/2938 1991/2939 2017/2937
f 2016/2935 2018/2959 2015/2942
f 2018/2959 2016/2935 2019/2931
f 1984/2938 2017/2937 2016/2935
f 2016/2935 2017/2937 2020/2936
f 1955/2700 2013/2835 1960/2699
f 1960/2699 2013/2835 1957/2689
f 2013/2835 2021/2934 1957/2689
f 2013/2835 2022/2933 2021/2934
f 2013/2835 2014/2960 2022/2933
f 1957/2689 2023/2693 1959/2688
f 2021/2934 2025/3107 2024/3000
f 1957/2689 2024/3000 2023/2693
f 1957/2689 2021/2934 2024/3000
f 2023/2693 2026/2692 1959/2688
f 2023/2693 2024/3000 2026/2692
f 2019/2931 2014/2960 2018/2959
f 2019/2931 2022/2933 2014/2960
f 2021/2934 2027/2932 2025/3107
f 2022/2933 2027/2932 2021/2934
f 2022/2933 2019/2931 2027/2932
f 2016/2935 2028/2925 2019/2931
f 2016/2935 2020/2936 2028/2925
f 2019/2931 2029/2927 2027/2932
f 2019/2931 2028/2925 2029/2927
f 3731/2951 2026/2692 2024/3000
f 3730/3021 2026/2692 3731/2951
f 2030/2999 2026/2692 3730/3021
f 2025/3107 3731/2951 2024/3000
f 3730/3021 3732/2948 2031/2997
f 3731/2951 2025/3107 3733/2947
f 3733/2947 2025/3107 2027/2932
f 3732/2948 2029/2927 2031/2997
f 3733/2947 2029/2927 3732/2948
f 2027/2932 2029/2927 3733/2947
f 1991/2939 1998/2968 2032/3008
f 1991/2939 2033/3032 2017/2937
f 1991/2939 2032/3008 2033/3032
f 2000/3047 2034/3230 2032/3008
f 1998/2968 2000/3047 2032/3008
f 2017/2937 2033/3032 2035/3033
f 2035/3033 2037/3204 2036/2926
f 2017/2937 2036/2926 2020/2936
f 2017/2937 2035/3033 2036/2926
f 2020/2936 2036/2926 2028/2925
f 2036/2926 2039/2898 2028/2925
f 2036/2926 2038/3202 2039/2898
f 2036/2926 2037/3204 2038/3202
f 2029/2927 2040/2920 2031/2997
f 2029/2927 2028/2925 2040/2920
f 2573/3015 3734/2922 2041/3067
f 2041/3067 3734/2922 2042/2921
f 3734/2922 2040/2920 2042/2921
f 3735/2998 2040/2920 3734/2922
f 2031/2997 2040/2920 3735/2998
f 2028/2925 2043/2862 2040/2920
f 2028/2925 2039/2898 2043/2862
f 2040/2920 2044/2897 2042/2921
f 2040/2920 2043/2862 2044/2897
f 2039/2898 2045/2896 2043/2862
f 2039/2898 2046/3199 2045/2896
f 2039/2898 2038/3202 2046/3199
f 2043/2862 2047/2861 2044/2897
f 2045/2896 2048/2860 2043/2862
f 2045/2896 2049/2885 2048/2860
f 2043/2862 2048/2860 2047/2861
f 2003/2963 2051/2962 2050/2957
f 2003/2963 2006/3014 2051/2962
f 2003/2963 2050/2957 2005/2964
f 2051/2962 2052/2961 2050/2957
f 2051/2962 2053/3413 2052/2961
f 2051/2962 2006/3014 2053/3413
f 2050/2957 2052/2961 2054/2954
f 2010/2974 2055/2975 2009/3151
f 2005/2964 2055/2975 2010/2974
f 2005/2964 2050/2957 2055/2975
f 2050/2957 2056/2956 2055/2975
f 2050/2957 2054/2954 2056/2956
f 2055/2975 2057/3188 2009/3151
f 2052/2961 2058/2955 2054/2954
f 2058/2955 2060/2985 2059/2952
f 2058/2955 2061/3343 2060/2985
f 2058/2955 2059/2952 2054/2954
f 2058/2955 2052/2961 2061/3343
f 2054/2954 2062/2893 2056/2956
f 2055/2975 2063/3007 2057/3188
f 2056/2956 2063/3007 2055/2975
f 2056/2956 2062/2893 2063/3007
f 2054/2954 2059/2952 2062/2893
f 2059/2952 2065/2986 2064/2953
f 2059/2952 2060/2985 2065/2986
f 2059/2952 2066/2928 2062/2893
f 2059/2952 2064/2953 2066/2928
f 2066/2928 2068/3055 2067/2984
f 2064/2953 2068/3055 2066/2928
f 2064/2953 2065/2986 2068/3055
f 2069/3048 2072/3061 2071/2909
f 2069/4450 2073/4451 2072/4453
f 2069/4450 2070/4449 2073/4451
f 2063/3007 2075/2889 2074/3059
f 2063/3007 2062/2893 2075/2889
f 2074/3059 2076/3190 2063/3007
f 2074/3059 2077/3122 2076/3190
f 2074/3059 2078/2879 2077/3122
f 2074/3059 2075/2889 2078/2879
f 2077/3122 2078/2879 2079/2979
f 2079/2979 2080/2978 2077/3122
f 2079/2979 2081/2876 2080/2978
f 2079/2979 2078/2879 2081/2876
f 2049/2885 2045/2896 2082/3196
f 2048/2860 2083/2859 2047/2861
f 2049/2885 2084/2858 2048/2860
f 2049/2885 2085/2871 2084/2858
f 2049/2885 2086/3094 2085/2871
f 2049/2885 2082/3196 2086/3094
f 2048/2860 2084/2858 2083/2859
f 2087/2875 2086/3094 2088/3198
f 2087/2875 2085/2871 2086/3094
f 2087/2875 2089/2869 2085/2871
f 2087/2875 2088/3198 2090/3201
f 2080/2978 2087/2875 2090/3201
f 2080/2978 2081/2876 2087/2875
f 2087/2875 2081/2876 2089/2869
f 2085/2871 2091/2870 2084/2858
f 2085/2871 2089/2869 2091/2870
f 2084/2858 2091/2870 2092/2874
f 2089/2869 2093/2868 2091/2870
f 2092/2874 2095/2867 2094/3136
f 2091/2870 2095/2867 2092/2874
f 2091/2870 2093/2868 2095/2867
f 2062/2893 2096/2892 2075/2889
f 2062/2893 2066/2928 2096/2892
f 2066/2928 2098/3046 2097/2958
f 2066/2928 2067/2984 2098/3046
f 2066/2928 2097/2958 2096/2892
f 2097/2958 2098/3046 2099/2891
f 2096/2892 2099/2891 2075/2889
f 2096/2892 2097/2958 2099/2891
f 2078/2879 2075/2889 2100/2886
f 2078/2879 2101/2878 2081/2876
f 2078/2879 2100/2886 2101/2878
f 2075/2889 2102/2890 2100/2886
f 2075/2889 2099/2891 2102/2890
f 2100/2886 2103/2887 2101/2878
f 2100/2886 2102/2890 2103/2887
f 2071/2909 2067/2984 2069/3048
f 2067/2984 2105/2903 2104/2894
f 2067/2984 2071/2909 2105/2903
f 2099/2891 2104/2894 2102/2890
f 2099/2891 2098/3046 2104/2894
f 2103/2887 2107/2950 2106/3011
f 2102/2890 2107/2950 2103/2887
f 2104/2894 2108/2895 2102/2890
f 2104/2894 2105/2903 2108/2895
f 2102/2890 2108/2895 2107/2950
f 2081/2876 2109/2877 2089/2869
f 2081/2876 2101/2878 2109/2877
f 2103/2887 2111/3010 2110/3009
f 2103/2887 2106/3011 2111/3010
f 2101/2878 2103/2887 2110/3009
f 2110/3009 2111/3010 2112/2880
f 2101/2878 2112/2880 2109/2877
f 2101/2878 2110/3009 2112/2880
f 2089/2869 2113/2888 2093/2868
f 2089/2869 2109/2877 2113/2888
f 2113/2888 2114/2873 2093/2868
f 2113/2888 2109/2877 2114/2873
f 2107/2950 2115/2883 2106/3011
f 2107/2950 2108/2895 2115/2883
f 2115/2883 2116/3017 2106/3011
f 2115/2883 2108/2895 2117/2899
f 2112/2880 2118/2881 2109/2877
f 2112/2880 2115/2883 2118/2881
f 2112/2880 2116/3017 2115/2883
f 2112/2880 2111/3010 2116/3017
f 2109/2877 2119/2882 2114/2873
f 2109/2877 2118/2881 2119/2882
f 2115/2883 2120/2884 2118/2881
f 2115/2883 2117/2899 2120/2884
f 2118/2881 2121/3034 2119/2882
f 2118/2881 2120/2884 2121/3034
f 1974/860 2123/854 2122/857
f 1974/860 2124/858 2123/854
f 1974/3364 2122/3365 1972/3147
f 1974/217 1971/211 2124/215
f 1971/211 1973/212 2124/215
f 2122/857 2125/856 1980/862
f 2122/857 2123/854 2125/856
f 1972/3147 1980/3132 1947/3137
f 1972/3147 2122/3365 1980/3132
f 2123/854 2126/853 2125/856
f 1980/3132 1982/3131 1979/2943
f 1980/759 2127/729 1982/736
f 1980/759 2125/760 2127/729
f 2125/760 2126/761 2127/729
f 2124/858 2128/851 2123/854
f 2124/858 2129/859 2128/851
f 1973/4548 2129/4551 2124/4553
f 2123/854 2128/851 2126/853
f 2128/851 2130/852 2126/853
f 2126/761 2131/728 2127/729
f 2126/761 2130/758 2131/728
f 2132/723 2134/722 2133/716
f 2132/723 1987/734 2134/722
f 2132/723 1990/733 1987/734
f 2132/723 1992/732 1990/733
f 2132/723 2135/713 1992/732
f 2132/723 2133/716 2135/713
f 2133/716 2137/721 2136/715
f 2133/716 2134/722 2137/721
f 2133/716 2136/715 2135/713
f 2138/731 2127/729 2139/725
f 2138/731 1982/736 2127/729
f 2138/731 1986/735 1982/736
f 2138/731 1987/734 1986/735
f 2138/731 2134/722 1987/734
f 2138/731 2139/725 2134/722
f 2139/725 2137/721 2134/722
f 2136/715 2140/714 2135/713
f 2139/725 2131/728 2141/726
f 2139/725 2127/729 2131/728
f 2139/725 2141/726 2137/721
f 1973/4548 1975/4546 2129/4551
f 2129/859 2142/861 2128/851
f 2129/859 2143/863 2142/861
f 1975/4546 2143/4544 2129/4551
f 1975/4546 1976/4545 2143/4544
f 2128/851 2144/855 2130/852
f 2128/851 2142/861 2144/855
f 2130/758 2145/751 2131/728
f 2130/758 2144/762 2145/751
f 1976/4545 2146/4432 2143/4544
f 2143/863 2147/864 2142/861
f 2143/4544 2148/4508 2147/4552
f 2143/4544 2146/4432 2148/4508
f 2142/861 2145/865 2144/855
f 2142/861 2147/864 2145/865
f 2136/715 2151/724 2150/717
f 2136/715 2137/721 2151/724
f 2136/715 2150/717 2140/714
f 2150/717 2153/720 2152/719
f 2150/717 2151/724 2153/720
f 2150/717 2154/718 2140/714
f 2150/717 2152/719 2154/718
f 2141/726 2131/728 2155/727
f 2141/726 2151/724 2137/721
f 2141/726 2155/727 2151/724
f 2155/727 2145/751 2147/744
f 2155/727 2131/728 2145/751
f 2155/727 2153/720 2151/724
f 2155/727 2147/744 2153/720
f 2148/743 2153/720 2147/744
f 2148/743 2152/719 2153/720
f 2148/4508 2156/4431 2152/4429
f 2148/4508 2146/4432 2156/4431
f 2146/4432 2149/4430 2156/4431
f 2152/4429 2157/4428 2154/4427
f 2152/4429 2156/4431 2157/4428
f 2156/4431 2149/4430 2157/4428
f 2158/738 2002/745 2159/711
f 2158/738 2004/746 2002/745
f 2158/738 2160/747 2004/746
f 2158/738 2161/741 2160/747
f 2158/738 2159/711 2162/737
f 2158/738 2162/737 2161/741
f 2160/747 2006/757 2004/746
f 2160/747 2161/741 2163/750
f 2162/737 2164/742 2161/741
f 2162/737 2166/709 2165/739
f 2162/737 2159/711 2166/709
f 2162/737 2165/739 2164/742
f 2161/741 2167/749 2163/750
f 2161/741 2164/742 2167/749
f 2168/712 2135/713 2169/707
f 2168/712 1992/732 2135/713
f 2168/712 1994/740 1992/732
f 2168/712 1996/730 1994/740
f 2168/712 2170/710 1996/730
f 2168/712 2169/707 2170/710
f 1996/730 2159/711 2002/745
f 1996/730 2170/710 2159/711
f 2169/707 2135/713 2140/714
f 2169/707 2140/714 2171/708
f 2169/707 2166/709 2170/710
f 2169/707 2171/708 2166/709
f 2170/710 2166/709 2159/711
f 2007/2973 2172/3186 2008/3185
f 2007/2973 2009/3151 2172/3186
f 2173/1232 2175/1240 2174/1235
f 2165/739 2175/756 2173/748
f 2165/739 2166/709 2175/756
f 2165/739 2173/748 2164/742
f 2164/742 2173/748 2167/749
f 2171/1252 2177/1249 2176/1248
f 2171/1252 2154/1253 2177/1249
f 2171/708 2140/714 2154/718
f 2171/708 2176/755 2166/709
f 2176/1248 2178/1245 2175/1240
f 2176/1248 2177/1249 2178/1245
f 2166/709 2176/755 2175/756
f 2154/4427 2179/4426 2177/4425
f 2154/4427 2157/4428 2179/4426
f 2157/4428 2149/4430 2179/4426
f 2178/4423 2181/4424 2180/4422
f 2177/4425 2181/4424 2178/4423
f 2177/4425 2179/4426 2181/4424
f 2181/4424 2182/4433 2180/4422
f 2179/4426 2182/4433 2181/4424
f 2179/4426 2149/4430 2182/4433
f 2175/1240 2183/1241 2174/1235
f 2175/1240 2178/1245 2183/1241
f 2178/1245 2184/1246 2183/1241
f 2178/4423 2180/4422 2184/4420
f 2174/1235 2183/1241 2185/1239
f 2183/1241 2186/1247 2185/1239
f 2183/1241 2184/1246 2186/1247
f 2180/4422 2187/4421 2184/4420
f 2180/4422 2188/4572 2187/4421
f 2180/4422 2182/4433 2188/4572
f 2184/4420 2189/4416 2186/4417
f 2184/4420 2187/4421 2189/4416
f 2187/4421 2190/4413 2189/4416
f 2187/4421 2188/4572 2190/4413
f 1979/2943 2015/2942 2011/2945
f 2011/2945 2015/2942 2012/2946
f 2012/2946 2015/2942 2018/2959
f 2012/2946 2018/2959 2014/2960
f 2032/3008 2191/3231 2033/3032
f 2032/3008 2034/3230 2191/3231
f 2191/3231 2193/3225 2192/3205
f 2033/3032 2192/3205 2035/3033
f 2033/3032 2191/3231 2192/3205
f 2035/3033 2194/3203 2037/3204
f 2035/3033 2192/3205 2194/3203
f 2000/3047 2195/3214 2034/3230
f 2000/3047 2008/3185 2195/3214
f 2195/3214 2196/3222 2034/3230
f 2195/3214 2197/3223 2196/3222
f 2191/3231 2196/3222 2193/3225
f 2191/3231 2034/3230 2196/3222
f 2195/3214 2198/3215 2197/3223
f 2195/3214 2172/3186 2198/3215
f 2008/3185 2172/3186 2195/3214
f 2197/3223 2199/3217 2196/3222
f 2197/3223 2198/3215 2199/3217
f 2192/3205 2201/3200 2194/3203
f 2192/3205 2200/3226 2201/3200
f 2192/3205 2202/3224 2200/3226
f 2192/3205 2193/3225 2202/3224
f 2193/3225 2196/3222 2202/3224
f 2196/3222 2203/3219 2202/3224
f 2196/3222 2199/3217 2203/3219
f 2202/3224 2204/3221 2200/3226
f 2202/3224 2203/3219 2204/3221
f 2037/3204 2194/3203 2038/3202
f 2194/3203 2046/3199 2038/3202
f 2194/3203 2201/3200 2046/3199
f 2201/3200 2205/3197 2046/3199
f 2201/3200 2204/3221 2205/3197
f 2201/3200 2200/3226 2204/3221
f 2046/3199 2205/3197 2045/2896
f 1976/4761 2207/4766 2146/4814
f 2146/4814 2207/4766 2149/4815
f 2149/4815 2207/4766 2206/4816
f 2182/4818 2208/4817 2188/4822
f 2149/4815 2208/4817 2182/4818
f 2149/4815 2206/4816 2208/4817
f 2208/4817 2209/4820 2188/4822
f 2188/4822 2209/4820 2190/4824
f 2160/747 2210/754 2006/757
f 2160/747 2211/753 2210/754
f 2160/747 2163/750 2211/753
f 2210/1344 2212/1341 2053/1345
f 2210/1344 2053/1345 2006/1349
f 2210/1344 2213/1343 2212/1341
f 2211/1346 2213/1343 2210/1344
f 2163/750 2167/749 2211/753
f 2167/749 2214/752 2211/753
f 2213/1343 2215/1342 2212/1341
f 2211/1346 2214/1347 2213/1343
f 2053/1345 2216/1325 2052/1348
f 2053/1345 2217/1337 2216/1325
f 2053/1345 2212/1341 2217/1337
f 2216/1325 2218/1324 2061/1321
f 2216/1325 2061/1321 2052/1348
f 2216/1325 2219/1327 2218/1324
f 2212/1341 2220/1338 2217/1337
f 2212/1341 2215/1342 2220/1338
f 2216/1325 2221/1336 2219/1327
f 2217/1337 2221/1336 2216/1325
f 2217/1337 2220/1338 2221/1336
f 2173/1232 2222/1233 2214/1234
f 2173/1232 2174/1235 2222/1233
f 2167/749 2173/748 2214/752
f 2213/1251 2222/1233 2215/1250
f 2213/1251 2214/1234 2222/1233
f 2174/1235 2223/1236 2222/1233
f 2174/1235 2185/1239 2223/1236
f 2185/1239 2224/1242 2223/1236
f 2185/1239 2186/1247 2224/1242
f 2223/1236 2224/1242 2225/1243
f 2186/4417 2226/4415 2224/4418
f 2186/4417 2189/4416 2226/4415
f 2189/4416 2190/4413 2226/4415
f 2224/4418 2226/4415 2225/4419
f 2222/1233 2223/1236 2227/1237
f 2215/1342 2227/1339 2220/1338
f 2215/1250 2222/1233 2227/1237
f 2221/1336 2228/1340 2219/1327
f 2221/1336 2227/1339 2228/1340
f 2227/1237 2223/1236 2228/1238
f 2220/1338 2227/1339 2221/1336
f 2223/1236 2225/1243 2228/1238
f 2225/4419 2226/4415 2229/4506
f 2226/4415 2230/4414 2229/4506
f 2226/4415 2190/4413 2230/4414
f 2061/1321 2065/1319 2060/1326
f 2061/1321 2231/1317 2065/1319
f 2061/1321 2232/1323 2231/1317
f 2061/1321 2218/1324 2232/1323
f 2218/1324 2219/1327 2232/1323
f 2231/1317 2233/1318 2065/1319
f 2231/1317 2234/1330 2233/1318
f 2232/1323 2234/1330 2231/1317
f 2233/1318 2235/1322 2068/1320
f 2065/1319 2233/1318 2068/1320
f 2233/1318 2236/1331 2235/1322
f 2219/1327 2237/1328 2232/1323
f 2232/1323 2238/1329 2234/1330
f 2232/1323 2237/1328 2238/1329
f 2233/1318 2234/1330 2236/1331
f 2068/3055 2069/3048 2067/2984
f 2068/4448 2070/4449 2069/4450
f 2068/4448 2239/4446 2070/4449
f 2068/4448 2235/4447 2239/4446
f 2235/4447 2236/4444 2239/4446
f 2070/4449 2240/4452 2073/4451
f 2070/4449 2239/4446 2240/4452
f 2239/4446 2241/4612 2240/4452
f 2236/4444 2242/4445 2239/4446
f 2239/4446 2242/4445 2241/4612
f 2228/4869 2243/4870 2237/4871
f 2228/1238 2225/1243 2243/1244
f 2219/4872 2228/4869 2237/4871
f 2238/1329 2244/1332 2234/1330
f 2238/1329 2245/1335 2244/1332
f 2238/1329 2237/1328 2245/1335
f 2237/4611 2243/4610 2245/4439
f 2234/1330 2246/1333 2236/1331
f 2234/1330 2244/1332 2246/1333
f 2244/1332 2247/1334 2246/1333
f 2244/1332 2245/1335 2247/1334
f 2225/4862 2248/4863 2243/4864
f 2225/4419 2229/4506 2248/4613
f 2229/4506 2249/4434 2248/4613
f 2229/4506 2230/4414 2249/4434
f 2243/4610 2250/4455 2245/4439
f 2243/4610 2248/4613 2250/4455
f 2248/4613 2249/4434 2250/4455
f 2236/4444 2251/4442 2242/4445
f 2236/4444 2246/4443 2251/4442
f 2246/4443 2247/4440 2251/4442
f 2242/4445 2251/4442 2241/4612
f 2251/4442 2252/4441 2241/4612
f 2251/4442 2247/4440 2252/4441
f 2245/4439 2253/4438 2247/4440
f 2245/4439 2254/4435 2253/4438
f 2245/4439 2250/4455 2254/4435
f 2250/4455 2249/4434 2254/4435
f 2253/4438 2252/4441 2247/4440
f 2253/4438 2255/4454 2252/4441
f 2253/4438 2256/4437 2255/4454
f 2253/4438 2254/4435 2256/4437
f 2172/3186 2257/3187 2198/3215
f 2172/3186 2009/3151 2257/3187
f 2198/3215 2258/3216 2199/3217
f 2009/3151 2259/3189 2257/3187
f 2009/3151 2057/3188 2259/3189
f 2257/3187 2258/3216 2198/3215
f 2257/3187 2260/3228 2258/3216
f 2257/3187 2076/3190 2260/3228
f 2257/3187 2259/3189 2076/3190
f 2199/3217 2261/3218 2203/3219
f 2199/3217 2258/3216 2261/3218
f 2203/3219 2262/3220 2204/3221
f 2203/3219 2261/3218 2262/3220
f 2263/3229 2262/3220 2261/3218
f 2263/3229 2088/3198 2262/3220
f 2263/3229 2090/3201 2088/3198
f 2263/3229 2264/3193 2090/3201
f 2263/3229 2265/3227 2264/3193
f 2263/3229 2261/3218 2265/3227
f 2258/3216 2265/3227 2261/3218
f 2258/3216 2260/3228 2265/3227
f 2057/3188 2063/3007 2259/3189
f 2259/3189 2063/3007 2076/3190
f 2076/3190 2265/3227 2260/3228
f 2076/3190 2264/3193 2265/3227
f 2076/3190 2077/3122 2264/3193
f 2264/3193 2080/2978 2090/3201
f 2264/3193 2077/3122 2080/2978
f 2205/3197 2088/3198 2082/3196
f 2205/3197 2262/3220 2088/3198
f 2205/3197 2204/3221 2262/3220
f 2205/3197 2082/3196 2045/2896
f 2082/3196 2088/3198 2086/3094
f 2098/3046 2067/2984 2104/2894
f 2111/3010 2106/3011 2116/3017
f 2230/4414 2190/4413 2266/4412
f 2230/4414 2266/4412 2249/4434
f 2249/4434 2266/4412 2254/4435
f 2254/4435 2267/4436 2256/4437
f 2254/4435 2266/4412 2267/4436
f 2072/3061 2268/2911 2071/2909
f 2072/3061 2269/3043 2268/2911
f 2072/4453 2270/4615 2269/4620
f 2072/4453 2073/4451 2270/4615
f 2269/4620 2270/4615 2271/4621
f 2269/3043 2271/2915 2268/2911
f 2071/2909 2272/2902 2105/2903
f 2071/2909 2268/2911 2272/2902
f 2105/2903 2272/2902 2108/2895
f 2108/2895 2272/2902 2273/2901
f 2271/2915 2275/3261 2274/2914
f 2271/4687 2270/4683 2275/4686
f 2271/2915 2274/2914 2276/2912
f 2268/2911 2276/2912 2272/2902
f 2268/2911 2271/2915 2276/2912
f 2108/2895 2277/2900 2117/2899
f 2108/2895 2273/2901 2277/2900
f 2117/2899 2278/3024 2120/2884
f 2121/3034 2278/3024 2279/3117
f 2120/2884 2278/3024 2121/3034
f 2278/3024 2280/2918 2279/3117
f 2117/2899 2280/2918 2278/3024
f 2277/2900 2281/2907 2282/2908
f 2277/2900 2273/2901 2281/2907
f 2277/2900 2283/3044 2280/2918
f 2277/2900 2282/2908 2283/3044
f 2280/2918 2283/3044 2279/3117
f 2117/2899 2277/2900 2280/2918
f 2276/2912 2284/2905 2272/2902
f 2272/2902 2285/2904 2273/2901
f 2272/2902 2284/2905 2285/2904
f 2284/2905 2286/2906 2285/2904
f 2273/2901 2285/2904 2281/2907
f 2073/4451 2240/4452 2270/4615
f 2241/4697 2288/4694 2240/4693
f 2240/4693 2288/4694 2287/4695
f 2240/4693 2287/4695 2270/4696
f 2241/4612 2290/4518 2288/4519
f 2241/4878 2255/4873 2290/4877
f 2241/4612 2252/4441 2255/4454
f 2288/4519 2291/4517 2287/4520
f 2288/4519 2290/4518 2291/4517
f 2290/4518 2292/4471 2291/4517
f 2290/4877 2255/4873 2292/4876
f 2255/4873 2294/4874 2293/4875
f 2255/4454 2256/4437 2294/4608
f 2256/4437 2295/4458 2294/4608
f 2255/4873 2293/4875 2292/4876
f 2294/4608 2296/4468 2293/4470
f 2294/4608 2297/4459 2296/4468
f 2294/4608 2295/4458 2297/4459
f 2287/4520 2299/4521 2298/4571
f 2287/4520 2291/4517 2299/4521
f 2299/4521 2300/4472 2298/4571
f 2291/4517 2300/4472 2299/4521
f 2291/4517 2292/4471 2300/4472
f 2292/4471 2301/4469 2300/4472
f 2292/4471 2293/4470 2301/4469
f 2296/4468 2301/4469 2293/4470
f 2300/4472 2303/4467 2302/4509
f 2300/4472 2301/4469 2303/4467
f 2296/4468 2303/4467 2301/4469
f 2296/4468 2297/4459 2303/4467
f 2302/4509 2304/4607 2300/4472
f 2302/4509 2305/4486 2304/4607
f 2302/4509 2306/4473 2305/4486
f 2302/4509 2303/4467 2306/4473
f 2303/4467 2307/4466 2306/4473
f 2303/4467 2297/4459 2307/4466
f 2307/4466 2297/4459 2308/4462
f 2305/4486 2310/4511 2304/4607
f 2305/4486 2309/4477 2310/4511
f 2305/4486 2311/4474 2309/4477
f 2305/4486 2306/4473 2311/4474
f 2307/4466 2311/4474 2306/4473
f 2270/4683 2289/4682 2275/4686
f 2289/4682 2270/4683 2298/4684
f 2270/4615 2287/4520 2298/4571
f 2279/3117 2283/3044 2312/3118
f 2282/2908 2313/3056 2283/3044
f 2282/2908 2281/2907 2313/3056
f 2283/3044 2314/3177 2312/3118
f 2283/3044 2313/3056 2314/3177
f 2275/3261 2315/3260 2274/2914
f 2275/4686 2316/4689 2315/4690
f 2275/4686 2289/4682 2316/4689
f 2274/2914 2317/2913 2276/2912
f 2276/2912 2317/2913 2284/2905
f 2289/4682 2298/4684 2318/4685
f 2315/3260 2319/3161 2274/2914
f 2315/4690 2316/4689 2319/4691
f 2319/3161 2320/2929 2274/2914
f 2319/4691 2316/4689 2321/4692
f 2274/2914 2320/2929 2317/2913
f 2316/4689 2289/4682 2321/4692
f 2284/2905 2322/2916 2286/2906
f 2284/2905 2317/2913 2322/2916
f 2289/4583 2318/4574 2321/4576
f 2285/2904 2323/2910 2281/2907
f 2285/2904 2286/2906 2323/2910
f 2281/2907 2324/3041 2313/3056
f 2314/3177 2326/3183 2325/3146
f 2313/3056 2326/3183 2314/3177
f 2313/3056 2324/3041 2326/3183
f 2281/2907 2323/2910 2324/3041
f 2326/3183 2327/3173 2325/3146
f 2286/2906 2322/2916 2328/2917
f 2286/2906 2328/2917 2323/2910
f 2326/3183 2329/3301 2327/3173
f 2326/3183 2330/3290 2329/3301
f 2324/3041 2330/3290 2326/3183
f 2323/2910 2331/3042 2324/3041
f 2330/3290 2332/3324 2329/3301
f 2330/3290 2333/3291 2332/3324
f 2324/3041 2333/3291 2330/3290
f 2324/3041 2331/3042 2333/3291
f 2298/4571 2300/4472 2304/4607
f 2298/4684 2304/4688 2318/4685
f 2318/4574 2304/4607 2310/4511
f 2256/4437 2334/4456 2295/4458
f 2256/4437 2267/4436 2334/4456
f 2267/4436 2266/4412 2334/4456
f 2295/4458 2335/4457 2297/4459
f 2295/4458 2334/4456 2335/4457
f 2266/4412 2337/4409 2334/4456
f 2334/4456 2337/4409 2336/4411
f 2334/4456 2336/4411 2335/4457
f 2297/4459 2335/4457 2338/4460
f 2335/4457 2340/4507 2338/4460
f 2335/4457 2336/4411 2340/4507
f 2336/4411 2341/4410 2340/4507
f 2336/4411 2337/4409 2341/4410
f 2297/4459 2342/4461 2308/4462
f 2297/4459 2338/4460 2342/4461
f 2338/4460 2343/4488 2342/4461
f 2338/4460 2340/4507 2343/4488
f 2342/1307 2345/1305 2344/1306
f 2308/4462 2342/4461 2344/4463
f 2345/4505 2347/4491 2346/4494
f 2345/4505 2348/4489 2347/4491
f 2342/4461 2348/4489 2345/4505
f 2342/4461 2343/4488 2348/4489
f 2340/4704 2341/4702 2343/4703
f 2348/4489 2349/4490 2347/4491
f 2343/4488 2349/4490 2348/4489
f 2343/4703 2341/4702 2349/4700
f 2337/4409 2339/4408 2341/4410
f 2341/4702 2351/4698 2349/4700
f 2341/4410 2350/4557 2351/4558
f 2307/4466 2352/4475 2311/4474
f 2307/4466 2353/4504 2352/4475
f 2307/4466 2308/4462 2353/4504
f 2311/4474 2354/4476 2309/4477
f 2311/4474 2352/4475 2354/4476
f 2353/4504 2355/4479 2352/4475
f 2352/4475 2356/4478 2354/4476
f 2352/4475 2355/4479 2356/4478
f 2357/4881 2359/4880 2358/4882
f 2353/4504 2357/4481 2355/4479
f 2353/4879 2359/4880 2357/4881
f 2353/4504 2308/4462 2359/4465
f 2357/4481 2361/4482 2360/4480
f 2357/4481 2358/4483 2361/4482
f 2355/4479 2360/4480 2356/4478
f 2355/4479 2357/4481 2360/4480
f 2319/3161 2362/3127 2320/2929
f 2319/4590 2321/4576 2362/4589
f 2362/3127 2365/3426 2364/3097
f 2362/4589 2321/4576 2365/4586
f 2362/3127 2364/3097 2320/2929
f 2364/3097 2365/3426 2366/3344
f 2320/2929 2364/3097 2363/2976
f 2321/4576 2367/4578 2365/4586
f 2320/2929 2363/2976 2317/2913
f 2317/2913 2368/2919 2322/2916
f 2317/2913 2363/2976 2368/2919
f 2364/3097 2366/3344 2369/3152
f 2363/2976 2364/3097 2369/3152
f 2363/2976 2370/3099 2368/2919
f 2363/2976 2369/3152 2370/3099
f 2365/3426 2371/3419 2366/3344
f 2365/4586 2372/4587 2371/4588
f 2365/4586 2367/4578 2372/4587
f 2369/3152 2373/3314 2370/3099
f 2366/3344 2371/3419 2369/3152
f 2371/3419 2374/3401 2369/3152
f 2371/3419 2375/3420 2374/3401
f 2369/3152 2374/3401 2373/3314
f 2367/4647 2376/4648 2372/4649
f 2372/316 2375/314 2371/317
f 2372/316 2377/285 2375/314
f 2372/4587 2378/4582 2377/4585
f 2372/4649 2376/4648 2378/4650
f 2376/34 2367/35 2378/36
f 2322/2916 2368/2919 2328/2917
f 2328/2917 2379/2977 2323/2910
f 2328/2917 2368/2919 2379/2977
f 2368/2919 2370/3099 2380/3148
f 2380/3148 2382/3335 2381/3100
f 2368/2919 2381/3100 2379/2977
f 2368/2919 2380/3148 2381/3100
f 2323/2910 2383/3111 2331/3042
f 2323/2910 2379/2977 2383/3111
f 2383/3111 2385/3390 2384/3135
f 2383/3111 2386/3389 2385/3390
f 2333/3291 2385/3390 2332/3324
f 2333/3291 2384/3135 2385/3390
f 2331/3042 2384/3135 2333/3291
f 2331/3042 2383/3111 2384/3135
f 2332/3324 2388/3361 2387/3309
f 2332/686 2385/676 2388/684
f 2381/3100 2382/3335 2389/3388
f 2383/3111 2389/3388 2386/3389
f 2383/3111 2381/3100 2389/3388
f 2379/2977 2381/3100 2383/3111
f 2385/676 2390/647 2388/684
f 2385/676 2391/673 2390/647
f 2386/677 2391/673 2385/676
f 2386/677 2389/687 2391/673
f 2373/3314 2392/3374 2380/3148
f 2380/3148 2392/3374 2382/3335
f 2370/3099 2373/3314 2380/3148
f 2382/3335 2392/3374 2393/3396
f 2374/3401 2394/3398 2392/3374
f 2373/3314 2374/3401 2392/3374
f 2392/3374 2394/3398 2393/3396
f 2393/3396 2395/3397 2396/3395
f 2382/3335 2396/3395 2389/3388
f 2382/3335 2393/3396 2396/3395
f 2396/3395 2395/3397 2397/3431
f 2391/673 2397/640 2390/647
f 2391/673 2396/674 2397/640
f 2389/687 2396/674 2391/673
f 2390/647 2399/635 2398/651
f 2390/647 2397/640 2399/635
f 2398/651 2401/633 2400/655
f 2398/651 2399/635 2401/633
f 2395/3397 2393/3396 2402/3412
f 2402/688 2404/642 2403/638
f 2397/640 2403/638 2399/635
f 2395/3397 2403/3430 2397/3431
f 2395/3397 2402/3412 2403/3430
f 2404/642 2405/634 2403/638
f 2399/635 2405/634 2401/633
f 2399/635 2403/638 2405/634
f 2318/4574 2406/4575 2321/4576
f 2318/4574 2407/4487 2406/4575
f 2318/4574 2310/4511 2407/4487
f 2321/4576 2408/4577 2367/4578
f 2321/4576 2406/4575 2408/4577
f 2408/4577 2409/4579 2367/4578
f 2408/4577 2410/4616 2409/4579
f 2406/4575 2410/4616 2408/4577
f 2406/4575 2407/4487 2410/4616
f 2310/4511 2354/4476 2407/4487
f 2310/4511 2309/4477 2354/4476
f 2407/4487 2356/4478 2410/4616
f 2407/4487 2354/4476 2356/4478
f 2367/4578 2409/4579 2411/4580
f 2367/4578 2412/4581 2378/4582
f 2367/4578 2411/4580 2412/4581
f 2409/4680 2413/4677 2411/4679
f 2409/4680 2410/4681 2413/4677
f 2360/4480 2414/4484 2413/4485
f 2360/4480 2361/4482 2414/4484
f 2356/4478 2413/4485 2410/4616
f 2356/4478 2360/4480 2413/4485
f 2411/4679 2413/4677 2412/4676
f 2413/4677 2415/4671 2412/4676
f 2413/4677 2414/4674 2415/4671
f 2400/655 2417/641 2416/661
f 2400/655 2401/633 2417/641
f 2401/633 2405/634 2418/632
f 2401/633 2418/632 2417/641
f 2405/634 2419/631 2418/632
f 2377/285 2421/264 2420/258
f 2378/4582 2421/4584 2377/4585
f 2377/285 2423/252 2422/287
f 2377/285 2420/258 2423/252
f 2375/314 2422/287 2374/311
f 2375/314 2377/285 2422/287
f 2422/287 2424/253 2394/292
f 2422/287 2423/252 2424/253
f 2374/311 2422/287 2394/292
f 2394/292 2425/271 2402/295
f 2394/292 2424/253 2425/271
f 2394/3398 2402/3412 2393/3396
f 2402/295 2425/271 2426/291
f 2402/688 2426/689 2404/642
f 2425/271 2427/290 2426/291
f 2404/306 2427/290 2405/305
f 2404/306 2426/291 2427/290
f 2421/264 2428/261 2420/258
f 2378/4582 2412/4581 2421/4584
f 2421/264 2429/286 2428/261
f 2412/4676 2429/4673 2421/4678
f 2420/258 2430/250 2423/252
f 2420/258 2428/261 2430/250
f 2423/252 2430/250 2431/251
f 2412/4676 2415/4671 2429/4673
f 2423/252 2431/251 2424/253
f 2424/253 2432/269 2425/271
f 2425/271 2433/289 2427/290
f 2425/271 2432/269 2433/289
f 2405/305 2427/290 2433/289
f 2431/251 2434/254 2424/253
f 2424/253 2434/254 2432/269
f 2405/634 2433/671 2419/631
f 2344/1306 2436/1303 2435/1302
f 2344/1306 2345/1305 2436/1303
f 2308/4462 2344/4463 2435/4464
f 2345/1305 2346/1304 2436/1303
f 2435/1302 2436/1303 2437/1298
f 2436/1303 2438/1299 2437/1298
f 2436/1303 2346/1304 2438/1299
f 2359/1311 2435/1302 2358/1308
f 2308/4462 2435/4464 2359/4465
f 2358/1308 2439/1300 2361/1309
f 2358/1308 2435/1302 2439/1300
f 2437/1298 2439/1300 2435/1302
f 2437/1298 2438/1299 2439/1300
f 2346/4494 2347/4491 2440/4493
f 2438/4496 2442/4495 2441/4497
f 2346/4494 2442/4495 2438/4496
f 2346/4494 2440/4493 2442/4495
f 2347/4491 2443/4492 2440/4493
f 2347/4491 2349/4490 2443/4492
f 2442/4495 2444/4499 2441/4497
f 2442/4495 2445/4500 2444/4499
f 2440/4493 2445/4500 2442/4495
f 2440/4493 2443/4492 2445/4500
f 2361/1309 2446/1301 2414/1310
f 2361/1309 2439/1300 2446/1301
f 2438/1299 2446/1301 2439/1300
f 2438/4496 2441/4497 2446/4498
f 2441/4497 2447/4502 2446/4498
f 2414/4674 2448/4672 2415/4671
f 2414/4674 2446/4675 2448/4672
f 2446/4498 2449/4512 2448/4513
f 2446/4498 2447/4502 2449/4512
f 2441/4497 2450/4501 2447/4502
f 2441/4497 2444/4499 2450/4501
f 2447/4502 2451/4523 2449/4512
f 2447/4502 2450/4501 2451/4523
f 2416/661 2453/645 2452/664
f 2416/661 2417/641 2453/645
f 2452/664 2453/645 2454/648
f 2419/631 2455/630 2418/632
f 2419/631 2456/629 2455/630
f 2417/641 2455/630 2453/645
f 2417/641 2418/632 2455/630
f 2453/645 2455/630 2454/648
f 2456/629 2457/626 2455/630
f 2456/629 2458/625 2457/626
f 2454/648 2457/626 2459/649
f 2454/648 2455/630 2457/626
f 2459/649 2457/626 2460/623
f 2444/4499 2461/4503 2450/4501
f 2450/4501 2461/4503 2451/4523
f 2459/649 2460/623 2462/659
f 2462/659 2460/623 2463/613
f 2462/659 2463/613 2464/658
f 2464/658 2463/613 2465/614
f 2429/286 2466/259 2428/261
f 2415/4671 2448/4672 2429/4673
f 2429/286 2467/309 2466/259
f 2448/4513 2467/4514 2429/4515
f 2448/4513 2449/4512 2467/4514
f 2428/261 2466/259 2430/250
f 2430/250 2468/248 2431/251
f 2449/4512 2451/4523 2467/4514
f 2467/309 2469/262 2466/259
f 2467/4514 2470/4600 2469/4601
f 2451/4523 2470/4600 2467/4514
f 2430/250 2471/247 2468/248
f 2466/259 2472/260 2471/247
f 2466/259 2471/247 2430/250
f 2466/259 2469/262 2472/260
f 2434/254 2473/270 2432/269
f 2434/254 2474/249 2473/270
f 2431/251 2474/249 2434/254
f 2431/251 2468/248 2474/249
f 2432/269 2475/293 2433/289
f 2419/631 2475/670 2456/629
f 2419/631 2433/671 2475/670
f 2432/269 2473/270 2475/293
f 2474/249 2477/257 2473/270
f 2476/274 2473/270 2477/257
f 2473/270 2478/296 2475/293
f 2473/270 2476/274 2478/296
f 2456/629 2478/669 2458/625
f 2456/629 2475/670 2478/669
f 2478/669 2476/650 2458/625
f 2457/626 2458/625 2460/623
f 2451/4523 2479/4537 2470/4600
f 2480/263 2481/245 2472/260
f 2470/308 2472/260 2469/262
f 2470/308 2480/263 2472/260
f 2470/4600 2479/4537 2480/4539
f 2480/263 2482/265 2481/245
f 2479/4537 2482/4538 2480/4539
f 2472/260 2481/245 2471/247
f 2471/247 2483/224 2468/248
f 2451/4523 2484/4524 2479/4537
f 2479/4537 2484/4524 2482/4538
f 2482/265 2485/239 2481/245
f 2471/247 2481/245 2483/224
f 2481/245 2485/239 2483/224
f 2468/248 2486/227 2474/249
f 2468/248 2483/224 2486/227
f 2474/249 2486/227 2477/257
f 2476/650 2487/624 2458/625
f 2476/650 2488/612 2487/624
f 2460/623 2458/625 2487/624
f 2460/623 2488/612 2463/613
f 2460/623 2487/624 2488/612
f 2488/302 2476/274 2489/301
f 2486/227 2490/256 2477/257
f 2489/611 2491/610 2488/612
f 2463/613 2488/612 2491/610
f 2463/613 2491/610 2465/614
f 2477/257 2492/276 2476/274
f 2477/257 2490/256 2492/276
f 2489/301 2476/274 2492/276
f 677/2669 1945/2673 910/2672
f 910/2672 2493/2674 911/2838
f 1945/2673 2493/2674 910/2672
f 1945/2673 2494/2678 2493/2674
f 1945/2673 1953/2679 2494/2678
f 1953/2679 2495/2687 2494/2678
f 1953/2679 1958/2686 2495/2687
f 2495/2687 2497/3004 2496/3124
f 2495/2687 2496/3124 2494/2678
f 2495/2687 2498/2690 2497/3004
f 1958/2686 2498/2690 2495/2687
f 1959/2688 2499/2691 1958/2686
f 1958/2686 2499/2691 2498/2690
f 2500/3058 2502/3171 2501/3154
f 2498/2690 2501/3154 2497/3004
f 2498/2690 2500/3058 2501/3154
f 911/2838 2503/3070 955/3069
f 955/3069 2503/3070 956/3141
f 915/2663 956/3141 954/2667
f 911/2838 2493/2674 2503/3070
f 956/3141 2504/3273 954/2667
f 954/2667 2504/3273 970/3274
f 978/2147 2505/2119 981/2124
f 970/3274 2506/3275 977/3331
f 970/3274 2504/3273 2506/3275
f 979/2215 2508/2204 978/2147
f 977/2630 2508/2204 979/2215
f 978/2147 2509/2095 2505/2119
f 2505/2119 2509/2095 2507/2120
f 2506/3275 2510/3332 977/3331
f 2508/2204 2511/2132 978/2147
f 977/2630 2510/2617 2508/2204
f 978/2147 2511/2132 2509/2095
f 2509/2095 2512/2086 2507/2120
f 981/2124 2505/2119 992/2123
f 2505/2119 2507/2120 2513/2118
f 992/2123 2514/2116 993/2122
f 992/2123 2505/2119 2514/2116
f 993/2122 2514/2116 2515/2113
f 2505/2119 2513/2118 2514/2116
f 993/2122 2515/2113 999/2114
f 999/2114 2515/2113 1001/2112
f 2513/2118 2507/2120 2516/2117
f 2513/2118 2517/2115 2514/2116
f 2513/2118 2516/2117 2517/2115
f 2514/2116 2517/2115 2515/2113
f 2517/2115 2518/2097 2515/2113
f 2515/2113 2518/2097 1001/2112
f 2518/2097 2519/2105 1001/2112
f 2503/3070 2520/3167 956/3141
f 956/3141 2520/3167 2521/3279
f 2493/2674 2494/2678 2503/3070
f 2520/3167 2522/3281 2521/3279
f 2503/3070 2523/3168 2520/3167
f 2523/3168 2524/3282 2522/3281
f 2520/3167 2523/3168 2522/3281
f 956/3141 2521/3279 2504/3273
f 2504/3273 2521/3279 2525/3276
f 2521/3279 2522/3281 2526/3283
f 2494/2678 2496/3124 2503/3070
f 2503/3070 2496/3124 2523/3168
f 2523/3168 2528/3286 2524/3282
f 2496/3124 2528/3286 2523/3168
f 2496/3124 2497/3004 2528/3286
f 2497/3004 2501/3154 2528/3286
f 2528/3286 2529/3322 2524/3282
f 2528/3286 2530/3338 2529/3322
f 2528/3286 2531/3370 2530/3338
f 2501/3154 2531/3370 2528/3286
f 2501/3154 2502/3171 2531/3370
f 2526/3283 2532/3284 2521/3279
f 2522/3281 2524/3282 2526/3283
f 2524/3282 2529/3322 2526/3283
f 2532/3284 2533/3285 2521/3279
f 2521/3279 2533/3285 2534/3280
f 2521/3279 2534/3280 2525/3276
f 2526/3283 2535/3306 2532/3284
f 2529/3322 2535/3306 2526/3283
f 2529/3322 2530/3338 2535/3306
f 2533/3285 2536/3299 2534/3280
f 2504/3273 2525/3276 2506/3275
f 2525/3276 2537/3277 2506/3275
f 2525/3276 2527/3278 2537/3277
f 2508/2204 2538/2186 2511/2132
f 2510/2617 2538/2186 2508/2204
f 2506/3275 2539/3333 2510/3332
f 2506/3275 2540/3318 2539/3333
f 2506/3275 2537/3277 2540/3318
f 2538/2186 2541/2136 2511/2132
f 2510/3332 2539/3333 2538/3415
f 2511/2132 2542/2075 2509/2095
f 2511/2132 2541/2136 2542/2075
f 2509/2095 2542/2075 2512/2086
f 2525/3276 2534/3280 2527/3278
f 2527/3278 2544/3298 2543/3320
f 2534/3280 2544/3298 2527/3278
f 2536/3299 2543/3320 2544/3298
f 2536/3299 2545/3325 2543/3320
f 2534/3280 2536/3299 2544/3298
f 2540/3318 2546/3366 2539/3333
f 2540/3318 2547/3319 2546/3366
f 2537/3277 2547/3319 2540/3318
f 2537/3277 2527/3278 2547/3319
f 2538/2186 2548/2135 2541/2136
f 2538/2186 2546/2214 2548/2135
f 2539/3333 2546/3366 2538/3415
f 2541/2136 2548/2135 2542/2075
f 2527/3278 2543/3320 2547/3319
f 2547/3319 2551/3351 2550/3352
f 2543/3320 2551/3351 2547/3319
f 2547/3319 2550/3352 2552/3378
f 2547/3319 2552/3378 2546/3366
f 2552/2268 2548/2135 2546/2214
f 2552/2268 2553/2137 2548/2135
f 2552/2268 2554/2195 2553/2137
f 2552/2268 2555/2242 2554/2195
f 2550/3352 2555/3414 2552/3378
f 2548/2135 2556/2087 2542/2075
f 2542/2075 2556/2087 2549/2072
f 2554/2195 2557/2121 2553/2137
f 2548/2135 2557/2121 2556/2087
f 2548/2135 2553/2137 2557/2121
f 2556/2087 2558/2084 2549/2072
f 2556/2087 2557/2121 2558/2084
f 2507/2120 2512/2086 2516/2117
f 2512/2086 2559/2096 2516/2117
f 2512/2086 2542/2075 2560/2076
f 2512/2086 2560/2076 2559/2096
f 2516/2117 2559/2096 2517/2115
f 2517/2115 2559/2096 2518/2097
f 2559/2096 2560/2076 2562/2074
f 2559/2096 2562/2074 2518/2097
f 2518/2097 2562/2074 2519/2105
f 2560/2076 2542/2075 2561/2071
f 2542/2075 2549/2072 2561/2071
f 2561/2071 2549/2072 2563/2073
f 2549/2072 2558/2084 2563/2073
f 2563/2073 2558/2084 2564/2067
f 2561/2071 2563/2073 2565/2068
f 2563/2073 2564/2067 2565/2068
f 2565/2068 2564/2067 2567/2065
f 2560/2076 2561/2071 2562/2074
f 2565/2068 2568/2070 2561/2071
f 2562/2074 2561/2071 2568/2070
f 2565/2068 2566/2069 2568/2070
f 1959/2688 2026/2692 2499/2691
f 2499/2691 2569/2701 2498/2690
f 2500/3058 2570/3057 2502/3171
f 2498/2690 2570/3057 2500/3058
f 2498/2690 2569/2701 2570/3057
f 2026/2692 2571/2694 2499/2691
f 2026/2692 2030/2999 2571/2694
f 2499/2691 2571/2694 2569/2701
f 3736/3066 2571/2694 2030/2999
f 2573/3015 2571/2694 3736/3066
f 2572/2731 2571/2694 2573/3015
f 3735/2998 3736/3066 2030/2999
f 2571/2694 2572/2731 2569/2701
f 2570/3057 2574/3139 2502/3171
f 2572/2731 2575/2735 2569/2701
f 2572/2731 2576/2823 2575/2735
f 2572/2731 2573/3015 2576/2823
f 2042/2921 2573/3015 2041/3067
f 2042/2921 2576/2823 2573/3015
f 2042/2921 2577/2923 2576/2823
f 2042/2921 2044/2897 2577/2923
f 2577/2923 2579/2983 2578/2848
f 2576/2823 2578/2848 2575/2735
f 2576/2823 2577/2923 2578/2848
f 2570/3057 2580/3072 2574/3139
f 2569/2701 2580/3072 2570/3057
f 2569/2701 2575/2735 2580/3072
f 2575/2735 2581/2849 2580/3072
f 2575/2735 2578/2848 2581/2849
f 2582/3195 2584/3394 2583/3334
f 2582/3195 2585/3194 2584/3394
f 2580/3072 2583/3334 2574/3139
f 2580/3072 2582/3195 2583/3334
f 2580/3072 2585/3194 2582/3195
f 2580/3072 2581/2849 2585/3194
f 2577/2923 2586/2982 2579/2983
f 2577/2923 2587/2924 2586/2982
f 2044/2897 2587/2924 2577/2923
f 2044/2897 2047/2861 2587/2924
f 2578/2848 2588/2850 2581/2849
f 2578/2848 2589/2851 2588/2850
f 2578/2848 2590/2994 2589/2851
f 2578/2848 2579/2983 2590/2994
f 2581/2849 2588/2850 2585/3194
f 2585/3194 2591/3311 2584/3394
f 2585/3194 2592/3157 2591/3311
f 2588/2850 2592/3157 2585/3194
f 2587/2924 2593/2981 2586/2982
f 2587/2924 2594/2980 2593/2981
f 2047/2861 2594/2980 2587/2924
f 2047/2861 2083/2859 2594/2980
f 2594/2980 2595/2856 2593/2981
f 2083/2859 2595/2856 2594/2980
f 2083/2859 2084/2858 2595/2856
f 2589/2851 2596/2852 2588/2850
f 2589/2851 2597/2853 2596/2852
f 2589/2851 2598/2993 2597/2853
f 2588/2850 2596/2852 2592/3157
f 2592/3157 2599/3143 2591/3311
f 2596/2852 2599/3143 2592/3157
f 2092/2874 2094/3136 2600/2857
f 2084/2858 2600/2857 2595/2856
f 2084/2858 2092/2874 2600/2857
f 2595/2856 2598/2993 2593/2981
f 2595/2856 2597/2853 2598/2993
f 2595/2856 2601/2855 2597/2853
f 2595/2856 2600/2857 2601/2855
f 2600/2857 2602/2863 2601/2855
f 2600/2857 2603/2864 2602/2863
f 2600/2857 2604/3054 2603/2864
f 2597/2853 2605/2854 2596/2852
f 2597/2853 2601/2855 2605/2854
f 2599/3143 2606/3312 2591/3311
f 2596/2852 2605/2854 2599/3143
f 2601/2855 2607/2930 2605/2854
f 2601/2855 2602/2863 2607/2930
f 2607/2930 2608/3310 2599/3143
f 2607/2930 2609/3126 2608/3310
f 2599/3143 2608/3310 2606/3312
f 2605/2854 2607/2930 2599/3143
f 2095/2867 2604/3054 2094/3136
f 2095/2867 2603/2864 2604/3054
f 2095/2867 2610/2866 2603/2864
f 2095/2867 2093/2868 2610/2866
f 2603/2864 2611/2865 2602/2863
f 2603/2864 2610/2866 2611/2865
f 2093/2868 2612/2872 2610/2866
f 2093/2868 2114/2873 2612/2872
f 2610/2866 2613/3018 2611/2865
f 2610/2866 2612/2872 2613/3018
f 2607/2930 2611/2865 2609/3126
f 2602/2863 2611/2865 2607/2930
f 2613/3018 2614/3112 2611/2865
f 2611/2865 2614/3112 2609/3126
f 2114/2873 2615/3030 2612/2872
f 2114/2873 2119/2882 2615/3030
f 2615/3030 2616/3098 2612/2872
f 2613/3018 2616/3098 2614/3112
f 2613/3018 2612/2872 2616/3098
f 2615/3030 2121/3034 2616/3098
f 2615/3030 2119/2882 2121/3034
f 2502/3171 2617/3400 2531/3370
f 2502/3171 2618/3399 2617/3400
f 2502/3171 2574/3139 2618/3399
f 2535/3306 2530/3338 2532/3284
f 2530/3338 2620/3328 2532/3284
f 2530/3338 2621/3391 2620/3328
f 2531/3370 2621/3391 2530/3338
f 2531/2603 2617/2286 2621/2601
f 2532/3284 2622/3295 2533/3285
f 2532/3284 2623/3296 2622/3295
f 2532/3284 2620/3328 2623/3296
f 2533/3285 2624/3303 2536/3299
f 2533/3285 2622/3295 2624/3303
f 2536/3299 2624/3303 2545/3325
f 2623/3296 2624/3303 2622/3295
f 2623/3296 2625/3317 2624/3303
f 2621/3391 2626/3392 2620/3328
f 2621/3391 2627/3416 2626/3392
f 2617/2286 2627/2271 2621/2601
f 2617/2286 2618/2263 2627/2271
f 2618/2263 2628/2037 2627/2271
f 2618/2263 2619/2009 2628/2037
f 2620/3328 2625/3317 2623/3296
f 2620/3328 2626/3392 2625/3317
f 2626/3392 2629/3368 2625/3317
f 2626/3392 2627/3416 2629/3368
f 2625/3317 2630/3340 2624/3303
f 2624/3303 2631/3339 2545/3325
f 2624/3303 2630/3340 2631/3339
f 2625/3317 2632/3341 2630/3340
f 2630/3340 2633/3386 2631/3339
f 2618/2263 2583/2607 2619/2009
f 2574/3139 2583/3334 2618/3399
f 2583/3334 2634/3435 2619/3436
f 2583/3334 2584/3394 2634/3435
f 2579/2983 2586/2982 2590/2994
f 2586/2982 2589/2851 2590/2994
f 2628/2037 2635/2219 2627/2271
f 2628/2037 2636/2034 2635/2219
f 2619/2009 2636/2034 2628/2037
f 2627/3416 2635/3425 2629/3368
f 2635/2219 2636/2034 2637/2218
f 2635/3425 2638/3369 2629/3368
f 2635/3425 2637/3427 2638/3369
f 2632/3341 2639/3407 2630/3340
f 2632/3341 2640/3342 2639/3407
f 2625/3317 2640/3342 2632/3341
f 2625/3317 2629/3368 2640/3342
f 2638/2283 2641/2254 2640/2644
f 2640/2644 2641/2254 2639/2253
f 2629/3368 2638/3369 2640/3342
f 2619/2009 2642/2000 2636/2034
f 2619/2009 2643/2006 2642/2000
f 2634/31 2643/32 2619/33
f 2584/3394 2643/3437 2634/3435
f 2584/2256 2591/2232 2643/2006
f 2643/2006 2644/1986 2642/2000
f 2636/2034 2642/2000 2637/2218
f 2638/2283 2645/2212 2641/2254
f 2638/2283 2646/2038 2645/2212
f 2637/2218 2646/2038 2638/2283
f 2637/2218 2642/2000 2646/2038
f 2642/2000 2644/1986 2647/1994
f 2647/1994 2648/2004 2646/2038
f 2646/2038 2648/2004 2645/2212
f 2642/2000 2647/1994 2646/2038
f 2633/2226 2649/2225 2650/2224
f 2630/3340 2649/3387 2633/3386
f 2630/3340 2639/3407 2649/3387
f 2649/2225 2651/2216 2650/2224
f 2649/2225 2652/2252 2651/2216
f 2639/2253 2652/2252 2649/2225
f 2645/2212 2653/2213 2641/2254
f 2641/2254 2653/2213 2639/2253
f 2653/2213 2654/2211 2652/2252
f 2652/2252 2654/2211 2651/2216
f 2639/2253 2653/2213 2652/2252
f 2653/2213 2645/2212 2654/2211
f 2651/2216 2656/2138 2655/2163
f 2651/2216 2654/2211 2656/2138
f 2654/2211 2658/2167 2657/2166
f 2654/2211 2657/2166 2656/2138
f 2656/2138 2660/2102 2659/2101
f 2656/2138 2657/2166 2660/2102
f 2545/3325 2661/3382 2551/3351
f 2545/3325 2662/3383 2661/3382
f 2551/3351 2661/3382 2550/3352
f 2543/3320 2545/3325 2551/3351
f 2545/3325 2663/3384 2662/3383
f 2661/2206 2665/2187 2664/2217
f 2661/2206 2666/2205 2665/2187
f 2662/2223 2666/2205 2661/2206
f 2661/2206 2667/2191 2555/2242
f 2661/2206 2664/2217 2667/2191
f 2555/2242 2667/2191 2554/2195
f 2550/3352 2661/3382 2555/3414
f 2554/2195 2667/2191 2557/2121
f 2665/2187 2669/2160 2664/2217
f 2665/2187 2670/2150 2669/2160
f 2667/2191 2669/2160 2557/2121
f 2667/2191 2664/2217 2669/2160
f 2557/2121 2669/2160 2668/2131
f 2663/2262 2671/2221 2662/2223
f 2663/2262 2672/2222 2671/2221
f 2545/3325 2672/3385 2663/3384
f 2545/3325 2631/3339 2672/3385
f 2671/2221 2673/2183 2666/2205
f 2662/2223 2671/2221 2666/2205
f 2633/2226 2650/2224 2672/2222
f 2631/3339 2633/3386 2672/3385
f 2650/2224 2674/2220 2672/2222
f 2671/2221 2674/2220 2673/2183
f 2671/2221 2672/2222 2674/2220
f 2665/2187 2673/2183 2670/2150
f 2665/2187 2666/2205 2673/2183
f 2673/2183 2676/2184 2675/1851
f 2673/2183 2675/1851 2670/2150
f 2669/2160 2670/2150 2668/2131
f 2674/2220 2677/2190 2673/2183
f 2674/2220 2678/2164 2677/2190
f 2650/2224 2678/2164 2674/2220
f 2677/2190 2679/1849 2676/2184
f 2673/2183 2677/2190 2676/2184
f 2651/2216 2655/2163 2678/2164
f 2650/2224 2651/2216 2678/2164
f 2677/2190 2680/1850 2679/1849
f 2677/2190 2678/2164 2680/1850
f 2656/2138 2680/1850 2655/2163
f 2656/2138 2659/2101 2680/1850
f 2678/2164 2655/2163 2680/1850
f 2659/2101 2660/2102 2681/2050
f 2668/2131 2682/2098 2557/2121
f 2668/2131 2683/2100 2682/2098
f 2558/2084 2557/2121 2682/2098
f 2683/2100 2685/2093 2682/2098
f 2558/2084 2682/2098 2685/2093
f 2683/2100 2686/2099 2685/2093
f 2558/2084 2685/2093 2564/2067
f 2683/2100 2684/1852 2686/2099
f 2675/1851 2684/1852 2670/2150
f 2675/1851 2687/1848 2684/1852
f 2668/2131 2684/1852 2683/2100
f 2668/2131 2670/2150 2684/1852
f 2564/2067 2685/2093 2686/2099
f 2564/2067 2686/2099 2689/2057
f 2564/2067 2689/2057 2567/2065
f 2689/2057 2686/2099 2690/2055
f 2686/2099 2684/1852 2688/2052
f 2688/2052 2691/2054 2686/2099
f 2686/2099 2691/2054 2690/2055
f 2692/2047 2690/2055 2691/2054
f 2692/2047 2693/2043 2690/2055
f 2675/1851 2679/1849 2687/1848
f 2675/1851 2676/2184 2679/1849
f 2694/1847 2687/1848 2679/1849
f 2679/1849 2680/1850 2694/1847
f 2687/46 2694/47 2684/48
f 2695/2051 2688/2052 2694/1847
f 2684/1852 2694/1847 2688/2052
f 2680/1850 2659/2101 2694/1847
f 2694/1847 2681/2050 2695/2051
f 2694/1847 2659/2101 2681/2050
f 2688/2052 2692/2047 2691/2054
f 2688/2052 2695/2051 2692/2047
f 2681/2050 2698/2048 2697/2049
f 2695/2051 2681/2050 2697/2049
f 2695/2051 2697/2049 2692/2047
f 2692/2047 2697/2049 2696/2044
f 2698/2048 2699/2045 2697/2049
f 2586/2982 2598/2993 2589/2851
f 2586/2982 2593/2981 2598/2993
f 2094/3136 2604/3054 2600/2857
f 2643/2006 2700/1991 2644/1986
f 2591/2232 2700/1991 2643/2006
f 2700/1991 2701/1978 2644/1986
f 2644/1986 2702/1968 2647/1994
f 2647/1994 2702/1968 2648/2004
f 2644/1986 2701/1978 2702/1968
f 2591/2232 2703/1990 2700/1991
f 2591/2232 2606/2274 2703/1990
f 2700/1991 2703/1990 2701/1978
f 2608/2250 2704/1984 2703/1990
f 2608/2250 2705/1985 2704/1984
f 2606/2274 2608/2250 2703/1990
f 2703/1990 2704/1984 2701/1978
f 2701/1978 2706/1967 2702/1968
f 2702/1968 2706/1967 2707/1962
f 2706/1967 2708/1960 2707/1962
f 2648/2004 2709/2162 2645/2212
f 2648/2004 2710/1979 2709/2162
f 2648/2004 2707/1962 2710/1979
f 2702/1968 2707/1962 2648/2004
f 2709/2162 2710/1979 2711/2019
f 2709/2162 2712/2168 2645/2212
f 2645/2212 2712/2168 2654/2211
f 2654/2211 2713/2152 2658/2167
f 2654/2211 2712/2168 2713/2152
f 2713/2152 2660/2102 2658/2167
f 2713/2152 2714/2053 2660/2102
f 2657/2166 2658/2167 2660/2102
f 2711/2019 2715/2022 2712/2168
f 2711/2019 2716/2021 2715/2022
f 2712/2168 2715/2022 2713/2152
f 2709/2162 2711/2019 2712/2168
f 2713/2152 2715/2022 2714/2053
f 2711/2019 2717/1983 2716/2021
f 2711/2019 2710/1979 2717/1983
f 2710/1979 2718/1948 2717/1983
f 2710/1979 2707/1962 2718/1948
f 2717/1983 2720/1957 2719/1989
f 2717/1983 2718/1948 2720/1957
f 2717/1983 2721/2020 2716/2021
f 2717/1983 2719/1989 2721/2020
f 2715/2022 2721/2020 2714/2053
f 2715/2022 2716/2021 2721/2020
f 2608/3310 2609/3126 2705/3406
f 2609/3126 2722/3405 2705/3406
f 2609/3126 2723/3272 2722/3405
f 2609/3126 2614/3112 2723/3272
f 2723/2233 2724/1988 2722/1992
f 2723/2233 2725/2005 2724/1988
f 2723/2233 2726/2633 2725/2005
f 2614/3112 2726/3150 2723/3272
f 2614/3112 2616/3098 2726/3150
f 2704/1984 2706/1967 2701/1978
f 2704/1984 2705/1985 2706/1967
f 2705/1985 2722/1992 2706/1967
f 2706/1967 2727/1959 2708/1960
f 2722/1992 2724/1988 2706/1967
f 2706/1967 2724/1988 2727/1959
f 2707/1962 2708/1960 2728/1961
f 2708/1960 2729/1952 2728/1961
f 2707/1962 2728/1961 2718/1948
f 2718/1948 2730/1943 2720/1957
f 2718/1948 2731/1937 2730/1943
f 2708/1960 2732/1951 2729/1952
f 2708/1960 2727/1959 2732/1951
f 2728/1961 2733/1947 2718/1948
f 2729/1952 2733/1947 2728/1961
f 2729/1952 2732/1951 2733/1947
f 2718/1948 2733/1947 2731/1937
f 2660/2102 2714/2053 2681/2050
f 2719/1989 2720/1957 2734/1993
f 2719/1989 2734/1993 2721/2020
f 2734/1993 2714/2053 2721/2020
f 2734/1993 2720/1957 2735/1969
f 2714/2053 2734/1993 2681/2050
f 2681/2050 2734/1993 2736/2010
f 2681/2050 2736/2010 2698/2048
f 2735/1969 2736/2010 2734/1993
f 2735/1969 2738/1970 2736/2010
f 2698/2048 2739/2017 2737/2046
f 2698/2048 2736/2010 2739/2017
f 2738/1970 2739/2017 2736/2010
f 2738/1970 2740/1971 2739/2017
f 2720/1957 2730/1943 2741/1942
f 2730/1943 2731/1937 2742/1933
f 2730/1943 2742/1933 2741/1942
f 2720/1957 2741/1942 2735/1969
f 2741/1942 2742/1933 2743/1934
f 2742/1933 2744/1932 2743/1934
f 2735/1969 2741/1942 2738/1970
f 2738/1970 2741/1942 2745/1949
f 2741/1942 2743/1934 2746/1928
f 2741/1942 2746/1928 2745/1949
f 2738/1970 2747/1953 2740/1971
f 2738/1970 2745/1949 2747/1953
f 2745/1949 2748/1924 2747/1953
f 2745/1949 2746/1928 2748/1924
f 2743/1934 2744/1932 2746/1928
f 2746/1928 2749/1925 2748/1924
f 2121/3034 2750/3113 2616/3098
f 2279/3117 2751/3114 2121/3034
f 2121/3034 2751/3114 2750/3113
f 2750/3113 2752/3297 2726/3150
f 2750/3113 2753/3178 2752/3297
f 2726/2633 2752/2198 2725/2005
f 2616/3098 2750/3113 2726/3150
f 2725/2005 2754/1987 2724/1988
f 2725/2005 2752/2198 2754/1987
f 2751/3114 2755/3115 2750/3113
f 2750/3113 2755/3115 2753/3178
f 2752/2198 2756/2197 2754/1987
f 2753/3178 2756/3326 2752/3297
f 2753/3178 2755/3115 2756/3326
f 2279/3117 2312/3118 2751/3114
f 2314/3177 2757/3125 2312/3118
f 2314/3177 2325/3146 2757/3125
f 2751/3114 2312/3118 2757/3125
f 2751/3114 2757/3125 2758/3116
f 2756/2197 2759/2036 2754/1987
f 2751/3114 2758/3116 2755/3115
f 2756/2197 2760/2270 2759/2036
f 2755/3115 2760/3292 2756/3326
f 2755/3115 2758/3116 2760/3292
f 2759/2036 2761/2035 2754/1987
f 2724/1988 2754/1987 2727/1959
f 2727/1959 2754/1987 2762/1958
f 2754/1987 2763/1976 2762/1958
f 2754/1987 2761/2035 2763/1976
f 2727/1959 2762/1958 2732/1951
f 2732/1951 2764/1936 2733/1947
f 2733/1947 2764/1936 2731/1937
f 2762/1958 2766/1950 2732/1951
f 2732/1951 2766/1950 2765/1938
f 2732/1951 2765/1938 2764/1936
f 2325/3146 2767/3130 2757/3125
f 2757/3125 2768/3128 2758/3116
f 2757/3125 2767/3130 2768/3128
f 2325/3146 2327/3173 2767/3130
f 2767/3130 2769/3149 2768/3128
f 2758/3116 2768/3128 2770/3293
f 2770/3293 2771/3349 2760/3292
f 2770/3293 2772/3305 2771/3349
f 2760/2270 2771/2227 2759/2036
f 2758/3116 2770/3293 2760/3292
f 2769/3149 2773/3269 2768/3128
f 2769/3149 2774/3268 2773/3269
f 2770/3293 2773/3269 2772/3305
f 2770/3293 2768/3128 2773/3269
f 2759/2036 2771/2227 2761/2035
f 2771/2227 2775/1977 2761/2035
f 2771/2227 2776/2228 2775/1977
f 2772/2251 2776/2228 2771/2227
f 2772/3305 2773/3269 2776/3316
f 2327/3173 2777/3153 2767/3130
f 2327/3173 2329/3301 2777/3153
f 2777/3153 2778/3267 2769/3149
f 2769/3149 2778/3267 2774/3268
f 2767/3130 2777/3153 2769/3149
f 2332/3324 2779/3270 2329/3301
f 2332/3324 2387/3309 2779/3270
f 2777/3153 2779/3270 2778/3267
f 2777/3153 2329/3301 2779/3270
f 2774/3268 2780/3315 2773/3269
f 2774/3268 2778/3267 2780/3315
f 2780/2647 2781/2229 2776/2228
f 2780/2647 2782/2646 2781/2229
f 2776/2228 2781/2229 2775/1977
f 2773/3269 2780/3315 2776/3316
f 2775/1977 2781/2229 2783/2171
f 2780/3315 2784/3308 2782/3404
f 2778/3267 2784/3308 2780/3315
f 2782/2646 2785/2172 2781/2229
f 2782/3404 2786/3329 2785/3373
f 2781/2229 2785/2172 2783/2171
f 2761/2035 2775/1977 2763/1976
f 2783/2171 2785/2172 2787/1907
f 2762/1958 2763/1976 2766/1950
f 2763/1976 2775/1977 2766/1950
f 2765/1938 2788/1908 2764/1936
f 2783/2171 2787/1907 2775/1977
f 2775/1977 2787/1907 2766/1950
f 2766/1950 2787/1907 2789/1877
f 2787/1907 2790/1870 2789/1877
f 2787/1907 2791/1898 2790/1870
f 2766/1950 2789/1877 2765/1938
f 2765/1938 2789/1877 2788/1908
f 2789/1877 2790/1870 2792/1862
f 2789/1877 2792/1862 2788/1908
f 2742/1933 2731/1937 2793/1930
f 2731/1937 2764/1936 2793/1930
f 2742/1933 2793/1930 2744/1932
f 2793/1930 2794/1931 2744/1932
f 2764/1936 2795/1935 2793/1930
f 2744/1932 2796/1929 2746/1928
f 2746/1928 2796/1929 2749/1925
f 2744/1932 2794/1931 2796/1929
f 2796/1929 2794/1931 2798/1926
f 2796/1929 2798/1926 2749/1925
f 2764/1936 2788/1908 2795/1935
f 2795/1935 2788/1908 2799/1914
f 2795/1935 2799/1914 2793/1930
f 2793/1930 2797/1927 2794/1931
f 2793/1930 2799/1914 2797/1927
f 2788/1908 2800/1857 2799/1914
f 2788/1908 2792/1862 2800/1857
f 2799/1914 2801/1913 2797/1927
f 2799/1914 2802/1853 2801/1913
f 2799/1914 2800/1857 2802/1853
f 2797/1927 2798/1926 2794/1931
f 2801/1913 2802/1853 2803/1855
f 2797/1927 2801/1913 2798/1926
f 2779/3270 2804/3307 2778/3267
f 2779/3270 2387/3309 2804/3307
f 2390/647 2805/697 2387/698
f 2390/647 2398/651 2805/697
f 2388/3361 2390/3375 2387/3309
f 2387/3309 2806/3353 2804/3307
f 2387/425 2805/414 2806/389
f 2398/651 2807/695 2805/697
f 2398/651 2400/655 2807/695
f 2805/414 2808/371 2806/389
f 2805/414 2807/409 2808/371
f 2804/3307 2786/3329 2784/3308
f 2784/3308 2786/3329 2782/3404
f 2778/3267 2804/3307 2784/3308
f 2806/389 2810/369 2809/405
f 2806/389 2808/371 2810/369
f 2804/3307 2809/3330 2786/3329
f 2804/3307 2806/3353 2809/3330
f 2786/3329 2809/3330 2811/3371
f 2400/655 2812/696 2807/695
f 2807/409 2813/375 2808/371
f 2807/409 2812/400 2813/375
f 2400/655 2814/700 2812/696
f 2400/655 2416/661 2814/700
f 2812/400 2815/376 2813/375
f 2812/400 2814/399 2815/376
f 2786/3329 2811/3371 2785/3373
f 2808/371 2816/368 2810/369
f 2808/371 2813/375 2816/368
f 2813/375 2815/376 2816/368
f 2815/376 2817/366 2816/368
f 2818/370 2820/367 2819/372
f 2810/369 2818/370 2809/405
f 2810/369 2820/367 2818/370
f 2810/369 2816/368 2820/367
f 2820/367 2821/364 2819/372
f 2820/367 2822/357 2821/364
f 2816/368 2817/366 2820/367
f 2823/2264 2824/1897 2791/1898
f 2785/2172 2791/1898 2787/1907
f 2785/2172 2823/2264 2791/1898
f 2785/3373 2811/3371 2823/3418
f 2791/1898 2825/1871 2790/1870
f 2791/1898 2824/1897 2825/1871
f 2823/2264 2826/1896 2824/1897
f 2823/2264 2827/2575 2826/1896
f 2811/3371 2827/3372 2823/3418
f 2811/3371 2809/3330 2827/3372
f 2824/1897 2826/1896 2825/1871
f 2790/1870 2828/1867 2792/1862
f 2790/1870 2825/1871 2828/1867
f 2825/1871 2829/1875 2828/1867
f 2818/370 2830/390 2827/412
f 2818/370 2819/372 2830/390
f 2827/2575 2830/2574 2826/1896
f 2809/405 2818/370 2827/412
f 2826/1896 2831/1891 2825/1871
f 2819/372 2833/374 2830/390
f 2819/372 2832/373 2833/374
f 2826/1896 2833/1900 2831/1891
f 2830/2574 2833/1900 2826/1896
f 2825/1871 2831/1891 2834/1890
f 2825/1871 2834/1890 2829/1875
f 2834/1890 2835/1879 2829/1875
f 2832/373 2821/364 2836/356
f 2819/372 2821/364 2832/373
f 2821/364 2837/355 2836/356
f 2833/374 2836/356 2838/359
f 2831/1891 2838/1894 2834/1890
f 2831/1891 2833/1900 2838/1894
f 2832/373 2836/356 2833/374
f 2416/423 2839/406 2814/399
f 2416/423 2452/422 2839/406
f 2814/399 2840/346 2815/376
f 2814/399 2839/406 2840/346
f 2815/376 2840/346 2817/366
f 2820/367 2841/365 2822/357
f 2817/366 2841/365 2820/367
f 2841/365 2842/345 2822/357
f 2817/366 2842/345 2841/365
f 2454/648 2844/702 2843/703
f 2454/648 2459/649 2844/702
f 2452/422 2843/408 2839/406
f 2452/664 2454/648 2843/703
f 2843/408 2846/331 2845/334
f 2843/408 2844/415 2846/331
f 2839/406 2845/334 2840/346
f 2839/406 2843/408 2845/334
f 2459/649 2847/701 2844/702
f 2844/415 2848/337 2846/331
f 2844/415 2847/407 2848/337
f 2845/334 2849/330 2842/345
f 2845/334 2846/331 2849/330
f 2840/346 2842/345 2817/366
f 2840/346 2845/334 2842/345
f 2842/345 2850/332 2822/357
f 2842/345 2849/330 2850/332
f 2846/331 2851/329 2849/330
f 2846/331 2848/337 2851/329
f 2852/328 2853/354 2850/332
f 2849/330 2852/328 2850/332
f 2849/330 2851/329 2852/328
f 2792/1862 2828/1867 2854/1863
f 2792/1862 2855/1854 2800/1857
f 2792/1862 2854/1863 2855/1854
f 2828/1867 2856/1869 2854/1863
f 2828/1867 2829/1875 2856/1869
f 2854/1863 2856/1869 2855/1854
f 2800/1857 2855/1854 2802/1853
f 2855/1854 2856/1869 2857/1868
f 2857/1868 2856/1869 2858/1878
f 2829/1875 2835/1879 2856/1869
f 2856/1869 2835/1879 2859/1880
f 2821/364 2850/332 2837/355
f 2822/357 2850/332 2821/364
f 2856/1869 2859/1880 2858/1878
f 2859/1880 2835/1879 2860/1881
f 2850/332 2853/354 2837/355
f 2859/1880 2860/1881 2858/1878
f 2459/649 2462/659 2847/701
f 2847/407 2861/339 2848/337
f 2848/337 2862/327 2851/329
f 2848/337 2861/339 2862/327
f 2851/329 2862/327 2852/328
f 2462/659 2863/704 2847/701
f 2462/659 2464/658 2863/704
f 2847/407 2864/341 2861/339
f 2847/407 2863/403 2864/341
f 2861/339 2865/320 2862/327
f 2861/339 2864/341 2865/320
f 2852/328 2866/322 2853/354
f 2862/327 2866/322 2852/328
f 2862/327 2865/320 2866/322
f 2802/1853 2855/1854 2803/1855
f 2857/1868 2858/1878 2867/1883
f 2855/1854 2857/1868 2868/1864
f 2803/1855 2855/1854 2869/1856
f 2855/1854 2868/1864 2869/1856
f 2857/1868 2867/1883 2868/1864
f 2836/356 2871/351 2838/359
f 2834/1890 2838/1894 2835/1879
f 2837/355 2871/351 2836/356
f 2871/351 2872/392 2838/359
f 2835/1879 2838/1894 2872/1905
f 2835/1879 2872/1905 2860/1881
f 2871/351 2873/391 2872/392
f 2860/1881 2872/1905 2873/1906
f 2837/355 2853/354 2871/351
f 2871/351 2874/350 2873/391
f 2873/391 2874/350 2875/393
f 2860/1881 2875/1882 2858/1878
f 2860/1881 2873/1906 2875/1882
f 2871/351 2870/347 2874/350
f 2853/354 2870/347 2871/351
f 2853/354 2866/322 2870/347
f 2874/350 2876/388 2875/393
f 2858/1878 2875/1882 2876/1889
f 697/4718 1646/4749 1965/4720
f 1651/4052 1652/4020 2877/4053
f 1646/4749 1651/4756 2877/4778
f 1648/3932 1649/3873 2878/3872
f 1649/3873 2879/3821 2878/3872
f 1649/3873 1647/3820 2879/3821
f 2877/4053 1652/4020 2880/4021
f 1646/4749 2877/4778 1965/4720
f 1648/3932 2878/3872 2881/3933
f 1652/4020 2881/3933 2880/4021
f 1652/4020 1648/3932 2881/3933
f 1647/3820 1654/3809 2879/3821
f 2879/3821 1654/3809 2882/3806
f 1654/3809 2883/3654 2882/3806
f 689/4719 1965/4720 1977/4721
f 1978/4759 2884/4760 1976/4761
f 2877/4778 2887/4831 2886/4828
f 2877/4053 2880/4021 2887/4022
f 1965/4720 2886/4828 2885/4799
f 1965/4720 2877/4778 2886/4828
f 2881/3933 2878/3872 2888/3871
f 2880/4021 2881/3933 2888/3871
f 2878/3872 2889/3805 2888/3871
f 2878/3872 2879/3821 2889/3805
f 2880/4021 2888/3871 2887/4022
f 1978/4759 1977/4721 2884/4760
f 1977/4721 2890/4762 2884/4760
f 1965/4720 2885/4799 1977/4721
f 2888/3871 2892/3836 2891/3947
f 2887/4022 2888/3871 2891/3947
f 2888/3871 2893/3585 2892/3836
f 2888/3871 2889/3805 2893/3585
f 2886/4828 2887/4831 2894/4790
f 2885/4799 2894/4790 1977/4721
f 2885/4799 2886/4828 2894/4790
f 1977/4721 2895/4784 2890/4762
f 1977/4721 2894/4790 2895/4784
f 2896/3945 2891/3947 2897/3922
f 2894/4071 2891/3947 2896/3945
f 2894/4071 2887/4022 2891/3947
f 2894/4790 2896/4806 2895/4784
f 2891/3947 2892/3836 2898/3808
f 2891/3947 2898/3808 2897/3922
f 2879/3821 2882/3806 2889/3805
f 1653/3655 1666/3607 2883/3654
f 1654/3809 1653/3655 2883/3654
f 1666/3607 1664/3597 2899/3593
f 1664/3597 1665/3596 2899/3593
f 2899/3593 1665/3596 2900/3592
f 1665/3596 1667/3601 2900/3592
f 2900/3592 1667/3601 2901/3602
f 1667/3601 2902/3616 2901/3602
f 1667/3601 1668/3615 2902/3616
f 2898/3808 2904/3786 2903/3584
f 2898/3808 2892/3836 2904/3786
f 1666/3607 2899/3593 2905/3589
f 2889/3805 2907/3638 2906/3776
f 2889/3805 2882/3806 2907/3638
f 2883/3654 2908/3610 2907/3638
f 2883/3654 1666/3607 2908/3610
f 2882/3806 2883/3654 2907/3638
f 1666/3607 2905/3589 2908/3610
f 2899/3593 2900/3592 2905/3589
f 2905/3589 2900/3592 2909/3591
f 2900/3592 2901/3602 2909/3591
f 2909/3591 2901/3602 2910/3611
f 2901/3602 2911/3632 2910/3611
f 2901/3602 2902/3616 2911/3632
f 2906/3776 2907/3638 2912/3586
f 2893/3585 2889/3805 2906/3776
f 2906/3776 2912/3586 2893/3585
f 2907/3638 2913/3587 2912/3586
f 2907/3638 2908/3610 2913/3587
f 2908/3610 2905/3589 2913/3587
f 2893/3585 2903/3584 2904/3786
f 2892/3836 2893/3585 2904/3786
f 2893/3585 2914/3583 2903/3584
f 2893/3585 2912/3586 2914/3583
f 2912/3586 2913/3587 2914/3583
f 2913/3587 2905/3589 2915/3588
f 2914/3583 2913/3587 2915/3588
f 2905/3589 2909/3591 2916/3590
f 2910/3611 2911/3632 2917/3633
f 2905/3589 2916/3590 2915/3588
f 2916/3590 2909/3591 2918/3449
f 2909/3591 2910/3611 2918/3449
f 2918/3449 2910/3611 2919/3445
f 1976/4761 2884/4760 2207/4766
f 2207/990 2920/987 2206/989
f 2920/987 2921/988 2206/989
f 2209/4820 2922/4823 2190/4824
f 2884/4760 2923/4765 2207/4766
f 2923/4765 2925/4833 2924/4832
f 2923/1144 2926/1141 2925/1143
f 2207/4192 2924/4193 2920/4194
f 2207/4766 2923/4765 2924/4832
f 2926/1141 2927/1142 2925/1143
f 2926/1141 2928/1146 2927/1142
f 2923/4765 2929/4782 2926/4842
f 2923/4765 2930/4764 2929/4782
f 2884/4760 2930/4764 2923/4765
f 2930/4764 2931/4763 2929/4782
f 2884/4760 2931/4763 2930/4764
f 2884/4760 2890/4762 2931/4763
f 2926/4842 2932/4836 2928/4841
f 2926/4842 2929/4782 2932/4836
f 2928/1146 2933/1145 2927/1142
f 2928/4841 2932/4836 2933/4840
f 2932/4836 2934/4838 2933/4840
f 2920/3442 2935/3441 2921/3438
f 2924/1149 2937/1148 2936/1150
f 2924/1149 2925/1143 2937/1148
f 2920/3442 2936/3443 2935/3441
f 2920/1153 2924/1149 2936/1150
f 2921/3438 2938/3439 2206/3440
f 2921/3438 2935/3441 2938/3439
f 2935/4296 2939/4291 2938/4290
f 2935/4296 2936/4297 2939/4291
f 2936/1150 2937/1148 2940/1154
f 2936/4297 2941/4298 2939/4291
f 2936/4297 2940/4299 2941/4298
f 2940/4299 2942/4300 2941/4298
f 2925/1143 2933/1145 2943/1147
f 2925/1143 2927/1142 2933/1145
f 2925/1143 2943/1147 2937/1148
f 2943/1147 2934/1151 2944/1152
f 2943/1147 2933/1145 2934/1151
f 2943/1147 2940/1154 2937/1148
f 2943/1147 2944/1152 2940/1154
f 2931/4763 2945/4834 2929/4782
f 2929/4782 2946/4835 2932/4836
f 2929/4782 2945/4834 2946/4835
f 2932/4836 2947/4837 2934/4838
f 2932/4836 2946/4835 2947/4837
f 2931/4763 2896/4806 2945/4834
f 2890/4762 2896/4806 2931/4763
f 2890/4762 2895/4784 2896/4806
f 2945/4117 2948/3837 2946/4116
f 2945/4834 2896/4806 2948/4843
f 2897/3922 2948/3837 2896/3945
f 2948/3837 2950/3474 2949/3849
f 2948/3837 2951/3575 2950/3474
f 2946/4835 2949/4839 2947/4837
f 2946/4116 2948/3837 2949/3849
f 2942/4300 2940/4299 2952/4301
f 2942/4300 2953/4310 2941/4298
f 2944/1152 2934/1151 2947/1155
f 2944/4309 2952/4301 2940/4299
f 2942/4300 2952/4301 2954/4302
f 2942/4300 2954/4302 2953/4310
f 2954/4302 2957/4303 2955/4307
f 2954/4302 2952/4301 2957/4303
f 2954/4302 2956/4308 2953/4310
f 2954/4302 2955/4307 2956/4308
f 2944/1152 2947/1155 2958/1156
f 2944/4309 2958/4304 2952/4301
f 2958/4304 2949/4306 2959/4305
f 2958/1156 2947/1155 2949/1157
f 2958/4304 2957/4303 2952/4301
f 2958/4304 2959/4305 2957/4303
f 2960/4367 2962/4285 2961/4282
f 2960/4125 2963/4122 2962/4124
f 2960/4367 2964/4277 2963/4618
f 2960/4367 2961/4282 2964/4277
f 2961/4282 2965/4276 2964/4277
f 2963/4122 2966/4123 2962/4124
f 2963/4618 2964/4277 2967/4269
f 2206/4293 2938/4290 2968/4289
f 2938/4290 2969/4288 2968/4289
f 2938/4290 2939/4291 2969/4288
f 2208/4817 2970/4819 2209/4820
f 2206/4816 2970/4819 2208/4817
f 2206/4293 2968/4289 2970/4292
f 2970/4819 2971/4821 2209/4820
f 2970/4292 2972/4286 2971/4313
f 2968/4289 2972/4286 2970/4292
f 2968/4289 2969/4288 2972/4286
f 2973/4365 2941/4298 2974/4617
f 2973/4365 2939/4291 2941/4298
f 2973/4365 2969/4288 2939/4291
f 2973/4365 2975/4284 2969/4288
f 2973/4365 2976/4283 2975/4284
f 2973/4365 2974/4617 2976/4283
f 2975/4284 2972/4286 2969/4288
f 2975/4284 2962/4285 2972/4286
f 2975/4284 2961/4282 2962/4285
f 2975/4284 2976/4283 2961/4282
f 2209/4820 2971/4821 2922/4823
f 2962/4285 2977/4287 2972/4286
f 2972/4286 2977/4287 2971/4313
f 2962/4285 2966/4294 2977/4287
f 2965/4276 2978/4275 2964/4277
f 2964/4277 2978/4275 2967/4269
f 2978/4275 2965/4276 2979/4270
f 2978/4275 2979/4270 2967/4269
f 2980/3949 2982/3948 2981/3775
f 2983/4281 2982/4554 2980/4272
f 2983/4281 2984/4368 2982/4554
f 2983/4281 2980/4272 2979/4270
f 2979/4270 2965/4276 2983/4281
f 2974/4636 2941/4637 2985/4635
f 2974/4617 2986/4366 2976/4283
f 2974/4636 2985/4635 2986/4632
f 2985/4635 2941/4637 2953/4638
f 2976/4283 2965/4276 2961/4282
f 2976/4283 2986/4366 2965/4276
f 2987/4047 2956/3918 2988/3758
f 2985/4635 2956/4640 2987/4633
f 2985/4635 2953/4638 2956/4640
f 2985/4635 2987/4633 2986/4632
f 2986/4366 2984/4368 2965/4276
f 2987/4633 2988/4639 2982/4634
f 2986/4366 2982/4554 2984/4368
f 2986/4632 2987/4633 2982/4634
f 2965/4276 2984/4368 2983/4281
f 2989/3917 2991/3994 2990/3516
f 2951/3575 2992/3473 2950/3474
f 2951/3575 2993/3576 2992/3473
f 2993/3576 2994/3764 2992/3473
f 2993/3576 2995/3763 2994/3764
f 2993/3576 2996/3887 2995/3763
f 3001/3502 3003/3996 3002/3997
f 3001/3502 3004/3517 3003/3996
f 3004/3517 3005/3944 3003/3996
f 3005/3944 3007/3540 3006/3943
f 3009/3998 3002/3997 3010/3999
f 3009/3998 3008/3995 3002/3997
f 3009/3998 3012/4000 3011/4007
f 3009/3998 3010/3999 3012/4000
f 2989/3917 3008/3995 2991/3994
f 3009/3998 2991/3994 3008/3995
f 3009/3998 3011/4007 2991/3994
f 3010/3999 3014/3993 3013/4003
f 3010/3999 3002/3997 3014/3993
f 3003/3996 3014/3993 3002/3997
f 3003/3996 3005/3944 3014/3993
f 3013/4003 3016/3942 3015/3992
f 3013/4003 3014/3993 3016/3942
f 3005/3944 3016/3942 3014/3993
f 3005/3944 3006/3943 3016/3942
f 3010/3999 3017/4001 3012/4000
f 3010/3999 3013/4003 3017/4001
f 3013/4003 3015/3992 3017/4001
f 3007/3540 3018/3521 3006/3943
f 3006/3943 3019/3941 3016/3942
f 3006/3943 3018/3521 3019/3941
f 3018/3521 3020/3520 3019/3941
f 3016/3942 3022/3935 3021/3990
f 3016/3942 3019/3941 3022/3935
f 3015/3992 3016/3942 3021/3990
f 3019/3941 3020/3520 3022/3935
f 2190/4824 2922/4823 3023/4825
f 2190/4413 3023/4384 2266/4412
f 2922/4823 3024/4826 3023/4825
f 3023/4384 3024/4605 3025/4516
f 3023/4384 3025/4516 3026/4385
f 3025/4516 3027/4389 3026/4385
f 2963/4122 3028/4126 2966/4123
f 2963/4627 3029/4628 3028/4629
f 2963/4618 2967/4269 3029/4573
f 3028/4316 3031/4315 3030/4311
f 3028/4126 3030/4127 2966/4123
f 2922/4407 2971/4313 3032/4312
f 2922/4407 3032/4312 3033/4405
f 2966/4294 3034/4295 2977/4287
f 2977/4287 3032/4312 2971/4313
f 2977/4287 3034/4295 3032/4312
f 2966/4294 3030/4311 3034/4295
f 2922/19 3033/20 3024/21
f 3033/4405 3032/4312 3035/4361
f 3030/4311 3036/4314 3034/4295
f 3030/4311 3031/4315 3036/4314
f 3034/4295 3035/4361 3032/4312
f 3036/4314 3038/4318 3037/4317
f 3036/4314 3037/4317 3034/4295
f 3034/4295 3037/4317 3035/4361
f 2967/4269 3039/4271 3029/4573
f 2967/4269 2979/4270 3039/4271
f 3028/4316 3040/4604 3031/4315
f 3028/4629 3041/4630 3040/4631
f 3029/4628 3041/4630 3028/4629
f 3029/4573 3039/4271 3041/4280
f 2980/4272 3042/4273 3039/4271
f 2980/4272 2981/4278 3042/4273
f 2979/4270 2980/4272 3039/4271
f 3041/4280 3043/4274 3040/4604
f 3041/4280 3044/4279 3043/4274
f 3039/4271 3043/4274 3044/4279
f 3039/4271 3042/4273 3043/4274
f 3039/4271 3044/4279 3041/4280
f 2990/3516 2991/3994 3045/3916
f 3031/4315 3040/4604 3046/4619
f 3036/4314 3047/4319 3038/4318
f 3036/4314 3048/4362 3047/4319
f 3031/4315 3048/4362 3036/4314
f 3031/4315 3046/4619 3048/4362
f 3043/4642 3050/4644 3049/4643
f 3043/4011 3051/3770 3050/3771
f 3040/4641 3049/4643 3046/4645
f 3040/4641 3043/4642 3049/4643
f 3048/4362 3052/4322 3047/4319
f 3048/4362 3049/4623 3052/4322
f 3049/4623 3050/4624 3052/4322
f 3046/4645 3049/4643 3048/4646
f 3033/4405 3053/4565 3024/4605
f 3033/4405 3035/4361 3053/4565
f 3024/4605 3054/4360 3025/4516
f 3024/4865 3053/4866 3054/4867
f 3037/4317 3053/4565 3035/4361
f 3037/4317 3055/4603 3053/4565
f 3037/4317 3056/4358 3055/4603
f 3037/4317 3038/4318 3056/4358
f 3057/4324 3058/4325 3054/4360
f 3055/4868 3054/4867 3053/4866
f 3055/4603 3057/4324 3054/4360
f 3055/4603 3056/4358 3057/4324
f 3054/4659 3060/4656 3059/4658
f 3054/4360 3058/4325 3060/4327
f 3025/4844 3061/4845 3027/4846
f 3054/4360 3063/4348 3062/4351
f 3054/4360 3059/4347 3063/4348
f 3025/4516 3062/4351 3061/4353
f 3025/4516 3054/4360 3062/4351
f 3062/4351 3063/4348 3064/4350
f 3061/4353 3062/4351 3064/4350
f 3060/4656 3065/4657 3059/4658
f 3063/4348 3059/4347 3066/4346
f 3059/4347 3067/4331 3066/4346
f 3059/4347 3065/4364 3067/4331
f 3038/4318 3068/4320 3056/4358
f 3038/4318 3047/4319 3068/4320
f 3057/4324 3069/4323 3058/4325
f 3057/4324 3068/4320 3069/4323
f 3056/4358 3068/4320 3057/4324
f 3058/4325 3070/4326 3060/4327
f 3058/4325 3069/4323 3070/4326
f 3047/4319 3071/4321 3068/4320
f 3052/1532 3072/1527 3071/1531
f 3047/4319 3052/4322 3071/4321
f 3068/4320 3071/4321 3069/4323
f 3071/4321 3073/4363 3069/4323
f 3071/1531 3072/1527 3073/1530
f 3069/4323 3074/4357 3070/4326
f 3069/1533 3073/1530 3074/1529
f 3072/1527 3074/1529 3073/1530
f 3072/1527 3075/1528 3074/1529
f 3060/4327 3076/4328 3065/4364
f 3060/4327 3070/4326 3076/4328
f 3065/4364 3076/4328 3067/4331
f 3076/4328 3077/4330 3067/4331
f 3074/3853 3079/3851 3078/3891
f 3074/3853 3080/3852 3079/3851
f 3070/4326 3078/4329 3076/4328
f 3070/4326 3074/4357 3078/4329
f 3076/4328 3078/4329 3077/4330
f 3011/4007 3082/4004 3081/4008
f 3011/4007 3012/4000 3082/4004
f 2991/3994 3083/3966 3045/3916
f 3011/4007 3083/3966 2991/3994
f 3011/4007 3081/4008 3083/3966
f 3045/3916 3085/3937 3084/3765
f 3045/3916 3083/3966 3085/3937
f 3083/3966 3086/3965 3085/3937
f 3083/3966 3081/4008 3086/3965
f 3082/4004 3086/3965 3081/4008
f 3082/4004 3087/4005 3086/3965
f 3012/4000 3088/4002 3082/4004
f 3012/4000 3017/4001 3088/4002
f 3017/4001 3089/4006 3088/4002
f 3017/4001 3015/3992 3089/4006
f 3082/4004 3088/4002 3087/4005
f 3090/4009 3092/3519 3091/4010
f 3090/4009 3093/3991 3092/3519
f 3088/4002 3093/3991 3090/4009
f 3088/4002 3089/4006 3093/3991
f 3088/4002 3091/4010 3087/4005
f 3088/4002 3090/4009 3091/4010
f 3084/3765 3085/3937 3094/3936
f 3085/3937 3095/3924 3094/3936
f 3085/3937 3086/3965 3095/3924
f 3086/3965 3096/3925 3095/3924
f 3086/3965 3091/4010 3096/3925
f 3087/4005 3091/4010 3086/3965
f 3091/4010 3097/3816 3096/3925
f 3091/4010 3092/3519 3097/3816
f 3021/3990 3099/3901 3093/3991
f 3021/3990 3022/3935 3099/3901
f 3015/3992 3093/3991 3089/4006
f 3015/3992 3021/3990 3093/3991
f 3022/3935 3100/3500 3099/3901
f 3093/3991 3101/3501 3092/3519
f 3093/3991 3099/3901 3101/3501
f 3106/3537 3104/3746 3737/3843
f 2948/3837 3107/3807 2951/3575
f 2898/3808 2903/3584 3107/3807
f 2897/3922 3107/3807 2948/3837
f 2897/3922 2898/3808 3107/3807
f 3108/3475 3110/3470 3109/3476
f 2949/3849 2950/3474 3108/3475
f 2949/3849 3109/3476 2959/3898
f 2949/3849 3108/3475 3109/3476
f 3109/3476 3112/3477 3111/3508
f 2957/3904 2959/3898 3109/3476
f 2957/3904 3111/3508 2955/3905
f 2957/3904 3109/3476 3111/3508
f 3109/3476 3113/3471 3112/3477
f 3109/3476 3110/3470 3113/3471
f 3114/3757 3111/3508 3115/3509
f 2956/3918 3111/3508 3114/3757
f 2956/3918 2955/3905 3111/3508
f 2956/3918 3114/3757 2988/3758
f 3114/3757 3115/3509 3116/3513
f 2988/3758 3114/3757 3116/3513
f 3111/3508 3117/3479 3115/3509
f 3111/3508 3112/3477 3117/3479
f 3112/3477 3118/3478 3117/3479
f 3112/3477 3113/3471 3118/3478
f 3115/3509 3117/3479 3119/3510
f 3117/3479 3120/3522 3119/3510
f 3117/3479 3118/3478 3120/3522
f 3121/3772 3116/3513 3122/3514
f 2982/3948 3116/3513 3121/3772
f 2982/3948 2988/3758 3116/3513
f 2982/3948 3121/3772 2981/3775
f 3116/3513 3123/3512 3122/3514
f 3116/3513 3115/3509 3123/3512
f 3121/3772 3122/3514 2981/3775
f 3115/3509 3124/3511 3123/3512
f 3115/3509 3119/3510 3124/3511
f 2989/3917 3124/3511 3120/3522
f 3119/3510 3120/3522 3124/3511
f 3008/3995 2989/3917 3120/3522
f 2989/3917 2990/3516 3124/3511
f 2951/3575 3107/3807 2903/3584
f 2903/3584 2914/3583 2951/3575
f 2914/3583 2993/3576 2951/3575
f 2914/3583 2915/3588 2993/3576
f 3108/3475 3125/3472 3110/3470
f 2950/3474 3125/3472 3108/3475
f 2950/3474 2992/3473 3125/3472
f 3110/3470 3126/3469 3113/3471
f 3125/3472 3127/3466 3110/3470
f 3125/3472 3128/3468 3127/3466
f 2992/3473 3128/3468 3125/3472
f 2992/3473 2994/3764 3128/3468
f 2994/3764 2995/3763 3128/3468
f 3110/3470 3127/3466 3126/3469
f 3127/3466 3129/3467 3126/3469
f 2996/3887 2993/3576 3130/3665
f 2915/3588 3130/3665 2993/3576
f 2915/3588 2916/3590 3130/3665
f 2916/3590 2918/3449 3130/3665
f 3130/3665 3132/3448 3131/3465
f 3130/3665 2918/3449 3132/3448
f 2996/3887 3131/3465 2995/3763
f 2996/3887 3130/3665 3131/3465
f 2918/28 2919/29 3133/30
f 2997/3447 3132/3448 3133/3444
f 2918/3449 3133/3444 3132/3448
f 3128/3468 3134/3462 3127/3466
f 3128/3468 3131/3465 3134/3462
f 2995/3763 3131/3465 3128/3468
f 3131/3465 3132/3448 3134/3462
f 2997/3447 2998/3865 3132/3448
f 3127/3466 3135/3460 3129/3467
f 3127/3466 3134/3462 3135/3460
f 3134/3462 3136/3455 3135/3460
f 3134/3462 3132/3448 3136/3455
f 3738/3846 2919/3445 3000/3824
f 3739/3446 2919/3445 3738/3846
f 3133/3444 2919/3445 3739/3446
f 3739/3446 2997/3447 3133/3444
f 3740/3463 3136/3455 3132/3448
f 3741/3464 3136/3455 3740/3463
f 3738/3846 2999/3847 3741/3464
f 3741/3464 2999/3847 3136/3455
f 3739/3446 3740/3463 2998/3865
f 2998/3865 3740/3463 3132/3448
f 3113/3471 3001/3502 3118/3478
f 3113/3471 3004/3517 3001/3502
f 3113/3471 3126/3469 3004/3517
f 3008/3995 3137/3830 3002/3997
f 3008/3995 3120/3522 3137/3830
f 3118/3478 3137/3830 3120/3522
f 3118/3478 3001/3502 3137/3830
f 3001/3502 3002/3997 3137/3830
f 3005/3944 3138/3518 3007/3540
f 3005/3944 3004/3517 3138/3518
f 3126/3469 3138/3518 3004/3517
f 3126/3469 3129/3467 3138/3518
f 3129/3467 3007/3540 3138/3518
f 3129/3467 3135/3460 3007/3540
f 3007/3540 3135/3460 3018/3521
f 3136/3455 3139/3450 3135/3460
f 3742/3454 3139/3450 3136/3455
f 3743/3453 3139/3450 3742/3454
f 3140/3451 3139/3450 3743/3453
f 3743/1229 3744/1230 3140/1231
f 3000/3824 3742/3454 2999/3847
f 2999/3847 3742/3454 3136/3455
f 3135/3460 3141/3461 3018/3521
f 3135/3460 3139/3450 3141/3461
f 3139/3450 3142/3452 3141/3461
f 3139/3450 3140/3451 3142/3452
f 3018/3521 3141/3461 3020/3520
f 3141/3461 3142/3452 3143/3480
f 3020/3520 3144/3481 3100/3500
f 3020/3520 3141/3461 3144/3481
f 3020/3520 3100/3500 3022/3935
f 3141/3461 3143/3480 3144/3481
f 2981/3775 3145/3515 3042/3774
f 2981/3775 3122/3514 3145/3515
f 3122/3514 3123/3512 3145/3515
f 3043/4011 3042/3774 3051/3770
f 3042/3774 3145/3515 3051/3770
f 3145/3515 3146/3768 3051/3770
f 3123/3512 2990/3516 3145/3515
f 3123/3512 3124/3511 2990/3516
f 3145/3515 3147/3769 3146/3768
f 3145/3515 2990/3516 3147/3769
f 2990/3516 3045/3916 3147/3769
f 3051/3770 3146/3768 3050/3771
f 3052/3919 3148/3766 3072/3767
f 3052/3919 3050/3771 3148/3766
f 3050/3771 3146/3768 3148/3766
f 3147/3769 3084/3765 3146/3768
f 3147/3769 3045/3916 3084/3765
f 3146/3768 3149/3551 3148/3766
f 3146/3768 3084/3765 3149/3551
f 3148/3766 3149/3551 3075/3579
f 3072/3767 3148/3766 3075/3579
f 3149/3551 3150/3548 3075/3579
f 3074/3853 3151/3580 3080/3852
f 3075/3579 3150/3548 3151/3580
f 3075/3579 3151/3580 3074/3853
f 3152/3785 3154/3562 3153/3559
f 3078/3891 3154/3562 3152/3785
f 3078/3891 3079/3851 3154/3562
f 3078/4329 3152/4354 3077/4330
f 3084/3765 3155/3547 3149/3551
f 3084/3765 3156/3542 3155/3547
f 3094/3936 3156/3542 3084/3765
f 3095/3924 3098/3531 3156/3542
f 3094/3936 3095/3924 3156/3542
f 3097/3816 3157/3528 3098/3531
f 3096/3925 3098/3531 3095/3924
f 3096/3925 3097/3816 3098/3531
f 3144/3481 3143/3480 3158/3482
f 3100/3500 3160/3484 3159/3499
f 3100/3500 3144/3481 3160/3484
f 3100/3500 3159/3499 3099/3901
f 3144/3481 3161/3483 3160/3484
f 3144/3481 3158/3482 3161/3483
f 3101/3501 3162/3488 3092/3519
f 3101/3501 3159/3499 3162/3488
f 3101/3501 3099/3901 3159/3499
f 3097/3816 3092/3519 3157/3528
f 3092/3519 3163/3493 3157/3528
f 3092/3519 3162/3488 3163/3493
f 3159/3499 3160/3484 3162/3488
f 3160/3484 3161/3483 3164/3485
f 3160/3484 3165/3487 3162/3488
f 3160/3484 3164/3485 3165/3487
f 3166/3819 3165/3487 3164/3485
f 3166/3819 3167/3496 3165/3487
f 3149/3551 3155/3547 3150/3548
f 3080/3852 3151/3580 3168/3560
f 3150/3548 3168/3560 3151/3580
f 3150/3548 3169/3546 3168/3560
f 3150/3548 3155/3547 3169/3546
f 3156/3542 3170/3541 3155/3547
f 3156/3542 3098/3531 3170/3541
f 3098/3531 3171/3530 3170/3541
f 3098/3531 3157/3528 3171/3530
f 3155/3547 3170/3541 3169/3546
f 3170/3541 3171/3530 3172/3543
f 3168/3560 3169/3546 3173/3561
f 3080/3852 3168/3560 3173/3561
f 3154/3562 3173/3561 3153/3559
f 3079/3851 3173/3561 3154/3562
f 3079/3851 3080/3852 3173/3561
f 3173/3561 3174/3549 3153/3559
f 3173/3561 3169/3546 3174/3549
f 3169/3546 3170/3541 3175/3545
f 3170/3541 3105/3544 3175/3545
f 3170/3541 3172/3543 3105/3544
f 3104/3746 3105/3544 3172/3543
f 3169/3546 3175/3545 3174/3549
f 3175/3545 3176/3550 3174/3549
f 3175/3545 3105/3544 3176/3550
f 3157/3528 3177/3529 3171/3530
f 3157/3528 3178/3527 3177/3529
f 3157/3528 3163/3493 3178/3527
f 3104/3746 3172/3543 3171/3530
f 3746/3747 3737/3843 3104/3746
f 3746/3747 3104/3746 3171/3530
f 3745/3748 3177/3529 3178/3527
f 3746/3747 3177/3529 3745/3748
f 3171/3530 3177/3529 3746/3747
f 3102/3783 3745/3748 3178/3527
f 3102/3783 3179/3492 3103/3784
f 3102/3783 3178/3527 3179/3492
f 3163/3493 3179/3492 3178/3527
f 3163/3493 3162/3488 3179/3492
f 3179/3492 3181/3491 3180/3532
f 3179/3492 3162/3488 3181/3491
f 3103/3784 3179/3492 3180/3532
f 3105/3544 3182/3565 3176/3550
f 3105/3544 3106/3537 3182/3565
f 3105/3544 3104/3746 3106/3537
f 3747/3538 3183/3534 3106/3537
f 3748/3539 3183/3534 3747/3538
f 3180/3532 3183/3534 3748/3539
f 3745/3748 3103/3784 3748/3539
f 3748/3539 3103/3784 3180/3532
f 3737/3843 3747/3538 3106/3537
f 3180/3532 3184/3533 3183/3534
f 3180/3532 3181/3491 3184/3533
f 3106/3537 3185/3536 3182/3565
f 3106/3537 3183/3534 3185/3536
f 3183/3534 3186/3535 3185/3536
f 3183/3534 3184/3533 3186/3535
f 2337/4409 3023/4384 2339/4408
f 2266/4412 3023/4384 2337/4409
f 3023/4384 3187/4383 2339/4408
f 2339/22 3187/23 3188/24
f 3023/4384 3189/4382 3187/4383
f 3023/4384 3026/4385 3189/4382
f 3026/4385 3027/4389 3189/4382
f 3189/4382 3190/4381 3187/4383
f 3189/4382 3191/4380 3190/4381
f 3189/4382 3027/4389 3191/4380
f 3188/4388 3187/4383 3190/4381
f 3190/4381 3191/4380 3192/4378
f 3188/4388 3190/4381 2339/4408
f 3190/4381 3192/4378 3193/4387
f 2339/4408 2350/4557 2341/4410
f 2351/4698 3194/4699 2349/4700
f 2339/4408 3190/4381 3193/4387
f 2339/4408 3193/4387 2350/4557
f 3193/4387 3196/4379 3195/4609
f 3193/4387 3192/4378 3196/4379
f 2351/4558 3197/4559 3194/4560
f 2350/4557 3197/4559 2351/4558
f 2350/4557 3193/4387 3198/4564
f 3195/4609 3198/4564 3193/4387
f 2350/4557 3199/4563 3197/4559
f 2350/4557 3198/4564 3199/4563
f 3195/4609 3199/4563 3198/4564
f 3195/4857 3200/4858 3199/4859
f 3195/4609 3196/4379 3200/4403
f 3061/4353 3202/4349 3201/4510
f 3061/4353 3064/4350 3202/4349
f 3064/4350 3063/4348 3202/4349
f 3061/4845 3201/4848 3203/4847
f 3027/4389 3203/4377 3191/4380
f 3027/4846 3061/4845 3203/4847
f 3201/4510 3202/4349 3204/4614
f 3063/4348 3066/4346 3202/4349
f 3066/4346 3067/4331 3205/4334
f 3202/4349 3206/4591 3204/4614
f 3202/4349 3066/4346 3206/4591
f 3066/4346 3205/4334 3206/4591
f 3203/4377 3201/4510 3207/4386
f 3191/4380 3203/4377 3192/4378
f 3201/4654 3208/4652 3207/4651
f 3201/4654 3204/4655 3208/4652
f 3203/4377 3210/4374 3209/4376
f 3203/4377 3207/4386 3210/4374
f 3192/4378 3203/4377 3209/4376
f 3207/4386 3211/4556 3210/4374
f 3207/4651 3208/4652 3211/4653
f 3208/4344 3206/4591 3212/4338
f 3204/4614 3206/4591 3208/4344
f 3206/4591 3213/4336 3212/4338
f 3206/4591 3205/4334 3213/4336
f 3067/4331 3214/4332 3205/4334
f 3067/4331 3077/4330 3214/4332
f 3205/4334 3215/4335 3213/4336
f 3205/4334 3214/4332 3215/4335
f 3215/4335 3214/4332 3216/4352
f 3211/4556 3208/4344 3217/4342
f 3192/4378 3209/4376 3196/4379
f 3211/4556 3217/4342 3218/4370
f 3210/4374 3211/4556 3218/4370
f 3218/4370 3217/4342 3219/4369
f 3209/4376 3221/4375 3220/4390
f 3209/4376 3210/4374 3221/4375
f 3196/4379 3209/4376 3220/4390
f 3218/4370 3223/4371 3222/4372
f 3218/4370 3219/4369 3223/4371
f 3210/4374 3222/4372 3221/4375
f 3210/4374 3218/4370 3222/4372
f 3208/4344 3212/4338 3224/4339
f 3212/4338 3225/4337 3224/4339
f 3212/4338 3213/4336 3225/4337
f 3213/4336 3215/4335 3225/4337
f 3215/4335 3216/4352 3226/4355
f 3227/3825 3228/3877 3229/3879
f 3230/3572 3229/3879 3231/4118
f 3229/3879 3232/4029 3231/4118
f 3208/4344 3224/4339 3217/4342
f 3217/4342 3224/4339 3233/4340
f 3224/4339 3225/4337 3233/4340
f 3217/4342 3234/4343 3219/4369
f 3217/4342 3233/4340 3234/4343
f 3233/4340 3235/4341 3234/4343
f 3233/4340 3225/4337 3235/4341
f 3219/4369 3236/4606 3223/4371
f 3219/4369 3234/4343 3236/4606
f 3234/4343 3235/4341 3236/4606
f 3225/4337 3215/4335 3237/4345
f 3226/3835 3239/3568 3238/4019
f 3226/3835 3240/3569 3239/3568
f 3215/4335 3226/4355 3238/4404
f 3240/3569 3241/3567 3239/3568
f 3215/4335 3238/4404 3237/4345
f 3239/3568 3241/3567 3242/3566
f 3241/3567 3243/3555 3242/3566
f 3225/4337 3237/4345 3235/4341
f 3238/4019 3242/3566 3244/4018
f 3238/4019 3239/3568 3242/3566
f 3237/4345 3238/4404 3244/4567
f 3242/3566 3243/3555 3245/3557
f 3243/3555 3246/3556 3245/3557
f 3243/3555 3247/3554 3246/3556
f 3231/4118 3249/3815 3248/3564
f 3231/4118 3232/4029 3249/3815
f 3248/3564 3249/3815 3250/3800
f 3249/3815 3251/4032 3250/3800
f 3249/3815 3232/4029 3251/4032
f 3252/3913 3251/4032 3232/4029
f 3252/3913 3253/3955 3251/4032
f 3247/3554 3254/3558 3246/3556
f 3247/3554 3248/3564 3254/3558
f 3254/3558 3248/3564 3255/3573
f 3253/3955 3256/4049 3251/4032
f 3248/3564 3257/3799 3255/3573
f 3248/3564 3250/3800 3257/3799
f 3250/3800 3258/4036 3257/3799
f 3250/3800 3251/4032 3258/4036
f 3256/4049 3258/4036 3251/4032
f 3256/690 3259/681 3258/685
f 3200/4858 3260/4860 3199/4859
f 3200/4403 3196/4379 3261/4400
f 3199/4563 3262/4562 3197/4559
f 3199/4563 3260/4626 3262/4562
f 3200/4858 3263/4861 3260/4860
f 3200/4403 3264/4402 3263/4555
f 3200/4403 3261/4400 3264/4402
f 3260/4708 3265/4707 3262/4706
f 3260/4626 3263/4555 3265/4536
f 3264/1357 3267/1355 3266/1350
f 3264/4402 3261/4400 3267/4401
f 3264/4884 3269/4886 3268/4885
f 3264/1357 3266/1350 3269/1352
f 3263/4555 3268/4535 3265/4536
f 3263/4883 3264/4884 3268/4885
f 2349/4490 3270/4602 2443/4492
f 2349/4700 3194/4699 3270/4701
f 2443/4492 3270/4602 2445/4500
f 2445/4500 3271/4569 2444/4499
f 2445/4500 3272/4570 3271/4569
f 3270/4602 3272/4570 2445/4500
f 2444/4499 3271/4569 2461/4503
f 2461/4503 3271/4569 3273/4527
f 2464/658 2465/614 3274/657
f 3274/657 3276/615 3275/656
f 3274/657 2465/614 3276/615
f 3275/656 3278/618 3277/660
f 3275/656 3276/615 3278/618
f 3194/4560 3279/4561 3270/4602
f 3194/4560 3197/4559 3279/4561
f 3272/4570 3280/4625 3271/4569
f 3270/4602 3280/4625 3272/4570
f 3270/4602 3279/4561 3280/4625
f 3197/4559 3262/4562 3279/4561
f 3280/4625 3265/4536 3271/4569
f 3279/4705 3265/4707 3280/4709
f 3279/4705 3262/4706 3265/4707
f 3271/40 3281/41 3273/42
f 3271/4569 3282/4530 3281/4531
f 3268/4535 3283/4532 3282/4530
f 3268/4885 3269/4886 3283/4887
f 3265/4536 3282/4530 3271/4569
f 3265/4536 3268/4535 3282/4530
f 3281/4531 3282/4530 3273/4527
f 3282/4530 3284/4529 3273/4527
f 3282/4530 3283/4532 3284/4529
f 3285/619 3286/620 3278/618
f 3277/660 3286/620 3287/646
f 3277/660 3278/618 3286/620
f 3288/668 3287/646 3289/644
f 3288/668 3289/644 3290/654
f 3285/619 3291/621 3286/620
f 3285/619 3292/622 3291/621
f 3287/646 3291/621 3289/644
f 3287/646 3286/620 3291/621
f 2451/4523 2461/4503 2484/4524
f 2482/265 3293/233 2485/239
f 2482/265 3294/278 3293/233
f 2484/4524 3294/4540 2482/4538
f 2485/239 3293/233 3295/225
f 2485/239 3295/225 2483/224
f 3293/233 3296/232 3295/225
f 2461/4503 3297/4525 2484/4524
f 2461/4503 3298/4526 3297/4525
f 2461/4503 3273/4527 3298/4526
f 3294/278 3299/246 3293/233
f 2484/4524 3299/4534 3294/4540
f 2484/4524 3297/4525 3299/4534
f 3299/246 3300/244 3293/233
f 3298/300 3300/244 3299/246
f 3298/300 3301/243 3300/244
f 3297/4525 3298/4526 3299/4534
f 3296/232 3302/229 3295/225
f 3293/233 3300/244 3296/232
f 2483/224 3303/226 2486/227
f 2483/224 3295/225 3303/226
f 2486/227 3304/255 2490/256
f 2486/227 3303/226 3304/255
f 2489/611 3305/608 2491/610
f 3305/608 3306/609 2491/610
f 2465/614 3306/609 3276/615
f 2465/614 2491/610 3306/609
f 2490/256 3307/275 2492/276
f 2490/256 3304/255 3307/275
f 2489/301 3307/275 3305/297
f 2489/301 2492/276 3307/275
f 3295/225 3308/228 3303/226
f 3295/225 3302/229 3308/228
f 3303/226 3308/228 3304/255
f 3305/608 3309/617 3306/609
f 3309/617 3310/616 3306/609
f 3276/615 3310/616 3278/618
f 3276/615 3306/609 3310/616
f 3304/255 3311/273 3307/275
f 3305/297 3311/273 3309/298
f 3305/297 3307/275 3311/273
f 3298/1226 3312/1227 3301/1228
f 3300/244 3301/243 3296/232
f 3312/242 3296/232 3301/243
f 3296/232 3313/231 3302/229
f 3312/242 3313/231 3296/232
f 3298/300 3314/241 3312/242
f 3298/300 3315/284 3314/241
f 3273/4527 3315/4528 3298/4526
f 3273/4527 3284/4529 3315/4528
f 3312/242 3314/241 3313/231
f 3308/228 3317/266 3304/255
f 3311/273 3317/266 3318/277
f 3311/273 3304/255 3317/266
f 3302/229 3319/230 3308/228
f 3308/228 3319/230 3317/266
f 3311/273 3320/304 3309/298
f 3311/273 3318/277 3320/304
f 3309/617 3320/665 3310/616
f 3285/619 3310/616 3320/665
f 3285/619 3278/618 3310/616
f 3318/277 3321/299 3320/304
f 3285/619 3320/665 3321/666
f 3317/266 3322/268 3318/277
f 3317/266 3323/238 3322/268
f 3302/229 3313/231 3319/230
f 3316/234 3319/230 3313/231
f 3316/234 3323/238 3319/230
f 3317/266 3319/230 3323/238
f 3318/277 3322/268 3321/299
f 3285/619 3321/666 3292/622
f 3322/268 3324/280 3321/299
f 3292/307 3321/299 3324/280
f 3196/4379 3220/4390 3261/4400
f 3222/4372 3326/4373 3325/4391
f 3222/4372 3223/4371 3326/4373
f 3221/4375 3222/4372 3325/4391
f 3267/1355 3327/1353 3266/1350
f 3220/4390 3327/4406 3267/4401
f 3220/4390 3221/4375 3327/4406
f 3261/4400 3220/4390 3267/4401
f 3266/1350 3328/1351 3269/1352
f 3266/1350 3327/1353 3328/1351
f 3327/1353 3329/1358 3328/1351
f 3327/1353 3330/1363 3329/1358
f 3325/1364 3329/1358 3330/1363
f 3325/1364 3326/1362 3329/1358
f 3331/1359 3329/1358 3326/1362
f 3331/1359 3328/1351 3329/1358
f 3221/4375 3330/4598 3327/4406
f 3221/4375 3325/4391 3330/4598
f 3331/1359 3333/1361 3332/1360
f 3331/1359 3326/1362 3333/1361
f 3223/4371 3236/4606 3334/4393
f 3236/4606 3335/4522 3334/4393
f 3236/4606 3235/4341 3335/4522
f 3326/4373 3336/4394 3333/4395
f 3326/4373 3337/4392 3336/4394
f 3223/4371 3337/4392 3326/4373
f 3223/4371 3334/4393 3337/4392
f 3337/4392 3338/4396 3336/4394
f 3337/4392 3335/4522 3338/4396
f 3334/4393 3335/4522 3337/4392
f 3269/1352 3339/1354 3283/1356
f 3269/1352 3328/1351 3339/1354
f 3331/1359 3339/1354 3328/1351
f 3331/1359 3332/1360 3339/1354
f 3332/4667 3340/4665 3339/4664
f 3332/4543 3333/4395 3340/4542
f 3283/4532 3341/4533 3284/4529
f 3283/4532 3339/4541 3341/4533
f 3339/4541 3342/4566 3341/4533
f 3339/4664 3340/4665 3342/4666
f 3333/4395 3343/4399 3340/4542
f 3333/4395 3336/4394 3343/4399
f 3336/4394 3344/4397 3343/4399
f 3336/4394 3338/4396 3344/4397
f 3340/4542 3343/4399 3342/4566
f 3343/4660 3345/4661 3342/4662
f 3343/4399 3344/4397 3345/4592
f 3290/654 3289/644 3346/643
f 3292/622 3347/627 3291/621
f 3289/644 3347/627 3346/643
f 3289/644 3291/621 3347/627
f 3290/654 3346/643 3348/652
f 3348/652 3346/643 3349/637
f 3292/622 3350/628 3347/627
f 3346/643 3347/627 3349/637
f 3235/4341 3237/4345 3335/4522
f 3335/4522 3351/4398 3338/4396
f 3335/4522 3352/4599 3351/4398
f 3335/4522 3237/4345 3352/4599
f 3352/4599 3353/4595 3351/4398
f 3244/4018 3355/3582 3354/3989
f 3244/4018 3242/3566 3355/3582
f 3237/4345 3244/4567 3354/4568
f 3352/4599 3356/4597 3353/4595
f 3352/4668 3354/4669 3356/4670
f 3237/4345 3354/4568 3352/4599
f 3354/3989 3357/3921 3356/4070
f 3354/3989 3355/3582 3357/3921
f 3356/4070 3357/3921 3358/4046
f 3242/3566 3359/3571 3355/3582
f 3242/3566 3245/3557 3359/3571
f 3245/3557 3246/3556 3359/3571
f 3358/4046 3357/3921 3360/3920
f 3355/3582 3360/3920 3357/3921
f 3355/3582 3359/3571 3360/3920
f 3359/3571 3361/3888 3360/3920
f 3338/4396 3351/4398 3344/4397
f 3351/4398 3353/4595 3362/4594
f 3344/4397 3351/4398 3345/4592
f 3362/318 3364/315 3363/282
f 3362/318 3365/319 3364/315
f 3351/4398 3363/4593 3345/4592
f 3351/4398 3362/4594 3363/4593
f 3362/4112 3366/4069 3365/4068
f 3362/4112 3367/4077 3366/4069
f 3356/4070 3366/4069 3367/4077
f 3356/4070 3358/4046 3366/4069
f 3353/4595 3367/4596 3362/4594
f 3353/4595 3356/4597 3367/4596
f 3358/4046 3368/4060 3366/4069
f 3358/4046 3360/3920 3368/4060
f 3368/4060 3360/3920 3369/4035
f 3364/4082 3365/4068 3370/4067
f 3366/4069 3368/4060 3365/4068
f 3370/4067 3365/4068 3368/4060
f 3246/3556 3255/3573 3359/3571
f 3246/3556 3254/3558 3255/3573
f 3359/3571 3371/3850 3361/3888
f 3359/3571 3255/3573 3371/3850
f 3374/680 3258/685 3259/681
f 3374/3914 3257/3799 3258/4036
f 3374/680 3376/675 3375/679
f 3374/680 3259/681 3376/675
f 3373/682 3376/675 3259/681
f 3373/682 3377/667 3376/675
f 3372/4033 3374/3914 3375/4083
f 3372/4033 3371/3850 3374/3914
f 3255/3573 3374/3914 3371/3850
f 3255/3573 3257/3799 3374/3914
f 3348/652 3349/637 3378/653
f 3378/653 3379/639 3377/667
f 3378/653 3349/637 3379/639
f 3350/628 3380/636 3347/627
f 3349/637 3347/627 3380/636
f 3382/662 3380/636 3381/706
f 3382/662 3379/639 3380/636
f 3349/637 3380/636 3379/639
f 3361/3888 3369/4035 3360/3920
f 3361/3888 3371/3850 3369/4035
f 3372/4033 3369/4035 3371/3850
f 3372/4033 3383/4066 3369/4035
f 3370/4067 3368/4060 3383/4066
f 3369/4035 3383/4066 3368/4060
f 3381/4081 3383/4066 3372/4033
f 3381/4081 3372/4033 3382/4090
f 3382/662 3384/663 3379/639
f 3382/4090 3372/4033 3384/4097
f 3375/4083 3384/4097 3372/4033
f 3375/679 3376/675 3384/663
f 3377/667 3384/663 3376/675
f 3377/667 3379/639 3384/663
f 3284/4529 3341/4533 3315/4528
f 3315/284 3385/240 3314/241
f 3341/4533 3342/4566 3315/4528
f 3314/241 3385/240 3313/231
f 3315/284 3386/283 3385/240
f 3342/4566 3386/4622 3315/4528
f 3342/4662 3345/4661 3386/4663
f 3385/240 3387/236 3313/231
f 3313/231 3388/235 3316/234
f 3313/231 3387/236 3388/235
f 3316/234 3389/237 3323/238
f 3323/238 3390/267 3322/268
f 3323/238 3389/237 3390/267
f 3322/268 3390/267 3324/280
f 3316/234 3388/235 3389/237
f 3390/267 3391/279 3324/280
f 3292/307 3391/279 3350/294
f 3292/307 3324/280 3391/279
f 3386/283 3363/282 3385/240
f 3345/4592 3363/4593 3386/4622
f 3385/240 3363/282 3387/236
f 3364/315 3370/310 3363/282
f 3387/236 3392/281 3388/235
f 3387/236 3363/282 3392/281
f 3370/310 3392/281 3363/282
f 3389/237 3393/272 3390/267
f 3388/235 3392/281 3389/237
f 3370/310 3383/312 3392/281
f 3389/237 3394/288 3393/272
f 3389/237 3392/281 3394/288
f 3383/312 3394/288 3392/281
f 3383/312 3381/313 3394/288
f 3390/267 3393/272 3391/279
f 3350/294 3393/272 3380/303
f 3350/294 3391/279 3393/272
f 3380/303 3394/288 3381/313
f 3380/303 3393/272 3394/288
f 3152/3785 3153/3559 3395/3848
f 3077/4330 3395/4333 3214/4332
f 3077/4330 3152/4354 3395/4333
f 3395/3848 3153/3559 3396/3570
f 3214/4332 3396/4359 3216/4352
f 3214/4332 3395/4333 3396/4359
f 3153/3559 3397/3553 3396/3570
f 3153/3559 3174/3549 3397/3553
f 3174/3549 3176/3550 3398/3552
f 3226/3835 3399/3574 3240/3569
f 3216/4352 3399/4356 3226/4355
f 3216/4352 3396/4359 3399/4356
f 3240/3569 3399/3574 3241/3567
f 3396/3570 3241/3567 3399/3574
f 3396/3570 3397/3553 3241/3567
f 3174/3549 3398/3552 3397/3553
f 3397/3553 3398/3552 3247/3554
f 3182/3565 3400/3563 3176/3550
f 3176/3550 3400/3563 3398/3552
f 3182/3565 3185/3536 3400/3563
f 3227/3825 3186/3535 3228/3877
f 3227/3825 3185/3536 3186/3535
f 3184/3533 3228/3877 3186/3535
f 3400/3563 3185/3536 3230/3572
f 3227/3825 3230/3572 3185/3536
f 3398/3552 3400/3563 3248/3564
f 3230/3572 3248/3564 3400/3563
f 3230/49 3231/50 3248/51
f 3227/3825 3229/3879 3230/3572
f 3241/3567 3397/3553 3243/3555
f 3397/3553 3247/3554 3243/3555
f 3248/3564 3247/3554 3398/3552
f 1902/2108 3401/2107 1905/2109
f 1909/2126 3403/2111 1910/2128
f 1909/2126 3402/2110 3403/2111
f 3402/2110 3404/2106 3403/2111
f 1909/2126 1904/2127 3402/2110
f 1905/2109 3402/2110 1904/2127
f 3402/2110 3401/2107 3404/2106
f 3402/2110 1905/2109 3401/2107
f 1001/2112 3405/2091 1902/2108
f 1001/2112 2519/2105 3405/2091
f 1902/2108 3405/2091 3401/2107
f 3404/2106 3401/2107 3406/2089
f 3401/2107 3408/2088 3406/2089
f 1919/998 3410/999 1920/993
f 1918/992 1861/997 1920/993
f 1913/996 1920/993 1861/997
f 3409/991 1918/992 1920/993
f 1911/1064 1917/1030 3411/1034
f 3409/991 3412/995 1918/992
f 3411/1034 1917/1030 3413/1017
f 1917/1030 3412/995 3413/1017
f 1917/1030 1918/992 3412/995
f 1910/2128 3403/2111 1938/2145
f 3403/2111 3404/2106 3414/2094
f 3403/2111 3415/2144 1938/2145
f 3403/2111 3414/2094 3415/2144
f 1939/1002 1943/1001 3410/999
f 1938/2145 3415/2144 1942/2201
f 1939/1002 3410/999 1919/998
f 1941/2632 1942/2201 3417/2185
f 3415/2144 3417/2185 1942/2201
f 3410/999 1943/1001 3416/1000
f 1941/1057 3416/1000 1943/1001
f 1941/2632 3417/2185 3418/2628
f 1941/1057 3418/1058 3416/1000
f 3404/2106 3407/2090 3414/2094
f 3410/999 3416/1000 1920/993
f 3405/2091 3408/2088 3401/2107
f 2519/2105 2562/2074 3405/2091
f 3405/2091 3419/2079 3408/2088
f 3405/2091 2562/2074 3419/2079
f 3404/2106 3406/2089 3407/2090
f 3408/2088 3420/2080 3406/2089
f 3406/2089 3421/2081 3407/2090
f 3406/2089 3420/2080 3421/2081
f 3419/2079 3420/2080 3408/2088
f 2568/2070 2566/2069 3422/2077
f 2565/2068 2567/2065 2566/2069
f 3422/2077 2566/2069 3423/2078
f 2566/2069 2567/2065 3423/2078
f 2562/2074 2568/2070 3419/2079
f 3422/2077 3419/2079 2568/2070
f 3419/2079 3422/2077 3420/2080
f 3420/2080 3422/2077 3423/2078
f 3420/2080 3423/2078 3421/2081
f 3421/2081 3423/2078 3424/2082
f 3423/2078 2567/2065 3425/2085
f 3423/2078 3426/2092 3424/2082
f 3423/2078 3425/2085 3426/2092
f 3411/1034 3428/1024 3427/1059
f 3411/1034 3413/1017 3428/1024
f 3413/1017 3412/995 3429/1005
f 3409/991 3429/1005 3412/995
f 3409/991 3430/1007 3429/1005
f 3413/1017 3431/1023 3428/1024
f 3413/1017 3429/1005 3431/1023
f 3432/1032 3431/1023 3430/1007
f 3429/1005 3430/1007 3431/1023
f 1920/993 3433/994 3409/991
f 3409/991 3433/994 3434/1006
f 3434/1006 3430/1007 3409/991
f 3434/1006 3435/1010 3430/1007
f 3432/1032 3430/1007 3437/1011
f 3432/1032 3439/1033 3438/1025
f 3432/1032 3437/1011 3439/1033
f 3428/1024 3438/1025 3440/1068
f 3428/1024 3431/1023 3438/1025
f 3432/1032 3438/1025 3431/1023
f 3438/1025 3439/1033 3440/1068
f 3440/3826 3443/4096 3442/4031
f 3440/1068 3439/1033 3443/1084
f 3441/1056 3443/1084 3439/1033
f 3441/1056 3444/1044 3443/1084
f 3434/1006 3436/1009 3435/1010
f 3430/1007 3435/1010 3437/1011
f 3445/1012 3437/1011 3435/1010
f 3445/1012 3447/1013 3446/1014
f 3435/1010 3448/1015 3447/1013
f 3445/1012 3435/1010 3447/1013
f 3439/1033 3445/1012 3441/1056
f 3439/1033 3437/1011 3445/1012
f 3441/1056 3450/1016 3444/1044
f 3441/1056 3445/1012 3450/1016
f 3446/1014 3450/1016 3445/1012
f 3414/2094 3451/2129 3415/2144
f 3407/2090 3452/2083 3414/2094
f 3407/2090 3421/2081 3452/2083
f 3414/2094 3452/2083 3451/2129
f 3418/2628 3417/2185 3454/2622
f 3415/2144 3451/2129 3417/2185
f 3418/1058 3454/1061 3416/1000
f 3454/2622 3417/2185 3455/2188
f 3451/2129 3455/2188 3417/2185
f 3454/1061 3453/1008 3416/1000
f 3416/1000 3433/994 1920/993
f 3416/1000 3434/1006 3433/994
f 3416/1000 3453/1008 3434/1006
f 3453/1008 3436/1009 3434/1006
f 3452/2083 3456/2104 3451/2129
f 3421/2081 3424/2082 3452/2083
f 3451/2129 3456/2104 3455/2188
f 3453/1008 3457/1047 3436/1009
f 3454/1061 3457/1047 3453/1008
f 3454/2622 3455/2188 3458/2635
f 3454/1061 3458/1060 3457/1047
f 3452/2083 3459/2103 3456/2104
f 3452/2083 3424/2082 3459/2103
f 3460/2141 3459/2103 3426/2092
f 3461/2165 3459/2103 3460/2141
f 3424/2082 3426/2092 3459/2103
f 3448/1015 3458/1060 3462/1043
f 3448/1015 3436/1009 3458/1060
f 3458/2635 3455/2188 3461/2165
f 3456/2104 3461/2165 3455/2188
f 3456/2104 3459/2103 3461/2165
f 3436/1009 3457/1047 3458/1060
f 3461/2165 3463/2650 3458/2635
f 3461/2165 3460/2141 3463/2650
f 3436/1009 3448/1015 3435/1010
f 3464/1062 3462/1043 3458/1060
f 3464/1062 3447/1013 3462/1043
f 3448/1015 3462/1043 3447/1013
f 1668/3615 1911/3645 2902/3616
f 2902/3616 1911/3645 3411/3646
f 3411/3646 2911/3632 2902/3616
f 3411/3646 3427/3663 2911/3632
f 2911/3632 3427/3663 2917/3633
f 3428/1024 3440/1068 3427/1059
f 2917/3633 3427/3663 3465/3729
f 3440/3826 3465/3729 3427/3663
f 2910/3611 2917/3633 2919/3445
f 2690/2055 2693/2043 3469/2056
f 2689/2057 2690/2055 3469/2056
f 2693/2043 3470/2062 3469/2056
f 3469/2056 3471/2058 2689/2057
f 2567/2065 2689/2057 3471/2058
f 3472/2041 3467/2042 2693/2043
f 3470/2062 2693/2043 3467/2042
f 2567/2065 3473/2066 3425/2085
f 2567/2065 3471/2058 3473/2066
f 3471/2058 3474/2064 3473/2066
f 3471/2058 3469/2056 3474/2064
f 3425/2085 3473/2066 3426/2092
f 3473/2066 3474/2064 3475/2125
f 3469/2056 3470/2062 3474/2064
f 3470/2062 3476/2063 3474/2064
f 3476/2063 3477/2134 3474/2064
f 2693/2043 2692/2047 3472/2041
f 2692/2047 2696/2044 3472/2041
f 2696/2044 3467/2042 3472/2041
f 2697/2049 2699/2045 2696/2044
f 2696/2044 2699/2045 3466/2040
f 2696/2044 3466/2040 3467/2042
f 3467/2042 3478/2061 3470/2062
f 3470/2062 3478/2061 3476/2063
f 3467/2042 3468/2060 3478/2061
f 3468/2060 3479/2130 3478/2061
f 3444/1044 3482/1066 3443/1084
f 3442/2649 3443/2626 3483/2584
f 3482/2596 3483/2584 3443/2626
f 3442/4031 3483/4084 3484/3938
f 3484/3938 3483/4084 3486/4086
f 3485/2031 3486/2284 3483/2584
f 3487/1027 3489/1046 3488/1078
f 3449/1026 3447/1013 3464/1062
f 3446/1014 3449/1026 3487/1027
f 3446/1014 3447/1013 3449/1026
f 3490/1082 3481/1075 3464/1062
f 3487/1027 3491/1045 3489/1046
f 3487/1027 3449/1026 3491/1045
f 3464/1062 3491/1045 3449/1026
f 3446/1014 3444/1044 3450/1016
f 3446/1014 3487/1027 3444/1044
f 3487/1027 3482/1066 3444/1044
f 3487/1027 3488/1078 3482/1066
f 3488/1078 3489/1046 3492/1079
f 3491/1045 3493/1069 3489/1046
f 3492/1079 3489/1046 3494/1081
f 3493/1069 3494/1081 3489/1046
f 3491/1045 3481/1075 3493/1069
f 3491/1045 3464/1062 3481/1075
f 3480/1076 3493/1069 3481/1075
f 3483/2584 3495/2239 3485/2031
f 3483/2584 3482/2596 3495/2239
f 3488/2619 3495/2239 3482/2596
f 3488/2619 3492/2278 3495/2239
f 3480/2281 3496/2235 3499/2280
f 3497/2234 3496/2235 3480/2281
f 3496/2235 3498/2178 3500/2240
f 3496/2235 3500/2240 3499/2280
f 3503/2176 3501/2177 3502/2151
f 3503/2176 3504/2175 3501/2177
f 3504/2175 3498/2178 3501/2177
f 3504/2175 3505/2236 3498/2178
f 3500/2240 3498/2178 3505/2236
f 3505/2236 3504/2175 3506/2032
f 3744/3844 3507/3459 3140/3451
f 3485/2031 3508/2018 3486/2284
f 3508/2018 3509/2030 3486/2284
f 3508/2018 3510/2013 3509/2030
f 3512/3524 3511/3526 3514/3505
f 3515/2243 3494/2277 3516/2272
f 3515/2243 3517/2028 3494/2277
f 3492/2278 3494/2277 3517/2028
f 3493/1069 3516/1080 3494/1081
f 3515/2243 3516/2272 3518/2024
f 3515/2243 3519/2016 3517/2028
f 3515/2243 3518/2024 3519/2016
f 3493/1069 3499/1077 3516/1080
f 3480/1076 3499/1077 3493/1069
f 3500/2240 3516/2272 3499/2280
f 3485/2031 3517/2028 3508/2018
f 3485/2031 3495/2239 3517/2028
f 3492/2278 3517/2028 3495/2239
f 3508/2018 3519/2016 3510/2013
f 3508/2018 3517/2028 3519/2016
f 3518/2024 3521/2192 3520/2023
f 3518/2024 3516/2272 3521/2192
f 3500/2240 3521/2192 3516/2272
f 3500/2240 3505/2236 3521/2192
f 3518/2024 3522/2008 3519/2016
f 3518/2024 3520/2023 3522/2008
f 3523/1982 3524/1998 3506/2032
f 3520/2023 3506/2032 3524/1998
f 3520/2023 3521/2192 3506/2032
f 3505/2236 3506/2032 3521/2192
f 3520/2023 3524/1998 3522/2008
f 3519/2016 3522/2008 3510/2013
f 3509/2030 3526/2007 3525/2259
f 3509/2030 3510/2013 3526/2007
f 3510/2013 3522/2008 3526/2007
f 3460/2141 3475/2125 3527/2155
f 3460/2141 3426/2092 3475/2125
f 3426/2092 3473/2066 3475/2125
f 3460/2141 3527/2155 3528/2210
f 3475/2125 3474/2064 3527/2155
f 3530/2209 3527/2155 3529/2208
f 3530/2209 3528/2210 3527/2155
f 3464/1062 3458/1060 3490/1082
f 3458/2635 3531/2285 3490/2241
f 3463/2650 3531/2285 3458/2635
f 3490/2241 3531/2285 3530/2209
f 3530/2209 3531/2285 3528/2210
f 3463/2650 3528/2210 3531/2285
f 3460/2141 3528/2210 3463/2650
f 3532/2189 3533/2207 3527/2155
f 3532/2189 3535/2133 3534/2157
f 3477/2134 3535/2133 3532/2189
f 3477/2134 3476/2063 3535/2133
f 3527/2155 3477/2134 3532/2189
f 3474/2064 3477/2134 3527/2155
f 3533/2207 3529/2208 3527/2155
f 3490/2241 3529/2208 3533/2207
f 3490/2241 3530/2209 3529/2208
f 3490/2241 3533/2207 3481/2652
f 3496/2235 3497/2234 3532/2189
f 3533/2207 3532/2189 3497/2234
f 3481/2652 3497/2234 3480/2281
f 3533/2207 3497/2234 3481/2652
f 3479/2130 3535/2133 3478/2061
f 3479/2130 3534/2157 3535/2133
f 3476/2063 3478/2061 3535/2133
f 3496/2235 3534/2157 3498/2178
f 3496/2235 3532/2189 3534/2157
f 3479/2130 3536/2156 3534/2157
f 3498/2178 3534/2157 3501/2177
f 3534/2157 3536/2156 3501/2177
f 3468/2060 3536/2156 3479/2130
f 3468/2060 3502/2151 3536/2156
f 3501/2177 3536/2156 3502/2151
f 2698/2048 2737/2046 2699/2045
f 2699/2045 2737/2046 3466/2040
f 2737/2046 2739/2017 3466/2040
f 3466/2040 2739/2017 3537/2002
f 2740/1971 3537/2002 2739/2017
f 2740/1971 3538/1964 3537/2002
f 3466/2040 3539/2059 3467/2042
f 3539/2059 3468/2060 3467/2042
f 3466/2040 3540/2027 3539/2059
f 3537/2002 3540/2027 3466/2040
f 3537/2002 3542/1965 3541/2001
f 3537/2002 3538/1964 3542/1965
f 3537/2002 3541/2001 3540/2027
f 2740/1971 2747/1953 3543/1945
f 2747/1953 2748/1924 3543/1945
f 2740/1971 3543/1945 3538/1964
f 3543/1945 2748/1924 3544/1923
f 2748/1924 2749/1925 3545/1921
f 2748/1924 3545/1921 3544/1923
f 3544/1923 3545/1921 3546/1922
f 3538/1964 3543/1945 3547/1944
f 3543/1945 3544/1923 3547/1944
f 3538/1964 3548/1946 3542/1965
f 3538/1964 3547/1944 3548/1946
f 3547/1944 3546/1922 3548/1946
f 3544/1923 3546/1922 3547/1944
f 3539/2059 3549/2139 3468/2060
f 3539/2059 3550/2154 3549/2139
f 3503/2176 3549/2139 3550/2154
f 3503/2176 3502/2151 3549/2139
f 3468/2060 3549/2139 3502/2151
f 3539/2059 3551/2029 3550/2154
f 3551/2029 3552/2003 3550/2154
f 3553/2025 3550/2154 3552/2003
f 3553/2025 3503/2176 3550/2154
f 3523/1982 3555/2026 3554/1974
f 3523/1982 3506/2032 3555/2026
f 3553/2025 3556/1975 3555/2026
f 3553/2025 3552/2003 3556/1975
f 3555/2026 3556/1975 3554/1974
f 3553/2025 3504/2175 3503/2176
f 3553/2025 3555/2026 3504/2175
f 3506/2032 3504/2175 3555/2026
f 3551/2029 3541/2001 3552/2003
f 3541/2001 3557/1972 3552/2003
f 3541/2001 3542/1965 3557/1972
f 3551/2029 3540/2027 3541/2001
f 3539/2059 3540/2027 3551/2029
f 3554/1974 3556/1975 3558/1966
f 3552/2003 3558/1966 3556/1975
f 3552/2003 3557/1972 3558/1966
f 3512/3524 3561/3498 3560/3525
f 3512/3524 3514/3505 3561/3498
f 3522/2008 3524/1998 3526/2007
f 3525/2259 3526/2007 3562/2246
f 3562/2246 3526/2007 3563/1997
f 3526/2007 3524/1998 3563/1997
f 3554/1974 3564/1981 3523/1982
f 3558/1966 3565/1973 3554/1974
f 3554/1974 3565/1973 3564/1981
f 3523/1982 3563/1997 3524/1998
f 3523/1982 3564/1981 3563/1997
f 3564/1981 3566/2265 3563/1997
f 3562/2246 3563/1997 3566/2265
f 3542/1965 3567/1956 3557/1972
f 3542/1965 3548/1946 3567/1956
f 3548/1946 3546/1922 3568/1940
f 3548/1946 3568/1940 3567/1956
f 3559/1955 3558/1966 3567/1956
f 3557/1972 3567/1956 3558/1966
f 3559/1955 3568/1940 3569/1954
f 3559/1955 3567/1956 3568/1940
f 3570/1939 3568/1940 3546/1922
f 3559/1955 3569/1954 3571/1963
f 3572/3890 3566/4040 3573/4026
f 3564/1981 3573/2641 3566/2265
f 3564/1981 3574/1995 3573/2641
f 3572/3890 3573/4026 3575/3875
f 3574/1995 3576/2011 3573/2641
f 3575/3875 3573/4026 3578/4013
f 3576/2011 3578/2642 3573/2641
f 3558/1966 3559/1955 3565/1973
f 3559/1955 3571/1963 3565/1973
f 3565/1973 3577/1996 3574/1995
f 3577/1996 3576/2011 3574/1995
f 3565/1973 3574/1995 3564/1981
f 2919/3445 2917/3633 3579/3634
f 2917/3633 3465/3729 3579/3634
f 3579/3634 3465/3729 3580/3730
f 3465/3729 3440/3826 3581/3827
f 3442/4031 3581/3827 3440/3826
f 3465/3729 3581/3827 3580/3730
f 2919/3445 3579/3634 3000/3824
f 3507/3459 3744/3844 3749/3578
f 3507/3459 3749/3578 3582/3731
f 3749/3578 3579/3634 3582/3731
f 3000/3824 3579/3634 3749/3578
f 3579/3634 3580/3730 3582/3731
f 3442/4031 3484/3938 3581/3827
f 3582/3731 3584/3732 3583/3457
f 3582/3731 3580/3730 3584/3732
f 3507/3459 3582/3731 3583/3457
f 3140/3451 3585/3456 3142/3452
f 3140/3451 3583/3457 3585/3456
f 3140/3451 3507/3459 3583/3457
f 3511/3526 3586/3458 3513/3506
f 3511/3526 3585/3456 3586/3458
f 3583/3457 3586/3458 3585/3456
f 3583/3457 3584/3732 3586/3458
f 3580/3730 3587/3733 3584/3732
f 3580/3730 3581/3827 3587/3733
f 3484/3938 3587/3733 3581/3827
f 3584/3732 3587/3733 3586/3458
f 3486/4086 3509/4085 3484/3938
f 3511/3526 3142/3452 3585/3456
f 3511/3526 3512/3524 3142/3452
f 3586/3458 3588/3507 3513/3506
f 3586/3458 3587/3733 3588/3507
f 3587/3733 3589/3923 3588/3507
f 3587/3733 3484/3938 3589/3923
f 3509/4085 3589/3923 3484/3938
f 3511/3526 3513/3506 3514/3505
f 3509/4085 3525/4056 3589/3923
f 3143/3480 3590/3523 3158/3482
f 3143/3480 3142/3452 3590/3523
f 3512/3524 3590/3523 3142/3452
f 3512/3524 3560/3525 3590/3523
f 3158/3482 3590/3523 3161/3483
f 3560/3525 3161/3483 3590/3523
f 3560/3525 3561/3498 3161/3483
f 3513/3506 3591/3504 3514/3505
f 3513/3506 3588/3507 3591/3504
f 3588/3507 3589/3923 3591/3504
f 3525/4056 3562/4039 3589/3923
f 3514/3505 3591/3504 3561/3498
f 3591/3504 3589/3923 3592/3912
f 3562/4039 3592/3912 3589/3923
f 3166/3819 3164/3485 3593/3486
f 3161/3483 3593/3486 3164/3485
f 3161/3483 3594/3494 3593/3486
f 3161/3483 3561/3498 3594/3494
f 3593/3486 3595/3495 3167/3496
f 3593/3486 3594/3494 3595/3495
f 3166/3819 3593/3486 3167/3496
f 3561/3498 3596/3503 3594/3494
f 3561/3498 3591/3504 3596/3503
f 3591/3504 3592/3912 3596/3503
f 3594/3494 3596/3503 3595/3495
f 3572/3890 3592/3912 3566/4040
f 3572/3890 3596/3503 3592/3912
f 3562/4039 3566/4040 3592/3912
f 3165/3487 3597/3489 3162/3488
f 3165/3487 3167/3496 3597/3489
f 3167/3496 3598/3497 3597/3489
f 3167/3496 3595/3495 3598/3497
f 3162/3488 3599/3490 3181/3491
f 3162/3488 3597/3489 3599/3490
f 3597/3489 3600/3577 3599/3490
f 3597/3489 3598/3497 3600/3577
f 3572/3890 3595/3495 3596/3503
f 3575/3875 3598/3497 3572/3890
f 3575/3875 3600/3577 3598/3497
f 3572/3890 3598/3497 3595/3495
f 3181/3491 3601/3581 3184/3533
f 3181/3491 3599/3490 3601/3581
f 3599/3490 3600/3577 3601/3581
f 3575/3875 3601/3581 3600/3577
f 3575/3875 3184/3533 3601/3581
f 2749/1925 3603/1920 3545/1921
f 3545/1921 3603/1920 3602/1915
f 3545/1921 3602/1915 3546/1922
f 3546/1922 3602/1915 3605/1918
f 3605/1918 3570/1939 3546/1922
f 3606/1917 3605/1918 3604/1916
f 3602/1915 3604/1916 3605/1918
f 3605/1918 3607/1919 3570/1939
f 3605/1918 3606/1917 3607/1919
f 2749/1925 2798/1926 3603/1920
f 3608/1912 3602/1915 3603/1920
f 2798/1926 3608/1912 3603/1920
f 2798/1926 2801/1913 3608/1912
f 2801/1913 2803/1855 3608/1912
f 3608/1912 2803/1855 3609/1859
f 3604/1916 3602/1915 3610/1911
f 3604/1916 3610/1911 3606/1917
f 3610/1911 3611/1909 3606/1917
f 3606/1917 3611/1909 3607/1919
f 3602/1915 3608/1912 3610/1911
f 3608/1912 3609/1859 3610/1911
f 3610/1911 3609/1859 3612/1860
f 3610/1911 3612/1860 3611/1909
f 3611/1909 3612/1860 3613/1873
f 3570/1939 3607/1919 3568/1940
f 3607/1919 3614/1941 3568/1940
f 3569/1954 3614/1941 3571/1963
f 3568/1940 3614/1941 3569/1954
f 3184/3533 3575/3875 3615/3876
f 3228/3877 3184/3533 3615/3876
f 3576/2011 3617/2039 3616/2238
f 3575/3875 3618/3909 3615/3876
f 3575/3875 3578/4013 3618/3909
f 3576/2011 3618/2643 3578/2642
f 3576/2011 3616/2238 3618/2643
f 3619/2012 3620/2033 3617/2039
f 3620/2033 3621/2203 3617/2039
f 3228/3877 3622/3878 3229/3879
f 3228/3877 3615/3876 3622/3878
f 3229/3879 3622/3878 3232/4029
f 3623/3897 3615/3876 3624/3910
f 3623/3897 3622/3878 3615/3876
f 3618/3909 3616/4078 3624/3910
f 3618/3909 3624/3910 3615/3876
f 3624/3910 3616/4078 3625/3952
f 3617/2039 3621/2203 3616/2238
f 3571/1963 3626/1980 3565/1973
f 3565/1973 3626/1980 3577/1996
f 3576/2011 3619/2012 3617/2039
f 3576/2011 3577/1996 3619/2012
f 3626/1980 3619/2012 3577/1996
f 3619/2012 3626/1980 3620/2033
f 3571/1963 3614/1941 3626/1980
f 3627/2014 3629/2193 3628/2169
f 3627/2014 3630/1901 3629/2193
f 3607/1919 3631/1910 3614/1941
f 3632/2015 3614/1941 3633/1999
f 3614/1941 3631/1910 3633/1999
f 3607/1919 3611/1909 3631/1910
f 3611/1909 3613/1873 3631/1910
f 3627/2014 3633/1999 3631/1910
f 3627/2014 3628/2169 3633/1999
f 3632/2015 3633/1999 3628/2169
f 3627/2014 3631/1910 3630/1901
f 3631/1910 3613/1873 3630/1901
f 3620/2033 3632/2015 3621/2203
f 3634/2279 3621/2203 3635/2237
f 3632/2015 3635/2237 3621/2203
f 3232/4029 3622/3878 3252/3913
f 3623/3897 3252/3913 3622/3878
f 3252/3913 3623/3897 3253/3955
f 3623/3897 3624/3910 3625/3952
f 3634/2279 3616/2238 3621/2203
f 3634/4079 3625/3952 3616/4078
f 3636/4028 3625/3952 3637/4034
f 3632/2015 3628/2169 3635/2237
f 3625/3952 3634/4079 3638/4057
f 3639/4099 3638/4057 3635/4107
f 3634/4079 3635/4107 3638/4057
f 3640/2258 3628/2169 3629/2193
f 3640/2258 3639/2257 3628/2169
f 3639/2257 3635/2237 3628/2169
f 3625/3952 3638/4057 3637/4034
f 3253/3955 3641/3963 3256/4049
f 3253/3955 3623/3897 3641/3963
f 3636/4028 3641/3963 3625/3952
f 3623/3897 3625/3952 3641/3963
f 3373/4042 3642/4041 3636/4028
f 3373/682 3259/681 3642/691
f 3256/690 3642/691 3259/681
f 3256/4049 3641/3963 3642/4041
f 3636/4028 3642/4041 3641/3963
f 3632/2015 3626/1980 3614/1941
f 3620/2033 3626/1980 3632/2015
f 2464/658 3643/705 2863/704
f 2464/658 3274/657 3643/705
f 2863/403 3644/340 2864/341
f 2863/403 3643/401 3644/340
f 3274/657 3645/699 3643/705
f 3274/657 3275/656 3645/699
f 3643/401 3646/338 3644/340
f 3643/401 3645/402 3646/338
f 2864/341 3647/321 2865/320
f 2864/341 3644/340 3647/321
f 3644/340 3646/338 3647/321
f 2865/320 3647/321 2866/322
f 3647/321 3648/323 2866/322
f 3275/656 3649/692 3645/699
f 3275/656 3277/660 3649/692
f 3645/402 3650/335 3646/338
f 3645/402 3649/413 3650/335
f 3646/338 3651/324 3647/321
f 3646/338 3650/335 3651/324
f 3647/321 3651/324 3648/323
f 3648/323 3653/325 3652/352
f 3651/324 3653/325 3648/323
f 2869/1856 2868/1864 3654/1865
f 2803/1855 3655/1858 3609/1859
f 2803/1855 2869/1856 3655/1858
f 2869/1856 3654/1865 3655/1858
f 3655/1858 3654/1865 3656/1866
f 2868/1864 2867/1883 3654/1865
f 3654/1865 2867/1883 3657/1884
f 2866/322 3648/323 2870/347
f 3654/1865 3657/1884 3658/1885
f 3654/1865 3658/1885 3656/1866
f 3288/421 3661/397 3660/398
f 3660/398 3661/397 3662/386
f 3288/421 3290/424 3661/397
f 3662/386 3664/381 3663/380
f 3649/413 3665/336 3650/335
f 3277/660 3666/672 3649/692
f 3277/660 3287/646 3666/672
f 3288/668 3666/672 3287/646
f 3288/421 3660/398 3666/416
f 3649/413 3667/343 3665/336
f 3649/413 3666/416 3667/343
f 3660/398 3667/343 3666/416
f 3660/398 3662/386 3667/343
f 3650/335 3668/326 3651/324
f 3650/335 3665/336 3668/326
f 3665/336 3669/342 3668/326
f 3665/336 3667/343 3669/342
f 3662/386 3669/342 3667/343
f 3662/386 3663/380 3669/342
f 3668/326 3669/342 3670/333
f 3653/325 3670/333 3652/352
f 3668/326 3670/333 3653/325
f 3651/324 3668/326 3653/325
f 3669/342 3671/344 3670/333
f 3669/342 3672/378 3671/344
f 3663/380 3672/378 3669/342
f 3672/378 3673/377 3671/344
f 3663/380 3673/377 3672/378
f 3663/380 3664/381 3673/377
f 3609/1859 3655/1858 3612/1860
f 3612/1860 3655/1858 3674/1861
f 3612/1860 3674/1861 3613/1873
f 3674/1861 3656/1866 3675/1872
f 3655/1858 3656/1866 3674/1861
f 3656/1866 3658/1885 3676/1888
f 3658/1885 3659/1887 3676/1888
f 3656/1866 3676/1888 3675/1872
f 3670/333 3677/358 3652/352
f 3671/344 3677/358 3670/333
f 3671/344 3673/377 3677/358
f 2870/347 3678/349 2874/350
f 2870/347 3679/348 3678/349
f 2870/347 3648/323 3679/348
f 2874/350 3678/349 2876/388
f 2858/1878 2876/1889 3657/1884
f 2867/1883 2858/1878 3657/1884
f 3679/348 3680/362 3678/349
f 3648/323 3652/352 3679/348
f 3678/349 3681/411 2876/388
f 3657/1884 2876/1889 3681/1886
f 3657/1884 3681/1886 3658/1885
f 3678/349 3680/362 3681/411
f 3659/1887 3681/1886 3680/1904
f 3658/1885 3681/1886 3659/1887
f 3679/348 3682/363 3680/362
f 3659/1887 3680/1904 3682/1903
f 3659/1887 3682/1903 3676/1888
f 3679/348 3683/361 3682/363
f 3679/348 3684/353 3683/361
f 3676/1888 3682/1903 3683/1895
f 3652/352 3684/353 3679/348
f 3652/352 3677/358 3684/353
f 3661/397 3685/385 3662/386
f 3290/424 3686/395 3661/397
f 3661/397 3686/395 3685/385
f 3662/386 3685/385 3664/381
f 3290/654 3348/652 3686/694
f 3686/395 3687/387 3685/385
f 3348/652 3688/693 3686/694
f 3686/395 3688/404 3687/387
f 3640/4103 3690/4104 3689/4102
f 3640/2258 3629/2193 3690/2606
f 3685/385 3691/383 3664/381
f 3685/385 3687/387 3691/383
f 3673/377 3693/384 3692/379
f 3673/377 3694/382 3693/384
f 3664/381 3694/382 3673/377
f 3664/381 3691/383 3694/382
f 3691/383 3695/418 3694/382
f 3613/1873 3674/1861 3696/1874
f 3674/1861 3697/1876 3696/1874
f 3674/1861 3675/1872 3697/1876
f 3613/1873 3698/1899 3630/1901
f 3613/1873 3696/1874 3698/1899
f 3629/2193 3699/2269 3690/2606
f 3630/1901 3698/1899 3699/2269
f 3630/1901 3699/2269 3629/2193
f 3696/1874 3700/1893 3698/1899
f 3696/1874 3697/1876 3700/1893
f 3690/2606 3699/2269 3695/2631
f 3698/1899 3700/1893 3699/2269
f 3675/1872 3676/1888 3697/1876
f 3697/1876 3676/1888 3701/1892
f 3677/358 3692/379 3702/360
f 3673/377 3692/379 3677/358
f 3697/1876 3701/1892 3700/1893
f 3693/384 3694/382 3703/410
f 3695/418 3703/410 3694/382
f 3695/2631 3699/2269 3703/2578
f 3700/1893 3703/2578 3699/2269
f 3693/384 3702/360 3692/379
f 3693/384 3703/410 3702/360
f 3703/410 3704/417 3702/360
f 3703/2578 3700/1893 3704/1902
f 3701/1892 3704/1902 3700/1893
f 3373/4042 3636/4028 3705/4038
f 3636/4028 3637/4034 3705/4038
f 3348/652 3706/683 3688/693
f 3348/652 3378/653 3706/683
f 3688/404 3707/396 3687/387
f 3688/404 3706/420 3707/396
f 3378/653 3708/678 3706/683
f 3378/653 3377/667 3708/678
f 3373/682 3708/678 3377/667
f 3373/4042 3705/4038 3708/4076
f 3706/420 3709/426 3707/396
f 3706/420 3708/427 3709/426
f 3705/4038 3709/4059 3708/4076
f 3705/4038 3637/4034 3709/4059
f 3710/4058 3709/4059 3637/4034
f 3710/4058 3707/4111 3709/4059
f 3640/2258 3711/2651 3639/2257
f 3640/4103 3689/4102 3711/4100
f 3637/4034 3638/4057 3710/4058
f 3639/4099 3710/4058 3638/4057
f 3639/4099 3711/4100 3710/4058
f 3687/387 3712/394 3691/383
f 3687/387 3707/396 3712/394
f 3710/4058 3712/4101 3707/4111
f 3710/4058 3711/4100 3712/4101
f 3691/383 3689/419 3695/418
f 3691/383 3712/394 3689/419
f 3711/4100 3689/4102 3712/4101
f 3690/4104 3695/4105 3689/4102
f 3684/353 3702/360 3683/361
f 3676/1888 3683/1895 3701/1892
f 3677/358 3702/360 3684/353
f 3702/360 3704/417 3683/361
f 3701/1892 3683/1895 3704/1902
f 3713/2995 364/2781 29/2788
f 369/2759 3716/2988 3714/2990
f 369/2759 3715/2987 3716/2988
f 369/2759 780/3053 3715/2987
f 3720/2744 3719/2746 3718/2802
f 3720/2744 3717/2745 3719/2746
f 1263/3714 3722/3832 1354/3833
f 1355/3817 3721/3753 1585/3798
f 1590/3744 3724/3723 1824/3794
f 3722/3832 1265/3801 3723/3685
f 3721/3753 3723/3685 1265/3801
f 3726/3739 1586/3670 1355/3817
f 3724/3723 1586/3670 3726/3739
f 3724/3723 3726/3739 3725/3797
f 1777/3717 1778/3780 3727/3752
f 1617/3749 1616/3779 3728/3777
f 3729/3751 3728/3777 3727/3752
f 3732/2948 3731/2951 3733/2947
f 3732/2948 3730/3021 3731/2951
f 2031/2997 2030/2999 3730/3021
f 3736/3066 3735/2998 3734/2922
f 3736/3066 3734/2922 2573/3015
f 2030/2999 2031/2997 3735/2998
f 2997/3447 3739/3446 2998/3865
f 2999/3847 3738/3846 3000/3824
f 3102/3783 3103/3784 3745/3748
f 3739/3446 3750/3829 3740/3463
f 3739/3446 3738/3846 3750/3829
f 3741/3464 3740/3463 3750/3829
f 3741/3464 3750/3829 3738/3846
f 3000/3824 3749/3578 3742/3454
f 3743/3453 3749/3578 3744/3844
f 3743/3453 3742/3454 3749/3578
f 3745/3748 3748/3539 3746/3747
f 3747/3538 3737/3843 3746/3747
f 3747/3538 3746/3747 3748/3539