# Blender 4.0.0
# www.blender.org
mtllib pub-dog-front.mtl
o Object_2
v -0.195164 0.651781 -0.508251
v -0.170655 0.671956 -0.602521
v -0.110348 0.786105 -0.628713
v -0.136187 0.749452 -0.518879
v -0.180051 0.725857 -0.401115
v -0.237859 0.637429 -0.434171
v -0.275317 0.521060 -0.458784
v -0.239723 0.525281 -0.515095
v -0.221886 0.532007 -0.586497
v -0.305894 1.452847 -0.645170
v -0.308062 1.474953 -0.572930
v -0.203688 1.497597 -0.586671
v -0.201440 1.466177 -0.662391
v -0.194418 1.410394 -0.739375
v -0.306206 1.400344 -0.716556
v -0.305894 1.452847 -0.645170
v -0.306206 1.400344 -0.716556
v -0.383934 1.367561 -0.695206
v -0.400371 1.403425 -0.639357
v -0.403078 1.414608 -0.564344
v -0.308062 1.474953 -0.572930
v -0.381895 1.088907 0.973377
v -0.383333 0.992965 0.947328
v -0.277476 0.982932 1.007613
v -0.281616 1.051402 1.039722
v -0.309162 1.113134 1.076056
v -0.387148 1.174142 0.959525
v -0.381895 1.088907 0.973377
v -0.387148 1.174142 0.959525
v -0.428651 1.189699 0.893950
v -0.446567 1.125543 0.890868
v -0.455261 1.000432 0.873184
v -0.383333 0.992965 0.947328
v -0.476555 1.274235 -0.657379
v -0.520761 1.113427 -0.676602
v -0.529285 1.101613 -0.571609
v -0.482001 1.273330 -0.568615
v -0.431616 1.278077 -0.730483
v -0.461539 1.128881 -0.764446
v -0.075256 1.330283 -0.822794
v -0.056189 1.214078 -0.866335
v -0.154979 1.186071 -0.875643
v -0.178718 1.311416 -0.818832
v -0.089625 1.426332 -0.755033
v 0.011700 1.435890 -0.761137
v 0.011850 1.339741 -0.817658
v 0.012069 1.227491 -0.849547
v -0.543264 1.239329 0.442961
v -0.580765 1.040434 0.448212
v -0.559137 1.031975 0.564187
v -0.534230 1.227934 0.562145
v -0.477406 1.403601 0.574074
v -0.468311 1.418762 0.447978
v -0.446760 1.422508 0.279052
v -0.532675 1.246814 0.275783
v -0.579306 1.051064 0.278677
v -0.491672 1.254209 0.040284
v -0.533865 1.065155 0.030350
v -0.410668 1.425803 0.055154
v -0.381385 1.427370 -0.159574
v -0.454435 1.259574 -0.177824
v -0.488924 1.075469 -0.192775
v -0.392395 1.537460 0.480283
v -0.418891 1.530642 0.624604
v -0.356185 1.648540 0.721244
v -0.320972 1.608914 0.522197
v -0.257993 1.581021 0.338149
v -0.361434 1.521709 0.296077
v -0.392395 1.537460 0.480283
v -0.361434 1.521709 0.296077
v -0.418891 1.530642 0.624604
v -0.327499 1.515678 0.071926
v -0.232359 1.560080 0.085343
v -0.211859 1.555239 -0.130866
v -0.302396 1.513757 -0.143215
v -0.327499 1.515678 0.071926
v -0.302396 1.513757 -0.143215
v -0.381018 0.657163 0.440035
v -0.275294 0.620956 0.445865
v -0.273800 0.596695 0.555112
v -0.366527 0.598779 0.531493
v -0.381018 0.657163 0.440035
v -0.366527 0.598779 0.531493
v -0.443306 0.653616 0.552811
v -0.466789 0.728715 0.442599
v -0.468644 0.769491 0.282983
v -0.378457 0.685238 0.289972
v -0.378457 0.685238 0.289972
v -0.269131 0.631435 0.298847
v -0.340344 0.723101 0.062270
v -0.240169 0.657464 0.086666
v -0.340344 0.723101 0.062270
v -0.425039 0.813524 0.037857
v -0.377395 0.837628 -0.190241
v -0.297452 0.751869 -0.158830
v -0.297452 0.751869 -0.158830
v -0.206913 0.689156 -0.127234
v -0.500601 0.922901 0.028379
v -0.546779 0.891695 0.280148
v -0.452231 0.940158 -0.199235
v -0.544322 0.863350 0.446708
v -0.521907 0.844057 0.555574
v -0.036386 1.092857 -0.870114
v -0.025377 0.983449 -0.831986
v -0.096431 0.893822 -0.847717
v -0.123837 1.051187 -0.884686
v 0.012328 1.115522 -0.850273
v 0.012612 1.012136 -0.816387
v -0.519312 0.969146 -0.674393
v -0.493518 0.830317 -0.658756
v -0.503389 0.809818 -0.543169
v -0.529385 0.949947 -0.559198
v -0.448310 0.989234 -0.774805
v -0.420781 0.848570 -0.762360
v -0.374415 0.861503 0.888736
v -0.361573 0.700395 0.824508
v -0.272086 0.719167 0.863353
v -0.272515 0.872761 0.947368
v -0.374415 0.861503 0.888736
v -0.443163 0.852536 0.825067
v -0.419360 0.685524 0.773955
v -0.361573 0.700395 0.824508
v -0.508212 0.840001 0.634263
v -0.461433 0.657695 0.619183
v -0.462748 0.666250 0.670916
v -0.496290 0.843571 0.697861
v -0.511961 1.016900 0.725429
v -0.535321 1.024402 0.651840
v -0.351234 0.515517 0.781545
v -0.307504 0.519415 0.791611
v -0.351234 0.515517 0.781545
v -0.392937 0.503070 0.747283
v -0.370967 0.331886 0.746243
v -0.343070 0.338798 0.766678
v -0.343070 0.338798 0.766678
v -0.314133 0.342660 0.768316
v -0.439434 1.468969 0.729094
v -0.442394 1.375548 0.813711
v -0.428258 1.406489 0.902201
v -0.416308 1.525197 0.821145
v -0.356185 1.648540 0.721244
v -0.418891 1.530642 0.624604
v -0.439434 1.468969 0.729094
v -0.476131 1.366067 0.669484
v -0.466338 1.314435 0.750041
v -0.442394 1.375548 0.813711
v -0.516361 1.208817 0.653657
v -0.495752 1.184370 0.731718
v -0.448112 0.926654 -0.293327
v -0.367128 0.818618 -0.298776
v -0.488963 1.074771 -0.286695
v -0.508955 1.074484 -0.341773
v -0.471610 0.911858 -0.343846
v -0.387818 0.758218 -0.359273
v -0.455144 1.260970 -0.292835
v -0.380265 1.425932 -0.300986
v -0.391597 1.423029 -0.399592
v -0.471254 1.262426 -0.367840
v -0.297933 1.510338 -0.300392
v -0.205418 1.550821 -0.295907
v -0.205625 1.541884 -0.419411
v -0.303074 1.503634 -0.414578
v -0.297933 1.510338 -0.300392
v -0.303074 1.503634 -0.414578
v -0.280549 0.752658 -0.289085
v -0.187867 0.716614 -0.279413
v -0.280549 0.752658 -0.289085
v -0.285082 0.716212 -0.358388
v -0.285082 0.716212 -0.358388
v -0.088572 0.698324 -0.284911
v 0.014026 0.693737 -0.291519
v 0.014359 0.646518 -0.118503
v -0.100289 0.655756 -0.117689
v -0.078250 0.745063 -0.419960
v 0.013723 0.746679 -0.431625
v -0.099990 1.584012 -0.292393
v -0.104166 1.588317 -0.124648
v 0.012135 1.602890 -0.123148
v 0.011928 1.598914 -0.290951
v 0.011779 1.591132 -0.420547
v -0.099188 1.575415 -0.420710
v -0.119700 0.609008 0.691235
v 0.015551 0.599349 0.721940
v 0.015570 0.641682 0.813106
v -0.111074 0.642573 0.779592
v -0.213031 0.603357 0.726566
v -0.226236 0.584508 0.648453
v -0.132730 0.595812 0.589893
v 0.015453 0.582155 0.615104
v -0.137022 0.885014 0.995865
v -0.131786 0.791641 0.937579
v 0.015386 0.809730 0.971783
v 0.015254 0.891566 1.017482
v 0.015141 0.957740 1.049125
v -0.139243 0.967001 1.040003
v -0.288815 1.016613 -0.848909
v -0.270197 0.869161 -0.827436
v -0.314854 1.155384 -0.836236
v -0.288815 1.016613 -0.848909
v -0.314854 1.155384 -0.836236
v -0.270197 0.869161 -0.827436
v -0.118171 0.622445 0.096097
v 0.014715 0.612743 0.096986
v 0.015041 0.591063 0.311397
v -0.133585 0.600581 0.307341
v -0.137898 0.592353 0.466934
v 0.015285 0.580130 0.481181
v -0.115446 1.595258 0.090144
v -0.118640 1.612981 0.303448
v 0.012623 1.627868 0.301648
v 0.012391 1.610688 0.090309
v -0.098560 1.649634 0.466724
v -0.074053 1.697804 0.596807
v 0.012821 1.703847 0.591818
v 0.012758 1.659990 0.463098
v -0.194440 1.638652 0.492605
v -0.161726 1.688532 0.618158
v -0.314921 1.292241 -0.786182
v -0.314921 1.292241 -0.786182
v -0.142863 1.017347 1.071543
v 0.015079 1.001364 1.078721
v 0.015055 1.028629 1.110204
v -0.141010 1.045712 1.102478
v -0.095330 1.487085 -0.678596
v -0.096691 1.525769 -0.597864
v 0.011659 1.541362 -0.602895
v 0.011648 1.499559 -0.686514
v -0.032686 0.902682 -0.749807
v 0.012905 0.925630 -0.744441
v 0.013192 0.854596 -0.649937
v -0.048885 0.841508 -0.644561
v -0.086431 0.827511 -0.742909
v -0.096431 0.893822 -0.847717
v -0.025377 0.983449 -0.831986
v 0.012612 1.012136 -0.816387
v -0.335740 0.400026 -0.491933
v -0.295116 0.397036 -0.508830
v -0.328733 0.521870 -0.431809
v -0.335740 0.400026 -0.491933
v -0.328733 0.521870 -0.431809
v -0.383198 0.526212 -0.437400
v -0.375994 0.404088 -0.499621
v -0.367848 0.285163 -0.549657
v -0.336209 0.280867 -0.540206
v -0.336209 0.280867 -0.540206
v -0.304371 0.277469 -0.549611
v -0.298600 0.205558 0.759055
v -0.294112 0.204598 0.723238
v -0.286551 0.330766 0.701951
v -0.294782 0.338109 0.742209
v -0.312432 0.205186 0.783886
v -0.301126 0.098990 0.825026
v -0.291339 0.107954 0.790743
v -0.290497 0.109323 0.754398
v -0.421384 0.479559 0.624855
v -0.425338 0.486798 0.666495
v -0.399293 0.473552 0.593661
v -0.376294 0.318663 0.620316
v -0.391381 0.320449 0.645521
v -0.393438 0.323860 0.680745
v -0.464695 0.685868 -0.637696
v -0.472386 0.672714 -0.535310
v -0.407808 0.696324 -0.727909
v -0.399239 0.545705 -0.695354
v -0.435630 0.543347 -0.626813
v -0.440799 0.538978 -0.545436
v -0.353477 0.469980 0.583375
v -0.353477 0.469980 0.583375
v -0.305072 0.469242 0.598434
v -0.309462 0.323174 0.629088
v -0.343446 0.320108 0.615161
v -0.343446 0.320108 0.615161
v -0.277610 0.502770 0.758185
v -0.265524 0.481554 0.701873
v -0.226063 0.644221 0.800732
v -0.306496 0.633274 -0.396629
v -0.306496 0.633274 -0.396629
v -0.380728 0.639098 -0.400749
v -0.292394 0.706258 -0.775050
v -0.292394 0.706258 -0.775050
v -0.270197 0.869161 -0.827436
v -0.186101 0.707926 -0.769247
v -0.251758 0.543893 -0.711278
v -0.324437 0.546056 -0.723494
v -0.324437 0.546056 -0.723494
v -0.330119 0.061774 0.902551
v -0.299063 0.052812 0.904351
v -0.299576 0.065241 0.881391
v -0.330557 0.074931 0.877127
v -0.330119 0.061774 0.902551
v -0.330557 0.074931 0.877127
v -0.360781 0.067228 0.874515
v -0.360536 0.056493 0.898658
v -0.352401 0.044260 0.910773
v -0.329520 0.044381 0.918786
v -0.329520 0.044381 0.918786
v -0.306361 0.041058 0.914449
v -0.338008 0.198501 0.646327
v -0.363373 0.195618 0.650949
v -0.338008 0.198501 0.646327
v -0.311782 0.201844 0.659256
v -0.310450 0.112709 0.690557
v -0.334779 0.111080 0.678638
v -0.334779 0.111080 0.678638
v -0.358150 0.108241 0.684390
v -0.374742 0.195223 0.675422
v -0.376420 0.196079 0.709818
v -0.369450 0.105800 0.709555
v -0.372676 0.103983 0.744596
v -0.336750 0.202165 0.786734
v -0.336750 0.202165 0.786734
v -0.360521 0.198689 0.772031
v -0.362377 0.095871 0.815842
v -0.332604 0.113785 0.821533
v -0.332604 0.113785 0.821533
v -0.327786 0.022081 0.779240
v -0.290342 0.031384 0.773675
v -0.281946 0.021409 0.804879
v -0.327694 0.011013 0.809337
v -0.327786 0.022081 0.779240
v -0.327694 0.011013 0.809337
v -0.374241 0.019941 0.799139
v -0.366411 0.029676 0.768483
v -0.353434 0.042116 0.745549
v -0.328729 0.039715 0.748535
v -0.328729 0.039715 0.748535
v -0.305096 0.043757 0.749324
v -0.275278 0.048130 0.819290
v -0.277994 0.051219 0.784089
v -0.276054 0.046242 0.849781
v -0.278012 0.016040 0.865924
v -0.278127 0.017295 0.838505
v -0.373486 0.054100 0.742915
v -0.380592 0.048100 0.775964
v -0.358248 0.060357 0.719469
v -0.331373 0.063766 0.713854
v -0.331373 0.063766 0.713854
v -0.303886 0.063230 0.724610
v -0.338836 0.177520 -0.539834
v -0.310199 0.174472 -0.546440
v -0.338836 0.177520 -0.539834
v -0.367489 0.181878 -0.549751
v -0.377226 0.094279 -0.523243
v -0.341711 0.103951 -0.516521
v -0.341711 0.103951 -0.516521
v -0.307661 0.087245 -0.519494
v -0.335359 0.406707 -0.704511
v -0.384926 0.409921 -0.688602
v -0.335359 0.406707 -0.704511
v -0.285518 0.402894 -0.691861
v -0.300887 0.283382 -0.684365
v -0.336406 0.287572 -0.695037
v -0.336406 0.287572 -0.695037
v -0.371677 0.290983 -0.685857
v -0.409112 0.410302 -0.641714
v -0.413055 0.408951 -0.583358
v -0.389440 0.291110 -0.655454
v -0.393187 0.289522 -0.615447
v -0.268115 0.397368 -0.549159
v -0.256120 0.399201 -0.601160
v -0.285209 0.277531 -0.578381
v -0.278091 0.279274 -0.616816
v -0.287763 0.048255 -0.540561
v -0.290271 0.054962 -0.566956
v -0.297310 0.101201 -0.580870
v -0.297580 0.096766 -0.550092
v -0.287804 0.041563 -0.517520
v -0.294269 0.015459 -0.519076
v -0.294889 0.023302 -0.538078
v -0.298086 0.031932 -0.560394
v -0.380908 0.190147 -0.641089
v -0.385232 0.187578 -0.608069
v -0.366300 0.190902 -0.665330
v -0.367989 0.114693 -0.638488
v -0.382445 0.112919 -0.616001
v -0.388017 0.109080 -0.585311
v -0.295880 0.175260 -0.570695
v -0.292534 0.177956 -0.603771
v -0.338825 0.188014 -0.672005
v -0.338825 0.188014 -0.672005
v -0.311368 0.183813 -0.662159
v -0.315951 0.108966 -0.635260
v -0.341841 0.112754 -0.644557
v -0.341841 0.112754 -0.644557
v -0.347425 0.030659 -0.580500
v -0.304575 0.037521 -0.582733
v -0.347420 0.024799 -0.559545
v -0.347425 0.030659 -0.580500
v -0.347420 0.024799 -0.559545
v -0.395704 0.034008 -0.563477
v -0.389103 0.039681 -0.585751
v -0.373560 0.048092 -0.601731
v -0.346741 0.041685 -0.601320
v -0.346741 0.041685 -0.601320
v -0.318941 0.046023 -0.599473
v -0.344680 0.066514 -0.621835
v -0.375937 0.067366 -0.616799
v -0.344680 0.066514 -0.621835
v -0.313624 0.063620 -0.613686
v -0.291654 0.027034 -0.468994
v -0.301807 0.009659 -0.473711
v -0.298168 0.011127 -0.493882
v -0.289847 0.032223 -0.486632
v -0.309287 0.054806 -0.480013
v -0.308510 0.045763 -0.464998
v -0.317465 0.037305 -0.457349
v -0.306271 0.023417 -0.455079
v -0.314999 0.012673 -0.460908
v -0.392976 0.064933 -0.597570
v -0.400373 0.059996 -0.571256
v -0.346014 0.023713 -0.451706
v -0.344956 0.041096 -0.455282
v -0.346014 0.023713 -0.451706
v -0.344956 0.041096 -0.455282
v -0.372690 0.040643 -0.459137
v -0.385586 0.027025 -0.457699
v -0.378291 0.014950 -0.462735
v -0.346900 0.009345 -0.457496
v -0.346900 0.009345 -0.457496
v -0.347253 0.004876 -0.476278
v -0.391908 0.012526 -0.475927
v -0.395508 0.014150 -0.495953
v -0.347328 0.005119 -0.497258
v -0.347253 0.004876 -0.476278
v -0.347328 0.005119 -0.497258
v -0.399686 0.032449 -0.471886
v -0.380457 0.051019 -0.467123
v -0.378512 0.060705 -0.481739
v -0.400891 0.038171 -0.489162
v -0.344088 0.054608 -0.464601
v -0.343410 0.065276 -0.478537
v -0.344088 0.054608 -0.464601
v -0.343410 0.065276 -0.478537
v -0.328634 0.024785 0.917446
v -0.296207 0.024499 0.914842
v -0.328634 0.024785 0.917446
v -0.361164 0.029323 0.910508
v -0.354223 0.016169 0.903665
v -0.327850 0.009442 0.906565
v -0.327850 0.009442 0.906565
v -0.301919 0.012773 0.906970
v -0.374521 0.035889 0.894844
v -0.377969 0.041707 0.876159
v -0.370695 0.015406 0.879939
v -0.365668 0.013987 0.892790
v -0.327566 0.004807 0.894173
v -0.327535 0.005362 0.883738
v -0.327566 0.004807 0.894173
v -0.327535 0.005362 0.883738
v -0.285130 0.012711 0.885884
v -0.290101 0.009868 0.897651
v -0.283162 0.030690 0.901881
v -0.280122 0.038586 0.884706
v -0.080829 1.779918 1.461723
v -0.045717 1.730619 1.503263
v 0.013919 1.736230 1.501272
v 0.013741 1.788142 1.457139
v 0.013543 1.837948 1.392801
v -0.074715 1.829814 1.393014
v -0.156394 1.816392 1.384592
v -0.166081 1.783653 1.443719
v -0.183281 1.760197 1.477536
v -0.125615 1.749706 1.493592
v -0.088711 1.715998 1.512953
v -0.292529 1.464003 1.502949
v -0.282174 1.448924 1.505583
v -0.266143 1.455772 1.516698
v -0.276235 1.474859 1.515436
v -0.285827 1.499074 1.510281
v -0.302591 1.484364 1.496791
v -0.314631 1.473077 1.483540
v -0.304347 1.456513 1.490991
v -0.293599 1.448261 1.496264
v -0.152056 1.641746 1.529189
v -0.171441 1.676272 1.514712
v -0.210953 1.659070 1.505817
v -0.185501 1.622169 1.523677
v -0.167838 1.586226 1.538584
v -0.131449 1.603743 1.543831
v -0.097205 1.617613 1.547292
v -0.118866 1.656422 1.532941
v -0.143106 1.692373 1.517187
v -0.024623 1.321268 1.554796
v 0.014937 1.328114 1.557328
v 0.014906 1.341219 1.556432
v -0.029721 1.335271 1.553826
v -0.071520 1.318883 1.544480
v -0.063831 1.304305 1.546611
v -0.043619 1.291553 1.546370
v -0.014186 1.308169 1.553526
v 0.014967 1.313966 1.555567
v -0.408727 1.339652 1.058295
v -0.428271 1.446043 0.994986
v -0.396133 1.277399 0.983249
v -0.309162 1.113134 1.076056
v -0.380551 1.252983 1.124777
v -0.415558 1.342252 1.177478
v -0.428063 1.412708 1.129718
v -0.429824 1.497903 1.092926
v -0.239327 1.721520 0.757799
v -0.251038 1.684476 0.662483
v -0.321586 1.697649 0.812073
v -0.239327 1.721520 0.757799
v -0.321586 1.697649 0.812073
v -0.300898 1.736343 0.880748
v -0.220591 1.758715 0.838807
v -0.137051 1.781224 0.819965
v -0.146198 1.736881 0.727863
v -0.146198 1.736881 0.727863
v -0.371208 1.658922 0.902425
v -0.321586 1.697649 0.812073
v -0.391900 1.617237 0.896639
v -0.415662 1.603600 1.015347
v -0.404758 1.628908 0.987506
v -0.371208 1.658922 0.902425
v -0.404758 1.628908 0.987506
v -0.391974 1.662185 0.985917
v -0.355215 1.690921 0.931567
v -0.383072 0.045468 0.810388
v -0.382579 0.044625 0.840385
v -0.371829 0.103015 0.779976
v -0.377857 0.016088 0.832205
v -0.377940 0.015510 0.859285
v -0.286812 0.057650 0.750275
v -0.296278 0.111516 0.718406
v -0.327598 0.006656 0.842193
v -0.327529 0.005889 0.868445
v -0.327598 0.006656 0.842193
v -0.327529 0.005889 0.868445
v -0.372712 0.196947 0.744207
v -0.387195 0.327289 0.715960
v -0.275216 0.471739 0.643278
v -0.290971 0.326258 0.661130
v -0.416747 0.494066 0.708118
v -0.450904 0.674834 0.722632
v -0.297828 0.203618 0.687433
v -0.119119 0.707140 0.863597
v 0.015503 0.719122 0.900023
v -0.478504 1.156989 0.810552
v -0.491706 1.008660 0.799214
v -0.449884 1.256980 0.831581
v -0.416140 1.273480 0.898412
v -0.387148 1.174142 0.959525
v -0.416140 1.273480 0.898412
v -0.479198 0.847154 0.761452
v -0.402701 0.053338 -0.544966
v -0.402366 0.046838 -0.521692
v -0.387518 0.104822 -0.554633
v -0.398852 0.025310 -0.541236
v -0.399383 0.017592 -0.522111
v -0.347417 0.015476 -0.538622
v -0.347406 0.007300 -0.520923
v -0.347417 0.015476 -0.538622
v -0.347406 0.007300 -0.520923
v -0.296818 0.180633 -0.636836
v -0.282383 0.280920 -0.655217
v -0.302270 0.105191 -0.611645
v -0.381857 0.185026 -0.575060
v -0.386416 0.287794 -0.577460
v -0.297189 0.059927 -0.593362
v -0.260513 0.400717 -0.653069
v -0.221736 0.538710 -0.658752
v -0.401892 0.406971 -0.533046
v -0.421938 0.532590 -0.478787
v -0.440210 0.654685 -0.451652
v -0.465374 0.782488 -0.442138
v -0.064547 0.790879 -0.537227
v 0.013454 0.797622 -0.548382
v -0.098033 1.555607 -0.517218
v 0.011696 1.571917 -0.519384
v -0.205065 1.523488 -0.511005
v -0.506093 0.925237 -0.440742
v -0.523873 1.086031 -0.448373
v -0.480220 1.267970 -0.465933
v -0.399678 1.420198 -0.485901
v -0.306787 1.491861 -0.500745
v -0.306787 1.491861 -0.500745
v -0.156578 0.693581 -0.700628
v -0.159306 1.395639 1.585951
v -0.182591 1.426468 1.580278
v -0.228327 1.376408 1.555476
v -0.204419 1.347325 1.559308
v -0.176083 1.317895 1.556202
v -0.132766 1.361515 1.584315
v -0.082871 1.404606 1.604503
v -0.115975 1.438988 1.601380
v -0.136456 1.471157 1.594780
v -0.270612 1.226789 1.386488
v -0.313398 1.219963 1.320273
v -0.303124 1.204563 1.301762
v -0.258103 1.218108 1.376241
v -0.208854 1.229341 1.445747
v -0.224203 1.238352 1.457807
v -0.245755 1.255340 1.465542
v -0.285710 1.242718 1.395399
v -0.322450 1.236821 1.332443
v -0.085127 1.466346 1.605961
v -0.097920 1.500160 1.599365
v -0.066447 1.435179 1.608532
v -0.052194 1.447257 1.608570
v -0.065539 1.481522 1.605600
v -0.070472 1.516603 1.599077
v -0.337576 1.644706 1.434794
v -0.336020 1.615542 1.451292
v -0.299194 1.647529 1.471524
v -0.298749 1.676334 1.456697
v -0.297581 1.699119 1.439564
v -0.336075 1.670436 1.415742
v -0.363689 1.639816 1.385828
v -0.366622 1.611600 1.406170
v -0.368391 1.568365 1.429254
v -0.340036 1.211924 1.285742
v -0.347082 1.230888 1.301669
v -0.368793 1.243131 1.279033
v -0.355843 1.208562 1.253707
v -0.330369 1.172221 1.233095
v -0.323195 1.189089 1.268921
v -0.018007 1.550406 1.588189
v 0.014457 1.552922 1.589249
v 0.014404 1.569106 1.577483
v -0.017325 1.567160 1.575773
v -0.043097 1.563786 1.572975
v -0.043897 1.546221 1.586529
v -0.045097 1.526858 1.599104
v -0.018756 1.532008 1.599589
v 0.014512 1.535099 1.599895
v -0.055437 1.837609 0.885262
v 0.012865 1.846072 0.882044
v 0.012853 1.807012 0.801920
v -0.060391 1.799127 0.806989
v -0.123482 1.819082 0.892705
v -0.115472 1.852190 0.955660
v -0.053936 1.868722 0.951836
v 0.012882 1.876783 0.949728
v -0.203131 1.832919 1.298035
v -0.250853 1.813168 1.276567
v -0.283476 1.766714 1.354592
v -0.226735 1.793246 1.371447
v -0.146366 1.850013 1.312267
v -0.138984 1.878908 1.234039
v -0.180864 1.870714 1.218040
v -0.215983 1.866981 1.192647
v -0.070224 1.908341 1.157088
v -0.068558 1.911248 1.078536
v -0.134207 1.900370 1.084423
v -0.137233 1.897469 1.157196
v -0.070224 1.908341 1.157088
v -0.137233 1.897469 1.157196
v -0.069739 1.891762 1.240133
v 0.013204 1.899449 1.240651
v 0.013057 1.914983 1.154434
v 0.013057 1.914983 1.154434
v 0.012947 1.917257 1.073434
v -0.389283 1.356900 1.359246
v -0.379699 1.373082 1.397271
v -0.398766 1.423636 1.374598
v -0.409124 1.411393 1.334898
v -0.416055 1.398867 1.291238
v -0.395020 1.339329 1.319661
v -0.362261 1.289455 1.353537
v -0.362230 1.321490 1.391680
v -0.361813 1.345558 1.412014
v -0.286923 1.850684 1.156252
v -0.333957 1.813696 1.122820
v -0.329437 1.798968 1.134296
v -0.279553 1.832674 1.170655
v -0.215983 1.866981 1.192647
v -0.246384 1.880351 1.177956
v -0.280301 1.884727 1.197639
v -0.310527 1.853330 1.176050
v -0.349906 1.814515 1.145778
v -0.278126 1.404694 1.502537
v -0.247634 1.426859 1.520911
v -0.249648 1.429406 1.510052
v -0.273601 1.417509 1.494818
v -0.296068 1.417847 1.480646
v -0.305331 1.399544 1.484981
v -0.318850 1.366269 1.483060
v -0.281333 1.386039 1.511888
v -0.244871 1.419756 1.535007
v -0.384677 1.590344 1.366600
v -0.394425 1.580345 1.322915
v -0.399848 1.543609 1.339103
v -0.388071 1.553144 1.384451
v -0.381537 1.613731 1.344070
v -0.389278 1.598972 1.317817
v -0.071127 1.866341 1.318964
v 0.013365 1.874410 1.320373
v -0.365116 1.722472 1.171464
v -0.339649 1.758986 1.213055
v -0.329437 1.798968 1.134296
v -0.359334 1.762225 1.110232
v -0.380517 1.715531 1.090113
v -0.384270 1.674787 1.129261
v -0.392162 1.632779 1.181926
v -0.374300 1.679692 1.243704
v -0.353317 1.716217 1.301753
v -0.171732 1.891037 1.147123
v -0.196356 1.890416 1.143531
v -0.171732 1.891037 1.147123
v -0.168178 1.891387 1.081888
v -0.198413 1.884881 1.078254
v -0.196356 1.890416 1.143531
v -0.060164 1.180495 1.477533
v 0.015198 1.170500 1.475631
v 0.015144 1.212690 1.510145
v -0.053417 1.222029 1.511805
v -0.107569 1.238224 1.512889
v -0.119814 1.197657 1.479169
v -0.126862 1.159757 1.433969
v -0.063557 1.143019 1.433145
v 0.015228 1.133444 1.432065
v -0.366136 1.215768 1.194983
v -0.329118 1.151026 1.172601
v -0.393710 1.282989 1.232443
v -0.363259 1.388815 1.436554
v -0.344402 1.404177 1.465170
v -0.362020 1.450574 1.451109
v -0.381740 1.438306 1.418095
v -0.344571 1.347898 1.445750
v -0.017851 1.598044 1.564091
v 0.014316 1.600422 1.565347
v 0.014202 1.641525 1.550550
v -0.020954 1.638234 1.550254
v -0.051769 1.631933 1.549602
v -0.045060 1.593656 1.561886
v -0.195522 1.449025 1.568158
v -0.204401 1.460529 1.552735
v -0.240123 1.401746 1.546952
v -0.149023 1.491867 1.580975
v -0.160915 1.509879 1.563242
v -0.428282 1.449036 1.203685
v -0.421934 1.511734 1.187229
v -0.422796 1.383349 1.235865
v -0.419687 1.464757 1.269373
v -0.413067 1.526457 1.254726
v -0.278208 1.359926 1.517317
v -0.310354 1.328936 1.479783
v -0.298091 1.298679 1.473799
v -0.265663 1.331293 1.519993
v -0.352089 1.500476 1.447670
v -0.348029 1.546334 1.443587
v -0.370606 1.504850 1.436892
v -0.343576 1.455614 1.459365
v -0.329708 1.457448 1.457473
v -0.337262 1.493025 1.447847
v -0.333930 1.530552 1.444760
v -0.418623 1.671621 1.063714
v -0.437602 1.629472 1.041751
v -0.415662 1.603600 1.015347
v -0.404263 1.651970 1.065587
v -0.380517 1.715531 1.090113
v -0.391553 1.729527 1.085940
v -0.410540 1.729921 1.101108
v -0.439637 1.678762 1.076555
v -0.461539 1.643041 1.055157
v -0.263022 1.623505 1.487924
v -0.257324 1.660256 1.488147
v -0.295228 1.613201 1.472203
v -0.290731 1.584022 1.468505
v -0.267720 1.592842 1.483948
v -0.247503 1.589576 1.499241
v -0.233994 1.617788 1.502791
v -0.298960 1.788872 1.248165
v -0.324356 1.743131 1.335039
v -0.279553 1.832674 1.170655
v -0.251355 1.693156 1.476096
v -0.207813 1.699932 1.491815
v -0.198436 1.727268 1.484313
v -0.247093 1.719397 1.463049
v -0.025833 1.378499 1.598532
v 0.014861 1.382818 1.596639
v 0.014802 1.416138 1.611044
v -0.033837 1.406904 1.608095
v -0.067233 1.361872 1.594394
v -0.054456 1.340813 1.579243
v -0.018999 1.357997 1.582493
v 0.014883 1.363582 1.579499
v -0.240612 1.305075 1.521086
v -0.273471 1.274799 1.469963
v -0.211480 1.281451 1.517877
v -0.344418 1.736669 0.963982
v -0.383044 1.710977 0.992313
v -0.375893 1.751550 1.006928
v -0.345354 1.780136 1.000941
v -0.300179 1.815832 1.009893
v -0.300267 1.775872 0.952705
v -0.416791 1.542424 0.934297
v -0.420244 1.558529 1.035653
v -0.233739 1.896983 1.163079
v -0.196356 1.890416 1.143531
v -0.233739 1.896983 1.163079
v -0.245608 1.896494 1.129563
v -0.290562 1.903885 1.175428
v -0.275733 1.902714 1.194878
v -0.275733 1.902714 1.194878
v -0.162642 1.869268 1.018936
v -0.122999 1.882281 1.018406
v -0.166482 1.834532 0.958880
v -0.201372 1.823710 0.963567
v -0.198073 1.849519 1.007349
v -0.191054 1.797034 0.902337
v -0.238887 1.789856 0.926168
v -0.188617 1.531694 1.542647
v -0.158159 1.549954 1.551510
v -0.197564 1.566863 1.531605
v -0.218264 1.551018 1.526018
v -0.209297 1.517921 1.534566
v -0.209904 1.482727 1.535664
v -0.192352 1.494535 1.546112
v -0.325140 1.492179 1.466893
v -0.322314 1.519680 1.465290
v -0.324490 1.521937 1.456549
v -0.327622 1.491448 1.458449
v -0.321727 1.463319 1.465793
v -0.319854 1.466853 1.473415
v -0.319468 1.496981 1.477079
v -0.317760 1.516651 1.473699
v -0.243583 1.460745 1.525849
v -0.232992 1.483588 1.533755
v -0.241217 1.486210 1.532238
v -0.250582 1.470548 1.527372
v -0.259624 1.445246 1.514231
v -0.255388 1.439249 1.510462
v -0.237528 1.456505 1.523462
v -0.225741 1.481831 1.532391
v -0.309212 1.542690 1.471505
v -0.291841 1.558486 1.482215
v -0.290410 1.564904 1.475405
v -0.309810 1.547414 1.463451
v -0.308548 1.531961 1.480298
v -0.292459 1.546739 1.490735
v -0.326320 1.585692 1.454594
v -0.315611 1.562072 1.453544
v -0.215533 1.458198 1.537151
v -0.225885 1.452183 1.525580
v -0.327569 1.419243 1.471197
v -0.315375 1.431774 1.468302
v -0.212432 1.597235 1.517835
v -0.231009 1.575269 1.513754
v -0.314193 1.899588 1.228036
v -0.315158 1.881923 1.224487
v -0.314193 1.899588 1.228036
v -0.329867 1.900885 1.215305
v -0.365617 1.880610 1.248244
v -0.350023 1.880478 1.257950
v -0.350023 1.880478 1.257950
v -0.349490 1.864089 1.252414
v -0.060720 1.895656 1.013189
v 0.012899 1.902518 1.009362
v -0.419105 1.814001 1.127764
v -0.386154 1.851511 1.158361
v -0.354260 1.852911 1.115614
v -0.392371 1.815460 1.087575
v -0.426406 1.771619 1.064643
v -0.449606 1.770331 1.100734
v -0.469674 1.753205 1.139430
v -0.444512 1.793970 1.167230
v -0.417114 1.830114 1.196523
v -0.438798 1.631173 1.025969
v -0.430005 1.663053 1.018121
v -0.438798 1.631173 1.025969
v -0.404758 1.628908 0.987506
v -0.468563 1.645002 1.043241
v -0.468563 1.645002 1.043241
v -0.463692 1.674283 1.041000
v -0.063963 1.750081 0.710533
v -0.063963 1.750081 0.710533
v 0.012846 1.756229 0.704969
v 0.012846 1.756229 0.704969
v -0.259503 1.646618 0.556038
v -0.247716 1.815938 0.976216
v -0.250104 1.852007 1.037578
v -0.473282 1.720695 1.079986
v -0.449909 1.720525 1.048626
v -0.487415 1.676631 1.067374
v -0.503137 1.668538 1.097263
v -0.490681 1.708047 1.114783
v -0.419018 1.711441 1.019965
v -0.399363 1.763222 1.029249
v -0.278615 1.874794 1.095348
v -0.321890 1.841266 1.065160
v -0.318530 1.884835 1.146952
v -0.364562 1.805286 1.043720
v -0.366082 1.775097 1.102512
v -0.359334 1.762225 1.110232
v -0.381937 1.774275 1.122490
v -0.422309 1.814188 1.256189
v -0.399904 1.836181 1.273297
v -0.389398 1.861408 1.225648
v -0.446678 1.781774 1.233218
v -0.467700 1.720724 1.265818
v -0.446816 1.754580 1.281247
v -0.426334 1.780224 1.292008
v -0.503651 1.678677 1.153752
v -0.487323 1.714092 1.182640
v -0.512817 1.648442 1.130690
v -0.516588 1.622104 1.165464
v -0.510434 1.641490 1.192733
v -0.498381 1.665176 1.224476
v -0.510318 1.629642 1.121888
v -0.502649 1.644717 1.090849
v -0.510318 1.629642 1.121888
v -0.502649 1.644717 1.090849
v -0.491719 1.644431 1.097511
v -0.499663 1.629366 1.129478
v -0.502826 1.608084 1.164612
v -0.512760 1.608925 1.155494
v -0.512760 1.608925 1.155494
v -0.355132 1.882666 1.189811
v -0.339817 1.851040 1.201144
v -0.373983 1.812770 1.170327
v -0.370889 1.834524 1.229285
v -0.401007 1.797902 1.199228
v -0.457827 1.681806 1.093966
v -0.479294 1.648508 1.073240
v -0.430636 1.729855 1.119986
v -0.449877 1.720127 1.147259
v -0.472850 1.675529 1.119220
v -0.489289 1.649677 1.064750
v -0.489289 1.649677 1.064750
v -0.403471 1.772943 1.144358
v -0.426633 1.760344 1.172907
v -0.509273 1.605394 1.227563
v -0.498672 1.618642 1.259051
v -0.514582 1.595283 1.199399
v -0.508127 1.579611 1.224867
v -0.503158 1.577903 1.251848
v -0.492601 1.584100 1.282033
v -0.510435 1.587041 1.189292
v -0.510435 1.587041 1.189292
v -0.500906 1.585357 1.198380
v -0.498022 1.573730 1.223915
v -0.504243 1.570681 1.223715
v -0.504243 1.570681 1.223715
v -0.490069 1.594922 1.227795
v -0.490666 1.625714 1.194604
v -0.476842 1.652456 1.229489
v -0.478438 1.611266 1.261339
v -0.478533 1.580116 1.281694
v -0.489298 1.571980 1.250785
v -0.468341 1.748434 1.208914
v -0.484513 1.691255 1.247865
v -0.384132 1.838260 1.280015
v -0.381831 1.823378 1.275328
v -0.384132 1.838260 1.280015
v -0.410731 1.785059 1.295953
v -0.410731 1.785059 1.295953
v -0.406966 1.771612 1.293236
v -0.399837 1.794486 1.258220
v -0.425798 1.759348 1.235239
v -0.422002 1.742413 1.284011
v -0.444198 1.708011 1.270089
v -0.447366 1.725724 1.212932
v -0.466300 1.691536 1.187611
v -0.461915 1.678957 1.253282
v -0.484362 1.654707 1.155589
v -0.495080 1.566537 1.259196
v -0.484570 1.571159 1.289087
v -0.495080 1.566537 1.259196
v -0.484570 1.571159 1.289087
v -0.474339 1.581102 1.306739
v -0.462575 1.601529 1.315205
v -0.469164 1.616893 1.308831
v -0.481578 1.595577 1.299744
v -0.474339 1.581102 1.306739
v -0.468298 1.592632 1.300849
v -0.455968 1.614397 1.310775
v -0.462575 1.601529 1.315205
v -0.447467 1.637605 1.317538
v -0.438916 1.650286 1.314003
v -0.429227 1.684092 1.312387
v -0.433219 1.683403 1.314659
v -0.447467 1.637605 1.317538
v -0.433219 1.683403 1.314659
v -0.441922 1.686527 1.312136
v -0.454434 1.652606 1.313144
v -0.455870 1.696158 1.300640
v -0.438516 1.725367 1.305918
v -0.473034 1.661194 1.291696
v -0.486947 1.636299 1.279131
v -0.424034 1.732997 1.307482
v -0.419684 1.720613 1.306144
v -0.424034 1.732997 1.307482
v -0.432728 1.689784 1.302715
v -0.452048 1.654793 1.295502
v -0.466525 1.629921 1.282809
v -0.270682 1.578207 1.484739
v -0.289582 1.570671 1.470205
v -0.273112 1.571432 1.488667
v -0.257564 1.568929 1.502363
v -0.254046 1.575686 1.499531
v -0.330384 1.490873 1.451771
v -0.323719 1.460101 1.460048
v -0.327222 1.523989 1.449393
v -0.272771 1.426098 1.494291
v -0.252148 1.433753 1.507819
v -0.274274 1.432655 1.497957
v -0.292736 1.435088 1.486145
v -0.292722 1.428436 1.481706
v -0.219441 1.513174 1.532055
v -0.227575 1.544052 1.524952
v -0.232103 1.541083 1.526408
v -0.225072 1.512637 1.532685
v -0.219539 1.480017 1.532059
v -0.239394 1.564596 1.513522
v -0.243414 1.559330 1.515622
v -0.311025 1.551594 1.456980
v -0.310435 1.439529 1.470158
v -0.309326 1.444921 1.475224
v -0.232423 1.452635 1.522194
v -0.258529 1.491104 1.526054
v -0.242746 1.505671 1.532891
v -0.249080 1.529670 1.527694
v -0.266430 1.515563 1.521119
v -0.248899 1.553587 1.518531
v -0.262000 1.562109 1.506440
v -0.265645 1.554995 1.509089
v -0.258106 1.546469 1.518504
v -0.238454 1.537233 1.528389
v -0.308581 1.262408 1.404615
v -0.337934 1.257307 1.346658
v -0.329102 1.286127 1.416866
v -0.177777 1.148306 1.375763
v -0.159169 1.171307 1.432325
v -0.170335 1.181619 1.427576
v -0.192711 1.158668 1.372745
v -0.215836 1.147585 1.319953
v -0.199767 1.135726 1.318437
v -0.158448 1.123002 1.318968
v -0.140383 1.137108 1.378360
v -0.110072 1.329075 1.574508
v -0.151005 1.291516 1.543912
v -0.132135 1.278419 1.525810
v -0.093095 1.311447 1.557610
v -0.221084 1.129487 1.271811
v -0.234278 1.145995 1.283972
v -0.254399 1.155305 1.267054
v -0.248147 1.135444 1.245773
v -0.220558 1.105823 1.208859
v -0.179131 1.110735 1.262416
v -0.233877 1.202368 1.245066
v -0.237737 1.224446 1.250347
v -0.250966 1.215111 1.288598
v -0.249245 1.195411 1.276801
v -0.236584 1.178958 1.282521
v -0.221608 1.186387 1.248858
v -0.212851 1.193445 1.222159
v -0.219000 1.206129 1.210324
v -0.224595 1.229210 1.210010
v -0.126811 1.061760 1.144805
v 0.015065 1.045727 1.147505
v 0.015093 1.059734 1.195513
v -0.108178 1.073544 1.197421
v -0.239712 1.093022 1.149457
v -0.141010 1.045712 1.102478
v 0.015055 1.028629 1.110204
v -0.083709 1.321763 1.534699
v -0.046944 1.349763 1.555172
v -0.122422 1.288837 1.505268
v -0.083709 1.321763 1.534699
v -0.122422 1.288837 1.505268
v -0.117067 1.318410 1.461869
v -0.077927 1.352770 1.487256
v -0.042169 1.379797 1.504395
v -0.046944 1.349763 1.555172
v -0.234108 1.160882 1.295455
v -0.249029 1.169203 1.283945
v -0.217814 1.162177 1.322123
v -0.234108 1.160882 1.295455
v -0.217814 1.162177 1.322123
v -0.210014 1.175145 1.309332
v -0.224756 1.172901 1.290974
v -0.249029 1.169203 1.283945
v -0.160331 1.258115 1.472794
v -0.168793 1.250247 1.492063
v -0.199750 1.233817 1.428351
v -0.160331 1.258115 1.472794
v -0.199750 1.233817 1.428351
v -0.195583 1.250627 1.386948
v -0.157117 1.282078 1.429221
v -0.094173 1.308760 1.517107
v -0.123582 1.274392 1.489137
v -0.135979 1.259588 1.501863
v -0.107689 1.293300 1.526979
v -0.060497 1.333837 1.538177
v -0.094173 1.308760 1.517107
v -0.060497 1.333837 1.538177
v -0.043315 1.324655 1.514929
v -0.074508 1.303793 1.491784
v -0.105699 1.273842 1.460665
v -0.123582 1.274392 1.489137
v -0.014882 1.365707 1.560772
v 0.014842 1.370700 1.559835
v -0.014882 1.365707 1.560772
v -0.012265 1.394125 1.512308
v 0.014719 1.398148 1.513939
v 0.014842 1.370700 1.559835
v -0.186691 1.260600 1.507647
v -0.123433 1.216858 1.357517
v -0.152433 1.197570 1.311397
v -0.162891 1.202567 1.386977
v -0.135206 1.236375 1.425670
v -0.092351 1.238230 1.405607
v -0.084620 1.212654 1.333333
v -0.115341 1.203544 1.280180
v -0.143772 1.194947 1.232710
v -0.177152 1.186856 1.282782
v -0.196754 1.182132 1.265966
v -0.188610 1.183596 1.344765
v -0.166961 1.190367 1.217764
v -0.185476 1.188874 1.217617
v -0.061389 1.255198 1.440129
v -0.032531 1.266824 1.461963
v -0.027285 1.222532 1.382182
v -0.054557 1.218777 1.365323
v -0.154962 1.320011 1.340721
v -0.111268 1.362780 1.375200
v -0.195045 1.278620 1.302866
v -0.189371 1.294017 1.220182
v -0.149060 1.341382 1.249965
v -0.104333 1.387206 1.281754
v -0.023616 1.347847 1.548751
v 0.014874 1.352128 1.551389
v -0.023616 1.347847 1.548751
v 0.014874 1.352128 1.551389
v 0.014879 1.337328 1.528493
v -0.013800 1.334858 1.525997
v -0.242995 1.220162 1.363012
v -0.271741 1.207934 1.305105
v -0.242995 1.220162 1.363012
v -0.271741 1.207934 1.305105
v -0.229972 1.230911 1.332694
v -0.147661 1.232512 1.457865
v -0.170217 1.194644 1.419081
v -0.154143 1.218809 1.469672
v -0.147661 1.232512 1.457865
v -0.170217 1.194644 1.419081
v -0.195059 1.172316 1.368583
v -0.195059 1.172316 1.368583
v -0.267663 1.187918 1.282955
v -0.282563 1.176922 1.271448
v -0.267663 1.187918 1.282955
v -0.202051 1.204031 1.195150
v -0.199888 1.189540 1.214539
v -0.183623 1.201108 1.189877
v -0.186620 1.214273 1.183257
v -0.204072 1.222674 1.187250
v -0.006782 1.406384 1.229825
v -0.030809 1.396767 1.227227
v -0.028622 1.324320 1.207850
v -0.005788 1.330172 1.210125
v 0.014481 1.332519 1.211568
v 0.014327 1.409964 1.231269
v 0.014321 1.456876 1.310991
v -0.008048 1.452522 1.309390
v -0.033671 1.439822 1.304896
v -0.134602 1.315657 1.199618
v -0.169790 1.273038 1.182970
v -0.149534 1.237695 1.177812
v -0.120067 1.268612 1.189750
v -0.087731 1.299463 1.202389
v -0.095568 1.356947 1.218027
v -0.164307 1.202392 1.184846
v -0.141834 1.209994 1.191286
v -0.172072 1.220902 1.175455
v -0.060688 1.382136 1.225263
v -0.056593 1.316057 1.206847
v -0.065818 1.419035 1.297874
v -0.210403 1.180808 1.255241
v -0.223716 1.248314 1.271178
v -0.214634 1.257566 1.210080
v -0.071764 1.397220 1.396759
v -0.037601 1.421990 1.409127
v -0.009932 1.435750 1.416031
v 0.014499 1.439906 1.418103
v -0.007765 1.272172 1.471988
v 0.014957 1.273304 1.474034
v 0.014962 1.225132 1.391533
v -0.004931 1.224541 1.389942
v -0.053754 1.250334 1.270548
v -0.083580 1.242215 1.253209
v -0.026714 1.253969 1.278490
v -0.193133 1.243861 1.181018
v -0.113932 1.226018 1.220431
v -0.004721 1.256716 1.283076
v 0.014749 1.257889 1.284518
v -0.294582 1.122021 1.174577
v -0.289060 1.139743 1.218240
v -0.287375 1.159454 1.250203
v -0.277710 0.043416 0.869463
v -0.280723 0.014640 0.878513
v -0.300462 0.072336 0.858086
v -0.327515 0.005590 0.878728
v -0.375169 0.015597 0.871984
v -0.327515 0.005590 0.878728
v -0.380766 0.043995 0.860157
v -0.360600 0.072247 0.850657
v -0.330962 0.081821 0.850893
v -0.330962 0.081821 0.850893
v -0.342927 0.074130 -0.495965
v -0.309864 0.062488 -0.496489
v -0.342927 0.074130 -0.495965
v -0.377102 0.068461 -0.498860
v -0.401773 0.042375 -0.504428
v -0.398134 0.014856 -0.509181
v -0.347377 0.004888 -0.509637
v -0.347377 0.004888 -0.509637
v -0.295508 0.012230 -0.506674
v -0.288532 0.036642 -0.501175
v -0.118683 1.568163 1.556368
v -0.110901 1.539031 1.569379
v -0.074396 1.554719 1.570567
v -0.082608 1.582677 1.558800
v -0.336607 1.689985 1.404768
v -0.362614 1.660546 1.368584
v -0.299381 1.715389 1.431965
v -0.300596 1.728572 1.422562
v -0.336967 1.705544 1.394492
v -0.360996 1.678350 1.358229
v -0.246515 1.736170 1.460282
v -0.192162 1.744379 1.485310
v -0.245487 1.749971 1.452052
v -0.055991 1.488321 1.606205
v -0.057600 1.523613 1.598961
v -0.045338 1.453568 1.610249
v -0.036197 1.457200 1.612458
v -0.044337 1.491596 1.607252
v -0.092707 1.666658 1.533504
v -0.118353 1.704432 1.517097
v -0.073915 1.626035 1.548914
v -0.065208 1.674727 1.532457
v -0.105245 1.520376 1.585441
v -0.071887 1.536849 1.585696
v -0.180543 1.701419 1.502673
v -0.165437 1.718733 1.501468
v -0.388552 1.497773 1.401171
v -0.403389 1.485926 1.355770
v -0.406024 1.611395 1.092315
v -0.411758 1.574700 1.137456
v -0.404263 1.651970 1.065587
v -0.276749 1.439369 1.502821
v -0.293551 1.441586 1.491951
v -0.276209 1.564350 1.494097
v -0.277196 1.553915 1.501613
v -0.273294 1.537076 1.511796
v -0.290845 1.524984 1.501068
v -0.308621 1.450368 1.481959
v -0.232217 1.511491 1.534033
v -0.307136 1.509768 1.488984
v -0.377758 1.657741 1.284451
v -0.359165 1.693123 1.343049
v -0.393539 1.614987 1.226652
v -0.392083 1.610066 1.258977
v -0.379073 1.644454 1.304165
v -0.398552 1.581010 1.281939
v -0.406701 1.537065 1.299328
v -0.391176 1.603365 1.288566
v -0.391176 1.603365 1.288566
v -0.391473 1.606669 1.274442
v -0.403349 1.573429 1.247955
v -0.006787 1.445412 1.617166
v 0.014745 1.444729 1.618100
v 0.014700 1.462616 1.614946
v -0.015089 1.461241 1.614086
v -0.015256 1.440437 1.616206
v 0.014762 1.437104 1.617721
v -0.041465 1.422902 1.610382
v -0.025541 1.429462 1.611292
v -0.028001 1.682908 1.531376
v 0.014070 1.687076 1.530800
v -0.239873 1.767297 1.422613
v -0.297675 1.742098 1.400014
v -0.150473 1.732069 1.502641
v -0.018431 1.496197 1.608224
v 0.014607 1.498868 1.608669
v -0.019156 1.435213 1.613740
v 0.014776 1.430175 1.615324
v -0.056648 1.543583 1.585879
v -0.056958 1.561306 1.571503
v -0.062356 1.589854 1.560380
v -0.409309 1.566684 1.194564
v -0.412578 1.475987 1.315953
v -0.353516 1.248907 1.317709
v -0.372529 1.270287 1.308031
v -0.399917 1.319434 1.275697
v -0.381823 1.627665 1.313308
v -0.334955 1.719308 1.377531
v -0.337142 1.314146 1.434882
v -0.070656 1.120952 1.381261
v -0.080724 1.105813 1.322936
v 0.015177 1.096213 1.325719
v 0.015214 1.111734 1.382731
v -0.004272 1.298308 1.551879
v 0.014997 1.299932 1.552635
v -0.017074 1.282073 1.545557
v 0.015034 1.279621 1.545408
v -0.148000 1.208809 1.476662
v -0.132866 1.249137 1.509678
v -0.093023 1.089119 1.259228
v 0.015134 1.077721 1.259115
v -0.036255 1.256268 1.533340
v 0.015086 1.249801 1.532324
v -0.078459 1.268881 1.534058
v -0.102361 1.280615 1.532284
v 0.222850 0.652751 -0.508790
v 0.163393 0.750147 -0.519264
v 0.137102 0.786679 -0.629032
v 0.198005 0.672811 -0.602996
v 0.249926 0.533101 -0.587105
v 0.267978 0.526459 -0.515749
v 0.303735 0.522403 -0.459531
v 0.265802 0.638597 -0.434819
v 0.207669 0.726757 -0.401615
v 0.329510 1.454321 -0.645989
v 0.224951 1.467166 -0.662940
v 0.227248 1.498596 -0.587226
v 0.331761 1.476437 -0.573754
v 0.329510 1.454321 -0.645989
v 0.331761 1.476437 -0.573754
v 0.427078 1.416533 -0.565413
v 0.424229 1.405338 -0.640420
v 0.407815 1.369398 -0.696226
v 0.329880 1.401819 -0.717376
v 0.329880 1.401819 -0.717376
v 0.217990 1.411351 -0.739906
v 0.411368 1.090747 0.972355
v 0.311437 1.052777 1.038957
v 0.307531 0.984289 1.006859
v 0.413184 0.994813 0.946302
v 0.411368 1.090747 0.972355
v 0.413184 0.994813 0.946302
v 0.484885 1.002613 0.871972
v 0.475657 1.127682 0.889679
v 0.457452 1.191754 0.892808
v 0.416191 1.176005 0.958489
v 0.416191 1.176005 0.958489
v 0.338789 1.114637 1.075222
v 0.500965 1.276503 -0.658639
v 0.506644 1.275624 -0.569888
v 0.554716 1.104127 -0.573007
v 0.545867 1.115901 -0.677976
v 0.486348 1.131079 -0.765666
v 0.455820 1.280135 -0.731627
v 0.098987 1.330687 -0.823018
v 0.202545 1.312300 -0.819323
v 0.179240 1.186846 -0.876073
v 0.080345 1.214394 -0.866511
v 0.113084 1.426802 -0.755294
v 0.570671 1.241912 0.441526
v 0.561997 1.230477 0.560732
v 0.587819 1.034635 0.562710
v 0.609107 1.043193 0.446679
v 0.607162 1.053816 0.277149
v 0.559616 1.249348 0.274376
v 0.472895 1.424641 0.277867
v 0.494899 1.420996 0.446736
v 0.504390 1.405878 0.572809
v 0.517972 1.256551 0.038984
v 0.561017 1.067695 0.028939
v 0.515453 1.077799 -0.194069
v 0.480149 1.261742 -0.179028
v 0.406369 1.429197 -0.160589
v 0.436212 1.427768 0.054063
v 0.418517 1.539340 0.479239
v 0.346872 1.610463 0.521336
v 0.382414 1.650253 0.720292
v 0.445417 1.532646 0.623490
v 0.418517 1.539340 0.479239
v 0.445417 1.532646 0.623490
v 0.387155 1.523445 0.295112
v 0.387155 1.523445 0.295112
v 0.283549 1.582277 0.337451
v 0.352670 1.517256 0.071050
v 0.257361 1.561216 0.084712
v 0.352670 1.517256 0.071050
v 0.327022 1.515217 -0.144026
v 0.327022 1.515217 -0.144026
v 0.236325 1.556278 -0.131444
v 0.411121 0.659002 0.439015
v 0.397136 0.600550 0.530509
v 0.304480 0.598036 0.554367
v 0.305582 0.622304 0.445116
v 0.298990 0.632752 0.298115
v 0.408041 0.687062 0.288959
v 0.411121 0.659002 0.439015
v 0.408041 0.687062 0.288959
v 0.497820 0.771733 0.281738
v 0.496564 0.730950 0.441358
v 0.473714 0.655743 0.551629
v 0.397136 0.600550 0.530509
v 0.369168 0.724747 0.061355
v 0.269361 0.658646 0.086009
v 0.235407 0.690181 -0.127804
v 0.325572 0.753314 -0.159633
v 0.369168 0.724747 0.061355
v 0.325572 0.753314 -0.159633
v 0.405035 0.839442 -0.191250
v 0.453380 0.815561 0.036725
v 0.528408 0.925287 0.027053
v 0.575379 0.894298 0.278702
v 0.479372 0.942318 -0.200435
v 0.573482 0.865943 0.445267
v 0.551438 0.846546 0.554191
v 0.061096 1.093083 -0.870240
v 0.148701 1.051819 -0.885038
v 0.122120 0.894329 -0.847999
v 0.050692 0.983625 -0.832084
v 0.545093 0.971615 -0.675765
v 0.555551 0.952463 -0.560596
v 0.530248 0.812216 -0.544500
v 0.519985 0.832668 -0.660062
v 0.446897 0.850582 -0.763478
v 0.473740 0.991373 -0.775993
v 0.404726 0.863310 0.887734
v 0.302926 0.874095 0.946626
v 0.302994 0.720501 0.862612
v 0.392465 0.702144 0.823536
v 0.404726 0.863310 0.887734
v 0.392465 0.702144 0.823536
v 0.450191 0.687541 0.772835
v 0.473350 0.854661 0.823887
v 0.537965 0.842428 0.632916
v 0.526190 0.845943 0.696544
v 0.493401 0.668467 0.669684
v 0.491993 0.659906 0.617955
v 0.564263 1.026952 0.650423
v 0.541128 1.019343 0.724072
v 0.382874 0.517220 0.780599
v 0.339152 0.520915 0.790778
v 0.346541 0.344192 0.767464
v 0.375491 0.340465 0.765752
v 0.382874 0.517220 0.780599
v 0.375491 0.340465 0.765752
v 0.403367 0.333682 0.745246
v 0.424546 0.504966 0.746229
v 0.466514 1.471071 0.727926
v 0.443365 1.527192 0.820038
v 0.456075 1.408540 0.901062
v 0.470126 1.377664 0.812535
v 0.466514 1.471071 0.727926
v 0.470126 1.377664 0.812535
v 0.494189 1.316663 0.748804
v 0.503534 1.368339 0.668221
v 0.445417 1.532646 0.623490
v 0.382414 1.650253 0.720292
v 0.544452 1.211277 0.652289
v 0.524158 1.186736 0.730404
v 0.475073 0.928796 -0.294517
v 0.394578 0.820385 -0.299757
v 0.415392 0.760081 -0.360307
v 0.498509 0.914108 -0.345096
v 0.535105 1.076905 -0.343118
v 0.515254 1.077101 -0.287988
v 0.480556 1.263140 -0.294040
v 0.496466 1.264671 -0.369087
v 0.415983 1.424902 -0.400633
v 0.404891 1.427753 -0.301998
v 0.322170 1.511777 -0.301191
v 0.229480 1.551829 -0.296468
v 0.322170 1.511777 -0.301191
v 0.327049 1.505096 -0.415390
v 0.327049 1.505096 -0.415390
v 0.229410 1.542893 -0.419972
v 0.308331 0.754024 -0.289845
v 0.215842 0.717551 -0.279933
v 0.312854 0.717599 -0.359159
v 0.308331 0.754024 -0.289845
v 0.312854 0.717599 -0.359159
v 0.116619 0.698800 -0.285175
v 0.128963 0.656288 -0.117985
v 0.014359 0.646518 -0.118503
v 0.014026 0.693737 -0.291519
v 0.013723 0.746679 -0.431625
v 0.105732 0.745489 -0.420197
v 0.123908 1.584531 -0.292682
v 0.128497 1.588857 -0.124948
v 0.122816 1.575930 -0.420996
v 0.150676 0.609635 0.690886
v 0.142123 0.643161 0.779265
v 0.015570 0.641682 0.813106
v 0.015551 0.599349 0.721940
v 0.015453 0.582155 0.615104
v 0.163506 0.596499 0.589511
v 0.257215 0.585629 0.647830
v 0.244125 0.604418 0.725977
v 0.167503 0.885720 0.995472
v 0.015254 0.891566 1.017482
v 0.015386 0.809730 0.971783
v 0.162549 0.792323 0.937199
v 0.169458 0.967717 1.039606
v 0.015141 0.957740 1.049125
v 0.313929 1.018011 -0.849686
v 0.296052 0.870475 -0.828165
v 0.313929 1.018011 -0.849686
v 0.296052 0.870475 -0.828165
v 0.339357 1.156901 -0.837078
v 0.339357 1.156901 -0.837078
v 0.147551 0.623061 0.095756
v 0.163612 0.601270 0.306959
v 0.015041 0.591063 0.311397
v 0.014715 0.612743 0.096986
v 0.168374 0.593063 0.466540
v 0.015285 0.580130 0.481181
v 0.140298 1.595851 0.089815
v 0.143960 1.613590 0.303109
v 0.124131 1.650150 0.466436
v 0.099736 1.698207 0.596583
v 0.187506 1.689342 0.617708
v 0.220128 1.639614 0.492072
v 0.338919 1.293758 -0.787024
v 0.338919 1.293758 -0.787024
v 0.172926 1.018079 1.071136
v 0.015079 1.001364 1.078721
v 0.171020 1.046436 1.102077
v 0.015055 1.028629 1.110204
v 0.118703 1.487581 -0.678872
v 0.120093 1.526272 -0.598143
v 0.058588 0.902894 -0.749925
v 0.075342 0.841796 -0.644720
v 0.013192 0.854596 -0.649937
v 0.012905 0.925630 -0.744441
v 0.012612 1.012136 -0.816387
v 0.050692 0.983625 -0.832084
v 0.122120 0.894329 -0.847999
v 0.112699 0.827973 -0.743166
v 0.364634 0.401651 -0.492835
v 0.357216 0.523461 -0.432693
v 0.323980 0.398472 -0.509627
v 0.333685 0.278949 -0.550434
v 0.365532 0.282495 -0.541110
v 0.364634 0.401651 -0.492835
v 0.365532 0.282495 -0.541110
v 0.397126 0.286937 -0.550642
v 0.404850 0.405899 -0.500627
v 0.411646 0.528056 -0.438424
v 0.357216 0.523461 -0.432693
v 0.331620 0.207020 0.758244
v 0.327144 0.339551 0.741408
v 0.318844 0.332171 0.701170
v 0.327045 0.206038 0.722438
v 0.323952 0.110748 0.753606
v 0.324894 0.109383 0.789948
v 0.334810 0.100465 0.824207
v 0.345517 0.206712 0.783038
v 0.452786 0.481586 0.623728
v 0.456813 0.488844 0.665358
v 0.425706 0.325760 0.679690
v 0.423575 0.322339 0.644471
v 0.408431 0.320484 0.619304
v 0.430643 0.475477 0.592592
v 0.491886 0.688087 -0.638928
v 0.499901 0.674969 -0.536563
v 0.468910 0.541088 -0.546608
v 0.463510 0.545433 -0.627972
v 0.426932 0.547621 -0.696418
v 0.434719 0.698279 -0.728994
v 0.384818 0.471692 0.582423
v 0.375563 0.321776 0.614234
v 0.384818 0.471692 0.582423
v 0.375563 0.321776 0.614234
v 0.341602 0.324684 0.628249
v 0.336455 0.470730 0.597608
v 0.309250 0.504131 0.757429
v 0.257156 0.645341 0.800109
v 0.297117 0.482859 0.701147
v 0.334553 0.634761 -0.397455
v 0.334553 0.634761 -0.397455
v 0.408748 0.640929 -0.401766
v 0.319139 0.707677 -0.775838
v 0.352057 0.547625 -0.724365
v 0.319139 0.707677 -0.775838
v 0.352057 0.547625 -0.724365
v 0.279420 0.545125 -0.711963
v 0.212855 0.708851 -0.769761
v 0.296052 0.870475 -0.828165
v 0.364175 0.063384 0.901657
v 0.364486 0.076544 0.876231
v 0.333562 0.066710 0.880576
v 0.333166 0.054278 0.903537
v 0.340544 0.042558 0.913615
v 0.363700 0.045989 0.917892
v 0.364175 0.063384 0.901657
v 0.363700 0.045989 0.917892
v 0.386559 0.045974 0.909822
v 0.394607 0.058244 0.897685
v 0.394740 0.068980 0.873542
v 0.364486 0.076544 0.876231
v 0.370770 0.200145 0.645414
v 0.396160 0.197380 0.649970
v 0.391428 0.109979 0.683424
v 0.368029 0.112710 0.677732
v 0.370770 0.200145 0.645414
v 0.368029 0.112710 0.677732
v 0.343724 0.114227 0.689714
v 0.344563 0.203367 0.658410
v 0.407593 0.197038 0.674414
v 0.409357 0.197901 0.708805
v 0.406129 0.105789 0.743592
v 0.402804 0.107591 0.708560
v 0.369856 0.203804 0.785824
v 0.366210 0.115406 0.820633
v 0.369856 0.203804 0.785824
v 0.366210 0.115406 0.820633
v 0.396052 0.097630 0.814865
v 0.393605 0.200438 0.771059
v 0.361710 0.023681 0.778353
v 0.361745 0.012612 0.808449
v 0.315939 0.022796 0.804110
v 0.324208 0.032809 0.772884
v 0.338841 0.045251 0.748495
v 0.362491 0.041318 0.747645
v 0.361710 0.023681 0.778353
v 0.362491 0.041318 0.747645
v 0.387177 0.043834 0.744594
v 0.400271 0.031455 0.767495
v 0.408225 0.021756 0.798131
v 0.361745 0.012612 0.808449
v 0.309184 0.049486 0.818537
v 0.311796 0.052587 0.783329
v 0.312226 0.018664 0.837744
v 0.312186 0.017409 0.865164
v 0.310047 0.047602 0.849026
v 0.407167 0.055910 0.741909
v 0.414386 0.049944 0.774940
v 0.391840 0.062097 0.718502
v 0.364934 0.065381 0.712957
v 0.364934 0.065381 0.712957
v 0.337478 0.064718 0.723784
v 0.368639 0.179161 -0.540746
v 0.339998 0.175980 -0.547278
v 0.337935 0.088743 -0.520325
v 0.371915 0.105606 -0.517440
v 0.368639 0.179161 -0.540746
v 0.371915 0.105606 -0.517440
v 0.407457 0.096099 -0.524254
v 0.397246 0.183652 -0.550736
v 0.363673 0.408328 -0.705412
v 0.413266 0.411773 -0.689630
v 0.400576 0.292774 -0.686852
v 0.365298 0.289200 -0.695940
v 0.363673 0.408328 -0.705412
v 0.365298 0.289200 -0.695940
v 0.329827 0.284845 -0.685178
v 0.313885 0.404284 -0.692634
v 0.437572 0.412266 -0.642805
v 0.441671 0.410934 -0.584460
v 0.422274 0.291414 -0.616498
v 0.418417 0.292983 -0.656495
v 0.296874 0.398678 -0.549887
v 0.284736 0.400456 -0.601857
v 0.307224 0.280631 -0.617569
v 0.314449 0.278922 -0.579154
v 0.318164 0.049661 -0.541341
v 0.327731 0.098216 -0.550897
v 0.327361 0.102650 -0.581674
v 0.320573 0.056379 -0.567743
v 0.328512 0.033385 -0.561201
v 0.325412 0.024740 -0.538878
v 0.324878 0.016895 -0.519874
v 0.318295 0.042969 -0.518300
v 0.410390 0.191982 -0.642108
v 0.414811 0.189433 -0.609100
v 0.418019 0.110950 -0.586349
v 0.412349 0.114762 -0.617025
v 0.397829 0.116469 -0.639475
v 0.395717 0.192670 -0.666312
v 0.325613 0.176702 -0.571496
v 0.322172 0.179381 -0.604563
v 0.368238 0.189654 -0.672916
v 0.371673 0.114409 -0.645477
v 0.368238 0.189654 -0.672916
v 0.371673 0.114409 -0.645477
v 0.345826 0.110501 -0.636113
v 0.340827 0.185326 -0.662999
v 0.377804 0.032341 -0.581435
v 0.377880 0.026482 -0.560479
v 0.334918 0.039004 -0.583556
v 0.349200 0.047573 -0.600334
v 0.377016 0.043364 -0.602253
v 0.377804 0.032341 -0.581435
v 0.377016 0.043364 -0.602253
v 0.403804 0.049895 -0.602733
v 0.419426 0.041557 -0.586793
v 0.426112 0.035914 -0.564536
v 0.377880 0.026482 -0.560479
v 0.374786 0.068183 -0.622762
v 0.406051 0.069180 -0.617806
v 0.374786 0.068183 -0.622762
v 0.343765 0.065145 -0.614533
v 0.322339 0.028458 -0.469785
v 0.320462 0.033638 -0.487418
v 0.328861 0.012581 -0.494690
v 0.332559 0.011130 -0.474529
v 0.345770 0.014206 -0.461759
v 0.337007 0.024909 -0.455907
v 0.348132 0.038849 -0.458207
v 0.339117 0.047265 -0.465833
v 0.339814 0.056312 -0.480850
v 0.423152 0.066826 -0.598621
v 0.430638 0.061923 -0.572328
v 0.376757 0.025390 -0.452637
v 0.375610 0.042767 -0.456211
v 0.377695 0.011026 -0.458429
v 0.376757 0.025390 -0.452637
v 0.377695 0.011026 -0.458429
v 0.409046 0.016776 -0.463750
v 0.416297 0.028885 -0.458733
v 0.403335 0.042443 -0.460137
v 0.375610 0.042767 -0.456211
v 0.378021 0.006559 -0.477213
v 0.378039 0.006802 -0.498192
v 0.426181 0.016056 -0.497012
v 0.422640 0.014416 -0.476976
v 0.378021 0.006559 -0.477213
v 0.378039 0.006802 -0.498192
v 0.430337 0.034375 -0.472956
v 0.431469 0.040102 -0.490235
v 0.409006 0.062531 -0.482754
v 0.411033 0.052855 -0.468143
v 0.374654 0.056275 -0.465527
v 0.373891 0.066940 -0.479461
v 0.374654 0.056275 -0.465527
v 0.373891 0.066940 -0.479461
v 0.362900 0.026389 0.916555
v 0.330468 0.025952 0.914035
v 0.336215 0.014253 0.906148
v 0.362161 0.011042 0.905676
v 0.362900 0.026389 0.916555
v 0.362161 0.011042 0.905676
v 0.388494 0.017892 0.902708
v 0.395391 0.031078 0.909533
v 0.408678 0.037707 0.893835
v 0.412050 0.043539 0.875140
v 0.399920 0.015762 0.891803
v 0.404908 0.017205 0.878940
v 0.361865 0.006406 0.893284
v 0.361805 0.006961 0.882850
v 0.361865 0.006406 0.893284
v 0.324386 0.011293 0.896859
v 0.319373 0.014113 0.885104
v 0.361805 0.006961 0.882850
v 0.317362 0.032083 0.901107
v 0.314241 0.039965 0.883940
v 0.108360 1.780356 1.461479
v 0.013741 1.788142 1.457139
v 0.013919 1.736230 1.501272
v 0.073584 1.730896 1.503109
v 0.116671 1.716474 1.512688
v 0.153367 1.750353 1.493232
v 0.210943 1.761111 1.477028
v 0.193546 1.784488 1.443255
v 0.183556 1.817181 1.384154
v 0.101838 1.830224 1.392787
v 0.013543 1.837948 1.392801
v 0.321629 1.465428 1.502158
v 0.305316 1.476208 1.514687
v 0.295316 1.457075 1.515975
v 0.311351 1.450301 1.504819
v 0.322754 1.449691 1.495470
v 0.333450 1.457992 1.490170
v 0.343638 1.474604 1.482691
v 0.331581 1.485835 1.495974
v 0.314783 1.500467 1.509506
v 0.180401 1.642516 1.528760
v 0.213923 1.623096 1.523162
v 0.239156 1.660114 1.505237
v 0.199588 1.677132 1.514234
v 0.171185 1.693102 1.516782
v 0.147153 1.657039 1.532597
v 0.125709 1.618130 1.547004
v 0.160007 1.604419 1.543455
v 0.196464 1.587071 1.538115
v 0.054522 1.321451 1.554695
v 0.059552 1.335478 1.553711
v 0.014906 1.341219 1.556432
v 0.014937 1.328114 1.557328
v 0.014967 1.313966 1.555567
v 0.044143 1.308305 1.553452
v 0.073634 1.291825 1.546220
v 0.093787 1.304671 1.546408
v 0.101404 1.319284 1.544258
v 0.437256 1.341614 1.057205
v 0.424756 1.279303 0.982192
v 0.456143 1.448094 0.993846
v 0.457707 1.499962 1.091782
v 0.456437 1.414759 1.128578
v 0.444383 1.344246 1.176370
v 0.409654 1.254816 1.123759
v 0.338789 1.114637 1.075222
v 0.265312 1.722690 0.757148
v 0.347821 1.699201 0.811211
v 0.276949 1.685701 0.661804
v 0.172036 1.737619 0.727453
v 0.265312 1.722690 0.757148
v 0.172036 1.737619 0.727453
v 0.162921 1.781919 0.819579
v 0.246613 1.759799 0.838205
v 0.327131 1.737799 0.879939
v 0.347821 1.699201 0.811211
v 0.397855 1.660707 0.901434
v 0.418725 1.619117 0.895595
v 0.347821 1.699201 0.811211
v 0.397855 1.660707 0.901434
v 0.381789 1.692630 0.930618
v 0.418821 1.664065 0.984872
v 0.431763 1.630848 0.986428
v 0.431763 1.630848 0.986428
v 0.442856 1.605591 1.014241
v 0.416966 0.047324 0.809357
v 0.405378 0.104817 0.778975
v 0.416554 0.046479 0.839356
v 0.412099 0.017343 0.858267
v 0.411944 0.017920 0.831187
v 0.320496 0.059058 0.749493
v 0.329630 0.112967 0.717600
v 0.361754 0.008254 0.841305
v 0.361757 0.007487 0.867557
v 0.361754 0.008254 0.841305
v 0.361757 0.007487 0.867557
v 0.405733 0.198753 0.743204
v 0.419537 0.329160 0.714920
v 0.306705 0.473089 0.642528
v 0.323179 0.327683 0.660339
v 0.448296 0.496072 0.707003
v 0.481651 0.676997 0.721431
v 0.330673 0.205076 0.686622
v 0.150084 0.707764 0.863250
v 0.015503 0.719122 0.900023
v 0.507241 1.159275 0.809282
v 0.521101 1.011010 0.797908
v 0.478213 1.259133 0.830384
v 0.444564 1.275476 0.897303
v 0.416191 1.176005 0.958489
v 0.444564 1.275476 0.897303
v 0.509245 0.849447 0.760178
v 0.433065 0.055276 -0.546043
v 0.417619 0.106690 -0.555669
v 0.432821 0.048775 -0.522768
v 0.429972 0.019516 -0.523179
v 0.429357 0.027231 -0.542303
v 0.377974 0.017159 -0.539556
v 0.378047 0.008983 -0.521857
v 0.377974 0.017159 -0.539556
v 0.378047 0.008983 -0.521857
v 0.326356 0.182079 -0.637639
v 0.311409 0.282297 -0.655982
v 0.332223 0.106663 -0.612462
v 0.411533 0.186866 -0.576081
v 0.415610 0.289654 -0.578492
v 0.327401 0.061375 -0.594167
v 0.288990 0.401992 -0.653777
v 0.249558 0.539804 -0.659360
v 0.430646 0.408902 -0.534118
v 0.450250 0.534613 -0.479911
v 0.468026 0.656791 -0.452822
v 0.492621 0.784709 -0.443373
v 0.091515 0.791241 -0.537428
v 0.013454 0.797622 -0.548382
v 0.121504 1.556116 -0.517501
v 0.228700 1.524494 -0.511563
v 0.532680 0.927646 -0.442081
v 0.549694 1.088521 -0.449755
v 0.505153 1.270256 -0.467203
v 0.423854 1.422108 -0.486961
v 0.330593 1.493339 -0.501566
v 0.330593 1.493339 -0.501566
v 0.183575 0.694370 -0.701067
v 0.188939 1.396446 1.585502
v 0.234206 1.348342 1.558742
v 0.257969 1.377536 1.554849
v 0.212066 1.427383 1.579769
v 0.165761 1.471858 1.594391
v 0.145447 1.439594 1.601042
v 0.112510 1.405059 1.604251
v 0.162553 1.362200 1.583933
v 0.206000 1.318781 1.555709
v 0.300512 1.228114 1.385753
v 0.288018 1.219374 1.375538
v 0.332909 1.206038 1.300943
v 0.343159 1.221486 1.319427
v 0.352164 1.238386 1.331574
v 0.315559 1.244113 1.394625
v 0.275727 1.256550 1.464870
v 0.254234 1.239462 1.457191
v 0.238897 1.230379 1.445171
v 0.114484 1.466809 1.605704
v 0.127103 1.500682 1.599075
v 0.099579 1.516997 1.598858
v 0.094826 1.481894 1.605393
v 0.081647 1.447568 1.608398
v 0.095957 1.435556 1.608323
v 0.365661 1.646337 1.433889
v 0.326744 1.677785 1.455892
v 0.327361 1.648982 1.470717
v 0.364283 1.617166 1.450388
v 0.396815 1.570139 1.428269
v 0.394787 1.613366 1.405188
v 0.391670 1.641568 1.384856
v 0.363992 1.672060 1.414839
v 0.325427 1.700564 1.438761
v 0.369745 1.213571 1.284827
v 0.385485 1.210282 1.252752
v 0.398340 1.244910 1.278046
v 0.376743 1.232567 1.300737
v 0.352967 1.190657 1.268050
v 0.360126 1.173822 1.232206
v 0.046929 1.550556 1.588105
v 0.046138 1.567307 1.575691
v 0.014404 1.569106 1.577483
v 0.014457 1.552922 1.589249
v 0.014512 1.535099 1.599895
v 0.047792 1.532162 1.599504
v 0.074157 1.527134 1.598950
v 0.072834 1.546491 1.586380
v 0.071918 1.564053 1.572827
v 0.081216 1.837926 0.885087
v 0.086146 1.799467 0.806800
v 0.079742 1.869032 0.951663
v 0.141362 1.852786 0.955330
v 0.149364 1.819715 0.892354
v 0.229993 1.833924 1.297477
v 0.253970 1.794361 1.370827
v 0.310790 1.768092 1.353826
v 0.277749 1.814394 1.275885
v 0.242415 1.868044 1.192055
v 0.207344 1.871615 1.217539
v 0.165468 1.879614 1.233646
v 0.173186 1.850754 1.311857
v 0.096374 1.908727 1.156873
v 0.163433 1.898167 1.156809
v 0.160206 1.901053 1.084045
v 0.094492 1.911627 1.078326
v 0.096374 1.908727 1.156873
v 0.013057 1.914983 1.154434
v 0.013204 1.899449 1.240651
v 0.096180 1.892147 1.239919
v 0.163433 1.898167 1.156809
v 0.418508 1.358773 1.358205
v 0.438033 1.413358 1.333807
v 0.427720 1.425553 1.373533
v 0.408947 1.374911 1.396255
v 0.391227 1.347304 1.411043
v 0.391704 1.323238 1.390708
v 0.391784 1.291203 1.352566
v 0.424224 1.341229 1.318606
v 0.444909 1.400864 1.290129
v 0.313337 1.852076 1.155479
v 0.306086 1.834033 1.169901
v 0.356032 1.800558 1.133414
v 0.360455 1.815306 1.121925
v 0.376458 1.816199 1.144843
v 0.336978 1.854832 1.175216
v 0.306663 1.886088 1.196882
v 0.272716 1.881555 1.177287
v 0.242415 1.868044 1.192055
v 0.307500 1.406053 1.501783
v 0.302896 1.418846 1.494076
v 0.278927 1.430632 1.509371
v 0.276953 1.428076 1.520236
v 0.274259 1.420960 1.534338
v 0.310817 1.387413 1.511126
v 0.348352 1.367817 1.482200
v 0.334683 1.401028 1.484157
v 0.325324 1.419288 1.479846
v 0.412837 1.592194 1.365573
v 0.416450 1.555010 1.383413
v 0.428155 1.545530 1.338036
v 0.422518 1.582240 1.321862
v 0.417273 1.600842 1.316778
v 0.409531 1.615566 1.343050
v 0.097889 1.866733 1.318746
v 0.013365 1.874410 1.320373
v 0.392161 1.724228 1.170488
v 0.386037 1.763954 1.109273
v 0.356032 1.800558 1.133414
v 0.366633 1.760625 1.212145
v 0.380727 1.717920 1.300808
v 0.401730 1.681492 1.242704
v 0.419650 1.634662 1.180880
v 0.411428 1.676632 1.128235
v 0.407384 1.717358 1.089098
v 0.197935 1.891894 1.146647
v 0.222553 1.891388 1.142992
v 0.197935 1.891894 1.146647
v 0.222553 1.891388 1.142992
v 0.224468 1.885861 1.077709
v 0.194212 1.892228 1.081421
v 0.090517 1.180845 1.477339
v 0.083666 1.222347 1.511629
v 0.015144 1.212690 1.510145
v 0.015198 1.170500 1.475631
v 0.015228 1.133444 1.432065
v 0.093969 1.143385 1.432941
v 0.157198 1.160416 1.433603
v 0.150090 1.198283 1.478822
v 0.137745 1.238793 1.512573
v 0.395592 1.217535 1.194002
v 0.358818 1.152621 1.171715
v 0.422951 1.284883 1.231390
v 0.392535 1.390568 1.435580
v 0.410739 1.440144 1.417074
v 0.391047 1.452321 1.450139
v 0.373681 1.405842 1.464246
v 0.374062 1.349565 1.444824
v 0.046491 1.598193 1.564008
v 0.049371 1.638397 1.550164
v 0.014202 1.641525 1.550550
v 0.014316 1.600422 1.565347
v 0.073713 1.593931 1.561733
v 0.080213 1.632240 1.549431
v 0.224860 1.450000 1.567617
v 0.269625 1.402928 1.546296
v 0.233647 1.461545 1.552171
v 0.189959 1.510693 1.562790
v 0.178196 1.492626 1.580553
v 0.456678 1.451089 1.202545
v 0.449996 1.513757 1.186105
v 0.441236 1.528439 1.253625
v 0.448179 1.466770 1.268255
v 0.451580 1.385377 1.234738
v 0.307827 1.361285 1.516562
v 0.340020 1.330444 1.478946
v 0.295422 1.332594 1.519270
v 0.327882 1.300131 1.472993
v 0.380876 1.502176 1.446725
v 0.399345 1.506636 1.435900
v 0.376594 1.548015 1.442653
v 0.362571 1.532167 1.443862
v 0.366084 1.494657 1.446942
v 0.358721 1.459045 1.456586
v 0.372602 1.457275 1.458442
v 0.445627 1.673625 1.062601
v 0.431362 1.653908 1.064510
v 0.442856 1.605591 1.014241
v 0.464744 1.631565 1.040589
v 0.488652 1.645245 1.053933
v 0.466639 1.680864 1.075387
v 0.437369 1.731888 1.100017
v 0.418346 1.731406 1.084896
v 0.407384 1.717358 1.089098
v 0.291344 1.624791 1.487210
v 0.323556 1.614636 1.471406
v 0.285475 1.661515 1.487448
v 0.262380 1.618940 1.502151
v 0.276011 1.590790 1.498567
v 0.296173 1.594150 1.483222
v 0.319186 1.585437 1.467719
v 0.325896 1.790321 1.247360
v 0.351729 1.744699 1.334167
v 0.306086 1.834033 1.169901
v 0.279323 1.694387 1.475412
v 0.235790 1.700961 1.491243
v 0.274906 1.720608 1.462377
v 0.226268 1.728253 1.483765
v 0.055579 1.378688 1.598427
v 0.063476 1.407130 1.607970
v 0.014802 1.416138 1.611044
v 0.014861 1.382818 1.596639
v 0.014883 1.363582 1.579499
v 0.048799 1.358154 1.582405
v 0.084326 1.341135 1.579064
v 0.097045 1.362253 1.594183
v 0.270497 1.306261 1.520428
v 0.303364 1.276137 1.469219
v 0.241466 1.282502 1.517293
v 0.370862 1.738328 0.963060
v 0.371692 1.781799 1.000018
v 0.402380 1.753355 1.005925
v 0.409680 1.712816 0.991292
v 0.326501 1.777326 0.951898
v 0.326377 1.817285 1.009085
v 0.444060 1.544421 0.933188
v 0.447698 1.560542 1.034534
v 0.259955 1.898128 1.162443
v 0.222553 1.891388 1.142992
v 0.302003 1.904054 1.194133
v 0.259955 1.898128 1.162443
v 0.302003 1.904054 1.194133
v 0.316776 1.905294 1.174645
v 0.271740 1.897694 1.128896
v 0.188616 1.870082 1.018483
v 0.148912 1.882912 1.018056
v 0.224108 1.850498 1.006805
v 0.227415 1.824704 0.963014
v 0.192462 1.835364 0.958418
v 0.217062 1.797981 0.901811
v 0.264989 1.791025 0.925519
v 0.217506 1.532636 1.542123
v 0.226262 1.567846 1.531059
v 0.186987 1.550754 1.551065
v 0.221423 1.495495 1.545579
v 0.239002 1.483768 1.535086
v 0.238229 1.518959 1.533989
v 0.247021 1.552098 1.525418
v 0.354015 1.493754 1.466018
v 0.356479 1.493034 1.457567
v 0.353200 1.523508 1.455676
v 0.351059 1.521242 1.464423
v 0.346539 1.518191 1.472843
v 0.348348 1.498530 1.476219
v 0.348863 1.468404 1.472553
v 0.350733 1.464879 1.464926
v 0.272757 1.461943 1.525183
v 0.279716 1.471778 1.526690
v 0.270290 1.487396 1.531578
v 0.262080 1.484736 1.533116
v 0.254835 1.482945 1.531772
v 0.266718 1.457675 1.522812
v 0.284623 1.440502 1.509766
v 0.288840 1.446518 1.513524
v 0.337865 1.544191 1.470671
v 0.338421 1.548918 1.462615
v 0.318970 1.566318 1.474621
v 0.320449 1.559906 1.481426
v 0.321144 1.548162 1.489945
v 0.337274 1.533459 1.479466
v 0.354730 1.587272 1.453717
v 0.344128 1.563602 1.452693
v 0.244749 1.459266 1.536558
v 0.255099 1.453299 1.524960
v 0.356793 1.420831 1.470314
v 0.344534 1.433304 1.467452
v 0.240953 1.598287 1.517251
v 0.259621 1.576407 1.513122
v 0.340562 1.901106 1.227193
v 0.341601 1.883446 1.223642
v 0.376087 1.865772 1.251479
v 0.376560 1.882163 1.257013
v 0.340562 1.901106 1.227193
v 0.376560 1.882163 1.257013
v 0.392127 1.882368 1.247268
v 0.356199 1.902477 1.214421
v 0.086558 1.895997 1.013000
v 0.445612 1.816006 1.126650
v 0.418768 1.817341 1.086530
v 0.380556 1.854616 1.114667
v 0.412568 1.853363 1.157333
v 0.443724 1.832111 1.195414
v 0.471214 1.796094 1.166050
v 0.496493 1.755446 1.138185
v 0.476245 1.772478 1.099541
v 0.452948 1.773659 1.063510
v 0.465891 1.633271 1.024803
v 0.456930 1.665110 1.016978
v 0.490623 1.676496 1.039771
v 0.495636 1.647238 1.041999
v 0.465891 1.633271 1.024803
v 0.495636 1.647238 1.041999
v 0.431763 1.630848 0.986428
v 0.089697 1.750437 0.710335
v 0.089697 1.750437 0.710335
v 0.285315 1.647881 0.555335
v 0.273826 1.817147 0.975544
v 0.276205 1.853227 1.036899
v 0.500098 1.722953 1.078732
v 0.476646 1.722674 1.047432
v 0.517645 1.710386 1.113484
v 0.530239 1.670935 1.095932
v 0.514403 1.678955 1.066084
v 0.445724 1.713446 1.018851
v 0.425852 1.765136 1.028185
v 0.304758 1.876147 1.094597
v 0.344760 1.886374 1.146097
v 0.348110 1.842819 1.064296
v 0.390894 1.807038 1.042747
v 0.392705 1.776857 1.101534
v 0.386037 1.763954 1.109273
v 0.408616 1.776109 1.121471
v 0.449146 1.816209 1.255065
v 0.415939 1.863276 1.224610
v 0.426683 1.838098 1.272233
v 0.453422 1.782264 1.290874
v 0.473993 1.756715 1.280060
v 0.494996 1.722957 1.264577
v 0.473606 1.783909 1.232032
v 0.530852 1.681076 1.152419
v 0.514435 1.716415 1.181349
v 0.525827 1.667551 1.223156
v 0.537908 1.643921 1.191382
v 0.544082 1.624564 1.164097
v 0.540099 1.650884 1.129332
v 0.537664 1.632072 1.120538
v 0.529845 1.647112 1.089518
v 0.540288 1.611368 1.154137
v 0.537664 1.632072 1.120538
v 0.540288 1.611368 1.154137
v 0.530383 1.610481 1.163280
v 0.527031 1.631748 1.128155
v 0.518934 1.646775 1.096209
v 0.529845 1.647112 1.089518
v 0.381482 1.884374 1.188862
v 0.366342 1.852678 1.200235
v 0.400606 1.814567 1.169329
v 0.427774 1.799824 1.198161
v 0.397563 1.836306 1.228295
v 0.484860 1.683992 1.092752
v 0.506429 1.650794 1.071970
v 0.499978 1.677786 1.117967
v 0.476870 1.722277 1.146064
v 0.457513 1.731915 1.118842
v 0.516395 1.652009 1.063455
v 0.516395 1.652009 1.063455
v 0.430213 1.774876 1.143283
v 0.453505 1.762385 1.171772
v 0.537004 1.607821 1.226215
v 0.526423 1.621020 1.257731
v 0.520571 1.586450 1.280728
v 0.531078 1.580302 1.250516
v 0.535971 1.582033 1.223521
v 0.542288 1.597735 1.198037
v 0.538152 1.589473 1.187941
v 0.532125 1.573085 1.222379
v 0.538152 1.589473 1.187941
v 0.532125 1.573085 1.222379
v 0.525891 1.576105 1.222595
v 0.528654 1.587745 1.197052
v 0.517850 1.597260 1.226497
v 0.518218 1.628054 1.193304
v 0.517244 1.574314 1.249489
v 0.506521 1.582401 1.280425
v 0.506230 1.613550 1.260071
v 0.504360 1.654732 1.228225
v 0.495361 1.750669 1.207673
v 0.511898 1.693566 1.246581
v 0.410920 1.840105 1.278991
v 0.408675 1.825212 1.274309
v 0.434098 1.773563 1.292153
v 0.437806 1.787027 1.294860
v 0.410920 1.840105 1.278991
v 0.437806 1.787027 1.294860
v 0.426771 1.796403 1.257155
v 0.452836 1.761386 1.234108
v 0.471564 1.710135 1.268909
v 0.449244 1.744434 1.282888
v 0.474502 1.727862 1.211744
v 0.493529 1.693762 1.186374
v 0.489372 1.681163 1.252057
v 0.511679 1.657017 1.154306
v 0.523073 1.568898 1.257884
v 0.512619 1.573472 1.287801
v 0.523073 1.568898 1.257884
v 0.512619 1.573472 1.287801
v 0.502388 1.583368 1.305480
v 0.509541 1.597876 1.298468
v 0.497052 1.619134 1.307587
v 0.490550 1.603740 1.313977
v 0.502388 1.583368 1.305480
v 0.490550 1.603740 1.313977
v 0.483872 1.616577 1.309565
v 0.496278 1.594869 1.299605
v 0.475281 1.639745 1.316350
v 0.466663 1.652387 1.312836
v 0.475281 1.639745 1.316350
v 0.482167 1.654778 1.311938
v 0.469496 1.688641 1.310962
v 0.460813 1.685477 1.313507
v 0.460813 1.685477 1.313507
v 0.456813 1.686147 1.311246
v 0.483369 1.698337 1.299430
v 0.465893 1.727465 1.304753
v 0.500672 1.663453 1.290441
v 0.514668 1.638622 1.277840
v 0.451379 1.735027 1.306354
v 0.447084 1.722623 1.305028
v 0.451379 1.735027 1.306354
v 0.460263 1.691856 1.301565
v 0.479727 1.656954 1.294301
v 0.494285 1.632150 1.281571
v 0.299205 1.579529 1.484005
v 0.301676 1.572765 1.487927
v 0.318102 1.572080 1.469422
v 0.282618 1.576931 1.498840
v 0.286176 1.570190 1.501662
v 0.359226 1.492472 1.450881
v 0.352726 1.461670 1.459176
v 0.355905 1.525574 1.448512
v 0.302024 1.427432 1.493551
v 0.303506 1.433995 1.497213
v 0.281402 1.434991 1.507131
v 0.321932 1.429862 1.480914
v 0.321926 1.436514 1.485353
v 0.248388 1.514259 1.531451
v 0.254023 1.513748 1.532068
v 0.260906 1.542227 1.525773
v 0.256362 1.545175 1.524328
v 0.248641 1.481103 1.531456
v 0.268055 1.565773 1.512869
v 0.272105 1.560526 1.514958
v 0.339600 1.553103 1.456142
v 0.339564 1.441036 1.469321
v 0.338442 1.446424 1.474389
v 0.261626 1.453781 1.521557
v 0.287563 1.492371 1.525350
v 0.271730 1.506864 1.532228
v 0.295338 1.516866 1.520396
v 0.277939 1.530893 1.527014
v 0.277623 1.554808 1.517853
v 0.290654 1.563391 1.505728
v 0.267280 1.538406 1.527738
v 0.286864 1.547733 1.517802
v 0.294340 1.556294 1.508368
v 0.338363 1.263907 1.403781
v 0.367588 1.258944 1.345749
v 0.358804 1.287722 1.415979
v 0.208014 1.149201 1.375265
v 0.222893 1.159632 1.372209
v 0.200552 1.182479 1.427098
v 0.189447 1.172116 1.431876
v 0.170680 1.137829 1.377959
v 0.188658 1.123807 1.318520
v 0.229915 1.136723 1.317883
v 0.245933 1.148656 1.319358
v 0.139984 1.329655 1.574185
v 0.123046 1.311949 1.557331
v 0.162157 1.279101 1.525431
v 0.181013 1.292286 1.543484
v 0.251141 1.130582 1.271203
v 0.264289 1.147151 1.283330
v 0.209251 1.111636 1.261915
v 0.250563 1.106915 1.208253
v 0.278108 1.136664 1.245095
v 0.284323 1.156555 1.266360
v 0.263527 1.203521 1.244426
v 0.279008 1.196636 1.276121
v 0.280668 1.216344 1.287914
v 0.267299 1.225617 1.249695
v 0.254029 1.230320 1.209393
v 0.248542 1.207213 1.209723
v 0.242483 1.194502 1.221572
v 0.251342 1.187484 1.248248
v 0.266438 1.180125 1.281873
v 0.156856 1.062418 1.144439
v 0.138304 1.074116 1.197103
v 0.015093 1.059734 1.195513
v 0.015065 1.045727 1.147505
v 0.015055 1.028629 1.110204
v 0.171020 1.046436 1.102077
v 0.269623 1.094203 1.148800
v 0.113553 1.322221 1.534445
v 0.076712 1.350050 1.555012
v 0.113553 1.322221 1.534445
v 0.076712 1.350050 1.555012
v 0.071667 1.380061 1.504249
v 0.107505 1.353200 1.487016
v 0.146739 1.319022 1.461529
v 0.152342 1.289474 1.504914
v 0.152342 1.289474 1.504914
v 0.264080 1.162037 1.294813
v 0.278933 1.170428 1.283265
v 0.264080 1.162037 1.294813
v 0.278933 1.170428 1.283265
v 0.254661 1.174013 1.290357
v 0.239956 1.176189 1.308753
v 0.247848 1.163257 1.321522
v 0.247848 1.163257 1.321522
v 0.190310 1.258928 1.472342
v 0.198858 1.251100 1.491589
v 0.190310 1.258928 1.472342
v 0.186872 1.282876 1.428777
v 0.225375 1.251604 1.386406
v 0.229726 1.234813 1.427798
v 0.229726 1.234813 1.427798
v 0.124033 1.309266 1.516826
v 0.137645 1.293869 1.526663
v 0.166027 1.260288 1.501473
v 0.153528 1.275034 1.488781
v 0.124033 1.309266 1.516826
v 0.153528 1.275034 1.488781
v 0.135574 1.274402 1.460355
v 0.104325 1.304208 1.491554
v 0.073096 1.324925 1.514778
v 0.090294 1.334187 1.537982
v 0.090294 1.334187 1.537982
v 0.044590 1.365845 1.560696
v 0.014842 1.370700 1.559835
v 0.044590 1.365845 1.560696
v 0.014842 1.370700 1.559835
v 0.014719 1.398148 1.513939
v 0.041717 1.394251 1.512238
v 0.216748 1.261536 1.507127
v 0.153307 1.217499 1.357161
v 0.165165 1.237071 1.425282
v 0.192906 1.203392 1.386519
v 0.182277 1.198346 1.310965
v 0.173426 1.195683 1.232301
v 0.145078 1.204148 1.279845
v 0.114451 1.213116 1.333077
v 0.122250 1.238728 1.405331
v 0.206972 1.187747 1.282287
v 0.218603 1.184540 1.344241
v 0.226552 1.183114 1.265420
v 0.215118 1.189803 1.217101
v 0.196596 1.191210 1.217296
v 0.091298 1.255552 1.439933
v 0.084443 1.219100 1.365144
v 0.057197 1.222728 1.382073
v 0.062444 1.267045 1.461841
v 0.184315 1.320798 1.340284
v 0.140510 1.363364 1.374876
v 0.133222 1.387757 1.281448
v 0.178079 1.342141 1.249543
v 0.218532 1.294963 1.219656
v 0.224491 1.279593 1.302326
v 0.053376 1.348025 1.548652
v 0.053376 1.348025 1.548652
v 0.043562 1.334991 1.525923
v 0.014879 1.337328 1.528493
v 0.014874 1.352128 1.551389
v 0.014874 1.352128 1.551389
v 0.272866 1.221359 1.362348
v 0.272866 1.221359 1.362348
v 0.259715 1.232047 1.332063
v 0.301519 1.209264 1.304366
v 0.301519 1.209264 1.304366
v 0.177720 1.233266 1.457445
v 0.184296 1.219594 1.469236
v 0.200352 1.195504 1.418605
v 0.177720 1.233266 1.457445
v 0.200352 1.195504 1.418605
v 0.225166 1.173290 1.368042
v 0.225166 1.173290 1.368042
v 0.297477 1.189229 1.282227
v 0.312399 1.178302 1.270682
v 0.297477 1.189229 1.282227
v 0.231565 1.205037 1.194590
v 0.213137 1.202029 1.189366
v 0.229519 1.190536 1.213986
v 0.233479 1.223689 1.186686
v 0.216055 1.215207 1.182738
v 0.035449 1.406483 1.229771
v 0.034758 1.330266 1.210073
v 0.057614 1.324520 1.207739
v 0.059515 1.396977 1.227112
v 0.062376 1.440044 1.304772
v 0.036706 1.452626 1.309332
v 0.014321 1.456876 1.310991
v 0.014327 1.409964 1.231269
v 0.014481 1.332519 1.211568
v 0.163610 1.316349 1.199233
v 0.149267 1.269236 1.189403
v 0.178848 1.238457 1.177389
v 0.198953 1.273894 1.182495
v 0.124432 1.357457 1.217743
v 0.116822 1.299937 1.202126
v 0.193803 1.203223 1.184385
v 0.201457 1.221768 1.174973
v 0.171310 1.210720 1.190883
v 0.089455 1.382484 1.225069
v 0.085620 1.316387 1.206663
v 0.094601 1.419407 1.297667
v 0.240180 1.181853 1.254661
v 0.253219 1.249420 1.270563
v 0.243937 1.258629 1.209489
v 0.100903 1.397621 1.396537
v 0.066657 1.422232 1.408993
v 0.038942 1.435864 1.415969
v 0.014499 1.439906 1.418103
v 0.037678 1.272278 1.471930
v 0.034854 1.224633 1.389890
v 0.014962 1.225132 1.391533
v 0.014957 1.273304 1.474034
v 0.083249 1.250652 1.270371
v 0.113068 1.242671 1.252956
v 0.056213 1.254161 1.278383
v 0.222425 1.244825 1.180483
v 0.143410 1.226615 1.220099
v 0.034220 1.256806 1.283025
v 0.014749 1.257889 1.284518
v 0.324422 1.123456 1.173779
v 0.318930 1.141153 1.217456
v 0.317236 1.160856 1.249424
v 0.311767 0.044783 0.868703
v 0.314937 0.016022 0.877744
v 0.334355 0.073809 0.857268
v 0.361771 0.007188 0.877840
v 0.409361 0.017417 0.870973
v 0.361771 0.007188 0.877840
v 0.414796 0.045840 0.859133
v 0.394474 0.073998 0.849685
v 0.364792 0.083434 0.849996
v 0.364792 0.083434 0.849996
v 0.373322 0.075792 -0.496889
v 0.340313 0.063996 -0.497327
v 0.373322 0.075792 -0.496889
v 0.407515 0.070281 -0.499871
v 0.432293 0.044309 -0.505503
v 0.428770 0.016774 -0.510247
v 0.378059 0.006570 -0.510571
v 0.378059 0.006570 -0.510571
v 0.326165 0.013672 -0.507475
v 0.319088 0.038052 -0.501958
v 0.147439 1.568780 1.556026
v 0.111304 1.583126 1.558550
v 0.103252 1.555131 1.570338
v 0.139825 1.539612 1.569056
v 0.364404 1.691611 1.403865
v 0.390455 1.662293 1.367614
v 0.388727 1.680089 1.357264
v 0.364667 1.707172 1.393588
v 0.328261 1.730031 1.421752
v 0.327131 1.716842 1.431158
v 0.274243 1.737378 1.459611
v 0.273129 1.751174 1.451383
v 0.219918 1.745334 1.484779
v 0.085248 1.488649 1.606022
v 0.086674 1.523948 1.598776
v 0.073581 1.491870 1.607100
v 0.065614 1.457436 1.612327
v 0.074766 1.453847 1.610094
v 0.120948 1.667153 1.533229
v 0.146376 1.705046 1.516756
v 0.093409 1.675095 1.532252
v 0.102385 1.626444 1.548687
v 0.134299 1.520932 1.585132
v 0.100865 1.537249 1.585474
v 0.208542 1.702322 1.502171
v 0.193353 1.719566 1.501007
v 0.417231 1.499642 1.400133
v 0.432006 1.487864 1.354694
v 0.433381 1.613341 1.091233
v 0.439400 1.576674 1.136359
v 0.431362 1.653908 1.064510
v 0.305963 1.440720 1.502070
v 0.322725 1.443015 1.491158
v 0.304821 1.565698 1.493349
v 0.305875 1.555267 1.500862
v 0.302079 1.538411 1.511055
v 0.319657 1.526400 1.500282
v 0.337730 1.451867 1.481126
v 0.261177 1.512636 1.533396
v 0.335987 1.511260 1.488155
v 0.405395 1.659557 1.283442
v 0.386788 1.694853 1.342088
v 0.406821 1.646277 1.303152
v 0.419874 1.611949 1.257931
v 0.421225 1.616877 1.225602
v 0.426539 1.582924 1.280876
v 0.434935 1.539017 1.298244
v 0.431283 1.575366 1.246879
v 0.419320 1.608550 1.273397
v 0.419075 1.605245 1.287521
v 0.419075 1.605245 1.287521
v 0.036271 1.445512 1.617110
v 0.044492 1.461380 1.614009
v 0.014700 1.462616 1.614946
v 0.014745 1.444729 1.618100
v 0.014762 1.437104 1.617721
v 0.044761 1.440577 1.616129
v 0.071036 1.423163 1.610237
v 0.055084 1.429649 1.611187
v 0.056161 1.683104 1.531268
v 0.014070 1.687076 1.530800
v 0.267360 1.768473 1.421959
v 0.325220 1.743543 1.399212
v 0.178330 1.732832 1.502217
v 0.047656 1.496350 1.608139
v 0.014607 1.498868 1.608669
v 0.048679 1.435370 1.613652
v 0.014776 1.430175 1.615324
v 0.085594 1.543913 1.585696
v 0.085786 1.561636 1.571319
v 0.091023 1.590209 1.560183
v 0.437135 1.568648 1.193474
v 0.441138 1.477967 1.314853
v 0.383134 1.250615 1.316760
v 0.402024 1.272083 1.307032
v 0.429100 1.321357 1.274629
v 0.409674 1.629500 1.312288
v 0.362546 1.720925 1.376633
v 0.366760 1.315779 1.433975
v 0.101036 1.121350 1.381039
v 0.015214 1.111734 1.382731
v 0.015177 1.096213 1.325719
v 0.111024 1.106258 1.322689
v 0.034270 1.298397 1.551829
v 0.014997 1.299932 1.552635
v 0.015034 1.279621 1.545408
v 0.047132 1.282222 1.545474
v 0.178218 1.209566 1.476241
v 0.162982 1.249824 1.509296
v 0.123237 1.089621 1.258948
v 0.015134 1.077721 1.259115
v 0.066400 1.256506 1.533208
v 0.015086 1.249801 1.532324
v 0.108547 1.269315 1.533816
v 0.132390 1.281160 1.531981
v -0.095254 1.531345 -0.759742
v -0.098319 1.504422 -0.819788
v -0.115914 1.466443 -0.767923
v -0.107224 1.496261 -0.711272
v -0.063169 1.510718 -0.666996
v -0.055567 1.540992 -0.708750
v -0.034807 1.567369 -0.741570
v -0.065680 1.566375 -0.797354
v -0.060135 1.545625 -0.858581
v -0.091006 1.455891 -0.667896
v -0.104671 1.426878 -0.718991
v -0.071079 1.405641 -0.690650
v -0.054206 1.418419 -0.646485
v -0.025424 1.438668 -0.631210
v -0.045120 1.471902 -0.632259
v 0.037877 1.403875 -0.729727
v 0.052412 1.431151 -0.678650
v 0.042931 1.411287 -0.668204
v 0.034280 1.384557 -0.698788
v 0.037877 1.403875 -0.729727
v 0.034280 1.384557 -0.698788
v -0.003497 1.379804 -0.727628
v -0.008879 1.389602 -0.765346
v -0.011127 1.423994 -0.805013
v 0.034234 1.434820 -0.760773
v 0.034234 1.434820 -0.760773
v 0.044232 1.461006 -0.704159
v 0.013716 1.458740 -0.641002
v 0.021693 1.423347 -0.634681
v -0.000459 1.492636 -0.668762
v -0.066845 1.401026 -0.756621
v -0.041619 1.379630 -0.710592
v -0.072529 1.438445 -0.803284
v 0.041460 1.560433 -0.730818
v -0.013375 1.594494 -0.749502
v 0.024861 1.541358 -0.729964
v 0.075677 1.508099 -0.757494
v 0.096213 1.525642 -0.752277
v 0.111957 1.539494 -0.731791
v 0.053895 1.575026 -0.718984
v 0.005325 1.617760 -0.742773
v 0.051232 1.462240 -0.795968
v 0.055169 1.486605 -0.735948
v 0.051232 1.462240 -0.795968
v 0.010674 1.455151 -0.846933
v 0.047904 1.486354 -0.875308
v 0.080001 1.487347 -0.819122
v 0.080001 1.487347 -0.819122
v 0.007071 1.519467 -0.703847
v -0.051094 1.474118 -0.851863
v -0.010541 1.512365 -0.886513
v 0.129610 1.645640 -0.807350
v 0.162754 1.594242 -0.787406
v 0.133368 1.557321 -0.844783
v 0.091858 1.603835 -0.865369
v 0.040858 1.643148 -0.849358
v 0.078860 1.681495 -0.802215
v 0.092857 1.704602 -0.738750
v 0.142435 1.676674 -0.731127
v 0.171054 1.626099 -0.712667
v 0.041126 1.557507 -0.891386
v 0.091943 1.520884 -0.874338
v -0.009607 1.594863 -0.868292
v -0.029086 1.606581 -0.808162
v 0.006496 1.644128 -0.797362
v 0.111673 1.511361 -0.814042
v 0.111673 1.511361 -0.814042
v 0.139257 1.534733 -0.786990
v 0.139257 1.534733 -0.786990
v 0.032306 1.675782 -0.680771
v 0.071307 1.707167 -0.670850
v 0.043862 1.683238 -0.730107
v 0.023195 1.635945 -0.711136
v 0.020096 1.624988 -0.676438
v -0.002861 1.613031 -0.640017
v -0.001717 1.662259 -0.635152
v 0.023309 1.698435 -0.613293
v 0.033035 1.671183 -0.770157
v 0.017892 1.632556 -0.731617
v 0.155762 1.557923 -0.744227
v 0.118089 1.549919 -0.707531
v 0.155762 1.557923 -0.744227
v 0.157172 1.579527 -0.688800
v 0.157172 1.579527 -0.688800
v 0.114963 1.558883 -0.675258
v 0.059188 1.583466 -0.707035
v 0.058600 1.586092 -0.687779
v -0.034776 1.585807 -0.594115
v -0.057136 1.613422 -0.614369
v 0.027588 1.581089 -0.618547
v 0.067268 1.576678 -0.588387
v -0.006760 1.582193 -0.562655
v -0.060520 1.595870 -0.554995
v -0.093360 1.601106 -0.574398
v -0.091056 1.619959 -0.592485
v 0.139474 1.598147 -0.623752
v 0.102932 1.568356 -0.630732
v 0.139474 1.598147 -0.623752
v 0.149223 1.647346 -0.631026
v 0.096488 1.656469 -0.562958
v 0.093820 1.610047 -0.567175
v 0.093820 1.610047 -0.567175
v 0.053389 1.583241 -0.654027
v 0.118390 1.690686 -0.650497
v 0.064514 1.691217 -0.583779
v -0.107819 1.630692 -0.553066
v -0.068858 1.614406 -0.532772
v -0.048770 1.643198 -0.530171
v -0.080102 1.661833 -0.541054
v -0.080967 1.669276 -0.567750
v -0.104603 1.648534 -0.582681
v -0.107819 1.630692 -0.553066
v -0.068858 1.614406 -0.532772
v -0.012154 1.681805 -0.549296
v 0.012076 1.651954 -0.528939
v -0.042038 1.687656 -0.580856
v -0.058295 1.656117 -0.606249
v 0.011365 1.611495 -0.537162
v 0.011365 1.611495 -0.537162
vn 0.8682 -0.4309 0.2462
vn 0.9078 -0.4133 0.0713
vn 0.7650 -0.6381 -0.0876
vn 0.6546 -0.7551 -0.0369
vn 0.3317 -0.9319 0.1469
vn 0.6455 -0.4544 0.6139
vn 0.6221 -0.3668 0.6917
vn 0.8810 -0.3181 0.3502
vn 0.9473 -0.3054 0.0965
vn -0.3375 0.8425 -0.4199
vn -0.4005 0.8869 -0.2304
vn -0.2542 0.9075 -0.3343
vn -0.2222 0.8444 -0.4875
vn -0.2127 0.6773 -0.7043
vn -0.3209 0.6641 -0.6753
vn -0.5382 0.5866 -0.6051
vn -0.6604 0.6795 -0.3196
vn -0.7295 0.6780 -0.0904
vn -0.4004 0.8869 -0.2304
vn -0.7291 -0.1594 0.6655
vn -0.6171 -0.2772 0.7364
vn -0.3882 -0.4124 0.8242
vn -0.4809 -0.4414 0.7576
vn -0.7317 -0.5689 0.3754
vn -0.8565 -0.0645 0.5120
vn -0.7291 -0.1594 0.6656
vn -0.8518 0.1329 0.5067
vn -0.8461 0.0588 0.5297
vn -0.8159 -0.1452 0.5597
vn -0.8746 0.3969 -0.2784
vn -0.9387 0.1288 -0.3198
vn -0.9931 0.1176 0.0022
vn -0.9256 0.3783 -0.0121
vn -0.6314 0.4061 -0.6606
vn -0.6677 0.1429 -0.7306
vn -0.0530 0.4583 -0.8872
vn 0.1028 0.2086 -0.9726
vn -0.1175 0.2002 -0.9727
vn -0.1913 0.4635 -0.8652
vn -0.1467 0.6697 -0.7280
vn -0.0025 0.6646 -0.7472
vn -0.0022 0.4417 -0.8971
vn -0.0017 0.2054 -0.9787
vn -0.9586 0.2841 0.0185
vn -0.9977 -0.0090 0.0665
vn -0.9812 -0.0282 0.1908
vn -0.9635 0.2233 0.1474
vn -0.9258 0.3753 0.0460
vn -0.8775 0.4750 -0.0654
vn -0.8350 0.5373 -0.1185
vn -0.9414 0.3217 -0.1011
vn -0.9948 0.0059 -0.1019
vn -0.9336 0.3246 -0.1519
vn -0.9819 -0.0010 -0.1892
vn -0.8195 0.5601 -0.1214
vn -0.8249 0.5616 -0.0638
vn -0.9478 0.3096 -0.0759
vn -0.9949 -0.0240 -0.0982
vn -0.7241 0.6700 -0.1633
vn -0.8595 0.5080 -0.0570
vn -0.7124 0.6813 -0.1682
vn -0.5076 0.8267 -0.2427
vn -0.3631 0.9136 -0.1830
vn -0.6257 0.7664 -0.1456
vn -0.5860 0.8047 -0.0952
vn -0.3518 0.9328 -0.0777
vn -0.3502 0.9356 -0.0442
vn -0.5741 0.8170 -0.0544
vn -0.5860 0.8047 -0.0951
vn -0.4783 -0.8377 -0.2637
vn -0.2018 -0.9644 -0.1707
vn 0.2064 -0.8624 -0.4622
vn -0.2552 -0.6543 -0.7119
vn -0.8235 -0.4690 -0.3192
vn -0.7917 -0.5969 -0.1300
vn -0.7573 -0.6273 -0.1817
vn -0.5507 -0.8140 -0.1850
vn -0.3240 -0.9367 -0.1329
vn -0.5831 -0.7829 -0.2169
vn -0.3702 -0.9116 -0.1788
vn -0.7390 -0.6345 -0.2265
vn -0.7455 -0.6591 -0.0991
vn -0.5799 -0.8002 -0.1531
vn -0.3665 -0.9102 -0.1931
vn -0.8924 -0.3958 -0.2166
vn -0.9193 -0.3695 -0.1352
vn -0.9015 -0.4214 -0.0983
vn -0.9395 -0.3421 0.0163
vn -0.9527 -0.2921 0.0840
vn 0.3092 -0.0878 -0.9469
vn 0.5094 -0.3968 -0.7636
vn 0.3794 -0.4195 -0.8247
vn 0.0368 -0.0908 -0.9952
vn -0.0010 -0.0838 -0.9965
vn -0.0001 -0.4622 -0.8868
vn -0.9278 -0.1117 -0.3560
vn -0.9083 -0.2154 -0.3586
vn -0.9747 -0.2115 0.0717
vn -0.9929 -0.1169 0.0227
vn -0.6262 -0.0991 -0.7733
vn -0.5882 -0.2162 -0.7793
vn -0.5257 -0.3673 0.7672
vn -0.4712 -0.3034 0.8282
vn -0.1593 -0.4840 0.8604
vn -0.3272 -0.4497 0.8311
vn -0.7502 -0.2737 0.6019
vn -0.7219 -0.2491 0.6456
vn -0.9663 -0.2214 0.1312
vn -0.9630 -0.2596 -0.0723
vn -0.9647 -0.2161 0.1503
vn -0.9583 -0.1804 0.2216
vn -0.9643 -0.0279 0.2634
vn -0.9682 -0.0316 0.2482
vn -0.4233 -0.1721 0.8895
vn 0.1931 -0.2712 0.9430
vn -0.4233 -0.1720 0.8895
vn -0.7312 -0.1548 0.6644
vn -0.7569 -0.0252 0.6531
vn -0.3496 0.0084 0.9369
vn 0.4143 -0.0243 0.9098
vn -0.9480 0.3024 0.0994
vn -0.9695 0.1112 0.2186
vn -0.9960 -0.0102 0.0891
vn -0.9625 0.2713 -0.0013
vn -0.9497 0.2575 0.1781
vn -0.9450 0.1760 0.2757
vn -0.9548 0.1662 0.2465
vn -0.9494 0.1376 0.2822
vn -0.8682 -0.4144 0.2729
vn -0.6827 -0.6494 0.3349
vn -0.9843 -0.0309 0.1736
vn -0.9653 0.0023 0.2610
vn -0.8439 -0.3258 0.4263
vn -0.5792 -0.4521 0.6783
vn -0.9441 0.3134 0.1023
vn -0.8162 0.5769 0.0330
vn -0.7919 0.6080 0.0570
vn -0.9296 0.3340 0.1557
vn -0.5583 0.8293 -0.0243
vn -0.3455 0.9372 -0.0476
vn -0.3288 0.9371 -0.1168
vn -0.5220 0.8513 -0.0531
vn -0.4438 -0.8811 0.1634
vn -0.2131 -0.9697 -0.1193
vn -0.0594 -0.7270 0.6841
vn -0.0911 -0.9613 -0.2601
vn 0.0018 -0.9535 -0.3014
vn 0.0020 -0.9782 -0.2074
vn -0.1621 -0.9654 -0.2042
vn 0.0684 -0.9553 -0.2876
vn 0.0017 -0.9314 -0.3639
vn -0.2148 0.9755 -0.0476
vn -0.2081 0.9774 -0.0364
vn -0.0024 0.9995 -0.0319
vn -0.0023 0.9990 -0.0449
vn -0.0025 0.9915 -0.1297
vn -0.2185 0.9671 -0.1299
vn 0.0103 -0.9763 0.2161
vn 0.0026 -0.9570 0.2901
vn 0.0027 -0.8439 0.5365
vn -0.0175 -0.8699 0.4929
vn 0.5598 -0.7573 0.3363
vn 0.5884 -0.8010 -0.1101
vn -0.0341 -0.9994 0.0115
vn 0.0024 -0.9956 0.0938
vn -0.1746 -0.4821 0.8586
vn -0.1450 -0.5669 0.8109
vn 0.0024 -0.5713 0.8208
vn 0.0022 -0.4831 0.8756
vn 0.0022 -0.5021 0.8648
vn -0.1789 -0.4875 0.8546
vn -0.2910 -0.0854 -0.9529
vn -0.2071 -0.2481 -0.9463
vn -0.3560 0.1692 -0.9190
vn -0.2071 -0.2481 -0.9464
vn -0.1622 -0.9764 -0.1425
vn 0.0021 -0.9914 -0.1305
vn 0.0022 -0.9967 -0.0811
vn -0.1454 -0.9852 -0.0907
vn -0.1100 -0.9927 -0.0497
vn 0.0023 -0.9999 -0.0155
vn -0.1990 0.9777 -0.0664
vn -0.1838 0.9720 -0.1467
vn -0.0024 0.9898 -0.1424
vn -0.0024 0.9982 -0.0603
vn -0.1555 0.9523 -0.2625
vn -0.1428 0.9226 -0.3585
vn -0.0026 0.9287 -0.3709
vn -0.0026 0.9644 -0.2645
vn -0.2294 0.9326 -0.2785
vn -0.2044 0.9182 -0.3394
vn -0.3526 0.4296 -0.8314
vn -0.2119 -0.6007 0.7709
vn 0.0025 -0.6488 0.7610
vn 0.0026 -0.8399 0.5428
vn -0.2467 -0.8246 0.5090
vn -0.1875 0.8314 -0.5230
vn -0.2062 0.9026 -0.3778
vn -0.0026 0.9192 -0.3938
vn -0.0027 0.8395 -0.5434
vn 0.5769 -0.6686 -0.4692
vn 0.0010 -0.7676 -0.6410
vn 0.0014 -0.8666 -0.4991
vn 0.4336 -0.8289 -0.3535
vn 0.7680 -0.5741 -0.2840
vn 0.3795 -0.4195 -0.8246
vn 0.0630 -0.4129 0.9086
vn 0.5923 -0.3495 0.7259
vn 0.1343 -0.3837 0.9136
vn -0.4435 -0.3467 0.8265
vn -0.5113 -0.3902 0.7657
vn -0.6061 -0.1915 0.7720
vn -0.0015 -0.1927 0.9813
vn 0.6077 -0.1654 0.7767
vn 0.9520 0.0828 0.2946
vn 0.9999 -0.0111 -0.0011
vn 0.9953 -0.0894 0.0382
vn 0.9134 -0.0568 0.4030
vn 0.5314 0.2254 0.8166
vn 0.6094 0.5538 0.5674
vn 0.9560 0.2336 0.1773
vn 0.9935 0.0900 -0.0700
vn -0.9441 -0.2266 -0.2393
vn -0.9765 -0.1950 0.0921
vn -0.6253 -0.2771 -0.7295
vn -0.5491 -0.2439 -0.7994
vn -0.9387 -0.1987 -0.2817
vn -0.9868 -0.1498 0.0620
vn -0.9220 -0.2137 -0.3230
vn -0.9703 -0.2165 0.1078
vn -0.6096 -0.2264 -0.7597
vn -0.6503 -0.1652 -0.7415
vn -0.9427 -0.1826 -0.2791
vn -0.9694 -0.2254 0.0975
vn 0.0024 -0.2853 -0.9584
vn 0.0025 -0.2853 -0.9584
vn 0.5853 -0.2807 -0.7607
vn 0.6480 -0.1827 -0.7394
vn 0.1075 -0.2240 -0.9686
vn 0.7975 -0.2862 0.5311
vn 0.9588 -0.2695 0.0903
vn 0.3340 -0.6341 0.6974
vn 0.1616 -0.3881 0.9073
vn -0.4246 -0.2963 0.8555
vn -0.1539 -0.2960 -0.9427
vn -0.2070 -0.2481 -0.9464
vn 0.4333 -0.4728 -0.7673
vn 0.5091 -0.3475 -0.7874
vn -0.1131 -0.2124 -0.9706
vn -0.1130 -0.2124 -0.9706
vn -0.0164 0.7949 0.6065
vn 0.4900 0.6416 0.5901
vn 0.5086 0.7930 0.3353
vn -0.0125 0.9387 0.3445
vn -0.0165 0.7949 0.6065
vn -0.5508 0.7853 0.2827
vn -0.5330 0.6452 0.5474
vn -0.3846 0.3525 0.8531
vn -0.0483 0.3491 0.9358
vn 0.2974 0.3368 0.8934
vn 0.1471 -0.2899 -0.9457
vn -0.5578 -0.2912 -0.7772
vn 0.6836 -0.2094 -0.6992
vn 0.6501 -0.3178 -0.6902
vn 0.1366 -0.4480 -0.8835
vn -0.5297 -0.4169 -0.7387
vn -0.9512 -0.1696 -0.2578
vn -0.9966 -0.0795 0.0229
vn -0.9364 -0.1733 -0.3053
vn -0.9988 0.0193 -0.0457
vn -0.2524 0.2514 0.9344
vn -0.7643 0.1539 0.6262
vn -0.7479 0.4596 0.4790
vn -0.1732 0.5168 0.8384
vn 0.0470 -0.9114 -0.4089
vn 0.5438 -0.7175 -0.4354
vn 0.6742 -0.6993 -0.2374
vn 0.0289 -0.9736 -0.2266
vn 0.0469 -0.9114 -0.4089
vn -0.6135 -0.7548 -0.2323
vn -0.4449 -0.7895 -0.4228
vn -0.1685 -0.8228 -0.5428
vn 0.0730 -0.8393 -0.5388
vn 0.3163 -0.7652 -0.5607
vn 0.9938 0.1064 0.0318
vn 0.9816 -0.0758 -0.1755
vn 0.9492 0.2550 0.1842
vn 0.7822 -0.6221 0.0344
vn 0.7420 -0.6666 -0.0713
vn -0.8142 -0.4168 -0.4041
vn -0.9697 -0.1768 -0.1683
vn -0.4225 -0.6298 -0.6518
vn 0.1124 -0.6825 -0.7222
vn 0.5461 -0.5366 -0.6433
vn -0.0191 0.1645 0.9862
vn 0.6241 0.1109 0.7734
vn -0.0191 0.1644 0.9862
vn -0.6362 0.1344 0.7597
vn -0.6407 0.4550 0.6184
vn 0.0010 0.4455 0.8953
vn 0.6698 0.4132 0.6170
vn -0.0530 -0.1053 -0.9930
vn -0.6423 -0.1014 -0.7597
vn 0.5597 -0.1763 -0.8097
vn 0.5741 -0.1774 -0.7994
vn -0.0037 -0.1510 -0.9885
vn -0.5997 -0.1364 -0.7886
vn -0.9499 -0.1414 -0.2786
vn -0.9776 -0.2005 0.0635
vn -0.9404 -0.1242 -0.3165
vn -0.9920 -0.1248 0.0191
vn 0.8918 -0.2616 0.3692
vn 0.9719 -0.2257 0.0661
vn 0.9271 -0.1506 0.3432
vn 0.9868 -0.1614 0.0160
vn 0.9999 -0.0134 0.0038
vn 0.9764 -0.1191 -0.1803
vn 0.9970 0.0215 -0.0746
vn 0.9674 0.1515 0.2032
vn 0.9851 0.0757 0.1545
vn 0.6673 -0.7132 -0.2149
vn 0.6515 -0.6919 -0.3112
vn 0.6119 -0.7175 -0.3328
vn -0.9319 -0.1147 -0.3442
vn -0.9993 -0.0285 -0.0230
vn -0.5762 -0.2260 -0.7854
vn -0.5418 -0.2767 -0.7936
vn -0.9188 -0.0449 -0.3921
vn -0.9904 0.1214 -0.0658
vn 0.9581 -0.0169 0.2858
vn 0.9939 -0.1068 -0.0261
vn 0.0116 -0.2817 -0.9594
vn 0.5760 -0.2722 -0.7708
vn 0.5519 -0.3279 -0.7667
vn 0.0160 -0.3794 -0.9251
vn -0.0125 -0.9227 -0.3854
vn 0.5085 -0.7424 -0.4362
vn -0.0107 -0.9404 -0.3400
vn -0.0126 -0.9227 -0.3854
vn -0.6790 -0.6573 -0.3269
vn -0.5684 -0.6835 -0.4581
vn -0.3062 -0.6749 -0.6713
vn -0.0045 -0.7683 -0.6401
vn 0.2856 -0.7131 -0.6402
vn 0.0091 -0.5262 -0.8503
vn -0.4829 -0.3985 -0.7797
vn 0.4852 -0.4553 -0.7465
vn 0.8824 -0.0193 0.4701
vn 0.5211 -0.8211 0.2328
vn 0.6005 -0.7994 0.0200
vn 0.9755 0.1144 0.1879
vn 0.5332 0.7474 0.3964
vn 0.4848 0.6226 0.6142
vn 0.2295 0.3957 0.8892
vn 0.4475 -0.1370 0.8837
vn 0.2381 -0.7483 0.6192
vn -0.8671 -0.1676 -0.4690
vn -0.9864 -0.0002 -0.1641
vn -0.0340 -0.1217 0.9920
vn -0.0026 0.4015 0.9159
vn -0.2335 0.4007 0.8859
vn -0.4845 -0.0793 0.8712
vn -0.3317 -0.7010 0.6313
vn -0.0466 -0.7615 0.6465
vn -0.0362 -0.9920 0.1211
vn -0.6084 -0.7535 0.2490
vn -0.6850 -0.7275 0.0386
vn -0.0298 -0.9994 -0.0198
vn -0.8802 0.0813 0.4676
vn -0.4368 0.6507 0.6212
vn -0.4545 0.7947 0.4024
vn -0.9541 0.2313 0.1902
vn 0.0347 0.7138 0.6995
vn 0.0588 0.8651 0.4981
vn 0.0346 0.7138 0.6995
vn 0.0589 0.8652 0.4980
vn -0.0795 -0.2977 0.9514
vn 0.4426 -0.1952 0.8752
vn -0.5502 -0.1731 0.8169
vn -0.3822 -0.6967 0.6070
vn -0.0815 -0.7864 0.6124
vn -0.0815 -0.7864 0.6123
vn 0.2503 -0.7305 0.6354
vn -0.8892 0.0409 0.4557
vn -0.9453 0.2091 0.2503
vn -0.6810 -0.7192 0.1379
vn -0.6048 -0.7461 0.2784
vn -0.0523 -0.9874 0.1496
vn -0.0271 -0.9982 -0.0544
vn 0.6813 -0.7299 0.0547
vn 0.5651 -0.7797 0.2698
vn 0.8604 0.0442 0.5077
vn 0.9266 0.2499 0.2810
vn -0.0466 0.7514 0.6582
vn -0.0045 0.5685 0.8227
vn -0.0003 0.5803 0.8144
vn -0.0008 0.7309 0.6825
vn -0.0013 0.8536 0.5209
vn -0.1206 0.8588 0.4980
vn -0.2545 0.8690 0.4244
vn -0.2012 0.8439 0.4974
vn -0.2291 0.7149 0.6606
vn -0.0381 0.6383 0.7688
vn -0.0054 0.4948 0.8690
vn -0.5953 -0.1650 0.7864
vn -0.4993 -0.3602 0.7880
vn -0.3970 -0.2999 0.8674
vn -0.5087 -0.1047 0.8545
vn -0.5919 0.0545 0.8041
vn -0.6769 -0.0016 0.7360
vn -0.7868 -0.0960 0.6097
vn -0.6944 -0.2709 0.6666
vn -0.5941 -0.3911 0.7030
vn -0.2499 0.2439 0.9371
vn -0.2882 0.2813 0.9153
vn -0.3558 0.2460 0.9016
vn -0.3343 0.2155 0.9175
vn -0.3100 0.2286 0.9229
vn -0.2237 0.2472 0.9428
vn -0.1725 0.2581 0.9506
vn -0.1797 0.2759 0.9442
vn -0.2157 0.2977 0.9300
vn -0.1180 -0.0619 0.9911
vn 0.0014 -0.0257 0.9997
vn 0.0006 0.2546 0.9670
vn -0.2423 0.2972 0.9236
vn -0.5252 0.4007 0.7507
vn -0.2440 -0.1022 0.9644
vn -0.1179 -0.2801 0.9527
vn -0.0701 -0.2000 0.9773
vn 0.0016 -0.1581 0.9874
vn -0.9671 -0.2545 -0.0006
vn -0.9991 -0.0381 -0.0169
vn -0.9549 -0.2314 0.1859
vn -0.7317 -0.5690 0.3754
vn -0.9232 -0.3842 -0.0067
vn -0.9655 -0.2602 0.0061
vn -0.9929 -0.1186 -0.0083
vn -0.9976 0.0693 0.0065
vn -0.3556 0.8751 -0.3282
vn -0.3300 0.8941 -0.3029
vn -0.6230 0.7502 -0.2217
vn -0.6229 0.7502 -0.2217
vn -0.5779 0.7462 -0.3305
vn -0.3615 0.8597 -0.3608
vn -0.2869 0.8737 -0.3928
vn -0.2455 0.8924 -0.3786
vn -0.8263 0.5386 -0.1650
vn -0.9149 0.3836 -0.1255
vn -0.9960 -0.0584 -0.0670
vn -0.8868 0.2328 -0.3993
vn -0.8263 0.5385 -0.1650
vn -0.7802 0.3228 -0.5358
vn -0.7942 0.5194 -0.3155
vn -0.9996 0.0195 0.0183
vn -0.9730 0.1703 0.1558
vn -0.9768 0.1552 0.1474
vn -0.6977 -0.7132 -0.0679
vn -0.7438 -0.6661 0.0558
vn 0.8529 -0.3019 -0.4260
vn 0.9363 -0.0885 -0.3399
vn 0.0160 -0.9968 -0.0787
vn 0.0038 -0.9997 -0.0237
vn -0.9697 0.0106 0.2440
vn -0.9407 -0.0951 0.3256
vn 0.9109 -0.2574 -0.3226
vn 0.9414 -0.1262 -0.3127
vn -0.9099 -0.1732 0.3769
vn -0.8941 -0.2198 0.3902
vn 0.9507 -0.0985 -0.2940
vn -0.0706 -0.7157 0.6948
vn 0.0026 -0.7015 0.7126
vn -0.9287 0.1205 0.3508
vn -0.9348 -0.0566 0.3505
vn -0.9162 0.1450 0.3735
vn -0.9346 -0.0105 0.3555
vn -0.8565 -0.0645 0.5121
vn -0.9047 -0.2014 0.3755
vn -0.9944 0.0979 0.0386
vn -0.9683 0.1777 0.1754
vn -0.9459 0.2377 0.2206
vn -0.7129 -0.6378 -0.2914
vn -0.7230 -0.6641 -0.1902
vn -0.0080 -0.9179 -0.3968
vn -0.0135 -0.9525 -0.3043
vn 0.9200 -0.1885 -0.3435
vn 0.9224 -0.1761 -0.3439
vn 0.9159 -0.1358 -0.3778
vn -0.9562 0.0467 0.2890
vn -0.9290 -0.1455 0.3403
vn 0.8533 -0.2704 -0.4458
vn 0.9265 -0.2157 -0.3084
vn 0.9051 -0.3480 -0.2443
vn -0.8749 -0.2838 0.3925
vn -0.8408 -0.2748 0.4664
vn -0.8341 -0.2275 0.5025
vn -0.8732 -0.2664 0.4081
vn 0.2483 -0.9127 -0.3246
vn 0.0015 -0.9066 -0.4219
vn -0.2167 0.9394 -0.2657
vn -0.0026 0.9625 -0.2713
vn -0.2972 0.9251 -0.2362
vn -0.9487 -0.2010 0.2442
vn -0.9892 0.0694 0.1292
vn -0.9307 0.3579 0.0751
vn -0.7649 0.6442 -0.0025
vn -0.4673 0.8732 -0.1384
vn 0.8558 -0.4714 -0.2131
vn -0.2873 -0.1556 0.9451
vn -0.4222 0.0403 0.9056
vn -0.4895 -0.1241 0.8631
vn -0.3601 -0.3106 0.8797
vn -0.2523 -0.4589 0.8519
vn -0.1981 -0.3076 0.9307
vn -0.1281 -0.1826 0.9748
vn -0.2196 -0.0334 0.9750
vn -0.3425 0.1808 0.9220
vn -0.4426 -0.8050 0.3951
vn -0.4731 -0.7468 0.4675
vn -0.2261 -0.8340 0.5033
vn -0.0869 -0.9710 0.2227
vn 0.1093 -0.9702 0.2161
vn -0.3096 -0.8250 0.4727
vn -0.4377 -0.7306 0.5240
vn -0.5257 -0.7455 0.4098
vn -0.5430 -0.7008 0.4626
vn -0.1256 0.0722 0.9895
vn -0.2395 0.2949 0.9250
vn -0.0921 -0.0167 0.9956
vn -0.1050 0.0164 0.9943
vn -0.1126 0.1105 0.9875
vn -0.1967 0.3503 0.9158
vn -0.7539 0.3666 0.5452
vn -0.6478 0.1570 0.7455
vn -0.5212 0.2069 0.8279
vn -0.5803 0.4322 0.6902
vn -0.6003 0.3769 0.7054
vn -0.7744 0.3657 0.5164
vn -0.8935 0.3182 0.3169
vn -0.8765 0.2936 0.3815
vn -0.7789 0.1414 0.6110
vn -0.5693 -0.6745 0.4701
vn -0.6308 -0.6214 0.4647
vn -0.8378 -0.4781 0.2636
vn -0.7811 -0.5692 0.2567
vn -0.6368 -0.7024 0.3179
vn -0.4409 -0.7468 0.4978
vn -0.1061 0.5635 0.8193
vn -0.0002 0.5584 0.8296
vn -0.0000 0.4775 0.8786
vn -0.1100 0.4762 0.8724
vn -0.1588 0.4759 0.8650
vn -0.1547 0.5747 0.8036
vn -0.1164 0.3900 0.9134
vn -0.0758 0.3898 0.9178
vn 0.0002 0.3896 0.9210
vn -0.2006 0.8862 -0.4175
vn -0.0027 0.9044 -0.4267
vn -0.0027 0.8946 -0.4469
vn -0.1935 0.8826 -0.4285
vn -0.3009 0.8641 -0.4035
vn -0.2841 0.8588 -0.4263
vn -0.1860 0.8908 -0.4146
vn -0.0026 0.9118 -0.4107
vn -0.3940 0.8599 0.3245
vn -0.5028 0.8143 0.2900
vn -0.5270 0.8047 0.2734
vn -0.4095 0.8481 0.3361
vn -0.2741 0.8960 0.3493
vn -0.2455 0.9311 0.2697
vn -0.3162 0.9030 0.2908
vn -0.2837 0.8318 0.4771
vn -0.1241 0.9855 0.1160
vn -0.1358 0.9843 -0.1126
vn -0.2143 0.9681 -0.1298
vn -0.2065 0.9697 0.1307
vn -0.1242 0.9855 0.1161
vn -0.1415 0.9570 0.2531
vn -0.0019 0.9697 0.2444
vn -0.0022 0.9942 0.1074
vn -0.0024 0.9943 -0.1065
vn -0.9079 -0.2892 0.3033
vn -0.8858 -0.2473 0.3927
vn -0.9415 -0.0890 0.3252
vn -0.9663 -0.1103 0.2325
vn -0.9766 -0.1221 0.1771
vn -0.9201 -0.2950 0.2576
vn -0.7979 -0.4843 0.3589
vn -0.8399 -0.3924 0.3750
vn -0.8458 -0.3196 0.4272
vn -0.1706 -0.3906 0.9046
vn -0.1425 -0.4461 0.8836
vn -0.7716 0.4178 0.4796
vn -0.6398 0.5405 0.5463
vn 0.1827 0.1935 0.9639
vn 0.5407 -0.4107 0.7341
vn 0.4055 -0.7773 0.4810
vn 0.4883 -0.7532 0.4408
vn -0.6366 0.4742 0.6081
vn -0.7204 0.5501 0.4225
vn -0.6754 0.3650 0.6408
vn -0.5940 0.3755 0.7114
vn -0.4445 0.3011 0.8437
vn -0.4853 0.3105 0.8174
vn -0.6748 -0.0680 0.7348
vn -0.6786 0.2055 0.7052
vn -0.7043 0.3837 0.5973
vn -0.9416 0.2490 0.2268
vn -0.9607 0.2422 0.1355
vn -0.9694 0.1615 0.1849
vn -0.9424 0.1575 0.2950
vn -0.9432 0.2835 0.1732
vn -0.9536 0.2768 0.1187
vn -0.1504 0.9179 0.3671
vn -0.0017 0.9276 0.3736
vn -0.9154 0.3818 0.1275
vn -0.7985 0.5756 0.1762
vn -0.8212 0.2406 0.5175
vn -0.8026 0.0902 0.5897
vn -0.9521 0.2745 0.1350
vn -0.9584 0.2753 0.0755
vn -0.9359 0.3420 0.0843
vn -0.8445 0.5177 0.1373
vn -0.2063 0.9710 0.1209
vn -0.0099 0.9908 0.1349
vn -0.2062 0.9710 0.1208
vn -0.2205 0.9577 -0.1849
vn -0.1664 0.9397 -0.2989
vn -0.1271 -0.6902 0.7124
vn 0.0025 -0.7039 0.7103
vn 0.0024 -0.5789 0.8154
vn -0.1046 -0.5612 0.8210
vn -0.2248 -0.4988 0.8370
vn -0.2438 -0.6507 0.7191
vn -0.2565 -0.8018 0.5397
vn -0.1512 -0.8350 0.5291
vn 0.0026 -0.8508 0.5255
vn -0.8870 -0.4595 0.0459
vn -0.7386 -0.6612 0.1314
vn -0.9301 -0.3570 0.0864
vn -0.8308 -0.1959 0.5210
vn -0.6458 -0.0359 0.7627
vn -0.6849 0.0351 0.7278
vn -0.8912 -0.0657 0.4488
vn -0.7918 -0.2799 0.5429
vn -0.0885 0.3329 0.9388
vn 0.0004 0.3435 0.9392
vn 0.0004 0.3628 0.9319
vn -0.0637 0.3489 0.9350
vn -0.0949 0.3202 0.9426
vn -0.1289 0.3133 0.9409
vn -0.5629 0.2670 0.7822
vn -0.6512 0.3841 0.6545
vn -0.6163 0.1216 0.7781
vn -0.4594 0.3881 0.7990
vn -0.4706 0.3534 0.8084
vn -0.9977 0.0105 0.0666
vn -0.9873 0.1446 0.0666
vn -0.9830 -0.1531 0.1017
vn -0.9904 0.0592 0.1247
vn -0.9806 0.1709 0.0961
vn -0.6372 -0.0972 0.7646
vn -0.6935 -0.3004 0.6548
vn -0.6121 -0.5236 0.5926
vn -0.5483 -0.3320 0.7676
vn -0.2396 0.1477 0.9596
vn -0.3572 0.0111 0.9340
vn -0.7330 0.0964 0.6733
vn -0.2170 0.2177 0.9516
vn -0.1927 0.2367 0.9523
vn -0.1746 0.1771 0.9686
vn -0.2583 0.0376 0.9653
vn -0.0144 -0.4670 0.8841
vn -0.3466 -0.8180 0.4591
vn -0.7978 -0.1163 0.5916
vn 0.0012 -0.4023 0.9155
vn 0.5179 -0.5922 0.6173
vn 0.4061 -0.5937 0.6947
vn -0.0240 -0.9088 0.4165
vn -0.4390 0.0247 0.8981
vn -0.4050 0.2388 0.8826
vn -0.4328 -0.0720 0.8986
vn -0.4901 -0.0498 0.8703
vn -0.5390 0.0523 0.8407
vn -0.5248 0.1802 0.8320
vn -0.4413 0.1331 0.8874
vn -0.6293 0.7391 0.2402
vn -0.6757 0.7055 0.2137
vn -0.6399 0.5405 0.5463
vn -0.4250 0.4179 0.8029
vn -0.3644 0.3648 0.8568
vn -0.3918 0.2600 0.8826
vn -0.4631 0.3181 0.8272
vn 0.0727 -0.4424 0.8939
vn 0.0022 -0.4924 0.8704
vn 0.0019 -0.2967 0.9550
vn -0.0214 -0.2239 0.9744
vn 0.0007 -0.4304 0.9026
vn 0.3657 -0.8122 0.4546
vn 0.2775 -0.8856 0.3724
vn 0.0025 -0.9649 0.2625
vn -0.4325 -0.5059 0.7464
vn -0.4971 -0.6750 0.5453
vn -0.3371 -0.6177 0.7105
vn -0.6966 0.5079 -0.5067
vn -0.6791 0.3387 -0.6512
vn -0.5827 0.4485 -0.6777
vn -0.5286 0.6034 -0.5971
vn -0.3852 0.7567 -0.5283
vn -0.5062 0.7115 -0.4874
vn -0.9830 0.1671 -0.0765
vn -0.9890 0.1473 -0.0110
vn 0.2653 0.9070 0.3271
vn 0.2654 0.9070 0.3271
vn -0.0410 0.9716 -0.2331
vn -0.1194 0.9808 -0.1545
vn 0.4298 0.7270 0.5354
vn 0.4298 0.7271 0.5354
vn -0.2833 0.8705 -0.4025
vn -0.2519 0.8961 -0.3655
vn -0.3197 0.8410 -0.4364
vn -0.3025 0.8377 -0.4546
vn -0.2699 0.8494 -0.4535
vn -0.3433 0.8510 -0.3975
vn -0.3596 0.8285 -0.4293
vn -0.4330 0.1735 0.8845
vn -0.3293 0.2513 0.9102
vn -0.3899 0.1977 0.8994
vn -0.3683 0.2026 0.9074
vn -0.3783 0.1076 0.9194
vn -0.5142 0.0898 0.8530
vn -0.5757 0.2320 0.7841
vn -0.9265 0.0071 0.3762
vn -0.8928 0.2458 0.3774
vn -0.8998 0.2556 0.3536
vn -0.9418 0.0040 0.3362
vn -0.8930 -0.2226 0.3912
vn -0.8797 -0.2075 0.4278
vn -0.8230 0.0735 0.5633
vn -0.8189 0.2053 0.5360
vn -0.0994 -0.3977 0.9121
vn 0.0096 -0.1644 0.9863
vn -0.2377 -0.0999 0.9662
vn -0.3108 -0.2076 0.9275
vn -0.2371 -0.5150 0.8237
vn -0.2047 -0.5556 0.8059
vn -0.0425 -0.4379 0.8980
vn 0.0782 -0.1783 0.9809
vn -0.7896 0.4382 0.4295
vn -0.6831 0.5362 0.4960
vn -0.6805 0.5635 0.4684
vn -0.7938 0.4620 0.3955
vn -0.7556 0.2963 0.5842
vn -0.6819 0.3681 0.6320
vn -0.4199 -0.0876 0.9033
vn -0.4002 -0.0646 0.9141
vn -0.7184 0.3898 0.5762
vn -0.6670 0.2612 0.6978
vn -0.3152 0.2296 0.9208
vn -0.2887 0.2534 0.9233
vn -0.4192 0.1969 0.8863
vn -0.4455 0.2417 0.8621
vn 0.3826 0.6421 0.6643
vn 0.6393 -0.4527 0.6216
vn 0.3826 0.6420 0.6643
vn -0.2880 0.9572 0.0291
vn -0.4918 0.8165 0.3023
vn 0.2437 0.5009 0.8305
vn 0.7392 -0.4258 0.5219
vn -0.1632 0.9281 -0.3347
vn -0.0026 0.9470 -0.3213
vn -0.6618 0.7024 -0.2620
vn -0.5885 0.7703 -0.2456
vn -0.4423 0.8062 -0.3930
vn -0.5303 0.7309 -0.4295
vn -0.6282 0.5798 -0.5189
vn -0.7434 0.5893 -0.3163
vn -0.8560 0.5102 -0.0829
vn -0.8061 0.5901 -0.0460
vn -0.7575 0.6520 -0.0318
vn -0.7248 -0.3649 -0.5844
vn -0.6127 0.1313 -0.7793
vn -0.8868 0.2328 -0.3992
vn -0.6529 -0.5383 -0.5329
vn -0.6460 0.1723 -0.7437
vn -0.1654 0.8936 -0.4172
vn -0.0026 0.9000 -0.4359
vn -0.3029 0.9091 -0.2859
vn -0.3059 0.8188 -0.4858
vn -0.2623 0.8425 -0.4705
vn -0.7932 0.4498 -0.4105
vn -0.6606 0.3873 -0.6431
vn -0.8170 0.2509 -0.5191
vn -0.9357 0.2282 -0.2692
vn -0.8961 0.4173 -0.1511
vn -0.5915 0.2947 -0.7506
vn -0.5624 0.5072 -0.6530
vn -0.2698 0.8646 -0.4238
vn -0.3713 0.7958 -0.4784
vn -0.3485 0.8695 -0.3501
vn -0.4706 0.6950 -0.5436
vn -0.0295 -0.4279 0.9033
vn -0.8212 0.2405 0.5175
vn 0.5597 -0.6584 0.5032
vn -0.8046 0.5477 0.2294
vn -0.6017 0.5994 0.5280
vn -0.6966 0.7173 0.0176
vn -0.8542 0.4956 0.1575
vn -0.8702 0.3495 0.3473
vn -0.8102 0.3887 0.4388
vn -0.5887 0.4218 0.6896
vn -0.9442 0.3277 0.0341
vn -0.9144 0.3946 0.0900
vn -0.9857 0.1323 -0.1045
vn -0.9998 0.0060 -0.0202
vn -0.9665 0.2124 0.1440
vn -0.9380 0.2706 0.2165
vn -0.5789 -0.6719 -0.4620
vn -0.6592 -0.6055 -0.4459
vn -0.6592 -0.6056 -0.4458
vn 0.5175 -0.8515 -0.0842
vn 0.6402 -0.7149 -0.2811
vn 0.6976 -0.6094 -0.3768
vn -0.4973 -0.7287 -0.4709
vn -0.5081 0.8365 -0.2052
vn 0.5485 -0.7503 0.3691
vn 0.5805 -0.7313 0.3581
vn 0.7315 -0.6667 0.1429
vn 0.7523 -0.6489 0.1140
vn 0.6260 -0.6318 0.4572
vn 0.2686 -0.9398 0.2113
vn 0.6459 -0.6205 0.4448
vn 0.8187 -0.5506 0.1628
vn 0.8190 -0.5544 0.1481
vn -0.6873 -0.5514 -0.4728
vn 0.6283 -0.6655 0.4030
vn 0.7913 -0.5942 0.1441
vn -0.9730 0.0674 0.2205
vn -0.9332 0.1408 0.3306
vn -0.9875 -0.1512 0.0447
vn -0.9523 -0.2830 0.1140
vn -0.9393 -0.2271 0.2574
vn -0.8943 -0.1089 0.4341
vn -0.4244 -0.7973 -0.4292
vn -0.4244 -0.7973 -0.4291
vn 0.6873 -0.6083 -0.3970
vn 0.6804 -0.6558 -0.3270
vn -0.3458 -0.9199 -0.1851
vn 0.9373 -0.2429 -0.2500
vn 0.9357 -0.3030 -0.1805
vn 0.9328 -0.3041 -0.1935
vn 0.9353 -0.2191 -0.2778
vn 0.8684 -0.4528 -0.2020
vn 0.7841 -0.5759 -0.2314
vn -0.8853 0.4475 0.1263
vn -0.9061 0.3131 0.2844
vn 0.1562 0.3116 0.9373
vn 0.8241 -0.3485 0.4466
vn 0.1562 0.3115 0.9373
vn 0.1297 0.2218 0.9664
vn 0.8822 -0.2373 0.4068
vn 0.8466 -0.5255 -0.0842
vn 0.8499 -0.5123 -0.1236
vn 0.8620 -0.3957 -0.3169
vn 0.8589 -0.3911 -0.3306
vn 0.8784 -0.4701 -0.0862
vn 0.9016 -0.4290 -0.0546
vn 0.9001 -0.3508 -0.2582
vn 0.9013 -0.4286 -0.0636
vn -0.2008 -0.9689 0.1450
vn -0.0898 -0.9021 0.4222
vn -0.2008 -0.9688 0.1450
vn 0.0997 -0.7078 0.6993
vn 0.3047 -0.4262 0.8518
vn -0.6472 0.1318 0.7508
vn -0.7885 0.0350 0.6140
vn 0.0997 -0.7079 0.6993
vn 0.8924 -0.3997 -0.2096
vn 0.9191 -0.3823 -0.0950
vn 0.3158 -0.1966 0.9282
vn 0.9342 -0.3076 0.1805
vn 0.9258 -0.2039 0.3183
vn 0.1464 0.0527 0.9878
vn 0.3158 -0.1967 0.9282
vn -0.3760 0.1786 0.9092
vn -0.5063 0.1625 0.8469
vn -0.7055 0.2497 0.6633
vn -0.4853 0.2651 0.8332
vn -0.8003 0.2270 0.5550
vn -0.8706 0.1943 0.4521
vn 0.1477 0.1694 0.9744
vn 0.9219 -0.1839 0.3411
vn 0.8213 -0.3097 -0.4791
vn 0.8158 -0.3024 -0.4929
vn 0.8896 -0.2599 -0.3757
vn -0.6016 0.3418 0.7220
vn -0.6477 0.2903 0.7044
vn -0.5507 0.5993 0.5810
vn -0.3945 0.5914 0.7033
vn -0.5038 0.3950 0.7682
vn -0.7116 0.0847 0.6975
vn -0.6892 -0.0213 0.7243
vn -0.6902 0.1681 0.7038
vn -0.5236 -0.1808 0.8325
vn -0.4439 -0.2224 0.8681
vn -0.3991 -0.5700 0.7182
vn -0.5845 -0.5195 0.6232
vn -0.5725 -0.1604 0.8041
vn -0.1152 0.0989 0.9884
vn -0.1667 0.2935 0.9413
vn 0.0356 0.3654 0.9302
vn 0.1290 0.1223 0.9841
vn -0.1961 -0.1202 0.9732
vn -0.3437 0.3944 0.8522
vn -0.1838 0.5321 0.8265
vn -0.6759 0.2404 0.6967
vn -0.6291 -0.1103 0.7695
vn -0.7575 -0.4107 0.5075
vn -0.3267 -0.2307 0.9165
vn -0.4295 -0.0364 0.9024
vn -0.2727 0.0392 0.9613
vn -0.3411 0.2000 0.9185
vn -0.5030 0.1094 0.8574
vn -0.2325 0.4973 0.8358
vn -0.3973 0.5863 0.7060
vn -0.4848 0.4522 0.7486
vn -0.4250 0.3515 0.8341
vn -0.0770 0.3214 0.9438
vn -0.5723 -0.7184 0.3954
vn -0.6190 -0.6659 0.4164
vn -0.6931 -0.5829 0.4240
vn -0.4482 -0.7958 0.4071
vn -0.5097 -0.6633 0.5480
vn -0.8818 -0.1853 0.4337
vn -0.8014 -0.3933 0.4505
vn -0.7425 -0.5131 0.4306
vn -0.4311 -0.8382 0.3340
vn -0.2599 -0.9204 0.2923
vn -0.2602 -0.8961 0.3595
vn -0.0484 -0.5306 0.8462
vn -0.0691 -0.6537 0.7536
vn 0.4039 -0.8483 0.3424
vn 0.4058 -0.8189 0.4059
vn -0.4577 -0.8208 0.3418
vn -0.6645 -0.5919 0.4563
vn -0.5099 -0.6277 0.5882
vn -0.4339 -0.7913 0.4308
vn -0.3127 -0.8930 0.3237
vn -0.2807 -0.9143 0.2920
vn 0.8388 0.3631 0.4057
vn 0.9374 -0.2638 0.2274
vn 0.7587 -0.5956 0.2640
vn 0.6789 0.1132 0.7255
vn 0.1624 0.6756 0.7192
vn 0.4958 0.7871 0.3668
vn 0.5258 0.7579 0.3861
vn 0.7414 0.4399 0.5068
vn 0.8800 -0.1073 0.4627
vn -0.2011 -0.9323 0.3006
vn 0.0026 -0.9418 0.3362
vn 0.0026 -0.9633 0.2685
vn -0.1694 -0.9464 0.2749
vn -0.3545 -0.9018 0.2469
vn -0.2467 -0.8246 0.5091
vn 0.6852 -0.7013 -0.1966
vn 0.5639 -0.7839 -0.2597
vn 0.7094 -0.6821 -0.1775
vn 0.7426 -0.6081 -0.2806
vn 0.6944 -0.6523 -0.3038
vn 0.5691 -0.7437 -0.3508
vn 0.5639 -0.7839 -0.2596
vn -0.7525 0.0978 0.6513
vn -0.4073 -0.1192 0.9055
vn -0.8665 0.2771 0.4152
vn -0.8665 0.2771 0.4151
vn -0.4844 0.8569 0.1760
vn -0.2873 0.8616 0.4184
vn 0.6678 -0.7284 -0.1531
vn 0.3004 -0.9100 0.2857
vn 0.5326 -0.8388 -0.1132
vn 0.7017 -0.6845 -0.1974
vn 0.7526 -0.6092 -0.2501
vn -0.5793 0.8074 -0.1118
vn -0.6948 0.6921 -0.1956
vn -0.8905 0.3349 0.3079
vn -0.7425 0.4330 0.5110
vn -0.4390 0.8898 0.1247
vn -0.0714 0.7933 -0.6046
vn -0.1500 0.8103 -0.5665
vn -0.3220 0.8175 -0.4774
vn 0.3035 -0.8783 -0.3695
vn 0.0016 -0.9060 -0.4233
vn 0.3182 -0.8496 -0.4207
vn 0.0015 -0.8921 -0.4518
vn -0.1596 -0.7620 0.6277
vn -0.2662 0.9299 -0.2539
vn -0.3480 0.9313 -0.1073
vn -0.6106 0.7873 -0.0857
vn -0.5353 0.7929 -0.2911
vn -0.0667 0.9007 -0.4293
vn -0.2651 0.9640 -0.0224
vn -0.4622 0.8851 0.0541
vn -0.4510 0.8830 0.1300
vn -0.3005 0.9537 -0.0084
vn -0.2086 0.9748 0.0791
vn -0.5591 0.8273 0.0557
vn -0.2230 0.9532 0.2041
vn -0.0539 0.9650 0.2566
vn 0.0746 0.8333 -0.5478
vn 0.0918 0.7857 -0.6117
vn -0.0700 0.9895 -0.1268
vn -0.1182 0.9888 -0.0910
vn 0.7633 -0.6242 -0.1665
vn 0.7277 -0.6581 -0.1932
vn 0.7665 -0.6299 -0.1258
vn 0.6804 -0.6680 0.3014
vn 0.6590 -0.7224 0.2094
vn 0.6303 -0.7610 0.1535
vn -0.2191 0.9365 0.2739
vn -0.0018 0.9533 0.3021
vn -0.0018 0.9533 0.3022
vn -0.0026 0.7669 -0.6418
vn -0.0298 0.7773 -0.6284
vn 0.3774 -0.9258 -0.0195
vn 0.3010 -0.8875 0.3489
vn 0.3775 -0.9258 -0.0195
vn 0.6407 -0.7624 -0.0911
vn -0.8203 0.5625 -0.1035
vn -0.8876 0.4449 0.1192
vn -0.9422 0.1046 0.3184
vn -0.8847 0.3643 0.2908
vn 0.0662 -0.5155 0.8543
vn -0.2716 -0.7064 0.6536
vn 0.0661 -0.5155 0.8543
vn 0.4513 0.5899 0.6696
vn 0.2226 0.8943 0.3882
vn 0.1607 0.7360 0.6577
vn 0.3098 0.3540 0.8825
vn 0.5874 0.1243 0.7997
vn 0.1155 -0.6140 0.7808
vn 0.2024 -0.5907 0.7811
vn -0.1269 0.2368 0.9632
vn -0.1100 0.2346 0.9659
vn 0.0007 0.2320 0.9727
vn 0.0025 -0.6349 0.7726
vn 0.0025 -0.9863 0.1651
vn 0.2837 -0.9432 0.1726
vn 0.4574 -0.8723 0.1730
vn 0.1906 -0.5397 0.8200
vn 0.2396 -0.4348 0.8681
vn -0.3349 0.0696 0.9397
vn -0.4761 0.0525 0.8778
vn -0.3719 0.1154 0.9211
vn 0.2626 -0.5849 0.7674
vn -0.1721 0.7059 0.6871
vn -0.5557 0.5869 0.5889
vn 0.0323 0.2105 0.9771
vn 0.2722 -0.5952 0.7561
vn -0.1840 0.1929 0.9638
vn 0.5584 -0.8157 0.1510
vn 0.0704 0.9720 0.2241
vn 0.7947 -0.6065 -0.0236
vn 0.7795 -0.4969 0.3813
vn 0.6598 -0.7220 -0.2081
vn 0.5466 -0.8066 -0.2248
vn 0.3286 -0.9080 -0.2598
vn 0.0019 -0.9599 -0.2803
vn 0.0462 0.7635 -0.6442
vn -0.0026 0.7615 -0.6482
vn -0.0025 0.9905 -0.1374
vn -0.0401 0.9884 -0.1463
vn -0.3728 0.7865 0.4924
vn -0.5974 0.6603 0.4551
vn -0.2421 0.8316 0.4999
vn 0.4419 -0.2203 0.8696
vn -0.7051 0.5489 0.4490
vn -0.1541 0.8497 0.5043
vn -0.0013 0.8587 0.5125
vn -0.4752 -0.8426 0.2534
vn -0.4415 -0.8105 0.3850
vn -0.3810 -0.7620 0.5236
vn 0.9191 0.3143 0.2376
vn 0.7740 -0.6242 0.1061
vn 0.5201 0.7644 0.3811
vn -0.0112 -0.9996 -0.0240
vn -0.7426 -0.6505 0.1592
vn -0.9454 0.2472 0.2126
vn -0.6078 0.7169 0.3416
vn -0.0745 0.8597 0.5053
vn 0.0462 0.7706 0.6357
vn 0.5842 0.6559 0.4780
vn -0.5246 0.7050 0.4773
vn -0.9521 0.2326 0.1983
vn -0.7159 -0.6976 -0.0302
vn -0.0232 -0.9934 -0.1120
vn 0.6480 -0.7594 -0.0588
vn 0.9727 0.1260 0.1951
vn -0.2218 0.2908 0.9307
vn -0.2902 0.4401 0.8498
vn -0.2345 0.4704 0.8507
vn -0.1783 0.2946 0.9388
vn -0.7851 0.3177 0.5317
vn -0.9161 0.2739 0.2929
vn -0.6131 0.3490 0.7087
vn -0.6165 0.5844 0.5276
vn -0.7885 0.4453 0.4241
vn -0.9168 0.3057 0.2570
vn -0.4800 0.3515 0.8038
vn -0.3438 0.3888 0.8548
vn -0.4513 0.6790 0.5790
vn -0.1456 0.1342 0.9802
vn -0.1735 0.3861 0.9060
vn -0.1932 -0.0228 0.9809
vn -0.1710 0.0272 0.9849
vn -0.1099 0.1668 0.9798
vn -0.1044 0.3312 0.9378
vn -0.1014 0.3740 0.9219
vn -0.1273 0.2863 0.9496
vn -0.0540 0.3924 0.9182
vn -0.3327 0.4998 0.7997
vn -0.2718 0.5554 0.7859
vn -0.3279 0.3353 0.8832
vn -0.3082 0.2813 0.9088
vn -0.9283 0.0595 0.3670
vn -0.9662 0.0634 0.2497
vn -0.9721 0.2096 0.1049
vn -0.9708 0.2307 0.0653
vn -0.7978 -0.1164 0.5916
vn -0.4047 -0.5579 0.7246
vn -0.5831 -0.5306 0.6152
vn -0.5522 0.5873 0.5917
vn -0.5880 0.4197 0.6914
vn -0.5684 0.2510 0.7836
vn -0.6510 0.2055 0.7308
vn -0.7550 -0.4045 0.5161
vn 0.0123 0.1060 0.9943
vn -0.7223 0.1492 0.6753
vn -0.9513 0.2932 0.0956
vn -0.8900 0.4219 0.1728
vn -0.9617 0.2633 0.0762
vn -0.9628 0.2562 0.0864
vn -0.9595 0.2477 0.1344
vn -0.9635 0.2505 0.0949
vn -0.9776 0.1714 0.1226
vn -0.9546 0.2820 0.0957
vn -0.9547 0.2847 0.0867
vn -0.9604 0.2627 0.0928
vn -0.9670 0.2413 0.0821
vn -0.0644 0.0549 0.9964
vn 0.0012 0.0490 0.9988
vn 0.0009 0.1698 0.9855
vn -0.0711 0.1425 0.9872
vn -0.1374 -0.1278 0.9822
vn 0.0018 -0.2190 0.9757
vn -0.0637 -0.0603 0.9961
vn -0.0927 -0.1283 0.9874
vn -0.0366 0.4367 0.8989
vn 0.0001 0.4538 0.8911
vn -0.4065 0.8325 0.3764
vn -0.5625 0.7587 0.3285
vn -0.1784 0.4094 0.8947
vn -0.0538 0.1946 0.9794
vn 0.0008 0.2025 0.9793
vn -0.1548 -0.2271 0.9615
vn 0.0020 -0.3190 0.9478
vn -0.2152 0.5759 0.7887
vn -0.1965 0.4684 0.8614
vn -0.1539 0.2965 0.9426
vn -0.9692 0.2348 0.0739
vn -0.9835 0.0644 0.1692
vn -0.6571 -0.6039 0.4512
vn -0.8372 -0.4409 0.3235
vn -0.9350 -0.3004 0.1888
vn -0.9574 0.2518 0.1410
vn -0.7413 0.6123 0.2748
vn -0.7729 -0.4029 0.4902
vn -0.1642 -0.9256 0.3409
vn -0.1634 -0.9471 0.2763
vn 0.0025 -0.9635 0.2676
vn 0.0026 -0.9424 0.3344
vn -0.0389 -0.2748 0.9607
vn 0.0019 -0.2672 0.9636
vn -0.0583 -0.3502 0.9349
vn 0.0021 -0.3756 0.9268
vn -0.6020 -0.4424 0.6647
vn -0.6111 -0.2149 0.7618
vn -0.1639 -0.9471 0.2761
vn 0.0025 -0.9629 0.2699
vn -0.0778 -0.4426 0.8933
vn 0.0022 -0.4646 0.8855
vn -0.1684 -0.3707 0.9134
vn -0.4352 -0.1135 0.8932
vn -0.8655 -0.4349 0.2484
vn -0.6512 -0.7581 -0.0353
vn -0.7622 -0.6416 -0.0858
vn -0.9057 -0.4175 0.0736
vn -0.9456 -0.3098 0.0990
vn -0.8786 -0.3222 0.3525
vn -0.6188 -0.3696 0.6932
vn -0.6418 -0.4574 0.6155
vn -0.3270 -0.9334 0.1477
vn 0.3324 0.8441 -0.4208
vn 0.2170 0.8454 -0.4881
vn 0.2492 0.9087 -0.3349
vn 0.3957 0.8887 -0.2315
vn 0.3325 0.8441 -0.4207
vn 0.7261 0.6813 -0.0923
vn 0.6565 0.6826 -0.3212
vn 0.5339 0.5891 -0.6066
vn 0.3160 0.6656 -0.6761
vn 0.2078 0.6782 -0.7049
vn 0.7316 -0.1560 0.6636
vn 0.4849 -0.4392 0.7563
vn 0.3922 -0.4106 0.8232
vn 0.6204 -0.2744 0.7347
vn 0.8180 -0.1414 0.5576
vn 0.8472 0.0627 0.5275
vn 0.8525 0.1368 0.5045
vn 0.8581 -0.0606 0.5098
vn 0.8581 -0.0605 0.5098
vn 0.7353 -0.5655 0.3735
vn 0.8720 0.4010 -0.2807
vn 0.9238 0.3826 -0.0145
vn 0.9925 0.1223 -0.0004
vn 0.9373 0.1332 -0.3222
vn 0.6651 0.1461 -0.7323
vn 0.6278 0.4089 -0.6623
vn 0.0485 0.4585 -0.8874
vn 0.1869 0.4643 -0.8657
vn 0.1141 0.2008 -0.9730
vn -0.1062 0.2081 -0.9723
vn 0.1418 0.6704 -0.7283
vn 0.9573 0.2886 0.0161
vn 0.9629 0.2277 0.1449
vn 0.9818 -0.0236 0.1883
vn 0.9979 -0.0044 0.0640
vn 0.9945 0.0106 -0.1044
vn 0.9396 0.3261 -0.1035
vn 0.8322 0.5412 -0.1206
vn 0.8752 0.4791 -0.0677
vn 0.9241 0.3795 0.0436
vn 0.9316 0.3290 -0.1544
vn 0.9815 0.0036 -0.1917
vn 0.9947 -0.0195 -0.1008
vn 0.9462 0.3140 -0.0784
vn 0.8222 0.5654 -0.0659
vn 0.8166 0.5638 -0.1235
vn 0.7206 0.6734 -0.1651
vn 0.5032 0.8290 -0.2440
vn 0.7089 0.6845 -0.1700
vn 0.8569 0.5120 -0.0592
vn 0.6217 0.7693 -0.1472
vn 0.3584 0.9153 -0.1840
vn 0.5820 0.8074 -0.0967
vn 0.3474 0.9344 -0.0785
vn 0.5820 0.8075 -0.0967
vn 0.5702 0.8196 -0.0560
vn 0.3458 0.9372 -0.0450
vn 0.4815 -0.8354 -0.2650
vn 0.2565 -0.6531 -0.7125
vn -0.2037 -0.8633 -0.4617
vn 0.2059 -0.9635 -0.1712
vn 0.3279 -0.9352 -0.1337
vn 0.5540 -0.8114 -0.1864
vn 0.5539 -0.8114 -0.1864
vn 0.7597 -0.6238 -0.1837
vn 0.7941 -0.5932 -0.1320
vn 0.8248 -0.4652 -0.3213
vn 0.5861 -0.7802 -0.2184
vn 0.3740 -0.9098 -0.1798
vn 0.3702 -0.9084 -0.1940
vn 0.5833 -0.7974 -0.1546
vn 0.5862 -0.7802 -0.2184
vn 0.7483 -0.6556 -0.1011
vn 0.7414 -0.6311 -0.2283
vn 0.8937 -0.3917 -0.2190
vn 0.9207 -0.3653 -0.1376
vn 0.9032 -0.4172 -0.1006
vn 0.9411 -0.3378 0.0139
vn 0.9542 -0.2877 0.0816
vn -0.3112 -0.0892 -0.9462
vn -0.0389 -0.0910 -0.9951
vn -0.3796 -0.4213 -0.8236
vn -0.5095 -0.3991 -0.7623
vn 0.9273 -0.1074 -0.3585
vn 0.9935 -0.1123 0.0201
vn 0.9759 -0.2070 0.0692
vn 0.9084 -0.2111 -0.3608
vn 0.5870 -0.2136 -0.7809
vn 0.6247 -0.0962 -0.7749
vn 0.5294 -0.3649 0.7659
vn 0.3314 -0.4482 0.8302
vn 0.1637 -0.4833 0.8600
vn 0.4747 -0.3012 0.8270
vn 0.5295 -0.3649 0.7658
vn 0.7247 -0.2458 0.6438
vn 0.7531 -0.2703 0.5999
vn 0.9677 -0.2169 0.1287
vn 0.9597 -0.1760 0.2191
vn 0.9661 -0.2116 0.1478
vn 0.9640 -0.2551 -0.0747
vn 0.9690 -0.0271 0.2457
vn 0.9651 -0.0234 0.2610
vn 0.4265 -0.1701 0.8884
vn -0.1894 -0.2720 0.9435
vn -0.4118 -0.0262 0.9109
vn 0.3519 0.0100 0.9360
vn 0.7587 -0.0216 0.6510
vn 0.7336 -0.1514 0.6624
vn 0.9468 0.3068 0.0970
vn 0.9612 0.2757 -0.0037
vn 0.9962 -0.0055 0.0866
vn 0.9695 0.1156 0.2162
vn 0.9695 0.1157 0.2162
vn 0.9449 0.1804 0.2731
vn 0.9490 0.2619 0.1756
vn 0.9546 0.1707 0.2440
vn 0.9495 0.1420 0.2797
vn 0.8708 -0.4104 0.2707
vn 0.6866 -0.6462 0.3330
vn 0.5831 -0.4494 0.6768
vn 0.8465 -0.3218 0.4241
vn 0.9660 0.0068 0.2585
vn 0.9849 -0.0264 0.1710
vn 0.9429 0.3178 0.0999
vn 0.9285 0.3383 0.1533
vn 0.7892 0.6117 0.0550
vn 0.8136 0.5806 0.0310
vn 0.5544 0.8319 -0.0258
vn 0.3410 0.9388 -0.0484
vn 0.5544 0.8318 -0.0258
vn 0.5180 0.8537 -0.0544
vn 0.3241 0.9387 -0.1177
vn 0.4483 -0.8790 0.1623
vn 0.2173 -0.9687 -0.1198
vn 0.0646 -0.7267 0.6839
vn 0.0950 -0.9609 -0.2603
vn 0.1661 -0.9646 -0.2047
vn -0.0646 -0.9556 -0.2874
vn 0.2097 0.9766 -0.0482
vn 0.2035 0.9784 -0.0370
vn 0.2137 0.9682 -0.1305
vn -0.0052 -0.9764 0.2161
vn 0.0228 -0.8698 0.4928
vn 0.0388 -0.9992 0.0114
vn -0.5849 -0.8038 -0.1085
vn -0.5554 -0.7599 0.3377
vn 0.1790 -0.4813 0.8581
vn 0.0023 -0.5713 0.8208
vn 0.1496 -0.5662 0.8106
vn 0.1833 -0.4867 0.8541
vn 0.2889 -0.0841 -0.9537
vn 0.2058 -0.2471 -0.9469
vn 0.3529 0.1708 -0.9199
vn 0.1663 -0.9756 -0.1430
vn 0.1497 -0.9845 -0.0911
vn 0.0022 -0.9914 -0.1305
vn 0.1145 -0.9922 -0.0499
vn 0.0022 -0.9999 -0.0155
vn 0.1944 0.9786 -0.0669
vn 0.1788 0.9728 -0.1472
vn 0.1504 0.9530 -0.2629
vn 0.1376 0.9232 -0.3588
vn 0.1993 0.9191 -0.3400
vn 0.2244 0.9337 -0.2791
vn 0.3485 0.4312 -0.8323
vn 0.2167 -0.5998 0.7703
vn 0.2519 -0.8235 0.5084
vn 0.1823 0.8324 -0.5234
vn 0.2011 0.9036 -0.3783
vn -0.5751 -0.6713 -0.4676
vn -0.4307 -0.8309 -0.3523
vn -0.3796 -0.4213 -0.8237
vn -0.7660 -0.5776 -0.2821
vn -0.0587 -0.4132 0.9087
vn -0.1302 -0.3843 0.9140
vn -0.5888 -0.3523 0.7275
vn -0.6049 -0.1682 0.7783
vn 0.0049 -0.1927 0.9813
vn 0.6090 -0.1887 0.7704
vn 0.5151 -0.3878 0.7644
vn 0.4473 -0.3446 0.8253
vn -0.9516 0.0784 0.2970
vn -0.9121 -0.0610 0.4053
vn -0.9947 -0.0940 0.0407
vn -0.9999 -0.0157 0.0015
vn -0.9941 0.0854 -0.0675
vn -0.9566 0.2292 0.1798
vn -0.6105 0.5510 0.5690
vn -0.5303 0.2229 0.8180
vn 0.9446 -0.2222 -0.2417
vn 0.9776 -0.1904 0.0896
vn 0.9876 -0.1452 0.0595
vn 0.9389 -0.1943 -0.2841
vn 0.5482 -0.2413 -0.8007
vn 0.6246 -0.2742 -0.7312
vn 0.9221 -0.2095 -0.3253
vn 0.9716 -0.2120 0.1053
vn 0.9707 -0.2209 0.0950
vn 0.9428 -0.1782 -0.2816
vn 0.6492 -0.1622 -0.7432
vn 0.6087 -0.2236 -0.7613
vn -0.0035 -0.2853 -0.9584
vn -0.1089 -0.2245 -0.9684
vn -0.6490 -0.1857 -0.7377
vn -0.5860 -0.2834 -0.7592
vn -0.7947 -0.2899 0.5332
vn -0.3292 -0.6356 0.6983
vn -0.9573 -0.2739 0.0927
vn -0.1574 -0.3888 0.9078
vn -0.1575 -0.3888 0.9077
vn 0.4281 -0.2944 0.8544
vn 0.1528 -0.2953 -0.9431
vn 0.1115 -0.2119 -0.9709
vn -0.5095 -0.3499 -0.7861
vn -0.4330 -0.4748 -0.7662
vn 0.0143 0.7950 0.6065
vn 0.0091 0.9387 0.3445
vn -0.5113 0.7907 0.3367
vn -0.4914 0.6393 0.5914
vn -0.2967 0.3354 0.8941
vn 0.0491 0.3493 0.9357
vn 0.0144 0.7950 0.6065
vn 0.0492 0.3493 0.9357
vn 0.3851 0.3543 0.8522
vn 0.5314 0.6476 0.5461
vn 0.5479 0.7878 0.2813
vn -0.1481 -0.2906 -0.9453
vn 0.5571 -0.2887 -0.7787
vn 0.5297 -0.4144 -0.7400
vn -0.1368 -0.4486 -0.8832
vn -0.6504 -0.3208 -0.6885
vn -0.6845 -0.2126 -0.6974
vn 0.9513 -0.1652 -0.2603
vn 0.9970 -0.0749 0.0204
vn 0.9985 0.0238 -0.0485
vn 0.9364 -0.1690 -0.3076
vn 0.2535 0.2526 0.9338
vn 0.1730 0.5177 0.8379
vn 0.1730 0.5176 0.8379
vn 0.7469 0.4631 0.4771
vn 0.7652 0.1574 0.6243
vn -0.0437 -0.9116 -0.4087
vn -0.0250 -0.9737 -0.2266
vn -0.6717 -0.7025 -0.2354
vn -0.5415 -0.7200 -0.4340
vn -0.3141 -0.7667 -0.5599
vn -0.0705 -0.8396 -0.5386
vn -0.0704 -0.8396 -0.5386
vn 0.1709 -0.8220 -0.5432
vn 0.4475 -0.7874 -0.4239
vn 0.6163 -0.7519 -0.2339
vn -0.9942 0.1018 0.0343
vn -0.9816 -0.0803 -0.1730
vn -0.7391 -0.6700 -0.0695
vn -0.7792 -0.6257 0.0364
vn -0.9499 0.2506 0.1867
vn 0.8151 -0.4130 -0.4062
vn 0.9701 -0.1723 -0.1709
vn 0.4237 -0.6278 -0.6529
vn -0.1110 -0.6831 -0.7219
vn -0.1110 -0.6830 -0.7219
vn -0.5453 -0.5391 -0.6419
vn 0.0208 0.1646 0.9861
vn -0.6226 0.1080 0.7751
vn -0.6701 0.4101 0.6187
vn -0.0008 0.4455 0.8953
vn 0.0209 0.1646 0.9861
vn 0.6402 0.4579 0.6168
vn 0.6375 0.1374 0.7581
vn 0.0510 -0.1050 -0.9932
vn 0.6408 -0.0984 -0.7614
vn 0.5983 -0.1336 -0.7901
vn 0.0018 -0.1510 -0.9885
vn 0.0019 -0.1510 -0.9885
vn -0.5753 -0.1801 -0.7978
vn -0.5609 -0.1789 -0.8083
vn 0.9499 -0.1370 -0.2810
vn 0.9787 -0.1960 0.0611
vn 0.9926 -0.1202 0.0166
vn 0.9402 -0.1199 -0.3188
vn -0.8896 -0.2658 0.3715
vn -0.9707 -0.2302 0.0687
vn -0.9860 -0.1659 0.0185
vn -0.9255 -0.1549 0.3457
vn -0.9998 -0.0181 0.0063
vn -0.9675 0.1470 0.2057
vn -0.9973 0.0169 -0.0721
vn -0.9763 -0.1237 -0.1778
vn -0.6094 -0.7204 -0.3312
vn -0.6491 -0.6949 -0.3095
vn -0.6645 -0.7162 -0.2132
vn -0.9850 0.0711 0.1570
vn 0.9315 -0.1103 -0.3466
vn 0.9994 -0.0238 -0.0255
vn 0.9897 0.1259 -0.0684
vn 0.9180 -0.0407 -0.3945
vn 0.5410 -0.2742 -0.7951
vn 0.5753 -0.2232 -0.7869
vn -0.9573 -0.0214 0.2882
vn -0.9935 -0.1114 -0.0236
vn -0.0127 -0.2817 -0.9594
vn -0.0166 -0.3795 -0.9251
vn -0.0128 -0.2817 -0.9594
vn -0.0165 -0.3795 -0.9251
vn -0.5524 -0.3304 -0.7653
vn -0.5768 -0.2748 -0.7693
vn 0.0158 -0.9226 -0.3854
vn 0.0142 -0.9403 -0.3400
vn -0.5061 -0.7448 -0.4348
vn -0.2839 -0.7145 -0.6395
vn 0.0064 -0.7682 -0.6402
vn 0.3076 -0.6735 -0.6721
vn 0.5704 -0.6808 -0.4596
vn 0.6812 -0.6542 -0.3287
vn 0.0141 -0.9403 -0.3400
vn -0.0089 -0.5263 -0.8503
vn 0.4827 -0.3963 -0.7810
vn -0.4850 -0.4576 -0.7452
vn -0.8810 -0.0234 0.4724
vn -0.9755 0.1099 0.1903
vn -0.5967 -0.8022 0.0215
vn -0.5167 -0.8235 0.2342
vn -0.2331 -0.7494 0.6198
vn -0.4446 -0.1391 0.8848
vn -0.2291 0.3947 0.8898
vn -0.4862 0.6204 0.6154
vn -0.5357 0.7449 0.3977
vn 0.8667 -0.1636 -0.4713
vn 0.9860 0.0044 -0.1667
vn 0.0371 -0.1216 0.9919
vn 0.0031 0.4015 0.9159
vn 0.0517 -0.7613 0.6463
vn 0.0372 -0.1216 0.9919
vn 0.0518 -0.7613 0.6463
vn 0.3366 -0.6994 0.6305
vn 0.4871 -0.0771 0.8700
vn 0.2339 0.4018 0.8853
vn 0.0411 -0.9918 0.1210
vn 0.0344 -0.9992 -0.0199
vn 0.6885 -0.7243 0.0368
vn 0.6125 -0.7507 0.2474
vn 0.8810 0.0854 0.4653
vn 0.9535 0.2357 0.1878
vn 0.4519 0.7968 0.4011
vn 0.4354 0.6527 0.6200
vn -0.0362 0.7137 0.6995
vn -0.0616 0.8649 0.4982
vn 0.0833 -0.2973 0.9511
vn -0.4395 -0.1973 0.8763
vn -0.2452 -0.7316 0.6361
vn 0.0868 -0.7860 0.6122
vn 0.0868 -0.7860 0.6121
vn 0.3870 -0.6950 0.6060
vn 0.5531 -0.1706 0.8154
vn 0.8902 0.0450 0.4534
vn 0.9450 0.2135 0.2478
vn 0.6090 -0.7433 0.2769
vn 0.6846 -0.7161 0.1362
vn 0.0573 -0.9871 0.1494
vn 0.0316 -0.9980 -0.0545
vn -0.5608 -0.7823 0.2712
vn -0.6778 -0.7331 0.0565
vn -0.8593 0.0402 0.5100
vn -0.9270 0.2456 0.2833
vn 0.0448 0.7516 0.6581
vn 0.0041 0.5685 0.8227
vn 0.0053 0.4948 0.8690
vn 0.0372 0.6385 0.7687
vn 0.2274 0.7159 0.6601
vn 0.1986 0.8448 0.4969
vn 0.2515 0.8701 0.4238
vn 0.1179 0.8593 0.4976
vn -0.0012 0.8536 0.5209
vn 0.5981 -0.1623 0.7849
vn 0.5114 -0.1023 0.8532
vn 0.4005 -0.2981 0.8664
vn 0.5030 -0.3578 0.7867
vn 0.5977 -0.3883 0.7014
vn 0.6974 -0.2676 0.6648
vn 0.7887 -0.0923 0.6078
vn 0.6789 0.0016 0.7342
vn 0.5937 0.0573 0.8026
vn 0.2513 0.2450 0.9364
vn 0.3356 0.2171 0.9166
vn 0.3572 0.2475 0.9006
vn 0.2894 0.2826 0.9146
vn 0.2167 0.2987 0.9294
vn 0.1808 0.2767 0.9438
vn 0.1737 0.2589 0.9502
vn 0.2249 0.2482 0.9422
vn 0.3112 0.2300 0.9221
vn 0.1208 -0.0614 0.9908
vn 0.2433 0.2983 0.9229
vn 0.0736 -0.1996 0.9771
vn 0.1216 -0.2795 0.9524
vn 0.2470 -0.1010 0.9637
vn 0.5253 0.4031 0.7494
vn 0.9682 -0.2501 -0.0031
vn 0.9565 -0.2270 0.1835
vn 0.9993 -0.0334 -0.0195
vn 0.9973 0.0740 0.0040
vn 0.9934 -0.1140 -0.0108
vn 0.9667 -0.2558 0.0036
vn 0.9250 -0.3799 -0.0091
vn 0.7353 -0.5656 0.3735
vn 0.3507 0.8767 -0.3291
vn 0.6189 0.7531 -0.2234
vn 0.3251 0.8956 -0.3037
vn 0.2405 0.8935 -0.3792
vn 0.2819 0.8750 -0.3936
vn 0.3566 0.8614 -0.3618
vn 0.5736 0.7488 -0.3320
vn 0.6188 0.7531 -0.2234
vn 0.8233 0.5424 -0.1672
vn 0.9128 0.3879 -0.1277
vn 0.8234 0.5424 -0.1671
vn 0.7909 0.5230 -0.3176
vn 0.7773 0.3264 -0.5378
vn 0.8846 0.2369 -0.4016
vn 0.8846 0.2370 -0.4016
vn 0.9961 -0.0537 -0.0696
vn 0.9996 0.0242 0.0157
vn 0.9765 0.1598 0.1449
vn 0.9726 0.1748 0.1533
vn 0.7470 -0.6626 0.0538
vn 0.7008 -0.7100 -0.0697
vn -0.8526 -0.3058 -0.4238
vn -0.9367 -0.0928 -0.3375
vn -0.0115 -0.9968 -0.0787
vn 0.0007 -0.9997 -0.0237
vn 0.9703 0.0151 0.2415
vn 0.9420 -0.0907 0.3232
vn -0.9105 -0.2616 -0.3203
vn -0.9416 -0.1306 -0.3103
vn 0.9116 -0.1690 0.3747
vn 0.8961 -0.2156 0.3879
vn -0.9510 -0.1029 -0.2915
vn 0.0756 -0.7154 0.6946
vn 0.0025 -0.7015 0.7126
vn 0.9290 0.1248 0.3484
vn 0.9360 -0.0523 0.3481
vn 0.9165 0.1493 0.3711
vn 0.9356 -0.0061 0.3531
vn 0.9066 -0.1972 0.3731
vn 0.9941 0.1025 0.0361
vn 0.9454 0.2421 0.2181
vn 0.9679 0.1822 0.1729
vn 0.7256 -0.6607 -0.1921
vn 0.7151 -0.6345 -0.2933
vn 0.0112 -0.9178 -0.3968
vn 0.0172 -0.9524 -0.3043
vn -0.9200 -0.1927 -0.3412
vn -0.9224 -0.1804 -0.3414
vn -0.9162 -0.1401 -0.3755
vn 0.9567 0.0512 0.2865
vn 0.9306 -0.1412 0.3378
vn -0.8532 -0.2744 -0.4436
vn -0.9262 -0.2200 -0.3061
vn -0.9041 -0.3522 -0.2420
vn 0.8771 -0.2799 0.3903
vn 0.8433 -0.2708 0.4642
vn 0.8365 -0.2236 0.5003
vn 0.8755 -0.2623 0.4058
vn -0.2449 -0.9138 -0.3241
vn 0.2118 0.9404 -0.2661
vn 0.2924 0.9265 -0.2370
vn 0.9502 -0.1967 0.2418
vn 0.9892 0.0740 0.1267
vn 0.9293 0.3622 0.0726
vn 0.7618 0.6478 -0.0044
vn 0.4628 0.8754 -0.1396
vn 0.4629 0.8754 -0.1396
vn -0.8541 -0.4753 -0.2110
vn 0.2905 -0.1542 0.9444
vn 0.3637 -0.3090 0.8788
vn 0.4923 -0.1218 0.8619
vn 0.4244 0.0423 0.9045
vn 0.3440 0.1824 0.9211
vn 0.2222 -0.0324 0.9745
vn 0.1314 -0.1820 0.9745
vn 0.2019 -0.3067 0.9301
vn 0.2567 -0.4577 0.8513
vn 0.4473 -0.8029 0.3940
vn 0.0919 -0.9706 0.2224
vn 0.2312 -0.8330 0.5026
vn 0.4777 -0.7446 0.4663
vn 0.5475 -0.6982 0.4613
vn 0.5302 -0.7430 0.4084
vn 0.4426 -0.7286 0.5228
vn 0.3147 -0.8236 0.4719
vn -0.1043 -0.9707 0.2164
vn 0.1277 0.0729 0.9891
vn 0.2405 0.2960 0.9244
vn 0.1974 0.3512 0.9153
vn 0.1147 0.1111 0.9872
vn 0.1075 0.0169 0.9941
vn 0.0948 -0.0163 0.9954
vn 0.7537 0.3700 0.5432
vn 0.5801 0.4349 0.6887
vn 0.5224 0.2093 0.8266
vn 0.6490 0.1600 0.7437
vn 0.7798 0.1450 0.6090
vn 0.8761 0.2977 0.3793
vn 0.8928 0.3224 0.3146
vn 0.7741 0.3692 0.5143
vn 0.6004 0.3796 0.7039
vn 0.5736 -0.6718 0.4686
vn 0.7844 -0.5656 0.2546
vn 0.8407 -0.4742 0.2615
vn 0.6349 -0.6185 0.4630
vn 0.4457 -0.7448 0.4967
vn 0.6409 -0.6994 0.3162
vn 0.1056 0.5640 0.8190
vn 0.1101 0.4767 0.8722
vn -0.0003 0.5584 0.8296
vn 0.0763 0.3902 0.9176
vn 0.1170 0.3905 0.9131
vn 0.1541 0.5755 0.8032
vn 0.1588 0.4767 0.8646
vn 0.1951 0.8872 -0.4180
vn 0.1883 0.8835 -0.4290
vn 0.1808 0.8917 -0.4151
vn 0.2789 0.8602 -0.4269
vn 0.2958 0.8655 -0.4043
vn 0.3908 0.8617 0.3235
vn 0.4064 0.8501 0.3350
vn 0.5241 0.8071 0.2720
vn 0.4998 0.8166 0.2889
vn 0.2811 0.8331 0.4763
vn 0.3128 0.9045 0.2899
vn 0.2419 0.9323 0.2690
vn 0.2709 0.8973 0.3485
vn 0.1199 0.9860 0.1157
vn 0.2024 0.9706 0.1301
vn 0.2095 0.9691 -0.1303
vn 0.1310 0.9849 -0.1131
vn 0.1377 0.9577 0.2527
vn 0.9100 -0.2850 0.3010
vn 0.9674 -0.1058 0.2300
vn 0.9426 -0.0846 0.3229
vn 0.8879 -0.2432 0.3904
vn 0.8484 -0.3156 0.4249
vn 0.8426 -0.3885 0.3729
vn 0.8010 -0.4806 0.3569
vn 0.9221 -0.2908 0.2553
vn 0.9776 -0.1175 0.1747
vn 0.1747 -0.3898 0.9042
vn 0.6388 0.5435 0.5446
vn 0.7709 0.4214 0.4776
vn 0.1468 -0.4454 0.8832
vn -0.4837 -0.7554 0.4420
vn -0.4006 -0.7792 0.4820
vn -0.5369 -0.4132 0.7355
vn -0.1811 0.1927 0.9644
vn 0.6360 0.4771 0.6065
vn 0.5941 0.3783 0.7099
vn 0.6754 0.3681 0.6390
vn 0.7189 0.5535 0.4206
vn 0.7041 0.3870 0.5954
vn 0.6794 0.2087 0.7034
vn 0.6771 -0.0648 0.7330
vn 0.4860 0.3128 0.8161
vn 0.4453 0.3031 0.8425
vn 0.9410 0.2533 0.2245
vn 0.9424 0.1619 0.2926
vn 0.9691 0.1660 0.1824
vn 0.9599 0.2466 0.1329
vn 0.9526 0.2812 0.1162
vn 0.9423 0.2878 0.1708
vn 0.1467 0.9187 0.3668
vn -0.0016 0.9276 0.3736
vn 0.9139 0.3861 0.1252
vn 0.8214 0.2443 0.5154
vn 0.7963 0.5793 0.1741
vn 0.8425 0.5216 0.1351
vn 0.9345 0.3463 0.0820
vn 0.9573 0.2795 0.0735
vn 0.9511 0.2789 0.1325
vn 0.8037 0.0939 0.5876
vn 0.2021 0.9720 0.1203
vn 0.0056 0.9908 0.1349
vn 0.1612 0.9404 -0.2993
vn 0.2156 0.9587 -0.1854
vn 0.1321 -0.6896 0.7121
vn 0.1093 -0.5607 0.8208
vn 0.0027 -0.8508 0.5255
vn 0.1565 -0.8343 0.5287
vn 0.2616 -0.8006 0.5390
vn 0.2487 -0.6496 0.7185
vn 0.2292 -0.4978 0.8365
vn 0.8892 -0.4554 0.0436
vn 0.7420 -0.6578 0.1295
vn 0.9320 -0.3527 0.0840
vn 0.8330 -0.1921 0.5189
vn 0.8927 -0.0616 0.4465
vn 0.6866 0.0383 0.7260
vn 0.6479 -0.0329 0.7610
vn 0.7945 -0.2762 0.5408
vn 0.0893 0.3333 0.9386
vn 0.0646 0.3492 0.9348
vn 0.0003 0.3628 0.9319
vn 0.1298 0.3139 0.9405
vn 0.0959 0.3206 0.9423
vn 0.5637 0.2696 0.7808
vn 0.6177 0.1245 0.7765
vn 0.6511 0.3871 0.6528
vn 0.4711 0.3556 0.8072
vn 0.4597 0.3902 0.7978
vn 0.9978 0.0150 0.0640
vn 0.9867 0.1492 0.0641
vn 0.9800 0.1755 0.0935
vn 0.9905 0.0637 0.1222
vn 0.9839 -0.1485 0.0991
vn 0.6396 -0.0943 0.7629
vn 0.6966 -0.2972 0.6530
vn 0.5518 -0.3294 0.7661
vn 0.6161 -0.5207 0.5910
vn 0.2413 0.1488 0.9590
vn 0.7343 0.0998 0.6715
vn 0.3596 0.0127 0.9330
vn 0.2606 0.0388 0.9647
vn 0.1763 0.1779 0.9681
vn 0.1940 0.2376 0.9518
vn 0.2184 0.2188 0.9510
vn 0.0189 -0.4669 0.8841
vn 0.7998 -0.1126 0.5896
vn 0.3515 -0.8164 0.4582
vn 0.0294 -0.9087 0.4165
vn -0.4015 -0.5956 0.6958
vn -0.5135 -0.5946 0.6187
vn 0.0030 -0.4023 0.9155
vn 0.4412 0.0268 0.8970
vn 0.4353 -0.0700 0.8975
vn 0.4061 0.2407 0.8816
vn 0.4430 0.1351 0.8863
vn 0.5261 0.1826 0.8306
vn 0.5409 0.0548 0.8393
vn 0.4926 -0.0475 0.8690
vn 0.6265 0.7420 0.2386
vn 0.6730 0.7087 0.2119
vn 0.4252 0.4199 0.8018
vn 0.3649 0.3665 0.8559
vn 0.4638 0.3202 0.8261
vn 0.3928 0.2618 0.8816
vn -0.0683 -0.4427 0.8941
vn 0.0250 -0.2239 0.9743
vn 0.0026 -0.9649 0.2625
vn -0.2724 -0.8869 0.3732
vn -0.3607 -0.8139 0.4555
vn 0.0036 -0.4304 0.9026
vn 0.4367 -0.5039 0.7453
vn 0.5016 -0.6726 0.5440
vn 0.3418 -0.6161 0.7097
vn 0.6930 0.5111 -0.5084
vn 0.5243 0.6058 -0.5985
vn 0.5788 0.4512 -0.6792
vn 0.6758 0.3419 -0.6530
vn 0.5017 0.7138 -0.4887
vn 0.3804 0.7584 -0.5292
vn 0.9820 0.1716 -0.0790
vn 0.9883 0.1519 -0.0136
vn -0.2687 0.9057 0.3278
vn -0.4317 0.7251 0.5365
vn -0.4318 0.7250 0.5366
vn 0.1145 0.9813 -0.1548
vn 0.0359 0.9718 -0.2332
vn 0.2782 0.8718 -0.4032
vn 0.2468 0.8972 -0.3662
vn 0.2648 0.8507 -0.4541
vn 0.2974 0.8391 -0.4555
vn 0.3146 0.8425 -0.4373
vn 0.3383 0.8526 -0.3984
vn 0.3545 0.8302 -0.4303
vn 0.4345 0.1755 0.8834
vn 0.3912 0.1996 0.8984
vn 0.3306 0.2528 0.9093
vn 0.5767 0.2347 0.7825
vn 0.5159 0.0922 0.8517
vn 0.3801 0.1093 0.9185
vn 0.3697 0.2043 0.9064
vn 0.9274 0.0114 0.3739
vn 0.9426 0.0084 0.3338
vn 0.8995 0.2598 0.3513
vn 0.8927 0.2500 0.3751
vn 0.8193 0.2091 0.5339
vn 0.8241 0.0773 0.5611
vn 0.8818 -0.2034 0.4255
vn 0.8950 -0.2184 0.3889
vn 0.1037 -0.3973 0.9118
vn 0.3141 -0.2061 0.9267
vn 0.2406 -0.0988 0.9656
vn -0.0063 -0.1644 0.9864
vn -0.0747 -0.1786 0.9811
vn 0.0468 -0.4377 0.8979
vn 0.2094 -0.5547 0.8053
vn 0.2417 -0.5139 0.8231
vn 0.7886 0.4419 0.4275
vn 0.7927 0.4657 0.3935
vn 0.6792 0.5666 0.4665
vn 0.6818 0.5394 0.4942
vn 0.6819 0.3711 0.6303
vn 0.7557 0.2999 0.5822
vn 0.4226 -0.0856 0.9023
vn 0.4029 -0.0627 0.9131
vn 0.7181 0.3931 0.5743
vn 0.6675 0.2643 0.6961
vn 0.3165 0.2311 0.9200
vn 0.2898 0.2547 0.9226
vn 0.4206 0.1989 0.8852
vn 0.4465 0.2438 0.8609
vn -0.3838 0.6403 0.6654
vn -0.6356 -0.4556 0.6232
vn -0.7358 -0.4292 0.5238
vn -0.2439 0.4998 0.8311
vn -0.2439 0.4997 0.8311
vn 0.4888 0.8188 0.3011
vn 0.2837 0.9585 0.0284
vn 0.1581 0.9288 -0.3351
vn 0.6579 0.7055 -0.2637
vn 0.5258 0.7334 -0.4308
vn 0.4376 0.8081 -0.3943
vn 0.5844 0.7730 -0.2471
vn 0.7545 0.6555 -0.0338
vn 0.8032 0.5938 -0.0479
vn 0.8534 0.5142 -0.0850
vn 0.7399 0.5927 -0.3181
vn 0.6241 0.5827 -0.5206
vn 0.7250 -0.3615 -0.5863
vn 0.6101 0.1341 -0.7809
vn 0.6432 0.1753 -0.7454
vn 0.6540 -0.5353 -0.5346
vn 0.7250 -0.3615 -0.5862
vn 0.8847 0.2369 -0.4015
vn 0.1602 0.8944 -0.4176
vn 0.1603 0.8944 -0.4176
vn 0.2979 0.9105 -0.2868
vn 0.3007 0.8201 -0.4868
vn 0.2571 0.8437 -0.4712
vn 0.7900 0.4535 -0.4126
vn 0.6572 0.3903 -0.6448
vn 0.8938 0.4215 -0.1533
vn 0.9339 0.2325 -0.2717
vn 0.8145 0.2546 -0.5213
vn 0.5882 0.2974 -0.7521
vn 0.5583 0.5098 -0.6545
vn 0.2646 0.8660 -0.4244
vn 0.3435 0.8711 -0.3510
vn 0.3664 0.7975 -0.4794
vn 0.4660 0.6971 -0.5448
vn 0.0338 -0.4277 0.9033
vn 0.8214 0.2444 0.5154
vn -0.5554 -0.6610 0.5047
vn 0.8026 0.5514 0.2274
vn 0.6934 0.7204 0.0159
vn 0.6002 0.6022 0.5265
vn 0.5885 0.4245 0.6881
vn 0.8095 0.3925 0.4367
vn 0.8695 0.3535 0.3451
vn 0.8523 0.4995 0.1554
vn 0.9427 0.3321 0.0318
vn 0.9128 0.3988 0.0877
vn 0.9373 0.2749 0.2141
vn 0.9659 0.2169 0.1414
vn 0.9997 0.0106 -0.0227
vn 0.9848 0.1368 -0.1070
vn 0.5809 -0.6691 -0.4635
vn 0.6609 -0.6025 -0.4475
vn 0.4995 -0.7264 -0.4722
vn 0.5809 -0.6692 -0.4635
vn 0.4994 -0.7264 -0.4722
vn -0.6957 -0.6126 -0.3751
vn -0.6376 -0.7178 -0.2795
vn -0.5137 -0.8539 -0.0830
vn 0.6608 -0.6025 -0.4475
vn 0.5038 0.8388 -0.2064
vn -0.5441 -0.7528 0.3706
vn -0.5761 -0.7341 0.3595
vn -0.7490 -0.6524 0.1159
vn -0.7281 -0.6700 0.1447
vn -0.6218 -0.6347 0.4588
vn -0.2637 -0.9410 0.2119
vn -0.8160 -0.5582 0.1502
vn -0.8158 -0.5543 0.1649
vn -0.6419 -0.6234 0.4465
vn 0.6887 -0.5482 -0.4746
vn 0.6886 -0.5482 -0.4746
vn -0.6242 -0.6684 0.4045
vn -0.7882 -0.5979 0.1460
vn 0.9733 0.0719 0.2181
vn 0.9334 0.1451 0.3282
vn 0.8958 -0.1047 0.4319
vn 0.9410 -0.2227 0.2549
vn 0.9539 -0.2786 0.1115
vn 0.9883 -0.1466 0.0422
vn 0.4270 -0.7953 -0.4303
vn 0.3496 -0.9183 -0.1861
vn 0.3495 -0.9183 -0.1861
vn -0.6782 -0.6590 -0.3252
vn -0.6855 -0.6115 -0.3952
vn -0.9368 -0.2472 -0.2476
vn -0.9348 -0.3074 -0.1781
vn -0.7820 -0.5796 -0.2293
vn -0.8668 -0.4568 -0.1998
vn -0.9350 -0.2234 -0.2754
vn -0.9320 -0.3082 -0.1906
vn 0.8836 0.4514 0.1244
vn 0.9054 0.3173 0.2821
vn -0.1553 0.3108 0.9377
vn -0.8213 -0.3524 0.4487
vn -0.8800 -0.2414 0.4090
vn -0.1283 0.2212 0.9668
vn -0.8444 -0.5294 -0.0820
vn -0.8478 -0.5162 -0.1214
vn -0.8579 -0.3951 -0.3284
vn -0.8610 -0.3997 -0.3147
vn -0.8764 -0.4744 -0.0837
vn -0.8997 -0.4333 -0.0525
vn -0.8991 -0.3550 -0.2559
vn -0.8994 -0.4327 -0.0616
vn 0.2057 -0.9679 0.1444
vn 0.0951 -0.9017 0.4219
vn -0.0946 -0.7083 0.6996
vn 0.7899 0.0387 0.6120
vn 0.6486 0.1348 0.7491
vn -0.3006 -0.4275 0.8526
vn -0.0946 -0.7083 0.6995
vn -0.9176 -0.3865 -0.0927
vn -0.8910 -0.4039 -0.2072
vn -0.3125 -0.1980 0.9291
vn -0.9323 -0.3120 0.1829
vn 0.5077 0.1648 0.8456
vn 0.3776 0.1803 0.9082
vn -0.1441 0.0521 0.9882
vn -0.1441 0.0520 0.9882
vn -0.9240 -0.2082 0.3206
vn 0.7061 0.2530 0.6614
vn 0.4863 0.2673 0.8319
vn 0.8007 0.2307 0.5529
vn 0.8708 0.1983 0.4498
vn -0.1460 0.1687 0.9748
vn -0.9201 -0.1881 0.3434
vn -0.8211 -0.3134 -0.4769
vn -0.8157 -0.3062 -0.4908
vn -0.8893 -0.2641 -0.3734
vn 0.6019 0.3446 0.7204
vn 0.5494 0.6018 0.5796
vn 0.6482 0.2934 0.7027
vn 0.5041 0.3973 0.7669
vn 0.3936 0.5932 0.7022
vn 0.7130 0.0880 0.6956
vn 0.6912 -0.0181 0.7224
vn 0.6913 0.1713 0.7020
vn 0.5266 -0.1784 0.8312
vn 0.4035 -0.5682 0.7172
vn 0.4471 -0.2203 0.8669
vn 0.5753 -0.1577 0.8026
vn 0.5886 -0.5167 0.6217
vn 0.1172 0.0995 0.9881
vn -0.1271 0.1217 0.9844
vn -0.0349 0.3652 0.9303
vn 0.1677 0.2942 0.9409
vn 0.1992 -0.1193 0.9727
vn 0.3441 0.3960 0.8514
vn 0.1835 0.5330 0.8260
vn 0.6766 0.2435 0.6949
vn 0.6316 -0.1073 0.7678
vn 0.7607 -0.4071 0.5056
vn 0.3302 -0.2292 0.9157
vn 0.4318 -0.0345 0.9013
vn 0.2750 0.0405 0.9606
vn 0.5046 0.1117 0.8561
vn 0.3427 0.2022 0.9174
vn 0.2325 0.4985 0.8352
vn 0.3964 0.5881 0.7050
vn 0.0780 0.3217 0.9436
vn 0.4256 0.3535 0.8330
vn 0.4846 0.4546 0.7473
vn 0.5766 -0.7157 0.3940
vn 0.6232 -0.6630 0.4148
vn 0.6969 -0.5797 0.4222
vn 0.4530 -0.7938 0.4059
vn 0.8045 -0.3896 0.4484
vn 0.8838 -0.1812 0.4314
vn 0.5141 -0.6610 0.5466
vn 0.2653 -0.8949 0.3588
vn 0.2648 -0.9192 0.2916
vn 0.4359 -0.8362 0.3329
vn 0.7460 -0.5096 0.4287
vn 0.0531 -0.5303 0.8461
vn -0.4010 -0.8207 0.4069
vn -0.3991 -0.8502 0.3434
vn 0.0741 -0.6534 0.7534
vn 0.4624 -0.8186 0.3406
vn 0.6684 -0.5888 0.4545
vn 0.2857 -0.9130 0.2912
vn 0.3176 -0.8915 0.3229
vn 0.4387 -0.7893 0.4297
vn 0.5144 -0.6253 0.5868
vn -0.8394 0.3592 0.4078
vn -0.6775 0.1100 0.7273
vn -0.7552 -0.5991 0.2660
vn -0.9356 -0.2682 0.2297
vn -0.8783 -0.1114 0.4650
vn -0.7421 0.4365 0.5086
vn -0.5283 0.7555 0.3875
vn -0.4985 0.7848 0.3682
vn -0.1636 0.6748 0.7196
vn 0.2061 -0.9314 0.3000
vn 0.1744 -0.9457 0.2744
vn 0.0027 -0.8399 0.5428
vn 0.3593 -0.9002 0.2461
vn -0.6825 -0.7044 -0.1948
vn -0.5610 -0.7865 -0.2582
vn -0.5666 -0.7463 -0.3493
vn -0.6922 -0.6555 -0.3019
vn -0.7406 -0.6114 -0.2790
vn -0.7067 -0.6854 -0.1757
vn 0.7537 0.1013 0.6494
vn 0.4101 -0.1173 0.9045
vn 0.2844 0.8629 0.4177
vn 0.4809 0.8592 0.1747
vn 0.8663 0.2811 0.4129
vn -0.6648 -0.7315 -0.1515
vn -0.2954 -0.9114 0.2865
vn -0.6648 -0.7315 -0.1514
vn -0.7504 -0.6127 -0.2482
vn -0.6990 -0.6878 -0.1956
vn -0.5290 -0.8412 -0.1118
vn 0.5752 0.8101 -0.1132
vn 0.7418 0.4365 0.5091
vn 0.8897 0.3390 0.3057
vn 0.6911 0.6953 -0.1973
vn 0.3170 0.8190 -0.4783
vn 0.1448 0.8109 -0.5669
vn 0.0662 0.7936 -0.6048
vn 0.4352 0.8918 0.1236
vn -0.3004 -0.8797 -0.3687
vn -0.3154 -0.8511 -0.4198
vn 0.1648 -0.7612 0.6272
vn 0.2612 0.9311 -0.2546
vn 0.5309 0.7954 -0.2925
vn 0.6067 0.7901 -0.0872
vn 0.3433 0.9330 -0.1081
vn 0.4473 0.8851 0.1288
vn 0.4583 0.8872 0.0529
vn 0.2605 0.9652 -0.0231
vn 0.0614 0.9010 -0.4295
vn 0.2961 0.9551 -0.0092
vn 0.5554 0.8298 0.0543
vn 0.2043 0.9757 0.0786
vn 0.0502 0.9652 0.2565
vn 0.2191 0.9542 0.2036
vn -0.0798 0.8329 -0.5476
vn 0.1134 0.9893 -0.0913
vn 0.0651 0.9898 -0.1269
vn -0.0970 0.7853 -0.6115
vn -0.7608 -0.6277 -0.1646
vn -0.7252 -0.6615 -0.1912
vn -0.6263 -0.7640 0.1551
vn -0.6550 -0.7255 0.2111
vn -0.6765 -0.6711 0.3032
vn -0.7638 -0.6334 -0.1238
vn 0.2155 0.9374 0.2734
vn 0.0245 0.7775 -0.6284
vn -0.0025 0.7669 -0.6418
vn -0.3732 -0.9275 -0.0185
vn -0.3733 -0.9275 -0.0185
vn -0.6373 -0.7654 -0.0895
vn -0.2960 -0.8889 0.3497
vn 0.8174 0.5663 -0.1056
vn 0.9425 0.1090 0.3159
vn 0.8858 0.4490 0.1169
vn 0.8838 0.3684 0.2885
vn -0.0616 -0.5158 0.8545
vn 0.2766 -0.7051 0.6529
vn -0.4523 0.5877 0.6708
vn -0.1624 0.7352 0.6581
vn -0.2257 0.8932 0.3889
vn -0.5859 0.1215 0.8012
vn -0.3091 0.3526 0.8833
vn -0.1106 -0.6146 0.7811
vn 0.1114 0.2351 0.9656
vn 0.1283 0.2374 0.9629
vn -0.1976 -0.5916 0.7816
vn -0.4529 -0.8744 0.1742
vn -0.2789 -0.9446 0.1733
vn -0.1861 -0.5406 0.8205
vn 0.4783 0.0547 0.8765
vn 0.3369 0.0711 0.9388
vn -0.2352 -0.4358 0.8687
vn -0.2578 -0.5861 0.7681
vn 0.3737 0.1171 0.9201
vn 0.1705 0.7067 0.6866
vn -0.0307 0.2103 0.9771
vn 0.5545 0.5895 0.5874
vn -0.2676 -0.5964 0.7568
vn 0.1855 0.1938 0.9633
vn -0.5542 -0.8183 0.1525
vn -0.0743 0.9717 0.2243
vn -0.7920 -0.6102 -0.0215
vn -0.7762 -0.5005 0.3833
vn -0.6570 -0.7250 -0.2064
vn -0.5435 -0.8092 -0.2233
vn -0.3250 -0.9096 -0.2589
vn 0.0018 -0.9599 -0.2803
vn -0.0515 0.7633 -0.6440
vn 0.0352 0.9886 -0.1464
vn 0.3703 0.7882 0.4916
vn 0.5956 0.6631 0.4535
vn 0.2395 0.8327 0.4993
vn -0.4386 -0.2223 0.8708
vn 0.7037 0.5522 0.4471
vn 0.1515 0.8504 0.5038
vn 0.4798 -0.8404 0.2521
vn 0.4463 -0.8084 0.3838
vn 0.3859 -0.7602 0.5226
vn -0.9199 0.3100 0.2400
vn -0.7709 -0.6278 0.1081
vn -0.5226 0.7620 0.3825
vn 0.0157 -0.9996 -0.0241
vn 0.7460 -0.6471 0.1572
vn 0.9447 0.2516 0.2102
vn 0.6054 0.7197 0.3400
vn 0.0717 0.8601 0.5051
vn -0.0482 0.7703 0.6358
vn -0.5860 0.6532 0.4795
vn 0.5225 0.7074 0.4760
vn 0.9516 0.2370 0.1959
vn 0.7190 -0.6943 -0.0320
vn 0.0275 -0.9933 -0.1121
vn 0.0274 -0.9933 -0.1121
vn -0.6446 -0.7624 -0.0573
vn -0.9727 0.1215 0.1975
vn 0.2229 0.2919 0.9301
vn 0.1794 0.2954 0.9384
vn 0.2340 0.4715 0.8503
vn 0.2904 0.4414 0.8490
vn 0.7850 0.3213 0.5297
vn 0.9155 0.2781 0.2907
vn 0.9160 0.3100 0.2546
vn 0.7876 0.4490 0.4220
vn 0.6152 0.5873 0.5259
vn 0.6133 0.3518 0.7072
vn 0.4804 0.3537 0.8025
vn 0.4496 0.6811 0.5779
vn 0.3442 0.3904 0.8539
vn 0.1475 0.1349 0.9798
vn 0.1739 0.3869 0.9056
vn 0.1116 0.1673 0.9796
vn 0.1735 0.0281 0.9844
vn 0.1959 -0.0219 0.9804
vn 0.1053 0.3318 0.9375
vn 0.1021 0.3745 0.9216
vn 0.0544 0.3927 0.9180
vn 0.1285 0.2869 0.9493
vn 0.3325 0.5013 0.7988
vn 0.2713 0.5566 0.7852
vn 0.3286 0.3368 0.8824
vn 0.3092 0.2828 0.9080
vn 0.9290 0.0638 0.3646
vn 0.9666 0.0678 0.2472
vn 0.9714 0.2141 0.1024
vn 0.9699 0.2353 0.0628
vn 0.4091 -0.5561 0.7235
vn 0.5871 -0.5279 0.6137
vn 0.5510 0.5899 0.5902
vn 0.5878 0.4224 0.6899
vn 0.5690 0.2539 0.7821
vn 0.6519 0.2085 0.7291
vn 0.7582 -0.4009 0.5142
vn -0.0103 0.1060 0.9943
vn 0.7232 0.1526 0.6735
vn 0.9501 0.2976 0.0932
vn 0.8885 0.4260 0.1705
vn 0.9587 0.2522 0.1319
vn 0.9618 0.2606 0.0840
vn 0.9607 0.2678 0.0737
vn 0.9625 0.2550 0.0924
vn 0.9771 0.1759 0.1201
vn 0.9661 0.2458 0.0796
vn 0.9594 0.2672 0.0904
vn 0.9536 0.2891 0.0841
vn 0.9534 0.2868 0.0940
vn 0.0667 0.0552 0.9962
vn 0.0730 0.1429 0.9871
vn 0.1405 -0.1272 0.9819
vn 0.0665 -0.0600 0.9960
vn 0.0958 -0.1279 0.9872
vn 0.0369 0.4369 0.8988
vn 0.4036 0.8344 0.3754
vn 0.5599 0.7613 0.3271
vn 0.1788 0.4103 0.8943
vn 0.0552 0.1947 0.9793
vn 0.1582 -0.2266 0.9611
vn 0.2145 0.5769 0.7881
vn 0.1965 0.4693 0.8609
vn 0.1549 0.2972 0.9422
vn 0.9683 0.2393 0.0714
vn 0.9836 0.0689 0.1667
vn 0.6610 -0.6008 0.4495
vn 0.8401 -0.4370 0.3214
vn 0.9368 -0.2960 0.1863
vn 0.9566 0.2563 0.1385
vn 0.7392 0.6157 0.2729
vn 0.7761 -0.3992 0.4882
vn 0.1694 -0.9249 0.3405
vn 0.0026 -0.9635 0.2676
vn 0.1684 -0.9463 0.2759
vn 0.0427 -0.2746 0.9606
vn 0.0020 -0.3756 0.9268
vn 0.0624 -0.3499 0.9347
vn 0.6058 -0.4396 0.6632
vn 0.6140 -0.2121 0.7602
vn 0.1690 -0.9463 0.2756
vn 0.0822 -0.4426 0.8930
vn 0.1725 -0.3699 0.9129
vn 0.4379 -0.1115 0.8921
vn -0.8041 0.5878 0.0892
vn -0.8772 0.0604 -0.4763
vn -0.9606 -0.1788 -0.2126
vn -0.8837 0.3434 0.3179
vn -0.3093 0.6734 0.6714
vn -0.2556 0.8088 0.5296
vn -0.3525 0.7121 0.6071
vn -0.7467 0.6649 -0.0176
vn -0.6890 0.2939 -0.6625
vn -0.8019 -0.0709 0.5932
vn -0.8657 -0.4925 0.0895
vn -0.6997 -0.6662 0.2579
vn -0.6236 -0.2893 0.7263
vn -0.1205 0.0475 0.9916
vn -0.2241 0.3420 0.9126
vn 0.8170 -0.4740 -0.3284
vn 0.9717 0.1083 0.2101
vn 0.9475 -0.1045 0.3023
vn 0.8029 -0.5704 -0.1730
vn 0.1801 -0.9219 -0.3430
vn 0.1844 -0.8347 -0.5189
vn 0.1515 -0.7955 -0.5867
vn 0.8215 -0.4945 -0.2838
vn 0.9459 0.2283 0.2304
vn 0.5066 0.4298 0.7474
vn 0.6025 0.1717 0.7795
vn 0.4562 0.6605 0.5964
vn -0.4785 -0.8091 -0.3410
vn -0.3921 -0.9078 -0.1491
vn -0.5111 -0.6396 -0.5742
vn -0.1461 -0.2313 0.9618
vn -0.5774 0.4459 0.6839
vn 0.2618 0.2660 0.9278
vn 0.6290 -0.4975 0.5974
vn 0.2933 -0.7562 0.5850
vn 0.1205 -0.8666 0.4843
vn -0.4423 -0.4759 0.7602
vn -0.7571 0.2590 0.5998
vn 0.6922 -0.7153 -0.0959
vn 0.8846 -0.0832 0.4589
vn 0.1621 -0.7921 -0.5885
vn 0.2939 -0.6227 -0.7251
vn 0.6223 -0.7791 -0.0760
vn 0.4416 0.5947 0.6718
vn -0.4364 -0.4839 -0.7586
vn -0.2446 -0.2018 -0.9484
vn 0.6382 0.5492 -0.5396
vn 0.9471 0.0370 -0.3187
vn 0.7922 -0.1465 -0.5924
vn 0.3921 0.3803 -0.8377
vn -0.1722 0.7201 -0.6722
vn 0.0425 0.8738 -0.4844
vn 0.0821 0.9763 -0.2004
vn 0.7018 0.6960 -0.1516
vn 0.9843 0.1751 0.0224
vn 0.0637 0.1338 -0.9890
vn 0.5484 -0.3776 -0.7461
vn -0.4409 0.5323 -0.7227
vn -0.7204 0.6915 -0.0540
vn -0.6785 0.7295 -0.0862
vn 0.6568 -0.7517 -0.0602
vn 0.7296 -0.6839 -0.0032
vn 0.7296 -0.6838 -0.0032
vn -0.7781 0.5677 -0.2690
vn -0.1004 0.9945 -0.0297
vn -0.6833 0.7252 -0.0849
vn -0.9974 -0.0702 0.0129
vn -0.8626 -0.3075 -0.4017
vn -0.5670 -0.3984 -0.7210
vn -0.6189 0.4486 -0.6448
vn -0.2312 0.9688 -0.0895
vn -0.6400 0.7631 -0.0893
vn -0.9202 0.1540 0.3600
vn 0.7974 -0.5939 0.1070
vn 0.0671 -0.9300 0.3613
vn 0.7974 -0.5938 0.1070
vn 0.8173 -0.5138 0.2609
vn 0.0737 -0.9681 0.2395
vn -0.6308 -0.6578 0.4117
vn -0.6217 -0.7831 0.0141
vn -0.2778 -0.9136 -0.2968
vn -0.4652 -0.3298 -0.8215
vn -0.2617 -0.9275 -0.2670
vn 0.1492 -0.9140 0.3772
vn -0.0220 -0.9142 0.4046
vn -0.2421 -0.8624 0.4445
vn -0.6563 -0.7506 -0.0769
vn -0.6784 -0.2851 -0.6771
vn 0.7580 -0.4350 0.4860
vn 0.1773 -0.9473 0.2668
vn 0.8729 0.2877 0.3940
vn 0.5777 0.3181 0.7517
vn 0.5203 -0.4007 0.7541
vn -0.4362 -0.8804 -0.1863
vn 0.5423 0.8160 0.2002
vn 0.2726 0.8552 0.4409
vn -0.9033 -0.0864 0.4203
vn -0.2964 -0.4090 0.8630
vn -0.1084 0.1558 0.9818
vn -0.4549 0.5694 0.6847
vn -0.5353 0.8445 -0.0167
vn -0.8468 0.3600 -0.3917
vn -0.0177 0.8042 0.5941
vn 0.1841 0.2466 0.9515
vn -0.3237 0.9373 -0.1294
vn -0.4741 0.4445 -0.7601
vn 0.1704 -0.4362 0.8836
vt 0.525505 0.811320
vt 0.505654 0.822930
vt 0.506117 0.852669
vt 0.528927 0.838009
vt 0.555297 0.821925
vt 0.541501 0.799475
vt 0.528233 0.775402
vt 0.515618 0.782403
vt 0.500492 0.789104
vt 0.937378 0.266586
vt 0.938451 0.253618
vt 0.915864 0.254125
vt 0.915023 0.267820
vt 0.913570 0.283722
vt 0.937520 0.281886
vt 0.081097 0.664958
vt 0.064160 0.674660
vt 0.073585 0.690262
vt 0.086176 0.686084
vt 0.100705 0.683606
vt 0.096742 0.660849
vt 0.921712 0.884513
vt 0.906817 0.872617
vt 0.892649 0.891833
vt 0.903935 0.901815
vt 0.917289 0.908922
vt 0.938109 0.887887
vt 0.435064 0.746389
vt 0.430755 0.728208
vt 0.413958 0.726059
vt 0.412409 0.740000
vt 0.409743 0.766103
vt 0.431405 0.767373
vt 0.083409 0.714320
vt 0.078491 0.744765
vt 0.097887 0.749417
vt 0.100490 0.715154
vt 0.067966 0.710152
vt 0.059999 0.737955
vt 0.889360 0.303120
vt 0.886443 0.323911
vt 0.907252 0.327960
vt 0.910846 0.304941
vt 0.891787 0.283952
vt 0.871694 0.283584
vt 0.871664 0.301601
vt 0.871631 0.321482
vt 0.316025 0.721233
vt 0.318204 0.762122
vt 0.342090 0.762932
vt 0.340639 0.722575
vt 0.342703 0.684109
vt 0.316117 0.680972
vt 0.280419 0.679581
vt 0.281602 0.720259
vt 0.284118 0.761188
vt 0.231296 0.718657
vt 0.231325 0.760366
vt 0.232491 0.677809
vt 0.185774 0.676532
vt 0.182953 0.716939
vt 0.179665 0.759853
vt 0.966235 0.071543
vt 0.977130 0.047855
vt 0.954708 0.026090
vt 0.946605 0.061179
vt 0.932909 0.093918
vt 0.957770 0.103156
vt 0.322059 0.651017
vt 0.282199 0.651731
vt 0.353180 0.654405
vt 0.948715 0.141751
vt 0.926310 0.138449
vt 0.920747 0.175912
vt 0.941909 0.178885
vt 0.234102 0.651484
vt 0.188019 0.651244
vt 0.725181 0.776147
vt 0.730366 0.798842
vt 0.757416 0.797095
vt 0.746486 0.777640
vt 0.318386 0.855471
vt 0.337536 0.868414
vt 0.346342 0.848517
vt 0.320730 0.831674
vt 0.286368 0.824281
vt 0.286517 0.850285
vt 0.695242 0.778261
vt 0.699723 0.802082
vt 0.650473 0.786106
vt 0.657835 0.808712
vt 0.236745 0.847806
vt 0.232616 0.820929
vt 0.180280 0.822462
vt 0.188090 0.848342
vt 0.607440 0.794824
vt 0.615605 0.815634
vt 0.231251 0.792047
vt 0.285650 0.794238
vt 0.178135 0.792910
vt 0.320004 0.798845
vt 0.343211 0.802873
vt 0.883632 0.344986
vt 0.881480 0.365412
vt 0.900319 0.379374
vt 0.903020 0.350941
vt 0.871597 0.341725
vt 0.871565 0.361419
vt 0.074401 0.771407
vt 0.070388 0.799376
vt 0.093217 0.808993
vt 0.096021 0.779340
vt 0.051533 0.763419
vt 0.045100 0.791599
vt 0.886255 0.853941
vt 0.862392 0.828550
vt 0.849004 0.846139
vt 0.874596 0.874263
vt 0.423393 0.797177
vt 0.403325 0.798101
vt 0.397393 0.835633
vt 0.414187 0.833283
vt 0.360283 0.802879
vt 0.361433 0.844556
vt 0.372673 0.841118
vt 0.373998 0.801260
vt 0.376730 0.764409
vt 0.360726 0.763672
vt 0.840922 0.791815
vt 0.831038 0.795961
vt 0.408731 0.873831
vt 0.396988 0.876537
vt 0.401898 0.914215
vt 0.409313 0.912160
vt 0.836179 0.752322
vt 0.829580 0.752713
vt 0.063319 0.186042
vt 0.089047 0.216123
vt 0.117351 0.207051
vt 0.093318 0.168227
vt 0.063437 0.123799
vt 0.031451 0.164281
vt 0.375579 0.668109
vt 0.363078 0.691404
vt 0.380805 0.701419
vt 0.394369 0.687440
vt 0.360068 0.725409
vt 0.377097 0.729465
vt 0.155554 0.796020
vt 0.155372 0.828761
vt 0.157854 0.759544
vt 0.144900 0.758987
vt 0.142024 0.796537
vt 0.136307 0.837514
vt 0.157617 0.716855
vt 0.155321 0.677496
vt 0.134240 0.679789
vt 0.141053 0.717485
vt 0.939516 0.206111
vt 0.918181 0.204197
vt 0.917098 0.225120
vt 0.939116 0.225937
vt 0.154719 0.652300
vt 0.130474 0.654571
vt 0.582052 0.798502
vt 0.583528 0.819233
vt 0.160665 0.852656
vt 0.146183 0.860494
vt 0.566751 0.799543
vt 0.584039 0.840513
vt 0.584904 0.861315
vt 0.619723 0.859807
vt 0.618901 0.837406
vt 0.553739 0.846388
vt 0.555645 0.865706
vt 0.895150 0.202683
vt 0.896781 0.174183
vt 0.871875 0.173674
vt 0.871828 0.202050
vt 0.871793 0.223299
vt 0.894275 0.223962
vt 0.785299 0.843049
vt 0.778124 0.871864
vt 0.793956 0.881216
vt 0.803821 0.855512
vt 0.803767 0.823192
vt 0.782976 0.811256
vt 0.763097 0.833166
vt 0.759662 0.864681
vt 0.859088 0.898818
vt 0.842613 0.883498
vt 0.827139 0.909612
vt 0.840000 0.922333
vt 0.849973 0.932467
vt 0.872405 0.911857
vt 0.017033 0.751788
vt 0.010812 0.783899
vt 0.029277 0.723554
vt 0.939737 0.354509
vt 0.942566 0.329490
vt 0.938952 0.381108
vt 0.661043 0.833284
vt 0.661841 0.859013
vt 0.703242 0.858448
vt 0.702740 0.829661
vt 0.735713 0.829153
vt 0.735243 0.860046
vt 0.899927 0.136833
vt 0.901192 0.098923
vt 0.871999 0.098744
vt 0.871937 0.136445
vt 0.896744 0.069061
vt 0.891072 0.044546
vt 0.872088 0.045054
vt 0.872048 0.069252
vt 0.918085 0.065022
vt 0.910328 0.041428
vt 0.045603 0.696026
vt 0.940567 0.304100
vt 0.881009 0.920004
vt 0.857016 0.939903
vt 0.862342 0.945937
vt 0.885988 0.926560
vt 0.892864 0.268221
vt 0.893340 0.253840
vt 0.871743 0.253491
vt 0.871719 0.268216
vt 0.486474 0.887398
vt 0.491151 0.896743
vt 0.510597 0.883304
vt 0.506378 0.870925
vt 0.483966 0.868016
vt 0.463296 0.882906
vt 0.470371 0.904297
vt 0.475619 0.912716
vt 0.519065 0.747693
vt 0.510961 0.752297
vt 0.538306 0.767939
vt 0.088205 0.907645
vt 0.109625 0.887589
vt 0.101244 0.879453
vt 0.081615 0.901579
vt 0.063901 0.925419
vt 0.070195 0.929655
vt 0.502546 0.726546
vt 0.495833 0.729140
vt 0.829439 0.720842
vt 0.821416 0.719958
vt 0.812878 0.747874
vt 0.822134 0.750920
vt 0.835724 0.721397
vt 0.844547 0.697803
vt 0.837005 0.699641
vt 0.829387 0.699809
vt 0.369000 0.884876
vt 0.377862 0.881693
vt 0.361386 0.888586
vt 0.373085 0.921321
vt 0.379178 0.919365
vt 0.386706 0.917467
vt 0.066218 0.830607
vt 0.087159 0.838806
vt 0.043826 0.824708
vt 0.043051 0.858586
vt 0.059964 0.861976
vt 0.077194 0.867124
vt 0.352707 0.894150
vt 0.770939 0.764654
vt 0.779611 0.771557
vt 0.796094 0.742229
vt 0.789150 0.738601
vt 0.366516 0.924206
vt 0.819646 0.792381
vt 0.805312 0.784859
vt 0.825028 0.834576
vt 0.553000 0.787128
vt 0.129496 0.871640
vt 0.117998 0.860139
vt 0.016895 0.821076
vt 0.449476 0.827839
vt 0.436831 0.859992
vt 0.469428 0.837465
vt 0.471350 0.796389
vt 0.455780 0.793383
vt 0.025572 0.857290
vt 0.859352 0.686120
vt 0.854115 0.683921
vt 0.852529 0.687459
vt 0.856862 0.691672
vt 0.437664 0.976048
vt 0.434867 0.970580
vt 0.430028 0.974208
vt 0.432371 0.977539
vt 0.433964 0.979903
vt 0.438110 0.981124
vt 0.859325 0.681109
vt 0.855249 0.681777
vt 0.378128 0.948580
vt 0.383358 0.946691
vt 0.801138 0.714998
vt 0.806877 0.717475
vt 0.815254 0.699412
vt 0.809926 0.697413
vt 0.387567 0.966177
vt 0.392303 0.964190
vt 0.389108 0.945704
vt 0.396482 0.944700
vt 0.398043 0.963858
vt 0.405352 0.963680
vt 0.841161 0.722396
vt 0.416384 0.941159
vt 0.410549 0.942953
vt 0.420572 0.965027
vt 0.425356 0.959264
vt 0.848907 0.703802
vt 0.830328 0.677445
vt 0.832723 0.684586
vt 0.838156 0.683063
vt 0.836394 0.674761
vt 0.408560 0.986553
vt 0.414935 0.988861
vt 0.415343 0.979837
vt 0.409708 0.978590
vt 0.404216 0.977897
vt 0.401982 0.982568
vt 0.824227 0.681703
vt 0.827125 0.685591
vt 0.841087 0.687253
vt 0.835105 0.688394
vt 0.845828 0.685915
vt 0.846974 0.681112
vt 0.843259 0.681914
vt 0.405384 0.973512
vt 0.411630 0.974537
vt 0.399975 0.973266
vt 0.395153 0.976473
vt 0.817478 0.687475
vt 0.822919 0.689957
vt 0.495019 0.706302
vt 0.488912 0.707522
vt 0.061547 0.951059
vt 0.055127 0.948164
vt 0.051106 0.968163
vt 0.058935 0.967676
vt 0.493171 0.690641
vt 0.485871 0.688854
vt 0.026383 0.888068
vt 0.037939 0.888590
vt 0.457825 0.764276
vt 0.468872 0.764042
vt 0.465611 0.738510
vt 0.457967 0.739492
vt 0.023953 0.914186
vt 0.031996 0.914377
vt 0.049520 0.890607
vt 0.062227 0.893909
vt 0.039647 0.916108
vt 0.048340 0.918979
vt 0.501305 0.756245
vt 0.490136 0.759923
vt 0.488726 0.731805
vt 0.480660 0.734659
vt 0.478225 0.684900
vt 0.474937 0.687801
vt 0.475790 0.696418
vt 0.480982 0.693286
vt 0.480621 0.682155
vt 0.478407 0.679188
vt 0.476563 0.681301
vt 0.473940 0.683870
vt 0.035422 0.938681
vt 0.042298 0.941785
vt 0.029449 0.936713
vt 0.029132 0.954371
vt 0.034508 0.956522
vt 0.040374 0.959686
vt 0.483379 0.709854
vt 0.476892 0.712817
vt 0.023201 0.936622
vt 0.458529 0.718377
vt 0.464558 0.717379
vt 0.465067 0.701111
vt 0.459448 0.701827
vt 0.023256 0.954228
vt 0.465144 0.681073
vt 0.470890 0.686071
vt 0.467800 0.677776
vt 0.028805 0.976764
vt 0.031447 0.980337
vt 0.037845 0.973949
vt 0.034867 0.971422
vt 0.031213 0.969517
vt 0.026452 0.972266
vt 0.462806 0.685089
vt 0.467333 0.687689
vt 0.024202 0.965537
vt 0.030699 0.964931
vt 0.460725 0.691291
vt 0.466872 0.691771
vt 0.483832 0.676871
vt 0.482473 0.675570
vt 0.480753 0.676907
vt 0.482915 0.678538
vt 0.486597 0.679739
vt 0.486298 0.677453
vt 0.486594 0.675680
vt 0.484716 0.675391
vt 0.483819 0.674140
vt 0.035013 0.966716
vt 0.038943 0.969464
vt 0.487727 0.670626
vt 0.490265 0.673209
vt 0.052477 0.988632
vt 0.055265 0.985936
vt 0.051376 0.983013
vt 0.049173 0.983339
vt 0.048104 0.984703
vt 0.049448 0.989824
vt 0.484925 0.669392
vt 0.045279 0.989814
vt 0.046608 0.983072
vt 0.044785 0.981577
vt 0.041192 0.988541
vt 0.481049 0.669275
vt 0.477217 0.670362
vt 0.048221 0.981581
vt 0.051174 0.980950
vt 0.051643 0.978439
vt 0.047316 0.979698
vt 0.491909 0.676119
vt 0.492616 0.679521
vt 0.057119 0.982875
vt 0.057983 0.979298
vt 0.857409 0.677363
vt 0.853344 0.680276
vt 0.436612 0.984964
vt 0.432200 0.981600
vt 0.431486 0.983616
vt 0.433713 0.987750
vt 0.854309 0.675047
vt 0.852592 0.678743
vt 0.430125 0.979970
vt 0.427987 0.978400
vt 0.427689 0.982282
vt 0.429527 0.982841
vt 0.431293 0.988889
vt 0.429346 0.989302
vt 0.851943 0.674085
vt 0.850086 0.673719
vt 0.849627 0.680055
vt 0.851064 0.679466
vt 0.851831 0.681677
vt 0.850250 0.683302
vt 0.325284 0.105961
vt 0.341560 0.118741
vt 0.357454 0.110682
vt 0.349083 0.091333
vt 0.336605 0.069575
vt 0.315115 0.084480
vt 0.295977 0.096779
vt 0.303329 0.112773
vt 0.304570 0.123462
vt 0.319180 0.121623
vt 0.332035 0.127509
vt 0.290209 0.195783
vt 0.292199 0.199101
vt 0.296359 0.197818
vt 0.294558 0.193638
vt 0.292434 0.188508
vt 0.287887 0.191474
vt 0.284099 0.193760
vt 0.286674 0.197300
vt 0.289082 0.199204
vt 0.321442 0.151475
vt 0.314287 0.143577
vt 0.305213 0.149370
vt 0.313702 0.157698
vt 0.320125 0.166440
vt 0.329002 0.160663
vt 0.337542 0.155483
vt 0.329261 0.146040
vt 0.320350 0.138024
vt 0.361017 0.303341
vt 0.371692 0.309219
vt 0.374188 0.306010
vt 0.362345 0.299139
vt 0.349730 0.295512
vt 0.349017 0.300116
vt 0.350990 0.306518
vt 0.360891 0.308311
vt 0.368873 0.312640
vt 0.165187 0.228532
vt 0.146510 0.195616
vt 0.142918 0.248537
vt 0.177072 0.302770
vt 0.186107 0.254460
vt 0.199306 0.226365
vt 0.185794 0.206482
vt 0.176438 0.181716
vt 0.926829 0.016509
vt 0.929801 0.034118
vt 0.946101 0.008712
vt 0.683660 0.437859
vt 0.704609 0.429789
vt 0.700657 0.411962
vt 0.680467 0.417836
vt 0.660829 0.418945
vt 0.662047 0.441657
vt 0.906444 0.020712
vt 0.120967 0.124463
vt 0.092108 0.105286
vt 0.118649 0.139122
vt 0.156154 0.147479
vt 0.147869 0.138407
vt 0.724316 0.415569
vt 0.740868 0.402484
vt 0.733802 0.399171
vt 0.719643 0.406500
vt 0.417749 0.975405
vt 0.422742 0.976405
vt 0.412712 0.963631
vt 0.420651 0.980803
vt 0.424606 0.981449
vt 0.828818 0.689589
vt 0.821762 0.699846
vt 0.842769 0.673487
vt 0.847607 0.673489
vt 0.421596 0.989845
vt 0.426688 0.989634
vt 0.403982 0.943866
vt 0.394456 0.915835
vt 0.791220 0.778016
vt 0.803846 0.745025
vt 0.387034 0.879037
vt 0.384223 0.838231
vt 0.813558 0.718909
vt 0.823531 0.868829
vt 0.811038 0.894576
vt 0.394116 0.734399
vt 0.392648 0.765243
vt 0.399093 0.712636
vt 0.115830 0.248900
vt 0.135538 0.280597
vt 0.414790 0.707956
vt 0.387877 0.799633
vt 0.042243 0.972630
vt 0.044742 0.975620
vt 0.045833 0.963158
vt 0.040355 0.976770
vt 0.042205 0.979075
vt 0.470740 0.674638
vt 0.473590 0.672368
vt 0.034523 0.983773
vt 0.037424 0.986298
vt 0.470353 0.715440
vt 0.472703 0.736950
vt 0.470222 0.699117
vt 0.049182 0.945095
vt 0.056783 0.922100
vt 0.471090 0.690228
vt 0.478892 0.762649
vt 0.484909 0.794495
vt 0.073203 0.897479
vt 0.091012 0.873040
vt 0.104280 0.849130
vt 0.114313 0.821663
vt 0.528101 0.857173
vt 0.531466 0.873286
vt 0.893704 0.239969
vt 0.871766 0.239399
vt 0.916440 0.240766
vt 0.119919 0.789090
vt 0.122124 0.754863
vt 0.120702 0.716534
vt 0.116410 0.681605
vt 0.938834 0.240906
vt 0.112118 0.657454
vt 0.485486 0.833759
vt 0.326773 0.216594
vt 0.321512 0.208539
vt 0.308308 0.219358
vt 0.312895 0.227009
vt 0.317741 0.235730
vt 0.332091 0.226287
vt 0.347464 0.216184
vt 0.339197 0.206355
vt 0.333920 0.197896
vt 0.269406 0.262787
vt 0.247086 0.264611
vt 0.243914 0.271752
vt 0.269430 0.267978
vt 0.292640 0.263413
vt 0.291783 0.257765
vt 0.289242 0.250953
vt 0.268783 0.256334
vt 0.248846 0.258374
vt 0.347650 0.199290
vt 0.343855 0.190195
vt 0.352669 0.208010
vt 0.356805 0.204716
vt 0.352944 0.195014
vt 0.350909 0.185223
vt 0.271928 0.154767
vt 0.274692 0.161715
vt 0.283724 0.154324
vt 0.281661 0.147415
vt 0.279310 0.141438
vt 0.269110 0.148110
vt 0.259242 0.154432
vt 0.262412 0.161818
vt 0.266044 0.172343
vt 0.234325 0.264433
vt 0.237742 0.258060
vt 0.229754 0.253447
vt 0.224283 0.264426
vt 0.220737 0.277792
vt 0.231607 0.273487
vt 0.364270 0.173050
vt 0.373836 0.170857
vt 0.372637 0.164849
vt 0.363238 0.166939
vt 0.355801 0.168875
vt 0.356920 0.175176
vt 0.357709 0.181728
vt 0.365103 0.179386
vt 0.374909 0.177153
vt 0.642709 0.400156
vt 0.627705 0.399528
vt 0.627020 0.419001
vt 0.643239 0.419297
vt 0.658240 0.400799
vt 0.656664 0.385189
vt 0.642801 0.384166
vt 0.628272 0.383435
vt 0.270687 0.086949
vt 0.257021 0.094412
vt 0.266929 0.117863
vt 0.279996 0.108045
vt 0.285002 0.077754
vt 0.271276 0.057839
vt 0.259037 0.063397
vt 0.246213 0.065612
vt 0.648399 0.338242
vt 0.646848 0.355361
vt 0.661347 0.355202
vt 0.663376 0.339322
vt 0.271405 0.025794
vt 0.256170 0.039677
vt 0.287819 0.045111
vt 0.306990 0.029210
vt 0.290106 0.008844
vt 0.629876 0.337831
vt 0.629253 0.355550
vt 0.247074 0.221311
vt 0.256408 0.217121
vt 0.249823 0.204941
vt 0.239949 0.207733
vt 0.228979 0.210768
vt 0.237306 0.226157
vt 0.248621 0.239623
vt 0.257156 0.230292
vt 0.261511 0.224006
vt 0.713318 0.130321
vt 0.723087 0.144372
vt 0.726946 0.141836
vt 0.718400 0.126920
vt 0.712211 0.106632
vt 0.704938 0.114875
vt 0.698703 0.126232
vt 0.707546 0.136407
vt 0.717903 0.148591
vt 0.292270 0.210593
vt 0.300696 0.206089
vt 0.298637 0.204587
vt 0.292232 0.207002
vt 0.286175 0.206720
vt 0.284594 0.211353
vt 0.281199 0.219145
vt 0.292683 0.215479
vt 0.303268 0.208640
vt 0.251825 0.165501
vt 0.240911 0.166246
vt 0.243300 0.175814
vt 0.254530 0.174794
vt 0.247724 0.158939
vt 0.240704 0.161308
vt 0.302532 0.064450
vt 0.322566 0.049200
vt 0.210998 0.118837
vt 0.226742 0.110874
vt 0.209126 0.091114
vt 0.196848 0.101992
vt 0.186202 0.115372
vt 0.195033 0.130240
vt 0.207120 0.145622
vt 0.226943 0.136472
vt 0.244782 0.130822
vt 0.246442 0.044976
vt 0.240113 0.049120
vt 0.670937 0.342165
vt 0.668964 0.356481
vt 0.675708 0.357883
vt 0.676284 0.343395
vt 0.319494 0.326922
vt 0.329883 0.347108
vt 0.343818 0.337246
vt 0.332991 0.319521
vt 0.326792 0.305553
vt 0.313464 0.310794
vt 0.298370 0.317169
vt 0.304718 0.334749
vt 0.314705 0.356236
vt 0.207509 0.263639
vt 0.203874 0.285686
vt 0.215467 0.242547
vt 0.266370 0.213369
vt 0.274369 0.209967
vt 0.269569 0.199268
vt 0.260759 0.201777
vt 0.270468 0.223254
vt 0.361190 0.157326
vt 0.370579 0.154757
vt 0.367471 0.141781
vt 0.357484 0.145290
vt 0.349216 0.149064
vt 0.353527 0.159930
vt 0.317649 0.202730
vt 0.313833 0.199250
vt 0.305483 0.213212
vt 0.329709 0.192139
vt 0.325003 0.186689
vt 0.206482 0.197182
vt 0.203174 0.179950
vt 0.214641 0.214674
vt 0.223865 0.193953
vt 0.221555 0.177728
vt 0.293461 0.221678
vt 0.281546 0.228130
vt 0.282150 0.235868
vt 0.295502 0.228680
vt 0.271228 0.187877
vt 0.271663 0.177353
vt 0.266371 0.186854
vt 0.274095 0.198146
vt 0.277189 0.197305
vt 0.274714 0.189274
vt 0.274956 0.180852
vt 0.754276 0.174570
vt 0.766055 0.182029
vt 0.776569 0.177914
vt 0.759691 0.171479
vt 0.744767 0.161121
vt 0.740799 0.163366
vt 0.737277 0.168339
vt 0.749632 0.179548
vt 0.759746 0.188070
vt 0.293076 0.159151
vt 0.293576 0.150530
vt 0.284959 0.161930
vt 0.285682 0.168607
vt 0.291990 0.166376
vt 0.298027 0.166954
vt 0.300888 0.159945
vt 0.242140 0.102680
vt 0.256576 0.125276
vt 0.227821 0.079894
vt 0.292787 0.142372
vt 0.303224 0.139212
vt 0.303448 0.132208
vt 0.291547 0.135710
vt 0.362894 0.225972
vt 0.375536 0.226121
vt 0.376403 0.214862
vt 0.361565 0.216753
vt 0.349966 0.229036
vt 0.352062 0.237186
vt 0.364195 0.234426
vt 0.375188 0.234019
vt 0.299721 0.236111
vt 0.285274 0.243502
vt 0.304393 0.243843
vt 0.713687 0.395109
vt 0.725441 0.391946
vt 0.719548 0.384400
vt 0.710537 0.382905
vt 0.698910 0.377975
vt 0.700237 0.393350
vt 0.129285 0.164565
vt 0.160987 0.162026
vt 0.700209 0.108755
vt 0.699873 0.097371
vt 0.684934 0.339713
vt 0.686814 0.347185
vt 0.697275 0.338530
vt 0.694889 0.334000
vt 0.695117 0.122890
vt 0.667403 0.371149
vt 0.658351 0.370020
vt 0.668450 0.386365
vt 0.676553 0.386534
vt 0.675620 0.375369
vt 0.674070 0.401267
vt 0.685405 0.397319
vt 0.316305 0.180874
vt 0.324251 0.175838
vt 0.312830 0.171992
vt 0.307775 0.176231
vt 0.310778 0.184345
vt 0.310451 0.193012
vt 0.315698 0.190337
vt 0.280008 0.189618
vt 0.280343 0.183678
vt 0.278443 0.182922
vt 0.278075 0.189691
vt 0.279997 0.195961
vt 0.281684 0.195099
vt 0.282540 0.188693
vt 0.282351 0.184464
vt 0.301672 0.197212
vt 0.304803 0.192272
vt 0.302958 0.191577
vt 0.300493 0.194840
vt 0.297233 0.200361
vt 0.297654 0.202109
vt 0.302774 0.198563
vt 0.306464 0.192903
vt 0.283353 0.178641
vt 0.287737 0.175137
vt 0.286873 0.173221
vt 0.281888 0.177201
vt 0.284810 0.181251
vt 0.288891 0.178069
vt 0.277062 0.168346
vt 0.279294 0.173703
vt 0.309181 0.199034
vt 0.305400 0.199947
vt 0.278553 0.206549
vt 0.281046 0.203288
vt 0.307583 0.164587
vt 0.303405 0.170341
vt 0.688645 0.134058
vt 0.692489 0.136589
vt 0.704436 0.328744
vt 0.706755 0.332261
vt 0.716436 0.328532
vt 0.714601 0.325204
vt 0.684245 0.145912
vt 0.687916 0.148311
vt 0.644564 0.369744
vt 0.628759 0.369575
vt 0.724992 0.355779
vt 0.717546 0.347285
vt 0.710043 0.354635
vt 0.718765 0.362837
vt 0.727875 0.370346
vt 0.733103 0.363852
vt 0.740130 0.358274
vt 0.733123 0.350346
vt 0.726621 0.342338
vt 0.747947 0.393839
vt 0.741122 0.391117
vt 0.769676 0.184358
vt 0.782524 0.185761
vt 0.762405 0.190713
vt 0.750634 0.386303
vt 0.745168 0.383173
vt 0.888546 0.022828
vt 0.643269 0.443207
vt 0.626172 0.443101
vt 0.872124 0.023303
vt 0.932121 0.053716
vt 0.687127 0.384763
vt 0.687183 0.369213
vt 0.741703 0.371285
vt 0.737025 0.377471
vt 0.749211 0.377136
vt 0.754107 0.372095
vt 0.747640 0.365945
vt 0.732409 0.385069
vt 0.723056 0.378068
vt 0.693460 0.356065
vt 0.703052 0.364919
vt 0.702519 0.345931
vt 0.713208 0.371947
vt 0.731290 0.153970
vt 0.734718 0.152038
vt 0.727219 0.158492
vt 0.733085 0.332314
vt 0.728426 0.327082
vt 0.720730 0.334551
vt 0.739136 0.338975
vt 0.752920 0.336407
vt 0.746470 0.331175
vt 0.741176 0.326949
vt 0.756119 0.360794
vt 0.750625 0.352994
vt 0.760653 0.367233
vt 0.768009 0.362076
vt 0.765599 0.355551
vt 0.762413 0.347922
vt 0.763682 0.370413
vt 0.757989 0.375519
vt 0.744110 0.205984
vt 0.750668 0.200133
vt 0.748133 0.198052
vt 0.741078 0.204714
vt 0.733661 0.212280
vt 0.736991 0.212825
vt 0.770119 0.364919
vt 0.711223 0.338877
vt 0.701528 0.144634
vt 0.712566 0.155046
vt 0.696698 0.155334
vt 0.707779 0.164291
vt 0.744837 0.184364
vt 0.754100 0.193008
vt 0.732920 0.173763
vt 0.727914 0.180919
vt 0.739421 0.190332
vt 0.753865 0.380555
vt 0.756472 0.195562
vt 0.722580 0.164339
vt 0.717771 0.172529
vt 0.774357 0.350433
vt 0.773051 0.343289
vt 0.775079 0.356608
vt 0.779460 0.352032
vt 0.780870 0.346535
vt 0.780871 0.339815
vt 0.776492 0.359123
vt 0.729535 0.219512
vt 0.726366 0.219218
vt 0.720950 0.223114
vt 0.721794 0.224558
vt 0.781483 0.352598
vt 0.718654 0.218173
vt 0.724934 0.209187
vt 0.714687 0.204647
vt 0.709651 0.215965
vt 0.706465 0.224298
vt 0.714500 0.224593
vt 0.744970 0.345796
vt 0.758203 0.341772
vt 0.683477 0.160753
vt 0.686750 0.163140
vt 0.726776 0.323960
vt 0.739420 0.324052
vt 0.684707 0.176540
vt 0.687508 0.178964
vt 0.693875 0.169874
vt 0.703448 0.178082
vt 0.693101 0.185870
vt 0.700293 0.193545
vt 0.712180 0.185254
vt 0.721381 0.192109
vt 0.706996 0.199614
vt 0.732331 0.199297
vt 0.713420 0.227123
vt 0.705651 0.227366
vt 0.783892 0.345131
vt 0.784058 0.338205
vt 0.782584 0.333496
vt 0.778562 0.329845
vt 0.775130 0.331521
vt 0.779234 0.335160
vt 0.700417 0.225547
vt 0.700815 0.222100
vt 0.696761 0.217097
vt 0.696726 0.220692
vt 0.693597 0.212051
vt 0.693659 0.208615
vt 0.691274 0.201273
vt 0.690437 0.201954
vt 0.770893 0.326444
vt 0.761103 0.324137
vt 0.760598 0.326077
vt 0.767747 0.328168
vt 0.758662 0.329769
vt 0.752638 0.326517
vt 0.765605 0.333839
vt 0.770267 0.338077
vt 0.687187 0.190458
vt 0.689522 0.192558
vt 0.750628 0.323849
vt 0.693289 0.199444
vt 0.698469 0.207169
vt 0.703288 0.212530
vt 0.291623 0.169844
vt 0.286175 0.171614
vt 0.291801 0.171724
vt 0.296598 0.172330
vt 0.296875 0.170436
vt 0.276475 0.189748
vt 0.278646 0.196723
vt 0.276793 0.182296
vt 0.292397 0.205050
vt 0.297964 0.203592
vt 0.292606 0.203350
vt 0.287722 0.202618
vt 0.287054 0.204296
vt 0.308244 0.185497
vt 0.305648 0.178097
vt 0.304686 0.179021
vt 0.306887 0.185675
vt 0.307897 0.193491
vt 0.301705 0.173147
vt 0.301094 0.174682
vt 0.280627 0.176020
vt 0.282301 0.201545
vt 0.283341 0.200203
vt 0.303717 0.199714
vt 0.299030 0.190354
vt 0.302810 0.187304
vt 0.301120 0.182052
vt 0.297156 0.185104
vt 0.300234 0.176447
vt 0.296283 0.174405
vt 0.295950 0.176263
vt 0.298446 0.178320
vt 0.303354 0.180204
vt 0.267169 0.248154
vt 0.250058 0.250395
vt 0.266744 0.239722
vt 0.277085 0.309880
vt 0.295308 0.307984
vt 0.293967 0.303603
vt 0.275451 0.304702
vt 0.257883 0.303827
vt 0.258455 0.309851
vt 0.262317 0.322324
vt 0.281087 0.320652
vt 0.335784 0.236524
vt 0.321095 0.244918
vt 0.323304 0.252475
vt 0.338273 0.244450
vt 0.242757 0.308501
vt 0.245668 0.301536
vt 0.239095 0.295807
vt 0.232620 0.302489
vt 0.223876 0.316917
vt 0.243718 0.322888
vt 0.653889 0.710491
vt 0.658144 0.710394
vt 0.659700 0.701053
vt 0.653425 0.701710
vt 0.647350 0.702379
vt 0.649940 0.710883
vt 0.651731 0.715279
vt 0.653844 0.716302
vt 0.656614 0.716691
vt 0.213962 0.353068
vt 0.230478 0.394104
vt 0.244768 0.388122
vt 0.231546 0.352124
vt 0.204493 0.318385
vt 0.199360 0.354563
vt 0.218860 0.399188
vt 0.342343 0.251229
vt 0.356059 0.244204
vt 0.326439 0.259157
vt 0.732266 0.713107
vt 0.721592 0.704141
vt 0.713624 0.713602
vt 0.723238 0.722715
vt 0.730398 0.730965
vt 0.740472 0.721694
vt 0.249897 0.297547
vt 0.245485 0.293061
vt 0.259263 0.299523
vt 0.642771 0.699370
vt 0.635604 0.700173
vt 0.637518 0.704438
vt 0.643224 0.703087
vt 0.647134 0.698461
vt 0.309897 0.264564
vt 0.308968 0.258323
vt 0.292029 0.268923
vt 0.709822 0.696303
vt 0.694959 0.691329
vt 0.687866 0.699326
vt 0.701861 0.705033
vt 0.341103 0.289644
vt 0.325723 0.289369
vt 0.324017 0.295608
vt 0.337033 0.294554
vt 0.354473 0.292511
vt 0.573789 0.724871
vt 0.565598 0.732430
vt 0.570982 0.737213
vt 0.579032 0.730512
vt 0.589882 0.723868
vt 0.584359 0.718016
vt 0.366984 0.241368
vt 0.376365 0.240452
vt 0.745071 0.728852
vt 0.735049 0.737191
vt 0.738584 0.742396
vt 0.748653 0.734963
vt 0.307464 0.251734
vt 0.619347 0.722107
vt 0.631757 0.717204
vt 0.615330 0.710263
vt 0.602511 0.716895
vt 0.605689 0.728242
vt 0.623986 0.731991
vt 0.636254 0.726327
vt 0.645128 0.722696
vt 0.639330 0.713947
vt 0.644106 0.712088
vt 0.627602 0.706322
vt 0.648050 0.720222
vt 0.649348 0.718184
vt 0.595712 0.735086
vt 0.589291 0.741567
vt 0.611087 0.744782
vt 0.615747 0.738540
vt 0.686574 0.719499
vt 0.698101 0.728356
vt 0.674400 0.712945
vt 0.664275 0.722830
vt 0.672514 0.730104
vt 0.682011 0.739175
vt 0.366090 0.296703
vt 0.376344 0.302975
vt 0.560812 0.740872
vt 0.558793 0.749873
vt 0.565234 0.750545
vt 0.566748 0.743854
vt 0.269697 0.273732
vt 0.250919 0.278326
vt 0.675695 0.691329
vt 0.659845 0.694056
vt 0.672199 0.698873
vt 0.309662 0.293778
vt 0.293189 0.299113
vt 0.309908 0.299273
vt 0.596240 0.711241
vt 0.608940 0.705104
vt 0.275192 0.300416
vt 0.623164 0.701612
vt 0.244643 0.285024
vt 0.237930 0.284650
vt 0.652868 0.696316
vt 0.653023 0.718703
vt 0.650817 0.717067
vt 0.651962 0.720373
vt 0.653378 0.720888
vt 0.654892 0.719611
vt 0.675060 0.760963
vt 0.673723 0.755622
vt 0.658144 0.752597
vt 0.658101 0.757819
vt 0.657621 0.762442
vt 0.675478 0.765747
vt 0.696204 0.764739
vt 0.694595 0.759930
vt 0.691955 0.754411
vt 0.662882 0.732275
vt 0.658506 0.725316
vt 0.653671 0.725553
vt 0.655004 0.731293
vt 0.657071 0.739148
vt 0.668552 0.741215
vt 0.651359 0.722164
vt 0.650315 0.724375
vt 0.653353 0.722620
vt 0.671974 0.749011
vt 0.658037 0.746332
vt 0.688191 0.747424
vt 0.647294 0.711299
vt 0.664601 0.710405
vt 0.659683 0.718778
vt 0.706289 0.737113
vt 0.711904 0.744716
vt 0.715788 0.750509
vt 0.718538 0.755295
vt 0.586134 0.747227
vt 0.585086 0.752565
vt 0.607801 0.754629
vt 0.608708 0.749947
vt 0.638615 0.742793
vt 0.642240 0.736190
vt 0.636368 0.748778
vt 0.656316 0.721701
vt 0.647178 0.729113
vt 0.634913 0.753826
vt 0.634037 0.758270
vt 0.206961 0.298587
vt 0.220249 0.293847
vt 0.230230 0.288437
vt 0.848471 0.684627
vt 0.848626 0.680599
vt 0.849785 0.690850
vt 0.428522 0.989417
vt 0.426460 0.981818
vt 0.849316 0.673637
vt 0.425755 0.977336
vt 0.426725 0.971155
vt 0.853538 0.696135
vt 0.430938 0.966480
vt 0.492749 0.683329
vt 0.486378 0.682611
vt 0.058262 0.975324
vt 0.051501 0.975208
vt 0.046245 0.977821
vt 0.043463 0.980395
vt 0.039193 0.987499
vt 0.475304 0.671294
vt 0.479562 0.677981
vt 0.481945 0.680190
vt 0.334241 0.169937
vt 0.337815 0.178051
vt 0.347249 0.172523
vt 0.343473 0.164627
vt 0.267429 0.143317
vt 0.256397 0.148821
vt 0.277848 0.137637
vt 0.276214 0.134345
vt 0.265853 0.139393
vt 0.255024 0.144140
vt 0.290957 0.131885
vt 0.304194 0.128053
vt 0.289827 0.128386
vt 0.355564 0.193023
vt 0.354303 0.183002
vt 0.358843 0.202931
vt 0.361563 0.201891
vt 0.358851 0.191957
vt 0.335438 0.141696
vt 0.325636 0.133240
vt 0.343444 0.152000
vt 0.342146 0.137456
vt 0.340820 0.184103
vt 0.349379 0.178699
vt 0.310124 0.137726
vt 0.312538 0.132677
vt 0.257147 0.187956
vt 0.245807 0.190028
vt 0.180115 0.147747
vt 0.191613 0.160519
vt 0.173848 0.134222
vt 0.292777 0.201452
vt 0.288465 0.200815
vt 0.292072 0.173838
vt 0.292946 0.176546
vt 0.294903 0.180403
vt 0.290520 0.182957
vt 0.284619 0.198748
vt 0.305178 0.186008
vt 0.286205 0.186097
vt 0.235742 0.144987
vt 0.252517 0.139722
vt 0.218173 0.152879
vt 0.226274 0.155794
vt 0.239800 0.149551
vt 0.230777 0.164480
vt 0.233287 0.176283
vt 0.233920 0.158714
vt 0.233880 0.158616
vt 0.230020 0.157377
vt 0.221666 0.165126
vt 0.370335 0.205400
vt 0.376874 0.205761
vt 0.376874 0.200068
vt 0.367788 0.200630
vt 0.367787 0.206825
vt 0.376806 0.208118
vt 0.359665 0.211873
vt 0.364459 0.210163
vt 0.351683 0.132171
vt 0.363240 0.127258
vt 0.286237 0.121083
vt 0.272882 0.129279
vt 0.315280 0.128596
vt 0.366301 0.190177
vt 0.376227 0.188627
vt 0.366494 0.208448
vt 0.376677 0.210371
vt 0.353415 0.176374
vt 0.351916 0.170077
vt 0.348802 0.161788
vt 0.207161 0.164906
vt 0.235798 0.191826
vt 0.241046 0.252062
vt 0.236650 0.245267
vt 0.226128 0.231749
vt 0.241079 0.154299
vt 0.263205 0.135167
vt 0.269280 0.231750
vt 0.288983 0.340185
vt 0.271273 0.344624
vt 0.283305 0.371595
vt 0.299946 0.363932
vt 0.361154 0.312522
vt 0.365947 0.316042
vt 0.354804 0.313757
vt 0.361371 0.321057
vt 0.310763 0.302934
vt 0.324121 0.299069
vt 0.251390 0.348947
vt 0.263643 0.380146
vt 0.344939 0.315663
vt 0.354086 0.328297
vt 0.339153 0.304888
vt 0.336496 0.298400
vt 0.529302 0.505212
vt 0.533031 0.478563
vt 0.510390 0.463643
vt 0.509586 0.493375
vt 0.504036 0.527138
vt 0.519084 0.534013
vt 0.531617 0.541158
vt 0.545160 0.517240
vt 0.559213 0.494950
vt 0.806065 0.266444
vt 0.828416 0.267727
vt 0.827620 0.254030
vt 0.805035 0.253474
vt 0.085934 0.610880
vt 0.101554 0.615082
vt 0.105652 0.592350
vt 0.091139 0.589785
vt 0.078573 0.585531
vt 0.069055 0.601076
vt 0.805873 0.281744
vt 0.829817 0.283631
vt 0.926324 0.436576
vt 0.908746 0.419072
vt 0.897346 0.428923
vt 0.911293 0.448301
vt 0.440382 0.531576
vt 0.436850 0.510570
vt 0.415181 0.511711
vt 0.417689 0.537829
vt 0.419155 0.551778
vt 0.435965 0.549730
vt 0.942758 0.433391
vt 0.922181 0.412118
vt 0.088541 0.561532
vt 0.105627 0.560801
vt 0.103229 0.526524
vt 0.083806 0.531059
vt 0.065274 0.537758
vt 0.073074 0.565607
vt 0.853963 0.303081
vt 0.832471 0.304856
vt 0.835989 0.327883
vt 0.856810 0.323879
vt 0.851599 0.283908
vt 0.321195 0.556017
vt 0.345816 0.554823
vt 0.347509 0.514475
vt 0.323619 0.515142
vt 0.289528 0.515870
vt 0.286767 0.556784
vt 0.285340 0.597454
vt 0.321045 0.596278
vt 0.347650 0.593300
vt 0.236452 0.558084
vt 0.236731 0.516376
vt 0.185069 0.516578
vt 0.188100 0.559511
vt 0.190678 0.599934
vt 0.237401 0.598938
vt 0.777853 0.071340
vt 0.797517 0.061018
vt 0.789530 0.025911
vt 0.767036 0.047628
vt 0.326807 0.626267
vt 0.357948 0.623067
vt 0.286953 0.625314
vt 0.786214 0.102970
vt 0.811105 0.093787
vt 0.795141 0.141584
vt 0.817557 0.138332
vt 0.238854 0.625272
vt 0.192771 0.625236
vt 0.801824 0.178734
vt 0.822996 0.175806
vt 0.728560 0.542677
vt 0.749882 0.541429
vt 0.761034 0.522101
vt 0.734006 0.520043
vt 0.703402 0.516452
vt 0.698648 0.540220
vt 0.324361 0.421795
vt 0.292461 0.426790
vt 0.292157 0.452792
vt 0.326562 0.445606
vt 0.352275 0.428917
vt 0.343588 0.408967
vt 0.653972 0.531860
vt 0.661593 0.509340
vt 0.619445 0.501933
vt 0.611042 0.522648
vt 0.242676 0.428969
vt 0.194025 0.428142
vt 0.186059 0.453974
vt 0.238386 0.455821
vt 0.236847 0.484694
vt 0.291258 0.482831
vt 0.183737 0.483513
vt 0.325640 0.478430
vt 0.348870 0.474542
vt 0.859552 0.344960
vt 0.840145 0.350873
vt 0.842752 0.379312
vt 0.861637 0.365390
vt 0.079876 0.504392
vt 0.101543 0.496589
vt 0.098917 0.466920
vt 0.076031 0.476400
vt 0.050697 0.484025
vt 0.056960 0.512243
vt 0.890517 0.466739
vt 0.879093 0.446284
vt 0.853180 0.474113
vt 0.866364 0.491855
vt 0.429016 0.480719
vt 0.420027 0.444558
vt 0.403248 0.442108
vt 0.408954 0.479674
vt 0.365941 0.474638
vt 0.379646 0.476339
vt 0.378561 0.436474
vt 0.367342 0.432969
vt 0.366150 0.513847
vt 0.382158 0.513206
vt 0.844474 0.528340
vt 0.834638 0.524081
vt 0.832684 0.567309
vt 0.839279 0.567777
vt 0.414815 0.403979
vt 0.415626 0.365653
vt 0.408224 0.363554
vt 0.403088 0.401202
vt 0.641300 0.314288
vt 0.643183 0.280686
vt 0.599294 0.277392
vt 0.604132 0.305653
vt 0.380429 0.609497
vt 0.399334 0.590280
vt 0.385855 0.576219
vt 0.368068 0.586128
vt 0.674086 0.331879
vt 0.694466 0.286491
vt 0.365262 0.552105
vt 0.382315 0.548151
vt 0.161175 0.480267
vt 0.161190 0.447526
vt 0.142178 0.438658
vt 0.147649 0.479669
vt 0.150299 0.517236
vt 0.163256 0.516757
vt 0.162763 0.559443
vt 0.146203 0.558714
vt 0.139164 0.596368
vt 0.160231 0.598788
vt 0.804127 0.205964
vt 0.825469 0.204097
vt 0.159478 0.623980
vt 0.135247 0.621563
vt 0.804462 0.225792
vt 0.826482 0.225022
vt 0.585698 0.518679
vt 0.587411 0.497966
vt 0.570410 0.517462
vt 0.166626 0.423663
vt 0.152191 0.415738
vt 0.588167 0.476693
vt 0.622992 0.480201
vt 0.624070 0.457810
vt 0.589271 0.455903
vt 0.560064 0.451176
vt 0.557937 0.470470
vt 0.848504 0.202633
vt 0.846968 0.174129
vt 0.849310 0.223913
vt 0.789443 0.476470
vt 0.808106 0.464221
vt 0.798537 0.438406
vt 0.782600 0.447575
vt 0.764056 0.454545
vt 0.767129 0.486098
vt 0.786755 0.508235
vt 0.807682 0.496538
vt 0.863867 0.421554
vt 0.845051 0.397821
vt 0.832045 0.410393
vt 0.847218 0.436683
vt 0.877333 0.408668
vt 0.855139 0.387802
vt 0.022391 0.523667
vt 0.016363 0.491519
vt 0.803416 0.354362
vt 0.804113 0.380962
vt 0.800669 0.329336
vt 0.034466 0.551973
vt 0.665083 0.484806
vt 0.706735 0.488909
vt 0.707569 0.460129
vt 0.666176 0.459088
vt 0.739701 0.489796
vt 0.739586 0.458900
vt 0.843945 0.136772
vt 0.842806 0.098860
vt 0.847352 0.069008
vt 0.853105 0.044505
vt 0.833860 0.041346
vt 0.826024 0.064923
vt 0.050627 0.579599
vt 0.802752 0.303951
vt 0.886030 0.400621
vt 0.862267 0.380447
vt 0.891085 0.394122
vt 0.867662 0.374475
vt 0.850574 0.268175
vt 0.850146 0.253793
vt 0.491147 0.428690
vt 0.510861 0.445391
vt 0.515222 0.433062
vt 0.495932 0.419400
vt 0.480583 0.403249
vt 0.475239 0.411607
vt 0.467919 0.432915
vt 0.488417 0.448043
vt 0.522132 0.568761
vt 0.541604 0.548737
vt 0.514081 0.564063
vt 0.498688 0.587045
vt 0.505371 0.589716
vt 0.094497 0.368240
vt 0.076619 0.346122
vt 0.070301 0.350320
vt 0.087871 0.374266
vt 0.107366 0.396510
vt 0.115796 0.388424
vt 0.832177 0.599177
vt 0.825218 0.569016
vt 0.815928 0.571956
vt 0.824145 0.599968
vt 0.831883 0.620208
vt 0.839499 0.620463
vt 0.847020 0.622388
vt 0.838468 0.598694
vt 0.375150 0.392694
vt 0.383993 0.395931
vt 0.393051 0.360211
vt 0.385535 0.358267
vt 0.379454 0.356275
vt 0.367559 0.388939
vt 0.072049 0.445144
vt 0.093038 0.437072
vt 0.083243 0.408694
vt 0.065983 0.413738
vt 0.049050 0.417026
vt 0.049622 0.450909
vt 0.358913 0.383323
vt 0.372903 0.353351
vt 0.774184 0.554696
vt 0.792094 0.580956
vt 0.799079 0.577408
vt 0.782935 0.547893
vt 0.823206 0.527530
vt 0.829072 0.485399
vt 0.808787 0.534887
vt 0.556518 0.529719
vt 0.135571 0.404492
vt 0.124005 0.415923
vt 0.022669 0.454378
vt 0.031563 0.418218
vt 0.453468 0.487820
vt 0.459376 0.522346
vt 0.474979 0.519519
vt 0.473529 0.478424
vt 0.441193 0.455524
vt 0.861689 0.634240
vt 0.859263 0.628660
vt 0.854882 0.632823
vt 0.856428 0.636379
vt 0.857537 0.638536
vt 0.861605 0.639250
vt 0.444360 0.301936
vt 0.444837 0.296863
vt 0.440683 0.298059
vt 0.439077 0.300414
vt 0.436713 0.303731
vt 0.441530 0.307388
vt 0.384661 0.329047
vt 0.389879 0.330967
vt 0.398929 0.313522
vt 0.394205 0.311507
vt 0.803811 0.604696
vt 0.812396 0.622380
vt 0.817747 0.620443
vt 0.809578 0.602285
vt 0.395623 0.331989
vt 0.402991 0.333037
vt 0.411975 0.314111
vt 0.404666 0.313889
vt 0.843917 0.597757
vt 0.851448 0.616440
vt 0.422872 0.336698
vt 0.431952 0.318647
vt 0.427203 0.312855
vt 0.417047 0.334868
vt 0.832567 0.642582
vt 0.838603 0.645334
vt 0.840460 0.637054
vt 0.835045 0.635468
vt 0.829458 0.634399
vt 0.826516 0.638253
vt 0.415320 0.291257
vt 0.408718 0.295202
vt 0.410924 0.299887
vt 0.416420 0.299227
vt 0.422062 0.298014
vt 0.421709 0.288988
vt 0.843439 0.632897
vt 0.837470 0.631688
vt 0.845549 0.638261
vt 0.849255 0.639105
vt 0.848163 0.634290
vt 0.412066 0.304279
vt 0.418317 0.303291
vt 0.406655 0.304492
vt 0.401853 0.301256
vt 0.819833 0.632404
vt 0.825303 0.629985
vt 0.497612 0.609872
vt 0.491519 0.608582
vt 0.488264 0.627214
vt 0.495585 0.625511
vt 0.068100 0.324666
vt 0.065587 0.308034
vt 0.057762 0.307500
vt 0.061663 0.327523
vt 0.032559 0.387445
vt 0.044118 0.386993
vt 0.038329 0.361171
vt 0.030286 0.361313
vt 0.461086 0.551475
vt 0.460944 0.576258
vt 0.468576 0.577329
vt 0.472130 0.551836
vt 0.055711 0.385045
vt 0.068438 0.381819
vt 0.054701 0.356667
vt 0.045991 0.359485
vt 0.504472 0.560005
vt 0.493345 0.556198
vt 0.483580 0.581352
vt 0.491613 0.584298
vt 0.480573 0.631080
vt 0.483426 0.622726
vt 0.478271 0.619535
vt 0.477319 0.628142
vt 0.476277 0.632061
vt 0.478871 0.634659
vt 0.480690 0.636794
vt 0.482937 0.633852
vt 0.041901 0.336887
vt 0.048796 0.333824
vt 0.046980 0.315913
vt 0.041095 0.319041
vt 0.035706 0.321159
vt 0.035917 0.338820
vt 0.486014 0.606187
vt 0.479561 0.603149
vt 0.029668 0.338873
vt 0.029829 0.321268
vt 0.461263 0.597379
vt 0.461992 0.613938
vt 0.467602 0.614719
vt 0.467280 0.598446
vt 0.467449 0.634757
vt 0.470067 0.638083
vt 0.473252 0.629824
vt 0.469714 0.628166
vt 0.465158 0.630714
vt 0.035513 0.298766
vt 0.033133 0.303249
vt 0.037877 0.306026
vt 0.041543 0.304144
vt 0.044535 0.301634
vt 0.038177 0.295208
vt 0.030843 0.309965
vt 0.037336 0.310609
vt 0.463148 0.624488
vt 0.469300 0.624079
vt 0.486088 0.639173
vt 0.485191 0.637495
vt 0.483009 0.639102
vt 0.484715 0.640458
vt 0.486043 0.641903
vt 0.486955 0.640662
vt 0.488836 0.640396
vt 0.488560 0.638619
vt 0.488886 0.636337
vt 0.041661 0.308850
vt 0.045607 0.306126
vt 0.489911 0.645462
vt 0.492478 0.642908
vt 0.487095 0.646664
vt 0.059256 0.287039
vt 0.056234 0.285829
vt 0.054860 0.290943
vt 0.055920 0.292312
vt 0.058121 0.292652
vt 0.062028 0.289753
vt 0.052066 0.285815
vt 0.047970 0.287063
vt 0.051521 0.294048
vt 0.053354 0.292564
vt 0.483218 0.646736
vt 0.479399 0.645605
vt 0.054958 0.294065
vt 0.054041 0.295942
vt 0.058361 0.297227
vt 0.057906 0.294713
vt 0.494156 0.640017
vt 0.494902 0.636624
vt 0.063864 0.292824
vt 0.064705 0.296406
vt 0.859646 0.642974
vt 0.855614 0.640015
vt 0.854845 0.641539
vt 0.856520 0.645255
vt 0.443362 0.293015
vt 0.440480 0.290211
vt 0.438228 0.294331
vt 0.438930 0.296352
vt 0.436845 0.297969
vt 0.434698 0.299527
vt 0.436264 0.295095
vt 0.434423 0.295643
vt 0.438066 0.289057
vt 0.436122 0.288633
vt 0.854143 0.646189
vt 0.853326 0.640798
vt 0.851895 0.640193
vt 0.852282 0.646534
vt 0.854118 0.638596
vt 0.852556 0.636954
vt 0.593206 0.054451
vt 0.595123 0.027573
vt 0.574854 0.029019
vt 0.575036 0.046208
vt 0.571778 0.058261
vt 0.582530 0.066644
vt 0.587458 0.079966
vt 0.597150 0.076272
vt 0.614097 0.075448
vt 0.616097 0.053596
vt 0.619279 0.028571
vt 0.532012 0.124437
vt 0.531911 0.119761
vt 0.527537 0.120080
vt 0.528291 0.124210
vt 0.529590 0.126924
vt 0.532289 0.128138
vt 0.536461 0.128767
vt 0.536731 0.124507
vt 0.537243 0.119296
vt 0.555999 0.077991
vt 0.554123 0.087384
vt 0.565021 0.090944
vt 0.565936 0.080600
vt 0.567986 0.072940
vt 0.557168 0.068881
vt 0.545408 0.065995
vt 0.544780 0.075609
vt 0.543790 0.085777
vt 0.408543 0.111696
vt 0.411544 0.108689
vt 0.400400 0.101611
vt 0.398767 0.105175
vt 0.397096 0.109110
vt 0.404349 0.114015
vt 0.410288 0.121691
vt 0.416639 0.120531
vt 0.420258 0.117873
vt 0.559642 0.246010
vt 0.552446 0.273970
vt 0.596097 0.247349
vt 0.594665 0.215550
vt 0.569326 0.218562
vt 0.546314 0.215844
vt 0.528165 0.239643
vt 0.490879 0.268871
vt 0.817440 0.016390
vt 0.798194 0.008552
vt 0.814410 0.033993
vt 0.837812 0.020638
vt 0.569195 0.433827
vt 0.590488 0.439137
vt 0.593300 0.416567
vt 0.573788 0.414080
vt 0.554061 0.406800
vt 0.548865 0.424304
vt 0.668300 0.237549
vt 0.656797 0.246055
vt 0.697538 0.253715
vt 0.530207 0.408733
vt 0.535506 0.400015
vt 0.521896 0.391708
vt 0.514615 0.394517
vt 0.644407 0.220729
vt 0.632963 0.217675
vt 0.424442 0.302460
vt 0.419335 0.314204
vt 0.429440 0.301490
vt 0.431335 0.296457
vt 0.427376 0.297080
vt 0.831198 0.630420
vt 0.824259 0.620083
vt 0.844963 0.646681
vt 0.849800 0.646736
vt 0.428375 0.288044
vt 0.433466 0.288285
vt 0.410486 0.333916
vt 0.400792 0.361889
vt 0.794617 0.541567
vt 0.806863 0.574701
vt 0.393149 0.398642
vt 0.390093 0.439431
vt 0.816275 0.600927
vt 0.827969 0.451132
vt 0.815772 0.425243
vt 0.399363 0.543320
vt 0.398080 0.512468
vt 0.404209 0.565113
vt 0.563945 0.295850
vt 0.528807 0.295040
vt 0.419878 0.569887
vt 0.393516 0.478050
vt 0.048926 0.302980
vt 0.052459 0.312473
vt 0.051443 0.300005
vt 0.048927 0.296535
vt 0.047063 0.298828
vt 0.472971 0.641255
vt 0.475795 0.643558
vt 0.041273 0.291791
vt 0.044189 0.289283
vt 0.473053 0.600452
vt 0.475649 0.578970
vt 0.472734 0.616772
vt 0.055700 0.330556
vt 0.063163 0.353596
vt 0.473500 0.625671
vt 0.482133 0.553344
vt 0.488515 0.521569
vt 0.079434 0.378316
vt 0.097097 0.402861
vt 0.110221 0.426850
vt 0.120089 0.454377
vt 0.532424 0.459392
vt 0.535974 0.443319
vt 0.849828 0.239922
vt 0.827089 0.240669
vt 0.125500 0.486983
vt 0.127499 0.521223
vt 0.125847 0.559542
vt 0.121345 0.594445
vt 0.804694 0.240761
vt 0.116909 0.618570
vt 0.489543 0.482314
vt 0.497949 0.102404
vt 0.495220 0.118916
vt 0.503802 0.119438
vt 0.507178 0.103323
vt 0.510757 0.087968
vt 0.501176 0.087215
vt 0.489093 0.084513
vt 0.487296 0.102166
vt 0.485607 0.118649
vt 0.483980 0.172056
vt 0.479531 0.174346
vt 0.487658 0.197862
vt 0.492352 0.191970
vt 0.496901 0.187689
vt 0.489775 0.169718
vt 0.485272 0.149814
vt 0.478317 0.150670
vt 0.473106 0.152449
vt 0.503455 0.076837
vt 0.512920 0.076038
vt 0.514032 0.067788
vt 0.504755 0.070404
vt 0.494742 0.071416
vt 0.493766 0.076421
vt 0.575217 0.121833
vt 0.577172 0.110231
vt 0.570347 0.111540
vt 0.568047 0.122559
vt 0.562808 0.134689
vt 0.573423 0.133114
vt 0.581148 0.132541
vt 0.582162 0.121282
vt 0.583329 0.109584
vt 0.498182 0.202813
vt 0.502657 0.211404
vt 0.509610 0.201836
vt 0.502111 0.197053
vt 0.491651 0.209168
vt 0.492807 0.220386
vt 0.518496 0.050937
vt 0.524180 0.049100
vt 0.521785 0.040127
vt 0.516114 0.041774
vt 0.510253 0.043657
vt 0.512707 0.053043
vt 0.513995 0.060413
vt 0.519948 0.058173
vt 0.525834 0.056327
vt 0.612694 0.399099
vt 0.610821 0.418156
vt 0.613726 0.383142
vt 0.599826 0.383187
vt 0.597157 0.398648
vt 0.633755 0.092718
vt 0.611576 0.094138
vt 0.608995 0.109690
vt 0.633454 0.107735
vt 0.662888 0.104170
vt 0.659076 0.092208
vt 0.658382 0.079261
vt 0.635247 0.076375
vt 0.611370 0.336938
vt 0.596354 0.336962
vt 0.597262 0.352945
vt 0.611714 0.354124
vt 0.685724 0.064892
vt 0.691896 0.041344
vt 0.666969 0.035956
vt 0.661904 0.059440
vt 0.680633 0.084108
vt 0.529380 0.172714
vt 0.544159 0.172770
vt 0.542154 0.163077
vt 0.528809 0.162861
vt 0.520651 0.161557
vt 0.517215 0.168081
vt 0.513034 0.179538
vt 0.529583 0.183230
vt 0.546446 0.183509
vt 0.192357 0.030268
vt 0.191473 0.024215
vt 0.174681 0.027868
vt 0.175386 0.032433
vt 0.175733 0.039110
vt 0.191711 0.038632
vt 0.205187 0.038376
vt 0.209430 0.026135
vt 0.210669 0.015210
vt 0.518433 0.129263
vt 0.521520 0.127699
vt 0.520735 0.121141
vt 0.518534 0.120048
vt 0.515209 0.118982
vt 0.514072 0.131084
vt 0.516047 0.142544
vt 0.521199 0.136171
vt 0.524457 0.132757
vt 0.574984 0.143814
vt 0.565835 0.145634
vt 0.569960 0.155699
vt 0.579203 0.153486
vt 0.583518 0.151466
vt 0.582419 0.144404
vt 0.638822 0.055452
vt 0.642947 0.031520
vt 0.633050 0.157992
vt 0.653748 0.162607
vt 0.657586 0.147259
vt 0.632852 0.140974
vt 0.607770 0.134411
vt 0.610876 0.152192
vt 0.611873 0.173230
vt 0.630403 0.176730
vt 0.647045 0.177672
vt 0.680430 0.094792
vt 0.679704 0.102052
vt 0.588612 0.339266
vt 0.583191 0.340116
vt 0.582749 0.354609
vt 0.589574 0.353685
vt 0.406857 0.157726
vt 0.407179 0.142882
vt 0.387207 0.141502
vt 0.384975 0.157817
vt 0.383924 0.174868
vt 0.406739 0.173855
vt 0.424595 0.171465
vt 0.423329 0.155710
vt 0.421880 0.141971
vt 0.510794 0.225410
vt 0.493561 0.238331
vt 0.525287 0.209214
vt 0.527584 0.152665
vt 0.539993 0.152310
vt 0.538217 0.143653
vt 0.526934 0.144306
vt 0.517309 0.153556
vt 0.533310 0.046576
vt 0.545251 0.044392
vt 0.543806 0.034284
vt 0.531329 0.037398
vt 0.534494 0.054293
vt 0.545702 0.053148
vt 0.513864 0.104044
vt 0.510314 0.119121
vt 0.518536 0.105761
vt 0.524306 0.090612
vt 0.517552 0.089010
vt 0.568072 0.196718
vt 0.584278 0.191882
vt 0.577999 0.175161
vt 0.563098 0.180404
vt 0.549486 0.197518
vt 0.508425 0.133177
vt 0.508210 0.146245
vt 0.501530 0.134546
vt 0.501325 0.149171
vt 0.547219 0.137165
vt 0.550254 0.140866
vt 0.556023 0.132110
vt 0.551566 0.130847
vt 0.544473 0.134803
vt 0.536505 0.136258
vt 0.537163 0.139280
vt 0.132082 0.029519
vt 0.130745 0.023428
vt 0.114658 0.015210
vt 0.118654 0.025775
vt 0.118402 0.034508
vt 0.131503 0.036305
vt 0.148099 0.037964
vt 0.149426 0.032015
vt 0.148431 0.027565
vt 0.562058 0.105684
vt 0.563294 0.113867
vt 0.569207 0.101420
vt 0.557903 0.099351
vt 0.553184 0.104918
vt 0.556364 0.109828
vt 0.557264 0.116220
vt 0.633007 0.124150
vt 0.607263 0.121849
vt 0.658860 0.126266
vt 0.576533 0.098465
vt 0.574591 0.088126
vt 0.582781 0.096562
vt 0.580480 0.084818
vt 0.473859 0.075663
vt 0.482332 0.072698
vt 0.477347 0.059157
vt 0.468106 0.064909
vt 0.461507 0.068721
vt 0.466051 0.078311
vt 0.469090 0.089923
vt 0.476992 0.088091
vt 0.493300 0.134241
vt 0.493408 0.149894
vt 0.484610 0.133683
vt 0.542248 0.389072
vt 0.546247 0.377119
vt 0.537154 0.377977
vt 0.530745 0.385090
vt 0.555788 0.388263
vt 0.558192 0.373020
vt 0.630311 0.248274
vt 0.618375 0.220012
vt 0.217140 0.025544
vt 0.225809 0.018163
vt 0.210069 0.038799
vt 0.574822 0.335835
vt 0.565294 0.329436
vt 0.562595 0.333787
vt 0.572422 0.343156
vt 0.590100 0.368427
vt 0.599209 0.367937
vt 0.581607 0.372059
vt 0.579892 0.383130
vt 0.587987 0.383532
vt 0.581333 0.398001
vt 0.570304 0.393266
vt 0.533149 0.095470
vt 0.542289 0.094491
vt 0.533919 0.086427
vt 0.525328 0.100199
vt 0.525375 0.105880
vt 0.532640 0.101744
vt 0.540914 0.100703
vt 0.541823 0.130424
vt 0.542620 0.132111
vt 0.548245 0.128785
vt 0.546753 0.127495
vt 0.545188 0.126126
vt 0.541488 0.127846
vt 0.536391 0.131429
vt 0.536405 0.133256
vt 0.525690 0.115263
vt 0.528243 0.115216
vt 0.529937 0.111654
vt 0.528521 0.110385
vt 0.527242 0.109244
vt 0.524045 0.114920
vt 0.523291 0.120880
vt 0.524973 0.120463
vt 0.549720 0.122678
vt 0.551603 0.123291
vt 0.552788 0.117253
vt 0.550766 0.117366
vt 0.547746 0.117683
vt 0.546840 0.122592
vt 0.561322 0.123481
vt 0.555749 0.123954
vt 0.520791 0.109647
vt 0.521694 0.113289
vt 0.527995 0.139204
vt 0.529673 0.135619
vt 0.550956 0.095687
vt 0.547895 0.101823
vt 0.206124 0.051090
vt 0.201670 0.049933
vt 0.196042 0.061185
vt 0.200282 0.062303
vt 0.556139 0.323522
vt 0.546248 0.319275
vt 0.544184 0.322466
vt 0.553578 0.326867
vt 0.612982 0.368632
vt 0.533734 0.349043
vt 0.539449 0.356522
vt 0.548727 0.348954
vt 0.541758 0.341094
vt 0.533054 0.335521
vt 0.526005 0.343052
vt 0.518458 0.350468
vt 0.525076 0.356526
vt 0.529835 0.363371
vt 0.508161 0.385395
vt 0.515160 0.383160
vt 0.511683 0.374950
vt 0.506011 0.377688
vt 0.114499 0.024647
vt 0.114659 0.034306
vt 0.104847 0.016050
vt 0.855702 0.022793
vt 0.609111 0.442004
vt 0.812026 0.053586
vt 0.569469 0.380620
vt 0.570505 0.365104
vt 0.515975 0.363335
vt 0.520206 0.369835
vt 0.510428 0.357592
vt 0.503545 0.363271
vt 0.508075 0.368644
vt 0.524277 0.377739
vt 0.534099 0.371413
vt 0.565168 0.351547
vt 0.556844 0.340801
vt 0.554978 0.359704
vt 0.544353 0.366001
vt 0.162769 0.032777
vt 0.161905 0.028937
vt 0.162144 0.038831
vt 0.527310 0.325067
vt 0.539478 0.328168
vt 0.532325 0.320176
vt 0.519616 0.319147
vt 0.514038 0.322989
vt 0.507237 0.327755
vt 0.520806 0.331286
vt 0.502332 0.351857
vt 0.508360 0.344462
vt 0.496958 0.338574
vt 0.493244 0.345960
vt 0.490381 0.352299
vt 0.497356 0.357961
vt 0.494112 0.360920
vt 0.499431 0.366414
vt 0.488077 0.354987
vt 0.115596 0.058125
vt 0.115294 0.067997
vt 0.117930 0.070103
vt 0.118571 0.059525
vt 0.118783 0.049821
vt 0.115540 0.049334
vt 0.548656 0.333152
vt 0.189644 0.048615
vt 0.174522 0.047399
vt 0.170874 0.057150
vt 0.184945 0.059373
vt 0.131145 0.043093
vt 0.118524 0.042010
vt 0.130349 0.051115
vt 0.145044 0.053348
vt 0.146996 0.044835
vt 0.503192 0.371727
vt 0.115040 0.041961
vt 0.160917 0.046194
vt 0.158066 0.055254
vt 0.484867 0.340238
vt 0.486672 0.333204
vt 0.479116 0.329188
vt 0.478644 0.335892
vt 0.479665 0.341474
vt 0.483713 0.346347
vt 0.482127 0.348757
vt 0.477606 0.341896
vt 0.115332 0.078014
vt 0.116779 0.087143
vt 0.118416 0.086802
vt 0.117675 0.080170
vt 0.123620 0.085195
vt 0.126075 0.074509
vt 0.121642 0.092582
vt 0.127248 0.098350
vt 0.131292 0.090399
vt 0.136311 0.079074
vt 0.514508 0.337680
vt 0.501589 0.332735
vt 0.189789 0.072822
vt 0.185824 0.071992
vt 0.173579 0.082036
vt 0.177255 0.082491
vt 0.534190 0.317178
vt 0.521572 0.316380
vt 0.176053 0.071216
vt 0.163549 0.069610
vt 0.154194 0.082318
vt 0.164707 0.082513
vt 0.152375 0.067935
vt 0.141124 0.065699
vt 0.145200 0.081409
vt 0.128452 0.062388
vt 0.120490 0.095080
vt 0.125518 0.101011
vt 0.475728 0.334279
vt 0.476049 0.327359
vt 0.477850 0.322764
vt 0.481075 0.324660
vt 0.485425 0.321319
vt 0.482120 0.319406
vt 0.130375 0.103678
vt 0.136450 0.103163
vt 0.139093 0.100728
vt 0.132665 0.101072
vt 0.144957 0.099694
vt 0.147464 0.097346
vt 0.490009 0.316553
vt 0.493026 0.318493
vt 0.500303 0.316910
vt 0.499936 0.314940
vt 0.154564 0.095272
vt 0.154508 0.094194
vt 0.501976 0.320730
vt 0.508213 0.317910
vt 0.494764 0.324301
vt 0.489816 0.328201
vt 0.165269 0.089979
vt 0.162146 0.089653
vt 0.510405 0.315390
vt 0.154514 0.091472
vt 0.145312 0.092805
vt 0.138105 0.092820
vt 0.553563 0.111685
vt 0.551875 0.112369
vt 0.554473 0.117136
vt 0.550719 0.107454
vt 0.549223 0.108533
vt 0.543284 0.133507
vt 0.536354 0.134752
vt 0.549514 0.129919
vt 0.523115 0.126688
vt 0.524477 0.125752
vt 0.521885 0.121275
vt 0.526138 0.130926
vt 0.527276 0.129607
vt 0.532783 0.104425
vt 0.533235 0.105666
vt 0.539903 0.104589
vt 0.540265 0.103354
vt 0.526102 0.108279
vt 0.546252 0.104526
vt 0.545212 0.105732
vt 0.553174 0.123844
vt 0.530605 0.133769
vt 0.531290 0.132282
vt 0.522642 0.114626
vt 0.532730 0.114473
vt 0.533656 0.109881
vt 0.538052 0.113739
vt 0.538898 0.108989
vt 0.544085 0.107254
vt 0.547589 0.109726
vt 0.539484 0.106255
vt 0.543279 0.109617
vt 0.546148 0.110838
vt 0.497487 0.167459
vt 0.503185 0.183102
vt 0.504885 0.164071
vt 0.440299 0.186439
vt 0.445453 0.185533
vt 0.438153 0.169197
vt 0.433811 0.169999
vt 0.429307 0.187807
vt 0.436229 0.204615
vt 0.448612 0.202370
vt 0.454018 0.200179
vt 0.476899 0.103560
vt 0.469015 0.104957
vt 0.468815 0.121339
vt 0.476258 0.119867
vt 0.456752 0.215205
vt 0.461412 0.209614
vt 0.444023 0.220784
vt 0.457957 0.235109
vt 0.466403 0.221206
vt 0.469235 0.212691
vt 0.639254 0.656519
vt 0.639217 0.665312
vt 0.645516 0.665663
vt 0.643509 0.656409
vt 0.641675 0.650194
vt 0.638926 0.650717
vt 0.636866 0.651842
vt 0.635291 0.656320
vt 0.633117 0.664939
vt 0.431459 0.259679
vt 0.424441 0.244210
vt 0.387780 0.248912
vt 0.389024 0.263803
vt 0.389847 0.276009
vt 0.436678 0.272842
vt 0.465327 0.252351
vt 0.461408 0.104490
vt 0.461311 0.089625
vt 0.717411 0.650097
vt 0.725190 0.641122
vt 0.714679 0.632351
vt 0.707928 0.640940
vt 0.698767 0.650509
vt 0.707185 0.659572
vt 0.461706 0.121629
vt 0.462941 0.204220
vt 0.468739 0.206000
vt 0.628689 0.668167
vt 0.633091 0.668863
vt 0.628961 0.664432
vt 0.623196 0.663360
vt 0.621491 0.667713
vt 0.457084 0.197084
vt 0.464444 0.138192
vt 0.470193 0.136210
vt 0.695810 0.667972
vt 0.687435 0.659639
vt 0.673732 0.666019
vt 0.681206 0.673663
vt 0.468667 0.155425
vt 0.429115 0.122645
vt 0.426727 0.128313
vt 0.431618 0.139921
vt 0.436193 0.135685
vt 0.558551 0.646048
vt 0.569440 0.652381
vt 0.574673 0.646267
vt 0.563513 0.640159
vt 0.555148 0.633857
vt 0.550002 0.638896
vt 0.420714 0.112478
vt 0.458874 0.079013
vt 0.455484 0.070577
vt 0.729437 0.633749
vt 0.732718 0.627471
vt 0.722300 0.620536
vt 0.719022 0.625907
vt 0.476496 0.134566
vt 0.604189 0.646595
vt 0.587625 0.652619
vt 0.600751 0.658620
vt 0.616822 0.650889
vt 0.629911 0.644754
vt 0.620871 0.641558
vt 0.608343 0.636497
vt 0.590249 0.641131
vt 0.624545 0.653774
vt 0.613200 0.661960
vt 0.629405 0.655399
vt 0.634344 0.649055
vt 0.632950 0.647083
vt 0.579951 0.634780
vt 0.599796 0.630357
vt 0.594838 0.624348
vt 0.573224 0.628618
vt 0.671463 0.645933
vt 0.682546 0.636526
vt 0.665950 0.626502
vt 0.656905 0.636024
vt 0.649029 0.643689
vt 0.659621 0.653071
vt 0.411961 0.104400
vt 0.544811 0.630696
vt 0.550596 0.627430
vt 0.548759 0.620820
vt 0.542358 0.621804
vt 0.402035 0.098416
vt 0.474493 0.176677
vt 0.661964 0.674599
vt 0.658106 0.667233
vt 0.646000 0.672645
vt 0.478920 0.194793
vt 0.439570 0.151393
vt 0.434762 0.153627
vt 0.442338 0.167865
vt 0.581637 0.658571
vt 0.594619 0.664083
vt 0.449232 0.183848
vt 0.608997 0.666880
vt 0.475986 0.203145
vt 0.479292 0.208723
vt 0.638922 0.670726
vt 0.637990 0.648359
vt 0.636849 0.646742
vt 0.635866 0.650099
vt 0.639813 0.647361
vt 0.638239 0.646159
vt 0.657950 0.605077
vt 0.641163 0.609042
vt 0.641460 0.614256
vt 0.656873 0.610477
vt 0.675142 0.610801
vt 0.677511 0.605160
vt 0.678886 0.600279
vt 0.658135 0.600279
vt 0.640459 0.604448
vt 0.647178 0.634323
vt 0.639358 0.635687
vt 0.638305 0.641485
vt 0.643146 0.641487
vt 0.652408 0.625118
vt 0.641041 0.627741
vt 0.636160 0.644982
vt 0.638130 0.644430
vt 0.635010 0.642825
vt 0.655448 0.617165
vt 0.641657 0.620519
vt 0.671723 0.617963
vt 0.632628 0.656032
vt 0.649957 0.656085
vt 0.644638 0.647960
vt 0.690300 0.627382
vt 0.695539 0.619515
vt 0.699137 0.613540
vt 0.701652 0.608626
vt 0.569795 0.623118
vt 0.592211 0.619305
vt 0.591077 0.614672
vt 0.568489 0.617838
vt 0.622430 0.624997
vt 0.626372 0.631416
vt 0.619895 0.619129
vt 0.641134 0.645204
vt 0.631647 0.638245
vt 0.618197 0.614157
vt 0.617106 0.609761
vt 0.481157 0.241430
vt 0.479297 0.227947
vt 0.479481 0.216999
vt 0.850792 0.635608
vt 0.850900 0.639637
vt 0.852177 0.629400
vt 0.435299 0.288513
vt 0.433191 0.296099
vt 0.851511 0.646607
vt 0.432459 0.300577
vt 0.433393 0.306764
vt 0.855991 0.624159
vt 0.437577 0.311464
vt 0.495079 0.632818
vt 0.488699 0.633462
vt 0.064961 0.300382
vt 0.058199 0.300457
vt 0.052959 0.297813
vt 0.050192 0.295222
vt 0.045966 0.288092
vt 0.477496 0.644651
vt 0.481831 0.638014
vt 0.484240 0.635833
vt 0.534519 0.075252
vt 0.534951 0.064988
vt 0.526520 0.065269
vt 0.525991 0.075803
vt 0.587009 0.120588
vt 0.587211 0.132479
vt 0.591825 0.131571
vt 0.591065 0.120191
vt 0.590770 0.109077
vt 0.587229 0.109144
vt 0.586315 0.095365
vt 0.589809 0.094775
vt 0.583700 0.082331
vt 0.505292 0.067275
vt 0.514422 0.063896
vt 0.504741 0.063987
vt 0.495040 0.066087
vt 0.495362 0.068878
vt 0.558133 0.061661
vt 0.569725 0.066288
vt 0.558774 0.054033
vt 0.545760 0.059394
vt 0.519480 0.075924
vt 0.520291 0.066195
vt 0.572791 0.081560
vt 0.576034 0.077247
vt 0.553416 0.149251
vt 0.556691 0.159878
vt 0.622072 0.197287
vt 0.606036 0.193130
vt 0.636425 0.196633
vt 0.526023 0.124762
vt 0.528487 0.128169
vt 0.549948 0.113078
vt 0.547243 0.113535
vt 0.543074 0.113576
vt 0.542841 0.118464
vt 0.531965 0.130541
vt 0.533710 0.107276
vt 0.542076 0.123554
vt 0.599680 0.148450
vt 0.596717 0.131751
vt 0.593973 0.147008
vt 0.594653 0.161363
vt 0.600751 0.166999
vt 0.585223 0.161373
vt 0.574014 0.164477
vt 0.588725 0.169459
vt 0.591633 0.158861
vt 0.588856 0.156109
vt 0.588754 0.156118
vt 0.488136 0.060140
vt 0.493349 0.060198
vt 0.489786 0.052172
vt 0.484919 0.054705
vt 0.482934 0.055812
vt 0.488052 0.062955
vt 0.487350 0.072153
vt 0.486680 0.067289
vt 0.559048 0.043519
vt 0.558107 0.031442
vt 0.597650 0.094598
vt 0.596585 0.109675
vt 0.578303 0.073084
vt 0.502948 0.056819
vt 0.499856 0.047634
vt 0.487239 0.064784
vt 0.481065 0.056925
vt 0.520483 0.061706
vt 0.526534 0.060187
vt 0.535007 0.059164
vt 0.595367 0.181775
vt 0.559607 0.169244
vt 0.505769 0.191556
vt 0.513535 0.192295
vt 0.529775 0.195285
vt 0.589344 0.148026
vt 0.595857 0.120577
vt 0.510574 0.158354
vt 0.409093 0.189740
vt 0.383910 0.190924
vt 0.384763 0.208576
vt 0.413177 0.206873
vt 0.400632 0.115664
vt 0.395490 0.113128
vt 0.393237 0.119276
vt 0.402402 0.121648
vt 0.431252 0.154525
vt 0.428612 0.141373
vt 0.418329 0.225813
vt 0.386201 0.229209
vt 0.405161 0.130939
vt 0.390289 0.128732
vt 0.416948 0.131096
vt 0.423678 0.130484
vt 0.628841 0.941350
vt 0.628713 0.949110
vt 0.637377 0.946315
vt 0.638370 0.938733
vt 0.640082 0.930085
vt 0.629220 0.931329
vt 0.616771 0.932223
vt 0.619079 0.944011
vt 0.620121 0.951911
vt 0.648659 0.936202
vt 0.647166 0.944502
vt 0.658698 0.943749
vt 0.661588 0.933098
vt 0.658770 0.925082
vt 0.650208 0.927372
vt 0.656462 0.893522
vt 0.655099 0.905627
vt 0.661287 0.906238
vt 0.665221 0.897988
vt 0.658388 0.971467
vt 0.667997 0.969424
vt 0.660039 0.961527
vt 0.650675 0.961810
vt 0.639782 0.962454
vt 0.646312 0.973144
vt 0.645764 0.889628
vt 0.643369 0.903912
vt 0.653287 0.917147
vt 0.662633 0.914943
vt 0.641590 0.918638
vt 0.648266 0.952776
vt 0.661635 0.952958
vt 0.637720 0.953627
vt 0.604076 0.912519
vt 0.606250 0.932401
vt 0.614491 0.914033
vt 0.618505 0.893166
vt 0.608709 0.890702
vt 0.597978 0.890054
vt 0.594375 0.911691
vt 0.596449 0.932915
vt 0.636162 0.883736
vt 0.630152 0.898933
vt 0.633524 0.975227
vt 0.629158 0.964197
vt 0.619862 0.966070
vt 0.621704 0.977561
vt 0.627794 0.878191
vt 0.628273 0.916778
vt 0.628603 0.956126
vt 0.620158 0.958797
vt 0.588377 0.963623
vt 0.587581 0.972633
vt 0.601510 0.971293
vt 0.601117 0.962993
vt 0.599681 0.955353
vt 0.588032 0.955641
vt 0.576093 0.954492
vt 0.574297 0.962387
vt 0.571536 0.970985
vt 0.611304 0.961133
vt 0.611596 0.968651
vt 0.610437 0.953863
vt 0.608780 0.945453
vt 0.598065 0.946376
vt 0.618119 0.876220
vt 0.610231 0.980026
vt 0.597111 0.982192
vt 0.606811 0.876646
vt 0.566118 0.940323
vt 0.562836 0.950337
vt 0.578369 0.945678
vt 0.580833 0.931542
vt 0.568001 0.925852
vt 0.551816 0.922610
vt 0.550169 0.934512
vt 0.547167 0.944392
vt 0.588114 0.947003
vt 0.588633 0.933436
vt 0.593538 0.878525
vt 0.588566 0.890605
vt 0.582278 0.982338
vt 0.566379 0.979898
vt 0.578203 0.881278
vt 0.577764 0.892308
vt 0.587877 0.911359
vt 0.579781 0.910607
vt 0.535560 0.916879
vt 0.535023 0.924153
vt 0.551608 0.910132
vt 0.548993 0.899044
vt 0.533767 0.909332
vt 0.524761 0.916239
vt 0.524387 0.921963
vt 0.526498 0.925444
vt 0.560428 0.884493
vt 0.563434 0.894283
vt 0.550167 0.974457
vt 0.555231 0.966847
vt 0.540714 0.960074
vt 0.534498 0.967089
vt 0.543287 0.890448
vt 0.566696 0.908812
vt 0.559218 0.958633
vt 0.544236 0.952679
vt 0.514638 0.932965
vt 0.511991 0.941847
vt 0.519972 0.943457
vt 0.521325 0.937980
vt 0.525126 0.935121
vt 0.521906 0.929797
vt 0.516862 0.924677
vt 0.517542 0.915758
vt 0.530975 0.945002
vt 0.527425 0.950968
vt 0.532888 0.938437
vt 0.533629 0.931521
vt 0.527580 0.902674
vt 0.520088 0.955175
s 1
usemtl yellow
f 1/1/1 2/2/2 3/3/3
f 1/1/1 3/3/3 4/4/4
f 1/1/1 4/4/4 5/5/5
f 1/1/1 5/5/5 6/6/6
f 1/1/1 6/6/6 7/7/7
f 1/1/1 7/7/7 8/8/8
f 1/1/1 8/8/8 9/9/9
f 1/1/1 9/9/9 2/2/2
f 10/10/10 11/11/11 12/12/12
f 10/10/10 12/12/12 13/13/13
f 10/10/10 13/13/13 14/14/14
f 10/10/10 14/14/14 15/15/15
f 16/16/10 17/17/15 18/18/16
f 16/16/10 18/18/16 19/19/17
f 16/16/10 19/19/17 20/20/18
f 16/16/10 20/20/18 21/21/19
f 22/22/20 23/23/21 24/24/22
f 22/22/20 24/24/22 25/25/23
f 22/22/20 25/25/23 26/26/24
f 22/22/20 26/26/24 27/27/25
f 28/28/26 29/29/25 30/30/27
f 28/28/26 30/30/27 31/31/28
f 28/28/26 31/31/28 32/32/29
f 28/28/26 32/32/29 33/33/21
f 34/34/30 35/35/31 36/36/32
f 34/34/30 36/36/32 37/37/33
f 34/34/30 37/37/33 20/20/18
f 34/34/30 20/20/18 19/19/17
f 34/34/30 19/19/17 18/18/16
f 34/34/30 18/18/16 38/38/34
f 34/34/30 38/38/34 39/39/35
f 34/34/30 39/39/35 35/35/31
f 40/40/36 41/41/37 42/42/38
f 40/40/36 42/42/38 43/43/39
f 40/40/36 43/43/39 14/14/14
f 40/40/36 14/14/14 44/44/40
f 40/40/36 44/44/40 45/45/41
f 40/40/36 45/45/41 46/46/42
f 40/40/36 46/46/42 47/47/43
f 40/40/36 47/47/43 41/41/37
f 48/48/44 49/49/45 50/50/46
f 48/48/44 50/50/46 51/51/47
f 48/48/44 51/51/47 52/52/48
f 48/48/44 52/52/48 53/53/49
f 48/48/44 53/53/49 54/54/50
f 48/48/44 54/54/50 55/55/51
f 48/48/44 55/55/51 56/56/52
f 48/48/44 56/56/52 49/49/45
f 57/57/53 58/58/54 56/56/52
f 57/57/53 56/56/52 55/55/51
f 57/57/53 55/55/51 54/54/50
f 57/57/53 54/54/50 59/59/55
f 57/57/53 59/59/55 60/60/56
f 57/57/53 60/60/56 61/61/57
f 57/57/53 61/61/57 62/62/58
f 57/57/53 62/62/58 58/58/54
f 63/63/59 64/64/60 65/65/61
f 63/63/59 65/65/61 66/66/62
f 63/63/59 66/66/62 67/67/63
f 63/63/59 67/67/63 68/68/64
f 69/69/59 70/70/64 54/54/50
f 69/69/59 54/54/50 53/53/49
f 69/69/59 53/53/49 52/52/48
f 69/69/59 52/52/48 71/71/60
f 72/72/65 68/68/64 67/67/63
f 72/72/65 67/67/63 73/73/66
f 72/72/65 73/73/66 74/74/67
f 72/72/65 74/74/67 75/75/68
f 76/76/69 77/77/68 60/60/56
f 76/76/69 60/60/56 59/59/55
f 76/76/69 59/59/55 54/54/50
f 76/76/69 54/54/50 70/70/64
f 78/78/70 79/79/71 80/80/72
f 78/78/70 80/80/72 81/81/73
f 82/82/70 83/83/73 84/84/74
f 82/82/70 84/84/74 85/85/75
f 82/82/70 85/85/75 86/86/76
f 82/82/70 86/86/76 87/87/77
f 78/78/70 88/88/77 89/89/78
f 78/78/70 89/89/78 79/79/71
f 90/90/79 91/91/80 89/89/78
f 90/90/79 89/89/78 88/88/77
f 92/92/79 87/87/77 86/86/76
f 92/92/79 86/86/76 93/93/81
f 92/92/79 93/93/81 94/94/82
f 92/92/79 94/94/82 95/95/83
f 90/90/79 96/96/83 97/97/84
f 90/90/79 97/97/84 91/91/80
f 98/98/85 93/93/81 86/86/76
f 98/98/85 86/86/76 99/99/86
f 98/98/85 99/99/86 56/56/52
f 98/98/85 56/56/52 58/58/54
f 98/98/85 58/58/54 62/62/58
f 98/98/85 62/62/58 100/100/87
f 98/98/85 100/100/87 94/94/82
f 98/98/85 94/94/82 93/93/81
f 101/101/88 85/85/75 84/84/74
f 101/101/88 84/84/74 102/102/89
f 101/101/88 102/102/89 50/50/46
f 101/101/88 50/50/46 49/49/45
f 101/101/88 49/49/45 56/56/52
f 101/101/88 56/56/52 99/99/86
f 101/101/88 99/99/86 86/86/76
f 101/101/88 86/86/76 85/85/75
f 103/103/90 104/104/91 105/105/92
f 103/103/90 105/105/92 106/106/93
f 103/103/90 106/106/93 42/42/38
f 103/103/90 42/42/38 41/41/37
f 103/103/90 41/41/37 47/47/43
f 103/103/90 47/47/43 107/107/94
f 103/103/90 107/107/94 108/108/95
f 103/103/90 108/108/95 104/104/91
f 109/109/96 110/110/97 111/111/98
f 109/109/96 111/111/98 112/112/99
f 109/109/96 112/112/99 36/36/32
f 109/109/96 36/36/32 35/35/31
f 109/109/96 35/35/31 39/39/35
f 109/109/96 39/39/35 113/113/100
f 109/109/96 113/113/100 114/114/101
f 109/109/96 114/114/101 110/110/97
f 115/115/102 116/116/103 117/117/104
f 115/115/102 117/117/104 118/118/105
f 115/115/102 118/118/105 24/24/22
f 115/115/102 24/24/22 23/23/21
f 119/119/102 33/33/21 32/32/29
f 119/119/102 32/32/29 120/120/106
f 119/119/102 120/120/106 121/121/107
f 119/119/102 121/121/107 122/122/103
f 123/123/108 124/124/109 125/125/110
f 123/123/108 125/125/110 126/126/111
f 123/123/108 126/126/111 127/127/112
f 123/123/108 127/127/112 128/128/113
f 123/123/108 128/128/113 50/50/46
f 123/123/108 50/50/46 102/102/89
f 123/123/108 102/102/89 84/84/74
f 123/123/108 84/84/74 124/124/109
f 129/129/114 130/130/115 117/117/104
f 129/129/114 117/117/104 116/116/103
f 131/131/116 122/122/103 121/121/107
f 131/131/116 121/121/107 132/132/117
f 131/131/116 132/132/117 133/133/118
f 131/131/116 133/133/118 134/134/119
f 129/129/114 135/135/119 136/136/120
f 129/129/114 136/136/120 130/130/115
f 137/137/121 138/138/122 139/139/123
f 137/137/121 139/139/123 140/140/124
f 137/137/121 140/140/124 141/141/61
f 137/137/121 141/141/61 142/142/60
f 143/143/121 71/71/60 52/52/48
f 143/143/121 52/52/48 144/144/125
f 143/143/121 144/144/125 145/145/126
f 143/143/121 145/145/126 146/146/122
f 147/147/127 128/128/113 127/127/112
f 147/147/127 127/127/112 148/148/128
f 147/147/127 148/148/128 145/145/126
f 147/147/127 145/145/126 144/144/125
f 147/147/127 144/144/125 52/52/48
f 147/147/127 52/52/48 51/51/47
f 147/147/127 51/51/47 50/50/46
f 147/147/127 50/50/46 128/128/113
f 149/149/129 150/150/130 94/94/82
f 149/149/129 94/94/82 100/100/87
f 149/149/129 100/100/87 62/62/58
f 149/149/129 62/62/58 151/151/131
f 149/149/129 151/151/131 152/152/132
f 149/149/129 152/152/132 153/153/133
f 149/149/129 153/153/133 154/154/134
f 149/149/129 154/154/134 150/150/130
f 155/155/135 151/151/131 62/62/58
f 155/155/135 62/62/58 61/61/57
f 155/155/135 61/61/57 60/60/56
f 155/155/135 60/60/56 156/156/136
f 155/155/135 156/156/136 157/157/137
f 155/155/135 157/157/137 158/158/138
f 155/155/135 158/158/138 152/152/132
f 155/155/135 152/152/132 151/151/131
f 159/159/139 75/75/68 74/74/67
f 159/159/139 74/74/67 160/160/140
f 159/159/139 160/160/140 161/161/141
f 159/159/139 161/161/141 162/162/142
f 163/163/139 164/164/142 157/157/137
f 163/163/139 157/157/137 156/156/136
f 163/163/139 156/156/136 60/60/56
f 163/163/139 60/60/56 77/77/68
f 165/165/143 166/166/144 97/97/84
f 165/165/143 97/97/84 96/96/83
f 167/167/143 95/95/83 94/94/82
f 167/167/143 94/94/82 150/150/130
f 167/167/143 150/150/130 154/154/134
f 167/167/143 154/154/134 168/168/145
f 165/165/143 169/169/145 5/5/5
f 165/165/143 5/5/5 166/166/144
f 170/170/146 171/171/147 172/172/148
f 170/170/146 172/172/148 173/173/149
f 170/170/146 173/173/149 97/97/84
f 170/170/146 97/97/84 166/166/144
f 170/170/146 166/166/144 5/5/5
f 170/170/146 5/5/5 174/174/150
f 170/170/146 174/174/150 175/175/151
f 170/170/146 175/175/151 171/171/147
f 176/176/152 177/177/153 178/178/154
f 176/176/152 178/178/154 179/179/155
f 176/176/152 179/179/155 180/180/156
f 176/176/152 180/180/156 181/181/157
f 176/176/152 181/181/157 161/161/141
f 176/176/152 161/161/141 160/160/140
f 176/176/152 160/160/140 74/74/67
f 176/176/152 74/74/67 177/177/153
f 182/182/158 183/183/159 184/184/160
f 182/182/158 184/184/160 185/185/161
f 182/182/158 185/185/161 186/186/162
f 182/182/158 186/186/162 187/187/163
f 182/182/158 187/187/163 80/80/72
f 182/182/158 80/80/72 188/188/164
f 182/182/158 188/188/164 189/189/165
f 182/182/158 189/189/165 183/183/159
f 190/190/166 191/191/167 192/192/168
f 190/190/166 192/192/168 193/193/169
f 190/190/166 193/193/169 194/194/170
f 190/190/166 194/194/170 195/195/171
f 190/190/166 195/195/171 24/24/22
f 190/190/166 24/24/22 118/118/105
f 190/190/166 118/118/105 117/117/104
f 190/190/166 117/117/104 191/191/167
f 196/196/172 197/197/173 114/114/101
f 196/196/172 114/114/101 113/113/100
f 196/196/172 113/113/100 39/39/35
f 196/196/172 39/39/35 198/198/174
f 199/199/172 200/200/174 42/42/38
f 199/199/172 42/42/38 106/106/93
f 199/199/172 106/106/93 105/105/92
f 199/199/172 105/105/92 201/201/175
f 202/202/176 203/203/177 204/204/178
f 202/202/176 204/204/178 205/205/179
f 202/202/176 205/205/179 89/89/78
f 202/202/176 89/89/78 91/91/80
f 202/202/176 91/91/80 97/97/84
f 202/202/176 97/97/84 173/173/149
f 202/202/176 173/173/149 172/172/148
f 202/202/176 172/172/148 203/203/177
f 206/206/180 207/207/181 189/189/165
f 206/206/180 189/189/165 188/188/164
f 206/206/180 188/188/164 80/80/72
f 206/206/180 80/80/72 79/79/71
f 206/206/180 79/79/71 89/89/78
f 206/206/180 89/89/78 205/205/179
f 206/206/180 205/205/179 204/204/178
f 206/206/180 204/204/178 207/207/181
f 208/208/182 209/209/183 210/210/184
f 208/208/182 210/210/184 211/211/185
f 208/208/182 211/211/185 178/178/154
f 208/208/182 178/178/154 177/177/153
f 208/208/182 177/177/153 74/74/67
f 208/208/182 74/74/67 73/73/66
f 208/208/182 73/73/66 67/67/63
f 208/208/182 67/67/63 209/209/183
f 212/212/186 213/213/187 214/214/188
f 212/212/186 214/214/188 215/215/189
f 212/212/186 215/215/189 210/210/184
f 212/212/186 210/210/184 209/209/183
f 212/212/186 209/209/183 67/67/63
f 212/212/186 67/67/63 216/216/190
f 212/212/186 216/216/190 217/217/191
f 212/212/186 217/217/191 213/213/187
f 218/218/192 198/198/174 39/39/35
f 218/218/192 39/39/35 38/38/34
f 218/218/192 38/38/34 18/18/16
f 218/218/192 18/18/16 17/17/15
f 219/219/192 15/15/15 14/14/14
f 219/219/192 14/14/14 43/43/39
f 219/219/192 43/43/39 42/42/38
f 219/219/192 42/42/38 200/200/174
f 220/220/193 195/195/171 194/194/170
f 220/220/193 194/194/170 221/221/194
f 220/220/193 221/221/194 222/222/195
f 220/220/193 222/222/195 223/223/196
f 220/220/193 223/223/196 26/26/24
f 220/220/193 26/26/24 25/25/23
f 220/220/193 25/25/23 24/24/22
f 220/220/193 24/24/22 195/195/171
f 224/224/197 225/225/198 226/226/199
f 224/224/197 226/226/199 227/227/200
f 224/224/197 227/227/200 45/45/41
f 224/224/197 45/45/41 44/44/40
f 224/224/197 44/44/40 14/14/14
f 224/224/197 14/14/14 13/13/13
f 224/224/197 13/13/13 12/12/12
f 224/224/197 12/12/12 225/225/198
f 228/228/201 229/229/202 230/230/203
f 228/228/201 230/230/203 231/231/204
f 228/228/201 231/231/204 3/3/3
f 228/228/201 3/3/3 232/232/205
f 228/228/201 232/232/205 233/233/206
f 228/228/201 233/233/206 234/234/91
f 228/228/201 234/234/91 235/235/95
f 228/228/201 235/235/95 229/229/202
f 236/236/207 237/237/208 7/7/7
f 236/236/207 7/7/7 238/238/209
f 239/239/207 240/240/209 241/241/210
f 239/239/207 241/241/210 242/242/211
f 239/239/207 242/242/211 243/243/212
f 239/239/207 243/243/212 244/244/213
f 236/236/207 245/245/213 246/246/214
f 236/236/207 246/246/214 237/237/208
f 247/247/215 248/248/216 249/249/217
f 247/247/215 249/249/217 250/250/218
f 247/247/215 250/250/218 136/136/120
f 247/247/215 136/136/120 251/251/219
f 247/247/215 251/251/219 252/252/220
f 247/247/215 252/252/220 253/253/221
f 247/247/215 253/253/221 254/254/222
f 247/247/215 254/254/222 248/248/216
f 255/255/223 256/256/224 125/125/110
f 255/255/223 125/125/110 124/124/109
f 255/255/223 124/124/109 84/84/74
f 255/255/223 84/84/74 257/257/225
f 255/255/223 257/257/225 258/258/226
f 255/255/223 258/258/226 259/259/227
f 255/255/223 259/259/227 260/260/228
f 255/255/223 260/260/228 256/256/224
f 261/261/229 262/262/230 111/111/98
f 261/261/229 111/111/98 110/110/97
f 261/261/229 110/110/97 114/114/101
f 261/261/229 114/114/101 263/263/231
f 261/261/229 263/263/231 264/264/232
f 261/261/229 264/264/232 265/265/233
f 261/261/229 265/265/233 266/266/234
f 261/261/229 266/266/234 262/262/230
f 267/267/235 257/257/225 84/84/74
f 267/267/235 84/84/74 83/83/73
f 268/268/236 81/81/73 80/80/72
f 268/268/236 80/80/72 269/269/237
f 268/268/236 269/269/237 270/270/238
f 268/268/236 270/270/238 271/271/239
f 267/267/235 272/272/239 258/258/226
f 267/267/235 258/258/226 257/257/225
f 273/273/240 274/274/241 186/186/162
f 273/273/240 186/186/162 275/275/242
f 273/273/240 275/275/242 117/117/104
f 273/273/240 117/117/104 130/130/115
f 273/273/240 130/130/115 136/136/120
f 273/273/240 136/136/120 250/250/218
f 273/273/240 250/250/218 249/249/217
f 273/273/240 249/249/217 274/274/241
f 276/276/243 6/6/6 5/5/5
f 276/276/243 5/5/5 169/169/145
f 277/277/243 168/168/145 154/154/134
f 277/277/243 154/154/134 278/278/244
f 277/277/243 278/278/244 241/241/210
f 277/277/243 241/241/210 240/240/209
f 276/276/243 238/238/209 7/7/7
f 276/276/243 7/7/7 6/6/6
f 279/279/245 263/263/231 114/114/101
f 279/279/245 114/114/101 197/197/173
f 280/280/245 281/281/246 233/233/206
f 280/280/245 233/233/206 282/282/247
f 280/280/245 282/282/247 283/283/248
f 280/280/245 283/283/248 284/284/249
f 279/279/245 285/285/250 264/264/232
f 279/279/245 264/264/232 263/263/231
f 286/286/251 287/287/252 288/288/253
f 286/286/251 288/288/253 289/289/254
f 290/290/255 291/291/254 292/292/256
f 290/290/255 292/292/256 293/293/257
f 290/290/255 293/293/257 294/294/258
f 290/290/255 294/294/258 295/295/259
f 286/286/251 296/296/259 297/297/260
f 286/286/251 297/297/260 287/287/252
f 298/298/261 299/299/262 258/258/226
f 298/298/261 258/258/226 272/272/239
f 300/300/261 271/271/239 270/270/238
f 300/300/261 270/270/238 301/301/263
f 300/300/261 301/301/263 302/302/264
f 300/300/261 302/302/264 303/303/265
f 298/298/261 304/304/265 305/305/266
f 298/298/261 305/305/266 299/299/262
f 306/306/267 307/307/268 260/260/228
f 306/306/267 260/260/228 259/259/227
f 306/306/267 259/259/227 258/258/226
f 306/306/267 258/258/226 299/299/262
f 306/306/267 299/299/262 305/305/266
f 306/306/267 305/305/266 308/308/269
f 306/306/267 308/308/269 309/309/270
f 306/306/267 309/309/270 307/307/268
f 310/310/271 251/251/219 136/136/120
f 310/310/271 136/136/120 135/135/119
f 311/311/271 134/134/119 133/133/118
f 311/311/271 133/133/118 312/312/272
f 311/311/271 312/312/272 313/313/273
f 311/311/271 313/313/273 314/314/274
f 310/310/271 315/315/274 252/252/220
f 310/310/271 252/252/220 251/251/219
f 316/316/275 317/317/276 318/318/277
f 316/316/275 318/318/277 319/319/278
f 320/320/279 321/321/278 322/322/280
f 320/320/279 322/322/280 323/323/281
f 320/320/279 323/323/281 324/324/282
f 320/320/279 324/324/282 325/325/283
f 316/316/275 326/326/283 327/327/284
f 316/316/275 327/327/284 317/317/276
f 328/328/285 329/329/286 254/254/222
f 328/328/285 254/254/222 253/253/221
f 328/328/285 253/253/221 252/252/220
f 328/328/285 252/252/220 330/330/287
f 328/328/285 330/330/287 331/331/288
f 328/328/285 331/331/288 332/332/289
f 328/328/285 332/332/289 318/318/277
f 328/328/285 318/318/277 329/329/286
f 333/333/290 334/334/291 309/309/270
f 333/333/290 309/309/270 308/308/269
f 333/333/290 308/308/269 305/305/266
f 333/333/290 305/305/266 335/335/292
f 333/333/290 335/335/292 324/324/282
f 333/333/290 324/324/282 323/323/281
f 333/333/290 323/323/281 322/322/280
f 333/333/290 322/322/280 334/334/291
f 336/336/293 335/335/292 305/305/266
f 336/336/293 305/305/266 304/304/265
f 337/337/293 303/303/265 302/302/264
f 337/337/293 302/302/264 338/338/294
f 337/337/293 338/338/294 327/327/284
f 337/337/293 327/327/284 326/326/283
f 336/336/293 325/325/283 324/324/282
f 336/336/293 324/324/282 335/335/292
f 339/339/295 340/340/296 246/246/214
f 339/339/295 246/246/214 245/245/213
f 341/341/297 244/244/213 243/243/212
f 341/341/297 243/243/212 342/342/298
f 341/341/297 342/342/298 343/343/299
f 341/341/297 343/343/299 344/344/300
f 339/339/295 345/345/300 346/346/301
f 339/339/295 346/346/301 340/340/296
f 347/347/302 348/348/303 264/264/232
f 347/347/302 264/264/232 285/285/250
f 349/349/302 284/284/249 283/283/248
f 349/349/302 283/283/248 350/350/304
f 349/349/302 350/350/304 351/351/305
f 349/349/302 351/351/305 352/352/306
f 347/347/302 353/353/306 354/354/307
f 347/347/302 354/354/307 348/348/303
f 355/355/308 356/356/309 266/266/234
f 355/355/308 266/266/234 265/265/233
f 355/355/308 265/265/233 264/264/232
f 355/355/308 264/264/232 348/348/303
f 355/355/308 348/348/303 354/354/307
f 355/355/308 354/354/307 357/357/310
f 355/355/308 357/357/310 358/358/311
f 355/355/308 358/358/311 356/356/309
f 359/359/312 360/360/313 9/9/9
f 359/359/312 9/9/9 8/8/8
f 359/359/312 8/8/8 7/7/7
f 359/359/312 7/7/7 237/237/208
f 359/359/312 237/237/208 246/246/214
f 359/359/312 246/246/214 361/361/314
f 359/359/312 361/361/314 362/362/315
f 359/359/312 362/362/315 360/360/313
f 363/363/316 364/364/317 365/365/318
f 363/363/316 365/365/318 366/366/319
f 363/363/316 366/366/319 346/346/301
f 363/363/316 346/346/301 367/367/320
f 363/363/316 367/367/320 368/368/321
f 363/363/316 368/368/321 369/369/322
f 363/363/316 369/369/322 370/370/323
f 363/363/316 370/370/323 364/364/317
f 371/371/324 372/372/325 358/358/311
f 371/371/324 358/358/311 357/357/310
f 371/371/324 357/357/310 354/354/307
f 371/371/324 354/354/307 373/373/326
f 371/371/324 373/373/326 374/374/327
f 371/371/324 374/374/327 375/375/328
f 371/371/324 375/375/328 376/376/329
f 371/371/324 376/376/329 372/372/325
f 377/377/330 378/378/331 362/362/315
f 377/377/330 362/362/315 361/361/314
f 377/377/330 361/361/314 246/246/214
f 377/377/330 246/246/214 340/340/296
f 377/377/330 340/340/296 346/346/301
f 377/377/330 346/346/301 366/366/319
f 377/377/330 366/366/319 365/365/318
f 377/377/330 365/365/318 378/378/331
f 379/379/332 373/373/326 354/354/307
f 379/379/332 354/354/307 353/353/306
f 380/380/332 352/352/306 351/351/305
f 380/380/332 351/351/305 381/381/333
f 380/380/332 381/381/333 382/382/334
f 380/380/332 382/382/334 383/383/335
f 379/379/332 384/384/335 374/374/327
f 379/379/332 374/374/327 373/373/326
f 385/385/336 386/386/337 370/370/323
f 385/385/336 370/370/323 387/387/338
f 388/388/339 389/389/338 390/390/340
f 388/388/339 390/390/340 391/391/341
f 388/388/339 391/391/341 392/392/342
f 388/388/339 392/392/342 393/393/343
f 385/385/336 394/394/343 395/395/344
f 385/385/336 395/395/344 386/386/337
f 396/396/345 397/397/346 374/374/327
f 396/396/345 374/374/327 384/384/335
f 398/398/345 383/383/335 382/382/334
f 398/398/345 382/382/334 399/399/347
f 398/398/345 399/399/347 395/395/344
f 398/398/345 395/395/344 394/394/343
f 396/396/345 393/393/343 392/392/342
f 396/396/345 392/392/342 397/397/346
f 400/400/348 401/401/349 402/402/350
f 400/400/348 402/402/350 403/403/351
f 400/400/348 403/403/351 404/404/352
f 400/400/348 404/404/352 405/405/353
f 400/400/348 405/405/353 406/406/354
f 400/400/348 406/406/354 407/407/355
f 400/400/348 407/407/355 408/408/356
f 400/400/348 408/408/356 401/401/349
f 409/409/357 410/410/358 376/376/329
f 409/409/357 376/376/329 375/375/328
f 409/409/357 375/375/328 374/374/327
f 409/409/357 374/374/327 397/397/346
f 409/409/357 397/397/346 392/392/342
f 409/409/357 392/392/342 391/391/341
f 409/409/357 391/391/341 390/390/340
f 409/409/357 390/390/340 410/410/358
f 411/411/359 407/407/355 406/406/354
f 411/411/359 406/406/354 412/412/360
f 413/413/359 414/414/360 415/415/361
f 413/413/359 415/415/361 416/416/362
f 413/413/359 416/416/362 417/417/363
f 413/413/359 417/417/363 418/418/364
f 411/411/359 419/419/364 408/408/356
f 411/411/359 408/408/356 407/407/355
f 420/420/365 421/421/366 422/422/367
f 420/420/365 422/422/367 423/423/368
f 424/424/365 425/425/368 402/402/350
f 424/424/365 402/402/350 401/401/349
f 424/424/365 401/401/349 408/408/356
f 424/424/365 408/408/356 419/419/364
f 420/420/365 418/418/364 417/417/363
f 420/420/365 417/417/363 421/421/366
f 426/426/369 427/427/370 428/428/371
f 426/426/369 428/428/371 429/429/372
f 426/426/369 429/429/372 422/422/367
f 426/426/369 422/422/367 421/421/366
f 426/426/369 421/421/366 417/417/363
f 426/426/369 417/417/363 416/416/362
f 426/426/369 416/416/362 415/415/361
f 426/426/369 415/415/361 427/427/370
f 430/430/373 405/405/353 404/404/352
f 430/430/373 404/404/352 431/431/374
f 432/432/375 433/433/376 428/428/371
f 432/432/375 428/428/371 427/427/370
f 432/432/375 427/427/370 415/415/361
f 432/432/375 415/415/361 414/414/360
f 430/430/373 412/412/360 406/406/354
f 430/430/373 406/406/354 405/405/353
f 434/434/377 435/435/378 297/297/260
f 434/434/377 297/297/260 296/296/259
f 436/436/377 295/295/259 294/294/258
f 436/436/377 294/294/258 437/437/379
f 436/436/377 437/437/379 438/438/380
f 436/436/377 438/438/380 439/439/381
f 434/434/377 440/440/382 441/441/383
f 434/434/377 441/441/383 435/435/378
f 442/442/384 293/293/257 292/292/256
f 442/442/384 292/292/256 443/443/385
f 442/442/384 443/443/385 444/444/386
f 442/442/384 444/444/386 445/445/387
f 442/442/384 445/445/387 438/438/380
f 442/442/384 438/438/380 437/437/379
f 442/442/384 437/437/379 294/294/258
f 442/442/384 294/294/258 293/293/257
f 446/446/388 445/445/387 444/444/386
f 446/446/388 444/444/386 447/447/389
f 448/448/388 449/449/389 450/450/390
f 448/448/388 450/450/390 451/451/391
f 448/448/388 451/451/391 441/441/383
f 448/448/388 441/441/383 440/440/382
f 446/446/388 439/439/381 438/438/380
f 446/446/388 438/438/380 445/445/387
f 452/452/392 451/451/391 450/450/390
f 452/452/392 450/450/390 453/453/393
f 452/452/392 453/453/393 288/288/253
f 452/452/392 288/288/253 287/287/252
f 452/452/392 287/287/252 297/297/260
f 452/452/392 297/297/260 435/435/378
f 452/452/392 435/435/378 441/441/383
f 452/452/392 441/441/383 451/451/391
f 454/454/394 455/455/395 456/456/396
f 454/454/394 456/456/396 457/457/397
f 454/454/394 457/457/397 458/458/398
f 454/454/394 458/458/398 459/459/399
f 454/454/394 459/459/399 460/460/400
f 454/454/394 460/460/400 461/461/401
f 454/454/394 461/461/401 462/462/402
f 454/454/394 462/462/402 463/463/403
f 454/454/394 463/463/403 464/464/404
f 454/454/394 464/464/404 455/455/395
f 465/465/405 466/466/406 467/467/407
f 465/465/405 467/467/407 468/468/408
f 465/465/405 468/468/408 469/469/409
f 465/465/405 469/469/409 470/470/410
f 465/465/405 470/470/410 471/471/411
f 465/465/405 471/471/411 472/472/412
f 465/465/405 472/472/412 473/473/413
f 465/465/405 473/473/413 466/466/406
f 474/474/414 475/475/415 476/476/416
f 474/474/414 476/476/416 477/477/417
f 474/474/414 477/477/417 478/478/418
f 474/474/414 478/478/418 479/479/419
f 474/474/414 479/479/419 480/480/420
f 474/474/414 480/480/420 481/481/421
f 474/474/414 481/481/421 482/482/422
f 474/474/414 482/482/422 475/475/415
f 483/483/423 484/484/424 485/485/425
f 483/483/423 485/485/425 486/486/426
f 483/483/423 486/486/426 487/487/427
f 483/483/423 487/487/427 488/488/428
f 483/483/423 488/488/428 489/489/429
f 483/483/423 489/489/429 490/490/430
f 483/483/423 490/490/430 491/491/431
f 483/483/423 491/491/431 484/484/424
f 492/492/432 493/493/433 139/139/123
f 492/492/432 139/139/123 494/494/434
f 492/492/432 494/494/434 495/495/435
f 492/492/432 495/495/435 496/496/436
f 492/492/432 496/496/436 497/497/437
f 492/492/432 497/497/437 498/498/438
f 492/492/432 498/498/438 499/499/439
f 492/492/432 499/499/439 493/493/433
f 500/500/440 501/501/441 65/65/61
f 500/500/440 65/65/61 502/502/442
f 503/503/440 504/504/443 505/505/444
f 503/503/440 505/505/444 506/506/445
f 503/503/440 506/506/445 507/507/446
f 503/503/440 507/507/446 508/508/447
f 500/500/440 509/509/447 217/217/191
f 500/500/440 217/217/191 501/501/441
f 510/510/448 511/511/443 141/141/61
f 510/510/448 141/141/61 512/512/449
f 510/510/448 512/512/449 513/513/450
f 510/510/448 513/513/450 514/514/451
f 515/515/452 516/516/451 517/517/453
f 515/515/452 517/517/453 518/518/454
f 515/515/452 518/518/454 505/505/444
f 515/515/452 505/505/444 504/504/443
f 519/519/455 520/520/456 313/313/273
f 519/519/455 313/313/273 521/521/457
f 519/519/455 521/521/457 309/309/270
f 519/519/455 309/309/270 334/334/291
f 519/519/455 334/334/291 322/322/280
f 519/519/455 322/322/280 522/522/458
f 519/519/455 522/522/458 523/523/459
f 519/519/455 523/523/459 520/520/456
f 524/524/460 338/338/294 302/302/264
f 524/524/460 302/302/264 525/525/461
f 524/524/460 525/525/461 254/254/222
f 524/524/460 254/254/222 329/329/286
f 524/524/460 329/329/286 318/318/277
f 524/524/460 318/318/277 317/317/276
f 524/524/460 317/317/276 327/327/284
f 524/524/460 327/327/284 338/338/294
f 526/526/462 332/332/289 331/331/288
f 526/526/462 331/331/288 527/527/463
f 528/528/462 529/529/463 523/523/459
f 528/528/462 523/523/459 522/522/458
f 528/528/462 522/522/458 322/322/280
f 528/528/462 322/322/280 321/321/278
f 526/526/462 319/319/278 318/318/277
f 526/526/462 318/318/277 332/332/289
f 530/530/464 312/312/272 133/133/118
f 530/530/464 133/133/118 531/531/465
f 530/530/464 531/531/465 260/260/228
f 530/530/464 260/260/228 307/307/268
f 530/530/464 307/307/268 309/309/270
f 530/530/464 309/309/270 521/521/457
f 530/530/464 521/521/457 313/313/273
f 530/530/464 313/313/273 312/312/272
f 532/532/466 269/269/237 80/80/72
f 532/532/466 80/80/72 187/187/163
f 532/532/466 187/187/163 186/186/162
f 532/532/466 186/186/162 274/274/241
f 532/532/466 274/274/241 249/249/217
f 532/532/466 249/249/217 533/533/467
f 532/532/466 533/533/467 270/270/238
f 532/532/466 270/270/238 269/269/237
f 534/534/468 132/132/117 121/121/107
f 534/534/468 121/121/107 535/535/469
f 534/534/468 535/535/469 125/125/110
f 534/534/468 125/125/110 256/256/224
f 534/534/468 256/256/224 260/260/228
f 534/534/468 260/260/228 531/531/465
f 534/534/468 531/531/465 133/133/118
f 534/534/468 133/133/118 132/132/117
f 536/536/470 301/301/263 270/270/238
f 536/536/470 270/270/238 533/533/467
f 536/536/470 533/533/467 249/249/217
f 536/536/470 249/249/217 248/248/216
f 536/536/470 248/248/216 254/254/222
f 536/536/470 254/254/222 525/525/461
f 536/536/470 525/525/461 302/302/264
f 536/536/470 302/302/264 301/301/263
f 537/537/471 538/538/472 192/192/168
f 537/537/471 192/192/168 191/191/167
f 537/537/471 191/191/167 117/117/104
f 537/537/471 117/117/104 275/275/242
f 537/537/471 275/275/242 186/186/162
f 537/537/471 186/186/162 185/185/161
f 537/537/471 185/185/161 184/184/160
f 537/537/471 184/184/160 538/538/472
f 539/539/473 540/540/474 32/32/29
f 539/539/473 32/32/29 31/31/28
f 539/539/473 31/31/28 30/30/27
f 539/539/473 30/30/27 541/541/475
f 539/539/473 541/541/475 145/145/126
f 539/539/473 145/145/126 148/148/128
f 539/539/473 148/148/128 127/127/112
f 539/539/473 127/127/112 540/540/474
f 542/542/476 543/543/477 495/495/435
f 542/542/476 495/495/435 494/494/434
f 542/542/476 494/494/434 139/139/123
f 542/542/476 139/139/123 138/138/122
f 544/544/476 146/146/122 145/145/126
f 544/544/476 145/145/126 541/541/475
f 544/544/476 541/541/475 30/30/27
f 544/544/476 30/30/27 29/29/25
f 545/545/478 535/535/469 121/121/107
f 545/545/478 121/121/107 120/120/106
f 545/545/478 120/120/106 32/32/29
f 545/545/478 32/32/29 540/540/474
f 545/545/478 540/540/474 127/127/112
f 545/545/478 127/127/112 126/126/111
f 545/545/478 126/126/111 125/125/110
f 545/545/478 125/125/110 535/535/469
f 546/546/479 547/547/480 343/343/299
f 546/546/479 343/343/299 548/548/481
f 546/546/479 548/548/481 376/376/329
f 546/546/479 376/376/329 410/410/358
f 546/546/479 410/410/358 390/390/340
f 546/546/479 390/390/340 549/549/482
f 546/546/479 549/549/482 550/550/483
f 546/546/479 550/550/483 547/547/480
f 551/551/484 369/369/322 368/368/321
f 551/551/484 368/368/321 552/552/485
f 553/553/484 554/554/485 550/550/483
f 553/553/484 550/550/483 549/549/482
f 553/553/484 549/549/482 390/390/340
f 553/553/484 390/390/340 389/389/338
f 551/551/484 387/387/338 370/370/323
f 551/551/484 370/370/323 369/369/322
f 555/555/486 381/381/333 351/351/305
f 555/555/486 351/351/305 556/556/487
f 555/555/486 556/556/487 362/362/315
f 555/555/486 362/362/315 378/378/331
f 555/555/486 378/378/331 365/365/318
f 555/555/486 365/365/318 557/557/488
f 555/555/486 557/557/488 382/382/334
f 555/555/486 382/382/334 381/381/333
f 558/558/489 342/342/298 243/243/212
f 558/558/489 243/243/212 559/559/490
f 558/558/489 559/559/490 358/358/311
f 558/558/489 358/358/311 372/372/325
f 558/558/489 372/372/325 376/376/329
f 558/558/489 376/376/329 548/548/481
f 558/558/489 548/548/481 343/343/299
f 558/558/489 343/343/299 342/342/298
f 560/560/491 399/399/347 382/382/334
f 560/560/491 382/382/334 557/557/488
f 560/560/491 557/557/488 365/365/318
f 560/560/491 365/365/318 364/364/317
f 560/560/491 364/364/317 370/370/323
f 560/560/491 370/370/323 386/386/337
f 560/560/491 386/386/337 395/395/344
f 560/560/491 395/395/344 399/399/347
f 561/561/492 350/350/304 283/283/248
f 561/561/492 283/283/248 562/562/493
f 561/561/492 562/562/493 9/9/9
f 561/561/492 9/9/9 360/360/313
f 561/561/492 360/360/313 362/362/315
f 561/561/492 362/362/315 556/556/487
f 561/561/492 556/556/487 351/351/305
f 561/561/492 351/351/305 350/350/304
f 563/563/494 242/242/211 241/241/210
f 563/563/494 241/241/210 564/564/495
f 563/563/494 564/564/495 266/266/234
f 563/563/494 266/266/234 356/356/309
f 563/563/494 356/356/309 358/358/311
f 563/563/494 358/358/311 559/559/490
f 563/563/494 559/559/490 243/243/212
f 563/563/494 243/243/212 242/242/211
f 565/565/496 278/278/244 154/154/134
f 565/565/496 154/154/134 566/566/497
f 565/565/496 566/566/497 111/111/98
f 565/565/496 111/111/98 262/262/230
f 565/565/496 262/262/230 266/266/234
f 565/565/496 266/266/234 564/564/495
f 565/565/496 564/564/495 241/241/210
f 565/565/496 241/241/210 278/278/244
f 567/567/498 568/568/499 175/175/151
f 567/567/498 175/175/151 174/174/150
f 567/567/498 174/174/150 5/5/5
f 567/567/498 5/5/5 4/4/4
f 567/567/498 4/4/4 3/3/3
f 567/567/498 3/3/3 231/231/204
f 567/567/498 231/231/204 230/230/203
f 567/567/498 230/230/203 568/568/499
f 569/569/500 181/181/157 180/180/156
f 569/569/500 180/180/156 570/570/501
f 569/569/500 570/570/501 226/226/199
f 569/569/500 226/226/199 225/225/198
f 569/569/500 225/225/198 12/12/12
f 569/569/500 12/12/12 571/571/502
f 569/569/500 571/571/502 161/161/141
f 569/569/500 161/161/141 181/181/157
f 572/572/503 566/566/497 154/154/134
f 572/572/503 154/154/134 153/153/133
f 572/572/503 153/153/133 152/152/132
f 572/572/503 152/152/132 573/573/504
f 572/572/503 573/573/504 36/36/32
f 572/572/503 36/36/32 112/112/99
f 572/572/503 112/112/99 111/111/98
f 572/572/503 111/111/98 566/566/497
f 574/574/505 573/573/504 152/152/132
f 574/574/505 152/152/132 158/158/138
f 574/574/505 158/158/138 157/157/137
f 574/574/505 157/157/137 575/575/506
f 574/574/505 575/575/506 20/20/18
f 574/574/505 20/20/18 37/37/33
f 574/574/505 37/37/33 36/36/32
f 574/574/505 36/36/32 573/573/504
f 576/576/507 162/162/142 161/161/141
f 576/576/507 161/161/141 571/571/502
f 576/576/507 571/571/502 12/12/12
f 576/576/507 12/12/12 11/11/11
f 577/577/507 21/21/19 20/20/18
f 577/577/507 20/20/18 575/575/506
f 577/577/507 575/575/506 157/157/137
f 577/577/507 157/157/137 164/164/142
f 578/578/508 282/282/247 233/233/206
f 578/578/508 233/233/206 232/232/205
f 578/578/508 232/232/205 3/3/3
f 578/578/508 3/3/3 2/2/2
f 578/578/508 2/2/2 9/9/9
f 578/578/508 9/9/9 562/562/493
f 578/578/508 562/562/493 283/283/248
f 578/578/508 283/283/248 282/282/247
f 579/579/509 580/580/510 581/581/511
f 579/579/509 581/581/511 582/582/512
f 579/579/509 582/582/512 583/583/513
f 579/579/509 583/583/513 584/584/514
f 579/579/509 584/584/514 585/585/515
f 579/579/509 585/585/515 586/586/516
f 579/579/509 586/586/516 587/587/517
f 579/579/509 587/587/517 580/580/510
f 588/588/518 589/589/519 590/590/520
f 588/588/518 590/590/520 591/591/521
f 588/588/518 591/591/521 592/592/522
f 588/588/518 592/592/522 593/593/523
f 588/588/518 593/593/523 594/594/524
f 588/588/518 594/594/524 595/595/525
f 588/588/518 595/595/525 596/596/526
f 588/588/518 596/596/526 589/589/519
f 597/597/527 598/598/528 587/587/517
f 597/597/527 587/587/517 586/586/516
f 597/597/527 586/586/516 585/585/515
f 597/597/527 585/585/515 599/599/529
f 597/597/527 599/599/529 600/600/530
f 597/597/527 600/600/530 601/601/531
f 597/597/527 601/601/531 602/602/532
f 597/597/527 602/602/532 598/598/528
f 603/603/533 604/604/534 605/605/535
f 603/603/533 605/605/535 606/606/536
f 603/603/533 606/606/536 607/607/537
f 603/603/533 607/607/537 608/608/538
f 603/603/533 608/608/538 609/609/539
f 603/603/533 609/609/539 610/610/540
f 603/603/533 610/610/540 611/611/541
f 603/603/533 611/611/541 604/604/534
f 612/612/542 613/613/543 614/614/544
f 612/612/542 614/614/544 615/615/545
f 612/612/542 615/615/545 616/616/546
f 612/612/542 616/616/546 617/617/547
f 612/612/542 617/617/547 590/590/520
f 612/612/542 590/590/520 589/589/519
f 612/612/542 589/589/519 596/596/526
f 612/612/542 596/596/526 613/613/543
f 618/618/548 619/619/549 620/620/550
f 618/618/548 620/620/550 621/621/551
f 618/618/548 621/621/551 622/622/552
f 618/618/548 622/622/552 623/623/553
f 618/618/548 623/623/553 624/624/554
f 618/618/548 624/624/554 625/625/555
f 618/618/548 625/625/555 626/626/556
f 618/618/548 626/626/556 619/619/549
f 627/627/557 628/628/558 629/629/559
f 627/627/557 629/629/559 630/630/560
f 627/627/557 630/630/560 507/507/446
f 627/627/557 507/507/446 631/631/561
f 627/627/557 631/631/561 632/632/562
f 627/627/557 632/632/562 633/633/563
f 627/627/557 633/633/563 634/634/564
f 627/627/557 634/634/564 628/628/558
f 635/635/565 636/636/566 637/637/567
f 635/635/565 637/637/567 638/638/568
f 635/635/565 638/638/568 460/460/400
f 635/635/565 460/460/400 639/639/569
f 635/635/565 639/639/569 640/640/570
f 635/635/565 640/640/570 641/641/571
f 635/635/565 641/641/571 642/642/572
f 635/635/565 642/642/572 636/636/566
f 643/643/573 644/644/574 645/645/575
f 643/643/573 645/645/575 646/646/576
f 647/647/577 648/648/576 640/640/570
f 647/647/577 640/640/570 649/649/578
f 647/647/577 649/649/578 650/650/579
f 647/647/577 650/650/579 651/651/580
f 643/643/573 652/652/580 653/653/581
f 643/643/573 653/653/581 644/644/574
f 654/654/582 655/655/583 656/656/584
f 654/654/582 656/656/584 657/657/585
f 654/654/582 657/657/585 658/658/586
f 654/654/582 658/658/586 659/659/587
f 654/654/582 659/659/587 660/660/588
f 654/654/582 660/660/588 661/661/589
f 654/654/582 661/661/589 662/662/590
f 654/654/582 662/662/590 655/655/583
f 663/663/591 664/664/592 665/665/593
f 663/663/591 665/665/593 666/666/594
f 663/663/591 666/666/594 667/667/572
f 663/663/591 667/667/572 668/668/595
f 663/663/591 668/668/595 669/669/596
f 663/663/591 669/669/596 670/670/597
f 663/663/591 670/670/597 671/671/598
f 663/663/591 671/671/598 664/664/592
f 672/672/599 673/673/600 674/674/601
f 672/672/599 674/674/601 675/675/602
f 672/672/599 675/675/602 676/676/603
f 672/672/599 676/676/603 677/677/604
f 672/672/599 677/677/604 678/678/605
f 672/672/599 678/678/605 679/679/606
f 672/672/599 679/679/606 680/680/607
f 672/672/599 680/680/607 673/673/600
f 681/681/608 682/682/609 683/683/610
f 681/681/608 683/683/610 684/684/611
f 681/681/608 684/684/611 611/611/541
f 681/681/608 611/611/541 610/610/540
f 681/681/608 610/610/540 609/609/539
f 681/681/608 609/609/539 685/685/612
f 681/681/608 685/685/612 686/686/613
f 681/681/608 686/686/613 682/682/609
f 687/687/614 688/688/615 650/650/579
f 687/687/614 650/650/579 649/649/578
f 687/687/614 649/649/578 640/640/570
f 687/687/614 640/640/570 639/639/569
f 687/687/614 639/639/569 460/460/400
f 687/687/614 460/460/400 459/459/399
f 687/687/614 459/459/399 458/458/398
f 687/687/614 458/458/398 688/688/615
f 689/689/616 690/690/617 691/691/593
f 689/689/616 691/691/593 692/692/618
f 689/689/616 692/692/618 693/693/619
f 689/689/616 693/693/619 694/694/620
f 689/689/616 694/694/620 695/695/621
f 689/689/616 695/695/621 696/696/622
f 689/689/616 696/696/622 697/697/623
f 689/689/616 697/697/623 690/690/617
f 698/698/624 699/699/625 642/642/572
f 698/698/624 642/642/572 641/641/571
f 698/698/624 641/641/571 640/640/570
f 698/698/624 640/640/570 648/648/576
f 700/700/626 646/646/576 645/645/575
f 700/700/626 645/645/575 701/701/627
f 700/700/626 701/701/627 702/702/628
f 700/700/626 702/702/628 703/703/625
f 704/704/629 705/705/630 706/706/631
f 704/704/629 706/706/631 707/707/632
f 704/704/629 707/707/632 708/708/633
f 704/704/629 708/708/633 709/709/634
f 704/704/629 709/709/634 710/710/635
f 704/704/629 710/710/635 711/711/636
f 704/704/629 711/711/636 712/712/637
f 704/704/629 712/712/637 705/705/630
f 713/713/638 496/496/436 495/495/435
f 713/713/638 495/495/435 714/714/639
f 713/713/638 714/714/639 616/616/546
f 713/713/638 616/616/546 615/615/545
f 713/713/638 615/615/545 614/614/544
f 713/713/638 614/614/544 715/715/640
f 713/713/638 715/715/640 497/497/437
f 713/713/638 497/497/437 496/496/436
f 716/716/641 717/717/642 718/718/643
f 716/716/641 718/718/643 719/719/644
f 716/716/641 719/719/644 656/656/584
f 716/716/641 656/656/584 655/655/583
f 716/716/641 655/655/583 662/662/590
f 716/716/641 662/662/590 720/720/645
f 716/716/641 720/720/645 678/678/605
f 716/716/641 678/678/605 717/717/642
f 721/721/646 722/722/647 723/723/648
f 721/721/646 723/723/648 724/724/649
f 721/721/646 724/724/649 725/725/650
f 721/721/646 725/725/650 726/726/651
f 721/721/646 726/726/651 622/622/552
f 721/721/646 622/622/552 621/621/551
f 721/721/646 621/621/551 620/620/550
f 721/721/646 620/620/550 722/722/647
f 727/727/652 728/728/653 680/680/607
f 727/727/652 680/680/607 729/729/654
f 727/727/652 729/729/654 581/581/511
f 727/727/652 581/581/511 580/580/510
f 727/727/652 580/580/510 587/587/517
f 727/727/652 587/587/517 730/730/655
f 727/727/652 730/730/655 731/731/656
f 727/727/652 731/731/656 728/728/653
f 732/732/657 733/733/658 499/499/439
f 732/732/657 499/499/439 498/498/438
f 732/732/657 498/498/438 497/497/437
f 732/732/657 497/497/437 734/734/659
f 732/732/657 734/734/659 658/658/586
f 732/732/657 658/658/586 735/735/660
f 732/732/657 735/735/660 736/736/661
f 732/732/657 736/736/661 733/733/658
f 737/737/662 679/679/606 678/678/605
f 737/737/662 678/678/605 738/738/663
f 737/737/662 738/738/663 739/739/664
f 737/737/662 739/739/664 740/740/665
f 737/737/662 740/740/665 581/581/511
f 737/737/662 581/581/511 729/729/654
f 737/737/662 729/729/654 680/680/607
f 737/737/662 680/680/607 679/679/606
f 741/741/666 742/742/667 611/611/541
f 741/741/666 611/611/541 743/743/668
f 741/741/666 743/743/668 718/718/643
f 741/741/666 718/718/643 744/744/669
f 741/741/666 744/744/669 745/745/670
f 741/741/666 745/745/670 746/746/671
f 741/741/666 746/746/671 747/747/672
f 741/741/666 747/747/672 742/742/667
f 748/748/673 749/749/674 750/750/450
f 748/748/673 750/750/450 751/751/675
f 748/748/673 751/751/675 752/752/619
f 748/748/673 752/752/619 753/753/676
f 748/748/673 753/753/676 754/754/677
f 748/748/673 754/754/677 755/755/678
f 748/748/673 755/755/678 756/756/679
f 748/748/673 756/756/679 749/749/674
f 757/757/680 758/758/681 605/605/535
f 757/757/680 605/605/535 759/759/682
f 757/757/680 759/759/682 760/760/683
f 757/757/680 760/760/683 761/761/684
f 757/757/680 761/761/684 762/762/685
f 757/757/680 762/762/685 763/763/686
f 757/757/680 763/763/686 476/476/416
f 757/757/680 476/476/416 758/758/681
f 764/764/687 690/690/617 697/697/623
f 764/764/687 697/697/623 765/765/688
f 764/764/687 765/765/688 637/637/567
f 764/764/687 637/637/567 636/636/566
f 764/764/687 636/636/566 642/642/572
f 764/764/687 642/642/572 766/766/689
f 764/764/687 766/766/689 691/691/593
f 764/764/687 691/691/593 690/690/617
f 767/767/690 758/758/681 476/476/416
f 767/767/690 476/476/416 768/768/691
f 767/767/690 768/768/691 769/769/692
f 767/767/690 769/769/692 770/770/693
f 767/767/690 770/770/693 607/607/537
f 767/767/690 607/607/537 606/606/536
f 767/767/690 606/606/536 605/605/535
f 767/767/690 605/605/535 758/758/681
f 771/771/694 772/772/695 773/773/696
f 771/771/694 773/773/696 774/774/697
f 771/771/694 774/774/697 585/585/515
f 771/771/694 585/585/515 775/775/698
f 771/771/694 775/775/698 776/776/699
f 771/771/694 776/776/699 777/777/700
f 771/771/694 777/777/700 778/778/701
f 771/771/694 778/778/701 772/772/695
f 779/779/702 740/740/665 739/739/664
f 779/779/702 739/739/664 780/780/703
f 779/779/702 780/780/703 594/594/524
f 779/779/702 594/594/524 781/781/704
f 779/779/702 781/781/704 583/583/513
f 779/779/702 583/583/513 582/582/512
f 779/779/702 582/582/512 581/581/511
f 779/779/702 581/581/511 740/740/665
f 782/782/705 783/783/706 784/784/707
f 782/782/705 784/784/707 785/785/708
f 782/782/705 785/785/708 786/786/709
f 782/782/705 786/786/709 787/787/710
f 782/782/705 787/787/710 505/505/444
f 782/782/705 505/505/444 518/518/454
f 782/782/705 518/518/454 517/517/453
f 782/782/705 517/517/453 783/783/706
f 788/788/711 789/789/712 513/513/450
f 788/788/711 513/513/450 512/512/449
f 788/788/711 512/512/449 141/141/61
f 788/788/711 141/141/61 140/140/124
f 788/788/711 140/140/124 139/139/123
f 788/788/711 139/139/123 493/493/433
f 788/788/711 493/493/433 499/499/439
f 788/788/711 499/499/439 789/789/712
f 790/790/713 668/668/595 667/667/572
f 790/790/713 667/667/572 791/791/625
f 792/792/714 703/703/625 702/702/628
f 792/792/714 702/702/628 793/793/715
f 792/792/714 793/793/715 794/794/716
f 792/792/714 794/794/716 795/795/717
f 790/790/713 796/796/718 669/669/596
f 790/790/713 669/669/596 668/668/595
f 797/797/719 701/701/627 645/645/575
f 797/797/719 645/645/575 798/798/720
f 797/797/719 798/798/720 632/632/562
f 797/797/719 632/632/562 799/799/721
f 797/797/719 799/799/721 800/800/722
f 797/797/719 800/800/722 801/801/723
f 797/797/719 801/801/723 702/702/628
f 797/797/719 702/702/628 701/701/627
f 802/802/724 631/631/561 507/507/446
f 802/802/724 507/507/446 506/506/445
f 802/802/724 506/506/445 505/505/444
f 802/802/724 505/505/444 803/803/725
f 802/802/724 803/803/725 800/800/722
f 802/802/724 800/800/722 799/799/721
f 802/802/724 799/799/721 632/632/562
f 802/802/724 632/632/562 631/631/561
f 804/804/726 805/805/727 478/478/418
f 804/804/726 478/478/418 806/806/728
f 804/804/726 806/806/728 807/807/729
f 804/804/726 807/807/729 808/808/730
f 804/804/726 808/808/730 809/809/731
f 804/804/726 809/809/731 810/810/732
f 804/804/726 810/810/732 731/731/656
f 804/804/726 731/731/656 805/805/727
f 811/811/733 812/812/734 813/813/735
f 811/811/733 813/813/735 814/814/736
f 811/811/733 814/814/736 815/815/737
f 811/811/733 815/815/737 816/816/738
f 811/811/733 816/816/738 471/471/411
f 811/811/733 471/471/411 817/817/739
f 811/811/733 817/817/739 818/818/740
f 811/811/733 818/818/740 812/812/734
f 819/819/741 820/820/742 821/821/743
f 819/819/741 821/821/743 822/822/744
f 819/819/741 822/822/744 467/467/407
f 819/819/741 467/467/407 823/823/745
f 819/819/741 823/823/745 824/824/746
f 819/819/741 824/824/746 825/825/747
f 819/819/741 825/825/747 826/826/748
f 819/819/741 826/826/748 820/820/742
f 827/827/749 828/828/750 829/829/751
f 827/827/749 829/829/751 830/830/752
f 827/827/749 830/830/752 813/813/735
f 827/827/749 813/813/735 812/812/734
f 827/827/749 812/812/734 818/818/740
f 827/827/749 818/818/740 831/831/753
f 827/827/749 831/831/753 832/832/754
f 827/827/749 832/832/754 828/828/750
f 833/833/755 759/759/682 605/605/535
f 833/833/755 605/605/535 604/604/534
f 833/833/755 604/604/534 611/611/541
f 833/833/755 611/611/541 742/742/667
f 833/833/755 742/742/667 747/747/672
f 833/833/755 747/747/672 834/834/756
f 833/833/755 834/834/756 760/760/683
f 833/833/755 760/760/683 759/759/682
f 835/835/757 728/728/653 731/731/656
f 835/835/757 731/731/656 810/810/732
f 835/835/757 810/810/732 809/809/731
f 835/835/757 809/809/731 836/836/758
f 835/835/757 836/836/758 674/674/601
f 835/835/757 674/674/601 673/673/600
f 835/835/757 673/673/600 680/680/607
f 835/835/757 680/680/607 728/728/653
f 837/837/759 717/717/642 678/678/605
f 837/837/759 678/678/605 677/677/604
f 837/837/759 677/677/604 676/676/603
f 837/837/759 676/676/603 838/838/760
f 837/837/759 838/838/760 745/745/670
f 837/837/759 745/745/670 744/744/669
f 837/837/759 744/744/669 718/718/643
f 837/837/759 718/718/643 717/717/642
f 839/839/761 477/477/417 476/476/416
f 839/839/761 476/476/416 763/763/686
f 839/839/761 763/763/686 762/762/685
f 839/839/761 762/762/685 840/840/762
f 839/839/761 840/840/762 807/807/729
f 839/839/761 807/807/729 806/806/728
f 839/839/761 806/806/728 478/478/418
f 839/839/761 478/478/418 477/477/417
f 841/841/763 842/842/764 669/669/596
f 841/841/763 669/669/596 796/796/718
f 843/843/765 795/795/717 794/794/716
f 843/843/765 794/794/716 844/844/766
f 843/843/765 844/844/766 845/845/767
f 843/843/765 845/845/767 846/846/768
f 841/841/763 847/847/768 848/848/769
f 841/841/763 848/848/769 842/842/764
f 849/849/770 850/850/771 634/634/564
f 849/849/770 634/634/564 633/633/563
f 849/849/770 633/633/563 632/632/562
f 849/849/770 632/632/562 798/798/720
f 849/849/770 798/798/720 645/645/575
f 849/849/770 645/645/575 644/644/574
f 849/849/770 644/644/574 653/653/581
f 849/849/770 653/653/581 850/850/771
f 851/851/772 852/852/773 853/853/774
f 851/851/772 853/853/774 854/854/775
f 851/851/772 854/854/775 855/855/776
f 851/851/772 855/855/776 856/856/777
f 851/851/772 856/856/777 857/857/778
f 851/851/772 857/857/778 858/858/779
f 851/851/772 858/858/779 859/859/780
f 851/851/772 859/859/780 852/852/773
f 860/860/781 861/861/782 517/517/453
f 860/860/781 517/517/453 516/516/451
f 862/862/781 863/863/783 750/750/450
f 862/862/781 750/750/450 749/749/674
f 862/862/781 749/749/674 756/756/679
f 862/862/781 756/756/679 864/864/784
f 860/860/781 865/865/784 866/866/785
f 860/860/781 866/866/785 861/861/782
f 867/867/786 213/213/187 217/217/191
f 867/867/786 217/217/191 509/509/447
f 868/868/786 508/508/447 507/507/446
f 868/868/786 507/507/446 630/630/560
f 868/868/786 630/630/560 629/629/559
f 868/868/786 629/629/559 869/869/787
f 867/867/786 870/870/787 214/214/188
f 867/867/786 214/214/188 213/213/187
f 871/871/788 501/501/441 217/217/191
f 871/871/788 217/217/191 216/216/190
f 871/871/788 216/216/190 67/67/63
f 871/871/788 67/67/63 66/66/62
f 871/871/788 66/66/62 65/65/61
f 871/871/788 65/65/61 501/501/441
f 872/872/789 803/803/725 505/505/444
f 872/872/789 505/505/444 787/787/710
f 872/872/789 787/787/710 786/786/709
f 872/872/789 786/786/709 873/873/790
f 872/872/789 873/873/790 702/702/628
f 872/872/789 702/702/628 801/801/723
f 872/872/789 801/801/723 800/800/722
f 872/872/789 800/800/722 803/803/725
f 874/874/791 856/856/777 855/855/776
f 874/874/791 855/855/776 875/875/792
f 874/874/791 875/875/792 866/866/785
f 874/874/791 866/866/785 876/876/793
f 874/874/791 876/876/793 877/877/794
f 874/874/791 877/877/794 878/878/795
f 874/874/791 878/878/795 857/857/778
f 874/874/791 857/857/778 856/856/777
f 879/879/796 880/880/797 784/784/707
f 879/879/796 784/784/707 783/783/706
f 879/879/796 783/783/706 517/517/453
f 879/879/796 517/517/453 861/861/782
f 879/879/796 861/861/782 866/866/785
f 879/879/796 866/866/785 875/875/792
f 879/879/796 875/875/792 855/855/776
f 879/879/796 855/855/776 880/880/797
f 881/881/798 793/793/715 702/702/628
f 881/881/798 702/702/628 873/873/790
f 881/881/798 873/873/790 786/786/709
f 881/881/798 786/786/709 882/882/799
f 881/881/798 882/882/799 853/853/774
f 881/881/798 853/853/774 883/883/800
f 881/881/798 883/883/800 794/794/716
f 881/881/798 794/794/716 793/793/715
f 884/884/801 882/882/799 786/786/709
f 884/884/801 786/786/709 785/785/708
f 884/884/801 785/785/708 784/784/707
f 884/884/801 784/784/707 880/880/797
f 884/884/801 880/880/797 855/855/776
f 884/884/801 855/855/776 854/854/775
f 884/884/801 854/854/775 853/853/774
f 884/884/801 853/853/774 882/882/799
f 885/885/802 753/753/676 752/752/619
f 885/885/802 752/752/619 886/886/803
f 885/885/802 886/886/803 665/665/593
f 885/885/802 665/665/593 664/664/592
f 885/885/802 664/664/592 671/671/598
f 885/885/802 671/671/598 887/887/804
f 885/885/802 887/887/804 754/754/677
f 885/885/802 754/754/677 753/753/676
f 888/888/805 889/889/806 845/845/767
f 888/888/805 845/845/767 890/890/807
f 888/888/805 890/890/807 859/859/780
f 888/888/805 859/859/780 891/891/808
f 888/888/805 891/891/808 892/892/809
f 888/888/805 892/892/809 893/893/810
f 888/888/805 893/893/810 894/894/811
f 888/888/805 894/894/811 889/889/806
f 895/895/812 896/896/813 857/857/778
f 895/895/812 857/857/778 878/878/795
f 895/895/812 878/878/795 877/877/794
f 895/895/812 877/877/794 897/897/814
f 895/895/812 897/897/814 898/898/815
f 895/895/812 898/898/815 899/899/816
f 895/895/812 899/899/816 900/900/817
f 895/895/812 900/900/817 896/896/813
f 901/901/818 897/897/814 877/877/794
f 901/901/818 877/877/794 902/902/819
f 903/903/818 904/904/820 905/905/821
f 903/903/818 905/905/821 906/906/822
f 903/903/818 906/906/822 907/907/823
f 903/903/818 907/907/823 908/908/824
f 901/901/818 909/909/824 898/898/815
f 901/901/818 898/898/815 897/897/814
f 910/910/825 844/844/766 794/794/716
f 910/910/825 794/794/716 883/883/800
f 910/910/825 883/883/800 853/853/774
f 910/910/825 853/853/774 852/852/773
f 910/910/825 852/852/773 859/859/780
f 910/910/825 859/859/780 890/890/807
f 910/910/825 890/890/807 845/845/767
f 910/910/825 845/845/767 844/844/766
f 911/911/826 912/912/827 671/671/598
f 911/911/826 671/671/598 670/670/597
f 911/911/826 670/670/597 669/669/596
f 911/911/826 669/669/596 842/842/764
f 911/911/826 842/842/764 848/848/769
f 911/911/826 848/848/769 913/913/828
f 911/911/826 913/913/828 914/914/829
f 911/911/826 914/914/829 912/912/827
f 915/915/830 916/916/831 756/756/679
f 915/915/830 756/756/679 755/755/678
f 915/915/830 755/755/678 754/754/677
f 915/915/830 754/754/677 917/917/832
f 915/915/830 917/917/832 918/918/833
f 915/915/830 918/918/833 919/919/834
f 915/915/830 919/919/834 905/905/821
f 915/915/830 905/905/821 916/916/831
f 920/920/835 876/876/793 866/866/785
f 920/920/835 866/866/785 865/865/784
f 921/921/835 864/864/784 756/756/679
f 921/921/835 756/756/679 916/916/831
f 921/921/835 916/916/831 905/905/821
f 921/921/835 905/905/821 904/904/820
f 920/920/835 902/902/819 877/877/794
f 920/920/835 877/877/794 876/876/793
f 922/922/836 917/917/832 754/754/677
f 922/922/836 754/754/677 887/887/804
f 922/922/836 887/887/804 671/671/598
f 922/922/836 671/671/598 912/912/827
f 922/922/836 912/912/827 914/914/829
f 922/922/836 914/914/829 923/923/837
f 922/922/836 923/923/837 918/918/833
f 922/922/836 918/918/833 917/917/832
f 924/924/838 925/925/839 900/900/817
f 924/924/838 900/900/817 899/899/816
f 924/924/838 899/899/816 898/898/815
f 924/924/838 898/898/815 926/926/840
f 924/924/838 926/926/840 927/927/841
f 924/924/838 927/927/841 928/928/842
f 924/924/838 928/928/842 929/929/843
f 924/924/838 929/929/843 925/925/839
f 930/930/844 926/926/840 898/898/815
f 930/930/844 898/898/815 909/909/824
f 931/931/845 908/908/824 907/907/823
f 931/931/845 907/907/823 932/932/846
f 931/931/845 932/932/846 933/933/847
f 931/931/845 933/933/847 934/934/848
f 930/930/844 935/935/848 927/927/841
f 930/930/844 927/927/841 926/926/840
f 936/936/849 932/932/846 907/907/823
f 936/936/849 907/907/823 937/937/850
f 936/936/849 937/937/850 938/938/851
f 936/936/849 938/938/851 939/939/852
f 936/936/849 939/939/852 940/940/853
f 936/936/849 940/940/853 941/941/854
f 936/936/849 941/941/854 933/933/847
f 936/936/849 933/933/847 932/932/846
f 942/942/855 891/891/808 859/859/780
f 942/942/855 859/859/780 858/858/779
f 942/942/855 858/858/779 857/857/778
f 942/942/855 857/857/778 896/896/813
f 942/942/855 896/896/813 900/900/817
f 942/942/855 900/900/817 943/943/856
f 942/942/855 943/943/856 892/892/809
f 942/942/855 892/892/809 891/891/808
f 944/944/857 945/945/858 848/848/769
f 944/944/857 848/848/769 847/847/768
f 946/946/859 846/846/768 845/845/767
f 946/946/859 845/845/767 889/889/806
f 946/946/859 889/889/806 894/894/811
f 946/946/859 894/894/811 947/947/860
f 944/944/857 948/948/860 949/949/861
f 944/944/857 949/949/861 945/945/858
f 950/950/862 951/951/863 914/914/829
f 950/950/862 914/914/829 913/913/828
f 950/950/862 913/913/828 848/848/769
f 950/950/862 848/848/769 945/945/858
f 950/950/862 945/945/858 949/949/861
f 950/950/862 949/949/861 952/952/864
f 950/950/862 952/952/864 953/953/865
f 950/950/862 953/953/865 951/951/863
f 954/954/866 955/955/867 918/918/833
f 954/954/866 918/918/833 923/923/837
f 954/954/866 923/923/837 914/914/829
f 954/954/866 914/914/829 951/951/863
f 954/954/866 951/951/863 953/953/865
f 954/954/866 953/953/865 956/956/868
f 954/954/866 956/956/868 938/938/851
f 954/954/866 938/938/851 955/955/867
f 957/957/869 906/906/822 905/905/821
f 957/957/869 905/905/821 919/919/834
f 957/957/869 919/919/834 918/918/833
f 957/957/869 918/918/833 955/955/867
f 957/957/869 955/955/867 938/938/851
f 957/957/869 938/938/851 937/937/850
f 957/957/869 937/937/850 907/907/823
f 957/957/869 907/907/823 906/906/822
f 958/958/870 941/941/854 940/940/853
f 958/958/870 940/940/853 959/959/871
f 960/960/872 961/961/871 929/929/843
f 960/960/872 929/929/843 928/928/842
f 960/960/872 928/928/842 927/927/841
f 960/960/872 927/927/841 935/935/848
f 958/958/870 934/934/848 933/933/847
f 958/958/870 933/933/847 941/941/854
f 962/962/873 963/963/874 964/964/875
f 962/962/873 964/964/875 965/965/876
f 962/962/873 965/965/876 929/929/843
f 962/962/873 929/929/843 961/961/871
f 966/966/877 959/959/871 940/940/853
f 966/966/877 940/940/853 967/967/878
f 966/966/877 967/967/878 968/968/879
f 966/966/877 968/968/879 969/969/874
f 970/970/880 969/969/874 968/968/879
f 970/970/880 968/968/879 971/971/881
f 970/970/880 971/971/881 972/972/882
f 970/970/880 972/972/882 973/973/883
f 974/974/884 975/975/883 976/976/885
f 974/974/884 976/976/885 977/977/886
f 974/974/884 977/977/886 964/964/875
f 974/974/884 964/964/875 963/963/874
f 978/978/887 979/979/888 894/894/811
f 978/978/887 894/894/811 893/893/810
f 978/978/887 893/893/810 892/892/809
f 978/978/887 892/892/809 980/980/889
f 978/978/887 980/980/889 964/964/875
f 978/978/887 964/964/875 977/977/886
f 978/978/887 977/977/886 976/976/885
f 978/978/887 976/976/885 979/979/888
f 981/981/890 980/980/889 892/892/809
f 981/981/890 892/892/809 943/943/856
f 981/981/890 943/943/856 900/900/817
f 981/981/890 900/900/817 925/925/839
f 981/981/890 925/925/839 929/929/843
f 981/981/890 929/929/843 965/965/876
f 981/981/890 965/965/876 964/964/875
f 981/981/890 964/964/875 980/980/889
f 982/982/891 983/983/892 949/949/861
f 982/982/891 949/949/861 948/948/860
f 984/984/891 947/947/860 894/894/811
f 984/984/891 894/894/811 979/979/888
f 984/984/891 979/979/888 976/976/885
f 984/984/891 976/976/885 975/975/883
f 982/982/891 973/973/883 972/972/882
f 982/982/891 972/972/882 983/983/892
f 985/985/893 986/986/894 953/953/865
f 985/985/893 953/953/865 952/952/864
f 985/985/893 952/952/864 949/949/861
f 985/985/893 949/949/861 983/983/892
f 985/985/893 983/983/892 972/972/882
f 985/985/893 972/972/882 971/971/881
f 985/985/893 971/971/881 968/968/879
f 985/985/893 968/968/879 986/986/894
f 987/987/895 939/939/852 938/938/851
f 987/987/895 938/938/851 956/956/868
f 987/987/895 956/956/868 953/953/865
f 987/987/895 953/953/865 986/986/894
f 987/987/895 986/986/894 968/968/879
f 987/987/895 968/968/879 967/967/878
f 987/987/895 967/967/878 940/940/853
f 987/987/895 940/940/853 939/939/852
f 988/988/896 989/989/897 829/829/751
f 988/988/896 829/829/751 990/990/898
f 988/988/896 990/990/898 991/991/899
f 988/988/896 991/991/899 992/992/900
f 988/988/896 992/992/900 762/762/685
f 988/988/896 762/762/685 761/761/684
f 988/988/896 761/761/684 760/760/683
f 988/988/896 760/760/683 989/989/897
f 993/993/901 994/994/902 815/815/737
f 993/993/901 815/815/737 814/814/736
f 993/993/901 814/814/736 813/813/735
f 993/993/901 813/813/735 995/995/903
f 993/993/901 995/995/903 747/747/672
f 993/993/901 747/747/672 746/746/671
f 993/993/901 746/746/671 745/745/670
f 993/993/901 745/745/670 994/994/902
f 996/996/904 997/997/905 824/824/746
f 996/996/904 824/824/746 998/998/906
f 996/996/904 998/998/906 999/999/907
f 996/996/904 999/999/907 1000/1000/908
f 996/996/904 1000/1000/908 676/676/603
f 996/996/904 676/676/603 675/675/602
f 996/996/904 675/675/602 674/674/601
f 996/996/904 674/674/601 997/997/905
f 1001/1001/909 1002/1002/910 1003/1003/911
f 1001/1001/909 1003/1003/911 1004/1004/912
f 1001/1001/909 1004/1004/912 826/826/748
f 1001/1001/909 826/826/748 1005/1005/913
f 1001/1001/909 1005/1005/913 809/809/731
f 1001/1001/909 809/809/731 808/808/730
f 1001/1001/909 808/808/730 807/807/729
f 1001/1001/909 807/807/729 1002/1002/910
f 1006/1006/914 992/992/900 991/991/899
f 1006/1006/914 991/991/899 1007/1007/915
f 1006/1006/914 1007/1007/915 1003/1003/911
f 1006/1006/914 1003/1003/911 1002/1002/910
f 1006/1006/914 1002/1002/910 807/807/729
f 1006/1006/914 807/807/729 840/840/762
f 1006/1006/914 840/840/762 762/762/685
f 1006/1006/914 762/762/685 992/992/900
f 1008/1008/916 995/995/903 813/813/735
f 1008/1008/916 813/813/735 830/830/752
f 1008/1008/916 830/830/752 829/829/751
f 1008/1008/916 829/829/751 989/989/897
f 1008/1008/916 989/989/897 760/760/683
f 1008/1008/916 760/760/683 834/834/756
f 1008/1008/916 834/834/756 747/747/672
f 1008/1008/916 747/747/672 995/995/903
f 1009/1009/917 1000/1000/908 999/999/907
f 1009/1009/917 999/999/907 1010/1010/918
f 1009/1009/917 1010/1010/918 815/815/737
f 1009/1009/917 815/815/737 994/994/902
f 1009/1009/917 994/994/902 745/745/670
f 1009/1009/917 745/745/670 838/838/760
f 1009/1009/917 838/838/760 676/676/603
f 1009/1009/917 676/676/603 1000/1000/908
f 1011/1011/919 1005/1005/913 826/826/748
f 1011/1011/919 826/826/748 825/825/747
f 1011/1011/919 825/825/747 824/824/746
f 1011/1011/919 824/824/746 997/997/905
f 1011/1011/919 997/997/905 674/674/601
f 1011/1011/919 674/674/601 836/836/758
f 1011/1011/919 836/836/758 809/809/731
f 1011/1011/919 809/809/731 1005/1005/913
f 1012/1012/920 822/822/744 821/821/743
f 1012/1012/920 821/821/743 1013/1013/921
f 1012/1012/920 1013/1013/921 1014/1014/922
f 1012/1012/920 1014/1014/922 1015/1015/923
f 1012/1012/920 1015/1015/923 469/469/409
f 1012/1012/920 469/469/409 468/468/408
f 1012/1012/920 468/468/408 467/467/407
f 1012/1012/920 467/467/407 822/822/744
f 1016/1016/924 1007/1007/915 991/991/899
f 1016/1016/924 991/991/899 1017/1017/925
f 1016/1016/924 1017/1017/925 1018/1018/926
f 1016/1016/924 1018/1018/926 1019/1019/927
f 1016/1016/924 1019/1019/927 1014/1014/922
f 1016/1016/924 1014/1014/922 1020/1020/928
f 1016/1016/924 1020/1020/928 1003/1003/911
f 1016/1016/924 1003/1003/911 1007/1007/915
f 1021/1021/929 1022/1022/930 596/596/526
f 1021/1021/929 596/596/526 595/595/525
f 1021/1021/929 595/595/525 594/594/524
f 1021/1021/929 594/594/524 780/780/703
f 1021/1021/929 780/780/703 739/739/664
f 1021/1021/929 739/739/664 1023/1023/931
f 1021/1021/929 1023/1023/931 660/660/588
f 1021/1021/929 660/660/588 1022/1022/930
f 1024/1024/932 1025/1025/933 1026/1026/934
f 1024/1024/932 1026/1026/934 1027/1027/935
f 1024/1024/932 1027/1027/935 1028/1028/936
f 1024/1024/932 1028/1028/936 1029/1029/937
f 1024/1024/932 1029/1029/937 1030/1030/938
f 1024/1024/932 1030/1030/938 1031/1031/939
f 1024/1024/932 1031/1031/939 710/710/635
f 1024/1024/932 710/710/635 1025/1025/933
f 1032/1032/940 775/775/698 585/585/515
f 1032/1032/940 585/585/515 584/584/514
f 1032/1032/940 584/584/514 583/583/513
f 1032/1032/940 583/583/513 1033/1033/941
f 1032/1032/940 1033/1033/941 1034/1034/942
f 1032/1032/940 1034/1034/942 1035/1035/943
f 1032/1032/940 1035/1035/943 776/776/699
f 1032/1032/940 776/776/699 775/775/698
f 1036/1036/944 1029/1029/937 1028/1028/936
f 1036/1036/944 1028/1028/936 1037/1037/945
f 1036/1036/944 1037/1037/945 1038/1038/946
f 1036/1036/944 1038/1038/946 1039/1039/947
f 1036/1036/944 1039/1039/947 1040/1040/948
f 1036/1036/944 1040/1040/948 1041/1041/949
f 1036/1036/944 1041/1041/949 1030/1030/938
f 1036/1036/944 1030/1030/938 1029/1029/937
f 1042/1042/950 1043/1043/951 1044/1044/952
f 1042/1042/950 1044/1044/952 1045/1045/953
f 1042/1042/950 1045/1045/953 1046/1046/954
f 1042/1042/950 1046/1046/954 1047/1047/955
f 1042/1042/950 1047/1047/955 1048/1048/956
f 1042/1042/950 1048/1048/956 1049/1049/957
f 1042/1042/950 1049/1049/957 1050/1050/958
f 1042/1042/950 1050/1050/958 1043/1043/951
f 1051/1051/959 1052/1052/960 1053/1053/961
f 1051/1051/959 1053/1053/961 1054/1054/962
f 1051/1051/959 1054/1054/962 1040/1040/948
f 1051/1051/959 1040/1040/948 1055/1055/963
f 1051/1051/959 1055/1055/963 495/495/435
f 1051/1051/959 495/495/435 1056/1056/964
f 1051/1051/959 1056/1056/964 1057/1057/195
f 1051/1051/959 1057/1057/195 1052/1052/960
f 1058/1058/965 1059/1059/966 776/776/699
f 1058/1058/965 776/776/699 1035/1035/943
f 1058/1058/965 1035/1035/943 1034/1034/942
f 1058/1058/965 1034/1034/942 1060/1060/967
f 1061/1061/965 1062/1062/967 1063/1063/968
f 1061/1061/965 1063/1063/968 1064/1064/969
f 1061/1061/965 1064/1064/969 1065/1065/970
f 1061/1061/965 1065/1065/970 1066/1066/971
f 1067/1067/972 1068/1068/973 1038/1038/946
f 1067/1067/972 1038/1038/946 1037/1037/945
f 1067/1067/972 1037/1037/945 1028/1028/936
f 1067/1067/972 1028/1028/936 1069/1069/974
f 1070/1070/972 1071/1071/975 1072/1072/976
f 1070/1070/972 1072/1072/976 1073/1073/977
f 1070/1070/972 1073/1073/977 1046/1046/954
f 1070/1070/972 1046/1046/954 1074/1074/973
f 1075/1075/978 1060/1060/967 1034/1034/942
f 1075/1075/978 1034/1034/942 1076/1076/979
f 1075/1075/978 1076/1076/979 592/592/522
f 1075/1075/978 592/592/522 1077/1077/980
f 1078/1078/978 1079/1079/980 1080/1080/981
f 1078/1078/978 1080/1080/981 1081/1081/982
f 1078/1078/978 1081/1081/982 1063/1063/968
f 1078/1078/978 1063/1063/968 1062/1062/967
f 1082/1082/983 1083/1083/984 1084/1084/985
f 1082/1082/983 1084/1084/985 1085/1085/986
f 1082/1082/983 1085/1085/986 487/487/427
f 1082/1082/983 487/487/427 1086/1086/987
f 1087/1087/983 1088/1088/987 1089/1089/988
f 1087/1087/983 1089/1089/988 1090/1090/989
f 1087/1087/983 1090/1090/989 1091/1091/990
f 1087/1087/983 1091/1091/990 1092/1092/984
f 1093/1093/991 1094/1094/992 778/778/701
f 1093/1093/991 778/778/701 777/777/700
f 1093/1093/991 777/777/700 776/776/699
f 1093/1093/991 776/776/699 1059/1059/966
f 1095/1095/991 1066/1066/971 1065/1065/970
f 1095/1095/991 1065/1065/970 1096/1096/993
f 1095/1095/991 1096/1096/993 1097/1097/994
f 1095/1095/991 1097/1097/994 1098/1098/992
f 1099/1099/995 1033/1033/941 583/583/513
f 1099/1099/995 583/583/513 781/781/704
f 1099/1099/995 781/781/704 594/594/524
f 1099/1099/995 594/594/524 593/593/523
f 1099/1099/995 593/593/523 592/592/522
f 1099/1099/995 592/592/522 1076/1076/979
f 1099/1099/995 1076/1076/979 1034/1034/942
f 1099/1099/995 1034/1034/942 1033/1033/941
f 1100/1100/996 1101/1101/997 1102/1102/998
f 1100/1100/996 1102/1102/998 1103/1103/999
f 1100/1100/996 1103/1103/999 1091/1091/990
f 1100/1100/996 1091/1091/990 1104/1104/1000
f 1100/1100/996 1104/1104/1000 1105/1105/1001
f 1100/1100/996 1105/1105/1001 1106/1106/1002
f 1100/1100/996 1106/1106/1002 1107/1107/1003
f 1100/1100/996 1107/1107/1003 1101/1101/997
f 1108/1108/1004 1109/1109/1005 1072/1072/976
f 1108/1108/1004 1072/1072/976 1110/1110/1006
f 1108/1108/1004 1110/1110/1006 1102/1102/998
f 1108/1108/1004 1102/1102/998 1101/1101/997
f 1108/1108/1004 1101/1101/997 1107/1107/1003
f 1108/1108/1004 1107/1107/1003 1111/1111/1007
f 1108/1108/1004 1111/1111/1007 1112/1112/1008
f 1108/1108/1004 1112/1112/1008 1109/1109/1005
f 1113/1113/1009 1104/1104/1000 1091/1091/990
f 1113/1113/1009 1091/1091/990 1090/1090/989
f 1113/1113/1009 1090/1090/989 1089/1089/988
f 1113/1113/1009 1089/1089/988 1114/1114/1010
f 1113/1113/1009 1114/1114/1010 1115/1115/1011
f 1113/1113/1009 1115/1115/1011 1116/1116/1012
f 1113/1113/1009 1116/1116/1012 1105/1105/1001
f 1113/1113/1009 1105/1105/1001 1104/1104/1000
f 1117/1117/1013 1118/1118/1014 1063/1063/968
f 1117/1117/1013 1063/1063/968 1081/1081/982
f 1117/1117/1013 1081/1081/982 1080/1080/981
f 1117/1117/1013 1080/1080/981 1119/1119/1015
f 1117/1117/1013 1119/1119/1015 1120/1120/1016
f 1117/1117/1013 1120/1120/1016 1121/1121/1017
f 1117/1117/1013 1121/1121/1017 1122/1122/1018
f 1117/1117/1013 1122/1122/1018 1118/1118/1014
f 1123/1123/1019 1086/1086/987 487/487/427
f 1123/1123/1019 487/487/427 486/486/426
f 1123/1123/1019 486/486/426 485/485/425
f 1123/1123/1019 485/485/425 1124/1124/1020
f 1125/1125/1019 1126/1126/1021 1127/1127/1022
f 1125/1125/1019 1127/1127/1022 1128/1128/1023
f 1125/1125/1019 1128/1128/1023 1089/1089/988
f 1125/1125/1019 1089/1089/988 1088/1088/987
f 1129/1129/1024 1077/1077/980 592/592/522
f 1129/1129/1024 592/592/522 591/591/521
f 1129/1129/1024 591/591/521 590/590/520
f 1129/1129/1024 590/590/520 1130/1130/1025
f 1131/1131/1026 1132/1132/1025 1044/1044/952
f 1131/1131/1026 1044/1044/952 1133/1133/1027
f 1131/1131/1026 1133/1133/1027 1080/1080/981
f 1131/1131/1026 1080/1080/981 1079/1079/980
f 1134/1134/1028 1135/1135/1029 1026/1026/934
f 1134/1134/1028 1026/1026/934 1136/1136/1030
f 1134/1134/1028 1136/1136/1030 1084/1084/985
f 1134/1134/1028 1084/1084/985 1083/1083/984
f 1137/1137/1028 1092/1092/984 1091/1091/990
f 1137/1137/1028 1091/1091/990 1103/1103/999
f 1137/1137/1028 1103/1103/999 1102/1102/998
f 1137/1137/1028 1102/1102/998 1138/1138/1029
f 1139/1139/1031 1069/1069/974 1028/1028/936
f 1139/1139/1031 1028/1028/936 1027/1027/935
f 1139/1139/1031 1027/1027/935 1026/1026/934
f 1139/1139/1031 1026/1026/934 1135/1135/1029
f 1140/1140/1031 1138/1138/1029 1102/1102/998
f 1140/1140/1031 1102/1102/998 1110/1110/1006
f 1140/1140/1031 1110/1110/1006 1072/1072/976
f 1140/1140/1031 1072/1072/976 1071/1071/975
f 1141/1141/1032 1130/1130/1025 590/590/520
f 1141/1141/1032 590/590/520 1142/1142/1033
f 1141/1141/1032 1142/1142/1033 1038/1038/946
f 1141/1141/1032 1038/1038/946 1068/1068/973
f 1143/1143/1034 1074/1074/973 1046/1046/954
f 1143/1143/1034 1046/1046/954 1045/1045/953
f 1143/1143/1034 1045/1045/953 1044/1044/952
f 1143/1143/1034 1044/1044/952 1132/1132/1025
f 1144/1144/1035 1145/1145/1036 1112/1112/1008
f 1144/1144/1035 1112/1112/1008 1146/1146/1037
f 1144/1144/1035 1146/1146/1037 1147/1147/1038
f 1144/1144/1035 1147/1147/1038 1148/1148/1039
f 1144/1144/1035 1148/1148/1039 1050/1050/958
f 1144/1144/1035 1050/1050/958 1049/1049/957
f 1144/1144/1035 1049/1049/957 1048/1048/956
f 1144/1144/1035 1048/1048/956 1145/1145/1036
f 1149/1149/1040 1150/1150/1041 1151/1151/1042
f 1149/1149/1040 1151/1151/1042 1152/1152/1043
f 1149/1149/1040 1152/1152/1043 1153/1153/1044
f 1149/1149/1040 1153/1153/1044 1154/1154/1045
f 1149/1149/1040 1154/1154/1045 1155/1155/1046
f 1149/1149/1040 1155/1155/1046 1156/1156/1047
f 1149/1149/1040 1156/1156/1047 1157/1157/1048
f 1149/1149/1040 1157/1157/1048 1150/1150/1041
f 1158/1158/1049 1159/1159/1050 1160/1160/1051
f 1158/1158/1049 1160/1160/1051 1161/1161/1052
f 1158/1158/1049 1161/1161/1052 1162/1162/1053
f 1158/1158/1049 1162/1162/1053 1163/1163/1054
f 1158/1158/1049 1163/1163/1054 1122/1122/1018
f 1158/1158/1049 1122/1122/1018 1121/1121/1017
f 1158/1158/1049 1121/1121/1017 1120/1120/1016
f 1158/1158/1049 1120/1120/1016 1159/1159/1050
f 1164/1164/1055 1165/1165/1056 1160/1160/1051
f 1164/1164/1055 1160/1160/1051 1166/1166/1057
f 1164/1164/1055 1166/1166/1057 1147/1147/1038
f 1164/1164/1055 1147/1147/1038 1146/1146/1037
f 1164/1164/1055 1146/1146/1037 1112/1112/1008
f 1164/1164/1055 1112/1112/1008 1111/1111/1007
f 1164/1164/1055 1111/1111/1007 1107/1107/1003
f 1164/1164/1055 1107/1107/1003 1165/1165/1056
f 1167/1167/1058 1163/1163/1054 1162/1162/1053
f 1167/1167/1058 1162/1162/1053 1168/1168/1059
f 1167/1167/1058 1168/1168/1059 1151/1151/1042
f 1167/1167/1058 1151/1151/1042 1150/1150/1041
f 1167/1167/1058 1150/1150/1041 1157/1157/1048
f 1167/1167/1058 1157/1157/1048 1169/1169/1060
f 1167/1167/1058 1169/1169/1060 1122/1122/1018
f 1167/1167/1058 1122/1122/1018 1163/1163/1054
f 1170/1170/1061 1047/1047/955 1046/1046/954
f 1170/1170/1061 1046/1046/954 1073/1073/977
f 1170/1170/1061 1073/1073/977 1072/1072/976
f 1170/1170/1061 1072/1072/976 1109/1109/1005
f 1170/1170/1061 1109/1109/1005 1112/1112/1008
f 1170/1170/1061 1112/1112/1008 1145/1145/1036
f 1170/1170/1061 1145/1145/1036 1048/1048/956
f 1170/1170/1061 1048/1048/956 1047/1047/955
f 1171/1171/1062 1119/1119/1015 1080/1080/981
f 1171/1171/1062 1080/1080/981 1133/1133/1027
f 1171/1171/1062 1133/1133/1027 1044/1044/952
f 1171/1171/1062 1044/1044/952 1043/1043/951
f 1171/1171/1062 1043/1043/951 1050/1050/958
f 1171/1171/1062 1050/1050/958 1172/1172/1063
f 1171/1171/1062 1172/1172/1063 1120/1120/1016
f 1171/1171/1062 1120/1120/1016 1119/1119/1015
f 1173/1173/1064 1174/1174/1065 1065/1065/970
f 1173/1173/1064 1065/1065/970 1064/1064/969
f 1173/1173/1064 1064/1064/969 1063/1063/968
f 1173/1173/1064 1063/1063/968 1118/1118/1014
f 1173/1173/1064 1118/1118/1014 1122/1122/1018
f 1173/1173/1064 1122/1122/1018 1169/1169/1060
f 1173/1173/1064 1169/1169/1060 1157/1157/1048
f 1173/1173/1064 1157/1157/1048 1174/1174/1065
f 1175/1175/1066 1176/1176/1067 1097/1097/994
f 1175/1175/1066 1097/1097/994 1096/1096/993
f 1175/1175/1066 1096/1096/993 1065/1065/970
f 1175/1175/1066 1065/1065/970 1174/1174/1065
f 1175/1175/1066 1174/1174/1065 1157/1157/1048
f 1175/1175/1066 1157/1157/1048 1156/1156/1047
f 1175/1175/1066 1156/1156/1047 1155/1155/1046
f 1175/1175/1066 1155/1155/1046 1176/1176/1067
f 1177/1177/1068 1114/1114/1010 1089/1089/988
f 1177/1177/1068 1089/1089/988 1128/1128/1023
f 1177/1177/1068 1128/1128/1023 1127/1127/1022
f 1177/1177/1068 1127/1127/1022 1178/1178/1069
f 1177/1177/1068 1178/1178/1069 1179/1179/1070
f 1177/1177/1068 1179/1179/1070 1180/1180/1071
f 1177/1177/1068 1180/1180/1071 1115/1115/1011
f 1177/1177/1068 1115/1115/1011 1114/1114/1010
f 1181/1181/1072 1182/1182/1073 1105/1105/1001
f 1181/1181/1072 1105/1105/1001 1116/1116/1012
f 1181/1181/1072 1116/1116/1012 1115/1115/1011
f 1181/1181/1072 1115/1115/1011 1183/1183/1074
f 1181/1181/1072 1183/1183/1074 1151/1151/1042
f 1181/1181/1072 1151/1151/1042 1168/1168/1059
f 1181/1181/1072 1168/1168/1059 1162/1162/1053
f 1181/1181/1072 1162/1162/1053 1182/1182/1073
f 1184/1184/1075 1159/1159/1050 1120/1120/1016
f 1184/1184/1075 1120/1120/1016 1172/1172/1063
f 1184/1184/1075 1172/1172/1063 1050/1050/958
f 1184/1184/1075 1050/1050/958 1148/1148/1039
f 1184/1184/1075 1148/1148/1039 1147/1147/1038
f 1184/1184/1075 1147/1147/1038 1166/1166/1057
f 1184/1184/1075 1166/1166/1057 1160/1160/1051
f 1184/1184/1075 1160/1160/1051 1159/1159/1050
f 1185/1185/1076 1165/1165/1056 1107/1107/1003
f 1185/1185/1076 1107/1107/1003 1106/1106/1002
f 1185/1185/1076 1106/1106/1002 1105/1105/1001
f 1185/1185/1076 1105/1105/1001 1182/1182/1073
f 1185/1185/1076 1182/1182/1073 1162/1162/1053
f 1185/1185/1076 1162/1162/1053 1161/1161/1052
f 1185/1185/1076 1161/1161/1052 1160/1160/1051
f 1185/1185/1076 1160/1160/1051 1165/1165/1056
f 1186/1186/1077 1183/1183/1074 1115/1115/1011
f 1186/1186/1077 1115/1115/1011 1180/1180/1071
f 1186/1186/1077 1180/1180/1071 1179/1179/1070
f 1186/1186/1077 1179/1179/1070 1187/1187/1078
f 1186/1186/1077 1187/1187/1078 1153/1153/1044
f 1186/1186/1077 1153/1153/1044 1152/1152/1043
f 1186/1186/1077 1152/1152/1043 1151/1151/1042
f 1186/1186/1077 1151/1151/1042 1183/1183/1074
f 1188/1188/1079 1189/1189/1080 616/616/546
f 1188/1188/1079 616/616/546 714/714/639
f 1188/1188/1079 714/714/639 495/495/435
f 1188/1188/1079 495/495/435 1055/1055/963
f 1188/1188/1079 1055/1055/963 1040/1040/948
f 1188/1188/1079 1040/1040/948 1189/1189/1080
f 1190/1190/1081 1142/1142/1033 590/590/520
f 1190/1190/1081 590/590/520 617/617/547
f 1190/1190/1081 617/617/547 616/616/546
f 1190/1190/1081 616/616/546 1189/1189/1080
f 1190/1190/1081 1189/1189/1080 1040/1040/948
f 1190/1190/1081 1040/1040/948 1039/1039/947
f 1190/1190/1081 1039/1039/947 1038/1038/946
f 1190/1190/1081 1038/1038/946 1142/1142/1033
f 1191/1191/1082 1192/1192/1083 331/331/288
f 1191/1191/1082 331/331/288 330/330/287
f 1191/1191/1082 330/330/287 252/252/220
f 1191/1191/1082 252/252/220 1193/1193/1084
f 1191/1191/1082 1193/1193/1084 288/288/253
f 1191/1191/1082 288/288/253 453/453/393
f 1191/1191/1082 453/453/393 450/450/390
f 1191/1191/1082 450/450/390 1192/1192/1083
f 1194/1194/1085 1195/1195/1086 523/523/459
f 1194/1194/1085 523/523/459 529/529/463
f 1196/1196/1085 527/527/463 331/331/288
f 1196/1196/1085 331/331/288 1192/1192/1083
f 1196/1196/1085 1192/1192/1083 450/450/390
f 1196/1196/1085 450/450/390 449/449/389
f 1194/1194/1085 447/447/389 444/444/386
f 1194/1194/1085 444/444/386 1195/1195/1086
f 1197/1197/1087 1198/1198/1088 313/313/273
f 1197/1197/1087 313/313/273 520/520/456
f 1197/1197/1087 520/520/456 523/523/459
f 1197/1197/1087 523/523/459 1195/1195/1086
f 1197/1197/1087 1195/1195/1086 444/444/386
f 1197/1197/1087 444/444/386 443/443/385
f 1197/1197/1087 443/443/385 292/292/256
f 1197/1197/1087 292/292/256 1198/1198/1088
f 1199/1199/1089 1193/1193/1084 252/252/220
f 1199/1199/1089 252/252/220 315/315/274
f 1200/1200/1089 314/314/274 313/313/273
f 1200/1200/1089 313/313/273 1198/1198/1088
f 1200/1200/1089 1198/1198/1088 292/292/256
f 1200/1200/1089 292/292/256 291/291/254
f 1199/1199/1089 289/289/254 288/288/253
f 1199/1199/1089 288/288/253 1193/1193/1084
f 1201/1201/1090 1202/1202/1091 346/346/301
f 1201/1201/1090 346/346/301 345/345/300
f 1203/1203/1090 344/344/300 343/343/299
f 1203/1203/1090 343/343/299 1204/1204/1092
f 1203/1203/1090 1204/1204/1092 428/428/371
f 1203/1203/1090 428/428/371 433/433/376
f 1201/1201/1090 431/431/374 404/404/352
f 1201/1201/1090 404/404/352 1202/1202/1091
f 1205/1205/1093 1204/1204/1092 343/343/299
f 1205/1205/1093 343/343/299 547/547/480
f 1205/1205/1093 547/547/480 550/550/483
f 1205/1205/1093 550/550/483 1206/1206/1094
f 1205/1205/1093 1206/1206/1094 422/422/367
f 1205/1205/1093 422/422/367 429/429/372
f 1205/1205/1093 429/429/372 428/428/371
f 1205/1205/1093 428/428/371 1204/1204/1092
f 1207/1207/1095 1206/1206/1094 550/550/483
f 1207/1207/1095 550/550/483 554/554/485
f 1208/1208/1095 552/552/485 368/368/321
f 1208/1208/1095 368/368/321 1209/1209/1096
f 1208/1208/1095 1209/1209/1096 402/402/350
f 1208/1208/1095 402/402/350 425/425/368
f 1207/1207/1095 423/423/368 422/422/367
f 1207/1207/1095 422/422/367 1206/1206/1094
f 1210/1210/1097 1209/1209/1096 368/368/321
f 1210/1210/1097 368/368/321 367/367/320
f 1210/1210/1097 367/367/320 346/346/301
f 1210/1210/1097 346/346/301 1202/1202/1091
f 1210/1210/1097 1202/1202/1091 404/404/352
f 1210/1210/1097 404/404/352 403/403/351
f 1210/1210/1097 403/403/351 402/402/350
f 1210/1210/1097 402/402/350 1209/1209/1096
f 1211/1211/1098 1212/1212/1099 1213/1213/1100
f 1211/1211/1098 1213/1213/1100 1214/1214/1101
f 1211/1211/1098 1214/1214/1101 480/480/420
f 1211/1211/1098 480/480/420 479/479/419
f 1211/1211/1098 479/479/419 478/478/418
f 1211/1211/1098 478/478/418 805/805/727
f 1211/1211/1098 805/805/727 731/731/656
f 1211/1211/1098 731/731/656 1212/1212/1099
f 1215/1215/1102 1216/1216/1103 609/609/539
f 1215/1215/1102 609/609/539 608/608/538
f 1215/1215/1102 608/608/538 607/607/537
f 1215/1215/1102 607/607/537 1217/1217/1104
f 1215/1215/1102 1217/1217/1104 1218/1218/1105
f 1215/1215/1102 1218/1218/1105 1219/1219/1106
f 1215/1215/1102 1219/1219/1106 1220/1220/1107
f 1215/1215/1102 1220/1220/1107 1216/1216/1103
f 1221/1221/1108 1217/1217/1104 607/607/537
f 1221/1221/1108 607/607/537 770/770/693
f 1221/1221/1108 770/770/693 769/769/692
f 1221/1221/1108 769/769/692 1222/1222/1109
f 1221/1221/1108 1222/1222/1109 462/462/402
f 1221/1221/1108 462/462/402 1223/1223/1110
f 1221/1221/1108 1223/1223/1110 1218/1218/1105
f 1221/1221/1108 1218/1218/1105 1217/1217/1104
f 1224/1224/1111 1225/1225/1112 602/602/532
f 1224/1224/1111 602/602/532 601/601/531
f 1224/1224/1111 601/601/531 600/600/530
f 1224/1224/1111 600/600/530 1226/1226/1113
f 1224/1224/1111 1226/1226/1113 1227/1227/1114
f 1224/1224/1111 1227/1227/1114 1228/1228/1115
f 1224/1224/1111 1228/1228/1115 624/624/554
f 1224/1224/1111 624/624/554 1225/1225/1112
f 1229/1229/1116 1230/1230/1117 482/482/422
f 1229/1229/1116 482/482/422 481/481/421
f 1229/1229/1116 481/481/421 480/480/420
f 1229/1229/1116 480/480/420 1231/1231/1118
f 1229/1229/1116 1231/1231/1118 725/725/650
f 1229/1229/1116 725/725/650 1232/1232/1119
f 1229/1229/1116 1232/1232/1119 464/464/404
f 1229/1229/1116 464/464/404 1230/1230/1117
f 1233/1233/1120 598/598/528 602/602/532
f 1233/1233/1120 602/602/532 1234/1234/1121
f 1233/1233/1120 1234/1234/1121 1213/1213/1100
f 1233/1233/1120 1213/1213/1100 1212/1212/1099
f 1233/1233/1120 1212/1212/1099 731/731/656
f 1233/1233/1120 731/731/656 730/730/655
f 1233/1233/1120 730/730/655 587/587/517
f 1233/1233/1120 587/587/517 598/598/528
f 1235/1235/1122 475/475/415 482/482/422
f 1235/1235/1122 482/482/422 1236/1236/1123
f 1235/1235/1122 1236/1236/1123 769/769/692
f 1235/1235/1122 769/769/692 768/768/691
f 1235/1235/1122 768/768/691 476/476/416
f 1235/1235/1122 476/476/416 475/475/415
f 1237/1237/1124 684/684/611 683/683/610
f 1237/1237/1124 683/683/610 1238/1238/1125
f 1237/1237/1124 1238/1238/1125 656/656/584
f 1237/1237/1124 656/656/584 719/719/644
f 1237/1237/1124 719/719/644 718/718/643
f 1237/1237/1124 718/718/643 743/743/668
f 1237/1237/1124 743/743/668 611/611/541
f 1237/1237/1124 611/611/541 684/684/611
f 1239/1239/1126 789/789/712 499/499/439
f 1239/1239/1126 499/499/439 1240/1240/1127
f 1239/1239/1126 1240/1240/1127 695/695/621
f 1239/1239/1126 695/695/621 694/694/620
f 1239/1239/1126 694/694/620 693/693/619
f 1239/1239/1126 693/693/619 1241/1241/1128
f 1239/1239/1126 1241/1241/1128 513/513/450
f 1239/1239/1126 513/513/450 789/789/712
f 1242/1242/1129 998/998/906 824/824/746
f 1242/1242/1129 824/824/746 823/823/745
f 1242/1242/1129 823/823/745 467/467/407
f 1242/1242/1129 467/467/407 466/466/406
f 1242/1242/1129 466/466/406 473/473/413
f 1242/1242/1129 473/473/413 1243/1243/1130
f 1242/1242/1129 1243/1243/1130 999/999/907
f 1242/1242/1129 999/999/907 998/998/906
f 1244/1244/1131 828/828/750 832/832/754
f 1244/1244/1131 832/832/754 1245/1245/1132
f 1244/1244/1131 1245/1245/1132 1018/1018/926
f 1244/1244/1131 1018/1018/926 1017/1017/925
f 1244/1244/1131 1017/1017/925 991/991/899
f 1244/1244/1131 991/991/899 990/990/898
f 1244/1244/1131 990/990/898 829/829/751
f 1244/1244/1131 829/829/751 828/828/750
f 1246/1246/1133 1247/1247/1134 469/469/409
f 1246/1246/1133 469/469/409 1015/1015/923
f 1246/1246/1133 1015/1015/923 1014/1014/922
f 1246/1246/1133 1014/1014/922 1019/1019/927
f 1246/1246/1133 1019/1019/927 1018/1018/926
f 1246/1246/1133 1018/1018/926 1245/1245/1132
f 1246/1246/1133 1245/1245/1132 832/832/754
f 1246/1246/1133 832/832/754 1247/1247/1134
f 1248/1248/1135 472/472/412 471/471/411
f 1248/1248/1135 471/471/411 816/816/738
f 1248/1248/1135 816/816/738 815/815/737
f 1248/1248/1135 815/815/737 1010/1010/918
f 1248/1248/1135 1010/1010/918 999/999/907
f 1248/1248/1135 999/999/907 1243/1243/1130
f 1248/1248/1135 1243/1243/1130 473/473/413
f 1248/1248/1135 473/473/413 472/472/412
f 1249/1249/1136 1004/1004/912 1003/1003/911
f 1249/1249/1136 1003/1003/911 1020/1020/928
f 1249/1249/1136 1020/1020/928 1014/1014/922
f 1249/1249/1136 1014/1014/922 1013/1013/921
f 1249/1249/1136 1013/1013/921 821/821/743
f 1249/1249/1136 821/821/743 820/820/742
f 1249/1249/1136 820/820/742 826/826/748
f 1249/1249/1136 826/826/748 1004/1004/912
f 1250/1250/1137 817/817/739 471/471/411
f 1250/1250/1137 471/471/411 470/470/410
f 1250/1250/1137 470/470/410 469/469/409
f 1250/1250/1137 469/469/409 1247/1247/1134
f 1250/1250/1137 1247/1247/1134 832/832/754
f 1250/1250/1137 832/832/754 831/831/753
f 1250/1250/1137 831/831/753 818/818/740
f 1250/1250/1137 818/818/740 817/817/739
f 1251/1251/1138 1252/1252/1139 697/697/623
f 1251/1251/1138 697/697/623 696/696/622
f 1251/1251/1138 696/696/622 695/695/621
f 1251/1251/1138 695/695/621 1253/1253/1140
f 1251/1251/1138 1253/1253/1140 1254/1254/1141
f 1251/1251/1138 1254/1254/1141 1255/1255/1142
f 1251/1251/1138 1255/1255/1142 1220/1220/1107
f 1251/1251/1138 1220/1220/1107 1252/1252/1139
f 1256/1256/1143 1257/1257/1144 683/683/610
f 1256/1256/1143 683/683/610 682/682/609
f 1256/1256/1143 682/682/609 686/686/613
f 1256/1256/1143 686/686/613 1258/1258/1145
f 1256/1256/1143 1259/1259/1146 1260/1260/1147
f 1256/1256/1143 1260/1260/1147 1254/1254/1141
f 1256/1256/1143 1254/1254/1141 1261/1261/1148
f 1256/1256/1143 1261/1261/1148 736/736/661
f 1256/1256/1143 736/736/661 1257/1257/1144
f 1262/1262/1149 1263/1263/1150 1264/1264/1151
f 1262/1262/1149 1264/1264/1151 1265/1265/1152
f 1262/1262/1149 1265/1265/1152 1227/1227/1114
f 1262/1262/1149 1227/1227/1114 1266/1266/1153
f 1262/1262/1149 1266/1266/1153 1267/1267/1154
f 1262/1262/1149 1267/1267/1154 1263/1263/1150
f 1268/1268/1155 1269/1269/1156 600/600/530
f 1268/1268/1155 600/600/530 599/599/529
f 1268/1268/1155 599/599/529 585/585/515
f 1268/1268/1155 585/585/515 774/774/697
f 1268/1268/1155 774/774/697 773/773/696
f 1268/1268/1155 773/773/696 1269/1269/1156
f 1270/1270/1157 455/455/395 464/464/404
f 1270/1270/1157 464/464/404 1232/1232/1119
f 1270/1270/1157 1232/1232/1119 725/725/650
f 1270/1270/1157 725/725/650 724/724/649
f 1270/1270/1157 724/724/649 723/723/648
f 1270/1270/1157 723/723/648 1271/1271/1158
f 1270/1270/1157 1271/1271/1158 456/456/396
f 1270/1270/1157 456/456/396 455/455/395
f 1272/1272/1159 1273/1273/1160 1218/1218/1105
f 1272/1272/1159 1218/1218/1105 1223/1223/1110
f 1272/1272/1159 1223/1223/1110 462/462/402
f 1272/1272/1159 462/462/402 461/461/401
f 1272/1272/1159 461/461/401 460/460/400
f 1272/1272/1159 460/460/400 638/638/568
f 1272/1272/1159 638/638/568 637/637/567
f 1272/1272/1159 637/637/567 1273/1273/1160
f 1274/1274/1161 1230/1230/1117 464/464/404
f 1274/1274/1161 464/464/404 463/463/403
f 1274/1274/1161 463/463/403 462/462/402
f 1274/1274/1161 462/462/402 1222/1222/1109
f 1274/1274/1161 1222/1222/1109 769/769/692
f 1274/1274/1161 769/769/692 1236/1236/1123
f 1274/1274/1161 1236/1236/1123 482/482/422
f 1274/1274/1161 482/482/422 1230/1230/1117
f 1275/1275/1162 625/625/555 624/624/554
f 1275/1275/1162 624/624/554 1228/1228/1115
f 1275/1275/1162 1228/1228/1115 1227/1227/1114
f 1275/1275/1162 1227/1227/1114 1265/1265/1152
f 1275/1275/1162 1265/1265/1152 1264/1264/1151
f 1275/1275/1162 1264/1264/1151 1276/1276/1163
f 1275/1275/1162 1276/1276/1163 626/626/556
f 1275/1275/1162 626/626/556 625/625/555
f 1277/1277/1164 1278/1278/1165 1267/1267/1154
f 1277/1277/1164 1267/1267/1154 1266/1266/1153
f 1277/1277/1164 1266/1266/1153 1227/1227/1114
f 1277/1277/1164 1227/1227/1114 1226/1226/1113
f 1277/1277/1164 1226/1226/1113 600/600/530
f 1277/1277/1164 600/600/530 1269/1269/1156
f 1277/1277/1164 1269/1269/1156 773/773/696
f 1277/1277/1164 773/773/696 1278/1278/1165
f 1279/1279/1166 1225/1225/1112 624/624/554
f 1279/1279/1166 624/624/554 623/623/553
f 1279/1279/1166 623/623/553 622/622/552
f 1279/1279/1166 622/622/552 1280/1280/1167
f 1279/1279/1166 1280/1280/1167 1213/1213/1100
f 1279/1279/1166 1213/1213/1100 1234/1234/1121
f 1279/1279/1166 1234/1234/1121 602/602/532
f 1279/1279/1166 602/602/532 1225/1225/1112
f 1281/1281/1168 1280/1280/1167 622/622/552
f 1281/1281/1168 622/622/552 726/726/651
f 1281/1281/1168 726/726/651 725/725/650
f 1281/1281/1168 725/725/650 1231/1231/1118
f 1281/1281/1168 1231/1231/1118 480/480/420
f 1281/1281/1168 480/480/420 1214/1214/1101
f 1281/1281/1168 1214/1214/1101 1213/1213/1100
f 1281/1281/1168 1213/1213/1100 1280/1280/1167
f 1282/1282/1169 733/733/658 736/736/661
f 1282/1282/1169 736/736/661 1261/1261/1148
f 1282/1282/1169 1261/1261/1148 1254/1254/1141
f 1282/1282/1169 1254/1254/1141 1253/1253/1140
f 1282/1282/1169 1253/1253/1140 695/695/621
f 1282/1282/1169 695/695/621 1240/1240/1127
f 1282/1282/1169 1240/1240/1127 499/499/439
f 1282/1282/1169 499/499/439 733/733/658
f 1283/1283/1170 1257/1257/1144 736/736/661
f 1283/1283/1170 736/736/661 735/735/660
f 1283/1283/1170 735/735/660 658/658/586
f 1283/1283/1170 658/658/586 657/657/585
f 1283/1283/1170 657/657/585 656/656/584
f 1283/1283/1170 656/656/584 1238/1238/1125
f 1283/1283/1170 1238/1238/1125 683/683/610
f 1283/1283/1170 683/683/610 1257/1257/1144
f 1284/1284/1171 1022/1022/930 660/660/588
f 1284/1284/1171 660/660/588 1285/1285/1172
f 1284/1284/1171 1285/1285/1172 614/614/544
f 1284/1284/1171 614/614/544 613/613/543
f 1284/1284/1171 613/613/543 596/596/526
f 1284/1284/1171 596/596/526 1022/1022/930
f 1286/1286/1173 1285/1285/1172 660/660/588
f 1286/1286/1173 660/660/588 659/659/587
f 1286/1286/1173 659/659/587 658/658/586
f 1286/1286/1173 658/658/586 734/734/659
f 1286/1286/1173 734/734/659 497/497/437
f 1286/1286/1173 497/497/437 715/715/640
f 1286/1286/1173 715/715/640 614/614/544
f 1286/1286/1173 614/614/544 1285/1285/1172
f 1287/1287/1174 1216/1216/1103 1220/1220/1107
f 1287/1287/1174 1220/1220/1107 1255/1255/1142
f 1287/1287/1174 1255/1255/1142 1254/1254/1141
f 1287/1287/1174 1254/1254/1141 1260/1260/1147
f 1287/1287/1174 1260/1260/1147 1259/1259/1146
f 1287/1287/1174 1258/1258/1145 686/686/613
f 1287/1287/1174 686/686/613 685/685/612
f 1287/1287/1174 685/685/612 609/609/539
f 1287/1287/1174 609/609/539 1216/1216/1103
f 1288/1288/1175 1252/1252/1139 1220/1220/1107
f 1288/1288/1175 1220/1220/1107 1219/1219/1106
f 1288/1288/1175 1219/1219/1106 1218/1218/1105
f 1288/1288/1175 1218/1218/1105 1273/1273/1160
f 1288/1288/1175 1273/1273/1160 637/637/567
f 1288/1288/1175 637/637/567 765/765/688
f 1288/1288/1175 765/765/688 697/697/623
f 1288/1288/1175 697/697/623 1252/1252/1139
f 1289/1289/1176 720/720/645 662/662/590
f 1289/1289/1176 662/662/590 661/661/589
f 1289/1289/1176 661/661/589 660/660/588
f 1289/1289/1176 660/660/588 1023/1023/931
f 1289/1289/1176 1023/1023/931 739/739/664
f 1289/1289/1176 739/739/664 738/738/663
f 1289/1289/1176 738/738/663 678/678/605
f 1289/1289/1176 678/678/605 720/720/645
f 1290/1290/1177 711/711/636 710/710/635
f 1290/1290/1177 710/710/635 1031/1031/939
f 1290/1290/1177 1031/1031/939 1030/1030/938
f 1290/1290/1177 1030/1030/938 1291/1291/1178
f 1290/1290/1177 1291/1291/1178 1292/1292/1179
f 1290/1290/1177 1292/1292/1179 1293/1293/1180
f 1290/1290/1177 1293/1293/1180 712/712/637
f 1290/1290/1177 712/712/637 711/711/636
f 1294/1294/1181 1295/1295/1182 491/491/431
f 1294/1294/1181 491/491/431 490/490/430
f 1294/1294/1181 490/490/430 489/489/429
f 1294/1294/1181 489/489/429 1296/1296/1183
f 1294/1294/1181 1296/1296/1183 1297/1297/1184
f 1294/1294/1181 1297/1297/1184 1295/1295/1182
f 1298/1298/1185 1025/1025/933 710/710/635
f 1298/1298/1185 710/710/635 709/709/634
f 1298/1298/1185 709/709/634 708/708/633
f 1298/1298/1185 708/708/633 1299/1299/1186
f 1298/1298/1185 1299/1299/1186 1084/1084/985
f 1298/1298/1185 1084/1084/985 1136/1136/1030
f 1298/1298/1185 1136/1136/1030 1026/1026/934
f 1298/1298/1185 1026/1026/934 1025/1025/933
f 1300/1300/1187 1291/1291/1178 1030/1030/938
f 1300/1300/1187 1030/1030/938 1041/1041/949
f 1300/1300/1187 1041/1041/949 1040/1040/948
f 1300/1300/1187 1040/1040/948 1054/1054/962
f 1300/1300/1187 1054/1054/962 1053/1053/961
f 1300/1300/1187 1053/1053/961 1301/1301/1188
f 1300/1300/1187 1301/1301/1188 1292/1292/1179
f 1300/1300/1187 1292/1292/1179 1291/1291/1178
f 1302/1302/1189 1303/1303/1190 1297/1297/1184
f 1302/1302/1189 1297/1297/1184 1296/1296/1183
f 1302/1302/1189 1296/1296/1183 489/489/429
f 1302/1302/1189 489/489/429 1304/1304/1191
f 1302/1302/1189 1304/1304/1191 708/708/633
f 1302/1302/1189 708/708/633 707/707/632
f 1302/1302/1189 707/707/632 706/706/631
f 1302/1302/1189 706/706/631 1303/1303/1190
f 1305/1305/1192 1304/1304/1191 489/489/429
f 1305/1305/1192 489/489/429 488/488/428
f 1305/1305/1192 488/488/428 487/487/427
f 1305/1305/1192 487/487/427 1085/1085/986
f 1305/1305/1192 1085/1085/986 1084/1084/985
f 1305/1305/1192 1084/1084/985 1299/1299/1186
f 1305/1305/1192 1299/1299/1186 708/708/633
f 1305/1305/1192 708/708/633 1304/1304/1191
f 1306/1306/1193 1307/1307/1194 1308/1308/1195
f 1306/1306/1193 1308/1308/1195 1309/1309/1196
f 1306/1306/1193 1309/1309/1196 1310/1310/1197
f 1306/1306/1193 1310/1310/1197 1311/1311/1198
f 1306/1306/1193 1311/1311/1198 1312/1312/1199
f 1306/1306/1193 1312/1312/1199 1313/1313/1200
f 1306/1306/1193 1313/1313/1200 1314/1314/1201
f 1306/1306/1193 1314/1314/1201 1307/1307/1194
f 1315/1315/1202 1316/1316/1203 1317/1317/1204
f 1315/1315/1202 1317/1317/1204 1318/1318/1205
f 1319/1319/1206 1320/1320/1205 1321/1321/1207
f 1319/1319/1206 1321/1321/1207 1322/1322/1208
f 1319/1319/1206 1322/1322/1208 1323/1323/1209
f 1319/1319/1206 1323/1323/1209 1324/1324/1210
f 1315/1315/1202 1325/1325/1210 1326/1326/1211
f 1315/1315/1202 1326/1326/1211 1316/1316/1203
f 1327/1327/1212 1328/1328/1213 1329/1329/1214
f 1327/1327/1212 1329/1329/1214 1330/1330/1215
f 1331/1331/1212 1332/1332/1215 1333/1333/1216
f 1331/1331/1212 1333/1333/1216 1334/1334/1217
f 1331/1331/1212 1334/1334/1217 1335/1335/1218
f 1331/1331/1212 1335/1335/1218 1336/1336/1219
f 1327/1327/1212 1337/1337/1220 1338/1338/1221
f 1327/1327/1212 1338/1338/1221 1328/1328/1213
f 1339/1339/1222 1340/1340/1223 1341/1341/1224
f 1339/1339/1222 1341/1341/1224 1342/1342/1225
f 1339/1339/1222 1342/1342/1225 1343/1343/1226
f 1339/1339/1222 1343/1343/1226 1344/1344/1227
f 1339/1339/1222 1344/1344/1227 1323/1323/1209
f 1339/1339/1222 1323/1323/1209 1322/1322/1208
f 1339/1339/1222 1322/1322/1208 1321/1321/1207
f 1339/1339/1222 1321/1321/1207 1340/1340/1223
f 1345/1345/1228 1346/1346/1229 1347/1347/1230
f 1345/1345/1228 1347/1347/1230 1348/1348/1231
f 1345/1345/1228 1348/1348/1231 47/47/43
f 1345/1345/1228 47/47/43 46/46/42
f 1345/1345/1228 46/46/42 45/45/41
f 1345/1345/1228 45/45/41 1349/1349/1232
f 1345/1345/1228 1349/1349/1232 1326/1326/1211
f 1345/1345/1228 1326/1326/1211 1346/1346/1229
f 1350/1350/1233 1351/1351/1234 1352/1352/1235
f 1350/1350/1233 1352/1352/1235 1353/1353/1236
f 1350/1350/1233 1353/1353/1236 1354/1354/1237
f 1350/1350/1233 1354/1354/1237 1355/1355/1238
f 1350/1350/1233 1355/1355/1238 1356/1356/1239
f 1350/1350/1233 1356/1356/1239 1357/1357/1240
f 1350/1350/1233 1357/1357/1240 1358/1358/1241
f 1350/1350/1233 1358/1358/1241 1351/1351/1234
f 1359/1359/1242 1355/1355/1238 1354/1354/1237
f 1359/1359/1242 1354/1354/1237 1360/1360/1243
f 1359/1359/1242 1360/1360/1243 1361/1361/1244
f 1359/1359/1242 1361/1361/1244 1362/1362/1245
f 1359/1359/1242 1362/1362/1245 1363/1363/1246
f 1359/1359/1242 1363/1363/1246 1364/1364/1247
f 1359/1359/1242 1364/1364/1247 1356/1356/1239
f 1359/1359/1242 1356/1356/1239 1355/1355/1238
f 1365/1365/1248 1366/1366/1249 1367/1367/1250
f 1365/1365/1248 1367/1367/1250 1368/1368/1251
f 1369/1369/1248 1370/1370/1251 1358/1358/1241
f 1369/1369/1248 1358/1358/1241 1357/1357/1240
f 1369/1369/1248 1357/1357/1240 1356/1356/1239
f 1369/1369/1248 1356/1356/1239 1371/1371/1252
f 1365/1365/1248 1372/1372/1252 1373/1373/1253
f 1365/1365/1248 1373/1373/1253 1366/1366/1249
f 1374/1374/1254 1375/1375/1255 1373/1373/1253
f 1374/1374/1254 1373/1373/1253 1372/1372/1252
f 1376/1376/1256 1371/1371/1252 1356/1356/1239
f 1376/1376/1256 1356/1356/1239 1364/1364/1247
f 1376/1376/1256 1364/1364/1247 1363/1363/1246
f 1376/1376/1256 1363/1363/1246 1377/1377/1257
f 1374/1374/1254 1378/1378/1257 1379/1379/1258
f 1374/1374/1254 1379/1379/1258 1375/1375/1255
f 1380/1380/1259 1381/1381/1260 1382/1382/1261
f 1380/1380/1259 1382/1382/1261 1383/1383/1262
f 1380/1380/1259 1383/1383/1262 1384/1384/1263
f 1380/1380/1259 1384/1384/1263 1385/1385/1264
f 1386/1386/1259 1387/1387/1265 1388/1388/1266
f 1386/1386/1259 1388/1388/1266 1389/1389/1267
f 1386/1386/1259 1389/1389/1267 1390/1390/1268
f 1386/1386/1259 1390/1390/1268 1391/1391/1260
f 1392/1392/1269 1385/1385/1264 1384/1384/1263
f 1392/1392/1269 1384/1384/1263 1393/1393/1270
f 1392/1392/1269 1393/1393/1270 1394/1394/1271
f 1392/1392/1269 1394/1394/1271 1395/1395/1272
f 1396/1396/1273 1397/1397/1272 1398/1398/1274
f 1396/1396/1273 1398/1398/1274 1399/1399/1275
f 1396/1396/1273 1399/1399/1275 1388/1388/1266
f 1396/1396/1273 1388/1388/1266 1387/1387/1265
f 1400/1400/1276 1401/1401/1277 1388/1388/1266
f 1400/1400/1276 1388/1388/1266 1399/1399/1275
f 1400/1400/1276 1399/1399/1275 1398/1398/1274
f 1400/1400/1276 1398/1398/1274 1402/1402/1278
f 1400/1400/1276 1402/1402/1278 1361/1361/1244
f 1400/1400/1276 1361/1361/1244 1360/1360/1243
f 1400/1400/1276 1360/1360/1243 1354/1354/1237
f 1400/1400/1276 1354/1354/1237 1401/1401/1277
f 1403/1403/1279 1404/1404/1280 1390/1390/1268
f 1403/1403/1279 1390/1390/1268 1389/1389/1267
f 1403/1403/1279 1389/1389/1267 1388/1388/1266
f 1403/1403/1279 1388/1388/1266 1401/1401/1277
f 1403/1403/1279 1401/1401/1277 1354/1354/1237
f 1403/1403/1279 1354/1354/1237 1353/1353/1236
f 1403/1403/1279 1353/1353/1236 1352/1352/1235
f 1403/1403/1279 1352/1352/1235 1404/1404/1280
f 1405/1405/1281 1406/1406/1282 1407/1407/1283
f 1405/1405/1281 1407/1407/1283 1408/1408/1284
f 1405/1405/1281 1408/1408/1284 108/108/95
f 1405/1405/1281 108/108/95 107/107/94
f 1405/1405/1281 107/107/94 47/47/43
f 1405/1405/1281 47/47/43 1348/1348/1231
f 1405/1405/1281 1348/1348/1231 1347/1347/1230
f 1405/1405/1281 1347/1347/1230 1406/1406/1282
f 1409/1409/1285 1410/1410/1286 1411/1411/1287
f 1409/1409/1285 1411/1411/1287 1412/1412/1288
f 1409/1409/1285 1412/1412/1288 1413/1413/1289
f 1409/1409/1285 1413/1413/1289 1414/1414/1290
f 1409/1409/1285 1414/1414/1290 1343/1343/1226
f 1409/1409/1285 1343/1343/1226 1342/1342/1225
f 1409/1409/1285 1342/1342/1225 1341/1341/1224
f 1409/1409/1285 1341/1341/1224 1410/1410/1286
f 1415/1415/1291 1416/1416/1292 1417/1417/1293
f 1415/1415/1291 1417/1417/1293 1418/1418/1294
f 1419/1419/1295 1420/1420/1294 1421/1421/1296
f 1419/1419/1295 1421/1421/1296 1422/1422/1297
f 1419/1419/1295 1422/1422/1297 1333/1333/1216
f 1419/1419/1295 1333/1333/1216 1332/1332/1215
f 1415/1415/1291 1330/1330/1215 1329/1329/1214
f 1415/1415/1291 1329/1329/1214 1416/1416/1292
f 1423/1423/1298 1424/1424/1299 1425/1425/1300
f 1423/1423/1298 1425/1425/1300 1426/1426/1301
f 1423/1423/1298 1426/1426/1301 1390/1390/1268
f 1423/1423/1298 1390/1390/1268 1404/1404/1280
f 1423/1423/1298 1404/1404/1280 1352/1352/1235
f 1423/1423/1298 1352/1352/1235 1427/1427/1302
f 1423/1423/1298 1427/1427/1302 1428/1428/1303
f 1423/1423/1298 1428/1428/1303 1424/1424/1299
f 1429/1429/1304 1418/1418/1294 1417/1417/1293
f 1429/1429/1304 1417/1417/1293 1430/1430/1305
f 1429/1429/1304 1430/1430/1305 1431/1431/1306
f 1429/1429/1304 1431/1431/1306 1432/1432/1307
f 1433/1433/1304 1434/1434/1307 1435/1435/1308
f 1433/1433/1304 1435/1435/1308 1436/1436/1309
f 1433/1433/1304 1436/1436/1309 1421/1421/1296
f 1433/1433/1304 1421/1421/1296 1420/1420/1294
f 1437/1437/1310 1438/1438/1311 1439/1439/1312
f 1437/1437/1310 1439/1439/1312 1440/1440/1313
f 1441/1441/1310 1442/1442/1314 1443/1443/1315
f 1441/1441/1310 1443/1443/1315 1444/1444/1316
f 1441/1441/1310 1444/1444/1316 1358/1358/1241
f 1441/1441/1310 1358/1358/1241 1370/1370/1251
f 1437/1437/1310 1445/1445/1251 1446/1446/1250
f 1437/1437/1310 1446/1446/1250 1438/1438/1311
f 1447/1447/1317 1448/1448/1318 1428/1428/1303
f 1447/1447/1317 1428/1428/1303 1427/1427/1302
f 1447/1447/1317 1427/1427/1302 1352/1352/1235
f 1447/1447/1317 1352/1352/1235 1351/1351/1234
f 1447/1447/1317 1351/1351/1234 1358/1358/1241
f 1447/1447/1317 1358/1358/1241 1444/1444/1316
f 1447/1447/1317 1444/1444/1316 1443/1443/1315
f 1447/1447/1317 1443/1443/1315 1448/1448/1318
f 1449/1449/1319 1402/1402/1278 1398/1398/1274
f 1449/1449/1319 1398/1398/1274 1450/1450/1320
f 1449/1449/1319 1450/1450/1320 1451/1451/1321
f 1449/1449/1319 1451/1451/1321 1452/1452/1322
f 1449/1449/1319 1452/1452/1322 1453/1453/1323
f 1449/1449/1319 1453/1453/1323 1454/1454/1324
f 1449/1449/1319 1454/1454/1324 1361/1361/1244
f 1449/1449/1319 1361/1361/1244 1402/1402/1278
f 1455/1455/1325 1362/1362/1245 1361/1361/1244
f 1455/1455/1325 1361/1361/1244 1454/1454/1324
f 1455/1455/1325 1454/1454/1324 1453/1453/1323
f 1455/1455/1325 1453/1453/1323 1456/1456/1326
f 1455/1455/1325 1456/1456/1326 1457/1457/1327
f 1455/1455/1325 1457/1457/1327 1458/1458/1328
f 1455/1455/1325 1458/1458/1328 1363/1363/1246
f 1455/1455/1325 1363/1363/1246 1362/1362/1245
f 1459/1459/1329 1460/1460/1330 1379/1379/1258
f 1459/1459/1329 1379/1379/1258 1378/1378/1257
f 1461/1461/1331 1377/1377/1257 1363/1363/1246
f 1461/1461/1331 1363/1363/1246 1458/1458/1328
f 1461/1461/1331 1458/1458/1328 1457/1457/1327
f 1461/1461/1331 1457/1457/1327 1462/1462/1332
f 1459/1459/1329 1463/1463/1332 1464/1464/1333
f 1459/1459/1329 1464/1464/1333 1460/1460/1330
f 1465/1465/1334 1395/1395/1272 1394/1394/1271
f 1465/1465/1334 1394/1394/1271 1466/1466/1335
f 1465/1465/1334 1466/1466/1335 1314/1314/1201
f 1465/1465/1334 1314/1314/1201 1467/1467/1336
f 1468/1468/1334 1469/1469/1336 1451/1451/1321
f 1468/1468/1334 1451/1451/1321 1450/1450/1320
f 1468/1468/1334 1450/1450/1320 1398/1398/1274
f 1468/1468/1334 1398/1398/1274 1397/1397/1272
f 1470/1470/1337 1471/1471/1338 1472/1472/148
f 1470/1470/1337 1472/1472/148 1473/1473/147
f 1470/1470/1337 1473/1473/147 1474/1474/151
f 1470/1470/1337 1474/1474/151 1475/1475/1339
f 1470/1470/1337 1475/1475/1339 1314/1314/1201
f 1470/1470/1337 1314/1314/1201 1466/1466/1335
f 1470/1470/1337 1466/1466/1335 1394/1394/1271
f 1470/1470/1337 1394/1394/1271 1471/1471/1338
f 1476/1476/1340 179/179/155 178/178/154
f 1476/1476/1340 178/178/154 1477/1477/1341
f 1476/1476/1340 1477/1477/1341 1379/1379/1258
f 1476/1476/1340 1379/1379/1258 1460/1460/1330
f 1476/1476/1340 1460/1460/1330 1464/1464/1333
f 1476/1476/1340 1464/1464/1333 1478/1478/1342
f 1476/1476/1340 1478/1478/1342 180/180/156
f 1476/1476/1340 180/180/156 179/179/155
f 1479/1479/1343 1480/1480/1344 1481/1481/160
f 1479/1479/1343 1481/1481/160 1482/1482/159
f 1479/1479/1343 1482/1482/159 1483/1483/165
f 1479/1479/1343 1483/1483/165 1484/1484/1345
f 1479/1479/1343 1484/1484/1345 1382/1382/1261
f 1479/1479/1343 1382/1382/1261 1485/1485/1346
f 1479/1479/1343 1485/1485/1346 1486/1486/1347
f 1479/1479/1343 1486/1486/1347 1480/1480/1344
f 1487/1487/1348 1488/1488/169 1489/1489/1349
f 1487/1487/1348 1489/1489/1349 1490/1490/1350
f 1487/1487/1348 1490/1490/1350 1417/1417/1293
f 1487/1487/1348 1417/1417/1293 1416/1416/1292
f 1487/1487/1348 1416/1416/1292 1329/1329/1214
f 1487/1487/1348 1329/1329/1214 1491/1491/1351
f 1487/1487/1348 1491/1491/1351 1492/1492/170
f 1487/1487/1348 1492/1492/170 1488/1488/169
f 1493/1493/1352 1414/1414/1290 1413/1413/1289
f 1493/1493/1352 1413/1413/1289 1494/1494/1353
f 1495/1495/1352 1496/1496/1353 1407/1407/1283
f 1495/1495/1352 1407/1407/1283 1406/1406/1282
f 1495/1495/1352 1406/1406/1282 1347/1347/1230
f 1495/1495/1352 1347/1347/1230 1497/1497/1354
f 1493/1493/1352 1498/1498/1354 1343/1343/1226
f 1493/1493/1352 1343/1343/1226 1414/1414/1290
f 1499/1499/1355 1500/1500/1356 1501/1501/178
f 1499/1499/1355 1501/1501/178 1502/1502/1357
f 1499/1499/1355 1502/1502/1357 1472/1472/148
f 1499/1499/1355 1472/1472/148 1471/1471/1338
f 1499/1499/1355 1471/1471/1338 1394/1394/1271
f 1499/1499/1355 1394/1394/1271 1393/1393/1270
f 1499/1499/1355 1393/1393/1270 1384/1384/1263
f 1499/1499/1355 1384/1384/1263 1500/1500/1356
f 1503/1503/1358 1484/1484/1345 1483/1483/165
f 1503/1503/1358 1483/1483/165 1504/1504/1359
f 1503/1503/1358 1504/1504/1359 1501/1501/178
f 1503/1503/1358 1501/1501/178 1500/1500/1356
f 1503/1503/1358 1500/1500/1356 1384/1384/1263
f 1503/1503/1358 1384/1384/1263 1383/1383/1262
f 1503/1503/1358 1383/1383/1262 1382/1382/1261
f 1503/1503/1358 1382/1382/1261 1484/1484/1345
f 1505/1505/1360 211/211/185 210/210/184
f 1505/1505/1360 210/210/184 1506/1506/1361
f 1505/1505/1360 1506/1506/1361 1373/1373/1253
f 1505/1505/1360 1373/1373/1253 1375/1375/1255
f 1505/1505/1360 1375/1375/1255 1379/1379/1258
f 1505/1505/1360 1379/1379/1258 1477/1477/1341
f 1505/1505/1360 1477/1477/1341 178/178/154
f 1505/1505/1360 178/178/154 211/211/185
f 1507/1507/1362 215/215/189 214/214/188
f 1507/1507/1362 214/214/188 1508/1508/1363
f 1507/1507/1362 1508/1508/1363 1509/1509/1364
f 1507/1507/1362 1509/1509/1364 1510/1510/1365
f 1507/1507/1362 1510/1510/1365 1373/1373/1253
f 1507/1507/1362 1373/1373/1253 1506/1506/1361
f 1507/1507/1362 1506/1506/1361 210/210/184
f 1507/1507/1362 210/210/184 215/215/189
f 1511/1511/1366 1344/1344/1227 1343/1343/1226
f 1511/1511/1366 1343/1343/1226 1498/1498/1354
f 1512/1512/1366 1497/1497/1354 1347/1347/1230
f 1512/1512/1366 1347/1347/1230 1346/1346/1229
f 1512/1512/1366 1346/1346/1229 1326/1326/1211
f 1512/1512/1366 1326/1326/1211 1325/1325/1210
f 1511/1511/1366 1324/1324/1210 1323/1323/1209
f 1511/1511/1366 1323/1323/1209 1344/1344/1227
f 1513/1513/1367 1514/1514/194 1492/1492/170
f 1513/1513/1367 1492/1492/170 1491/1491/1351
f 1513/1513/1367 1491/1491/1351 1329/1329/1214
f 1513/1513/1367 1329/1329/1214 1328/1328/1213
f 1513/1513/1367 1328/1328/1213 1338/1338/1221
f 1513/1513/1367 1338/1338/1221 1515/1515/1368
f 1513/1513/1367 1515/1515/1368 1516/1516/195
f 1513/1513/1367 1516/1516/195 1514/1514/194
f 1517/1517/1369 227/227/200 226/226/199
f 1517/1517/1369 226/226/199 1518/1518/1370
f 1517/1517/1369 1518/1518/1370 1317/1317/1204
f 1517/1517/1369 1317/1317/1204 1316/1316/1203
f 1517/1517/1369 1316/1316/1203 1326/1326/1211
f 1517/1517/1369 1326/1326/1211 1349/1349/1232
f 1517/1517/1369 1349/1349/1232 45/45/41
f 1517/1517/1369 45/45/41 227/227/200
f 1519/1519/1371 1520/1520/1372 1521/1521/203
f 1519/1519/1371 1521/1521/203 1522/1522/202
f 1519/1519/1371 1522/1522/202 1523/1523/95
f 1519/1519/1371 1523/1523/95 1524/1524/1284
f 1519/1519/1371 1524/1524/1284 1525/1525/1373
f 1519/1519/1371 1525/1525/1373 1526/1526/1374
f 1519/1519/1371 1526/1526/1374 1308/1308/1195
f 1519/1519/1371 1308/1308/1195 1520/1520/1372
f 1527/1527/1375 1528/1528/1376 1312/1312/1199
f 1527/1527/1375 1312/1312/1199 1529/1529/1377
f 1527/1527/1375 1529/1529/1377 1530/1530/1378
f 1527/1527/1375 1530/1530/1378 1531/1531/1379
f 1532/1532/1375 1533/1533/1379 1534/1534/1380
f 1532/1532/1375 1534/1534/1380 1535/1535/1381
f 1532/1532/1375 1535/1535/1381 1536/1536/1382
f 1532/1532/1375 1536/1536/1382 1537/1537/1376
f 1538/1538/1383 1539/1539/1384 1540/1540/1385
f 1538/1538/1383 1540/1540/1385 1541/1541/1386
f 1538/1538/1383 1541/1541/1386 1542/1542/1387
f 1538/1538/1383 1542/1542/1387 1543/1543/1388
f 1538/1538/1383 1543/1543/1388 1544/1544/1389
f 1538/1538/1383 1544/1544/1389 1545/1545/1390
f 1538/1538/1383 1545/1545/1390 1431/1431/1306
f 1538/1538/1383 1431/1431/1306 1539/1539/1384
f 1546/1546/1391 1426/1426/1301 1425/1425/1300
f 1546/1546/1391 1425/1425/1300 1547/1547/1392
f 1546/1546/1391 1547/1547/1392 1548/1548/1393
f 1546/1546/1391 1548/1548/1393 1549/1549/1394
f 1546/1546/1391 1549/1549/1394 1550/1550/1395
f 1546/1546/1391 1550/1550/1395 1551/1551/1396
f 1546/1546/1391 1551/1551/1396 1390/1390/1268
f 1546/1546/1391 1390/1390/1268 1426/1426/1301
f 1552/1552/1397 1412/1412/1288 1411/1411/1287
f 1552/1552/1397 1411/1411/1287 1553/1553/1398
f 1552/1552/1397 1553/1553/1398 1554/1554/1399
f 1552/1552/1397 1554/1554/1399 1555/1555/1400
f 1552/1552/1397 1555/1555/1400 1556/1556/1401
f 1552/1552/1397 1556/1556/1401 1557/1557/1402
f 1552/1552/1397 1557/1557/1402 1413/1413/1289
f 1552/1552/1397 1413/1413/1289 1412/1412/1288
f 1558/1558/1403 1391/1391/1260 1390/1390/1268
f 1558/1558/1403 1390/1390/1268 1551/1551/1396
f 1558/1558/1403 1551/1551/1396 1550/1550/1395
f 1558/1558/1403 1550/1550/1395 1559/1559/1404
f 1560/1560/1403 1561/1561/1404 1562/1562/1405
f 1560/1560/1403 1562/1562/1405 1563/1563/1406
f 1560/1560/1403 1563/1563/1406 1382/1382/1261
f 1560/1560/1403 1382/1382/1261 1381/1381/1260
f 1564/1564/1407 1565/1565/1408 1486/1486/1347
f 1564/1564/1407 1486/1486/1347 1566/1566/1409
f 1564/1564/1407 1566/1566/1409 1540/1540/1385
f 1564/1564/1407 1540/1540/1385 1539/1539/1384
f 1564/1564/1407 1539/1539/1384 1431/1431/1306
f 1564/1564/1407 1431/1431/1306 1430/1430/1305
f 1564/1564/1407 1430/1430/1305 1417/1417/1293
f 1564/1564/1407 1417/1417/1293 1565/1565/1408
f 1567/1567/1410 1467/1467/1336 1314/1314/1201
f 1567/1567/1410 1314/1314/1201 1313/1313/1200
f 1567/1567/1410 1313/1313/1200 1312/1312/1199
f 1567/1567/1410 1312/1312/1199 1528/1528/1376
f 1568/1568/1411 1537/1537/1376 1536/1536/1382
f 1568/1568/1411 1536/1536/1382 1569/1569/1412
f 1568/1568/1411 1569/1569/1412 1451/1451/1321
f 1568/1568/1411 1451/1451/1321 1469/1469/1336
f 1570/1570/1413 1494/1494/1353 1413/1413/1289
f 1570/1570/1413 1413/1413/1289 1557/1557/1402
f 1570/1570/1413 1557/1557/1402 1556/1556/1401
f 1570/1570/1413 1556/1556/1401 1571/1571/1414
f 1572/1572/1413 1573/1573/1414 1574/1574/1415
f 1572/1572/1413 1574/1574/1415 1575/1575/1416
f 1572/1572/1413 1575/1575/1416 1525/1525/1373
f 1572/1572/1413 1525/1525/1373 1576/1576/1353
f 1577/1577/1417 1578/1578/1418 1579/1579/1419
f 1577/1577/1417 1579/1579/1419 1580/1580/1420
f 1577/1577/1417 1580/1580/1420 1581/1581/1421
f 1577/1577/1417 1581/1581/1421 1582/1582/1422
f 1583/1583/1423 1584/1584/1424 1585/1585/1425
f 1583/1583/1423 1585/1585/1425 1586/1586/1426
f 1583/1583/1423 1586/1586/1426 1587/1587/1427
f 1583/1583/1423 1587/1587/1427 1588/1588/1418
f 1589/1589/1428 1559/1559/1404 1550/1550/1395
f 1589/1589/1428 1550/1550/1395 1590/1590/1429
f 1589/1589/1428 1590/1590/1429 1591/1591/1430
f 1589/1589/1428 1591/1591/1430 1592/1592/1431
f 1593/1593/1428 1594/1594/1431 1595/1595/1432
f 1593/1593/1428 1595/1595/1432 1596/1596/1433
f 1593/1593/1428 1596/1596/1433 1562/1562/1405
f 1593/1593/1428 1562/1562/1405 1561/1561/1404
f 1597/1597/1434 1549/1549/1394 1548/1548/1393
f 1597/1597/1434 1548/1548/1393 1598/1598/1435
f 1597/1597/1434 1598/1598/1435 1599/1599/1436
f 1597/1597/1434 1599/1599/1436 1600/1600/1437
f 1597/1597/1434 1600/1600/1437 1591/1591/1430
f 1597/1597/1434 1591/1591/1430 1590/1590/1429
f 1597/1597/1434 1590/1590/1429 1550/1550/1395
f 1597/1597/1434 1550/1550/1395 1549/1549/1394
f 1601/1601/1438 1432/1432/1307 1431/1431/1306
f 1601/1601/1438 1431/1431/1306 1545/1545/1390
f 1601/1601/1438 1545/1545/1390 1544/1544/1389
f 1601/1601/1438 1544/1544/1389 1602/1602/1439
f 1603/1603/1438 1604/1604/1440 1605/1605/1441
f 1603/1603/1438 1605/1605/1441 1606/1606/1442
f 1603/1603/1438 1606/1606/1442 1435/1435/1308
f 1603/1603/1438 1435/1435/1308 1434/1434/1307
f 1607/1607/1443 1608/1608/1444 1609/1609/1445
f 1607/1607/1443 1609/1609/1445 1610/1610/1446
f 1607/1607/1443 1610/1610/1446 1611/1611/1447
f 1607/1607/1443 1611/1611/1447 1612/1612/1448
f 1613/1613/1443 1614/1614/1449 1615/1615/1450
f 1613/1613/1443 1615/1615/1450 1616/1616/1451
f 1613/1613/1443 1616/1616/1451 1617/1617/1452
f 1613/1613/1443 1617/1617/1452 1618/1618/1444
f 1619/1619/1453 1543/1543/1388 1542/1542/1387
f 1619/1619/1453 1542/1542/1387 1620/1620/1454
f 1619/1619/1453 1620/1620/1454 1609/1609/1445
f 1619/1619/1453 1609/1609/1445 1621/1621/1455
f 1619/1619/1453 1621/1621/1455 1622/1622/1456
f 1619/1619/1453 1622/1622/1456 1623/1623/1457
f 1619/1619/1453 1623/1623/1457 1544/1544/1389
f 1619/1619/1453 1544/1544/1389 1543/1543/1388
f 1624/1624/1458 1600/1600/1437 1599/1599/1436
f 1624/1624/1458 1599/1599/1436 1625/1625/1459
f 1624/1624/1458 1625/1625/1459 1617/1617/1452
f 1624/1624/1458 1617/1617/1452 1616/1616/1451
f 1624/1624/1458 1616/1616/1451 1615/1615/1450
f 1624/1624/1458 1615/1615/1450 1626/1626/1460
f 1624/1624/1458 1626/1626/1460 1591/1591/1430
f 1624/1624/1458 1591/1591/1430 1600/1600/1437
f 1627/1627/1461 1592/1592/1431 1591/1591/1430
f 1627/1627/1461 1591/1591/1430 1626/1626/1460
f 1627/1627/1461 1626/1626/1460 1615/1615/1450
f 1627/1627/1461 1615/1615/1450 1614/1614/1449
f 1628/1628/1462 1612/1612/1448 1611/1611/1447
f 1628/1628/1462 1611/1611/1447 1629/1629/1463
f 1628/1628/1462 1629/1629/1463 1595/1595/1432
f 1628/1628/1462 1595/1595/1432 1594/1594/1431
f 1630/1630/1464 1531/1531/1379 1530/1530/1378
f 1630/1630/1464 1530/1530/1378 1631/1631/1465
f 1630/1630/1464 1631/1631/1465 1632/1632/1466
f 1630/1630/1464 1632/1632/1466 1633/1633/1467
f 1634/1634/1468 1635/1635/1467 1636/1636/1469
f 1634/1634/1468 1636/1636/1469 1637/1637/1470
f 1634/1634/1468 1637/1637/1470 1534/1534/1380
f 1634/1634/1468 1534/1534/1380 1533/1533/1379
f 1638/1638/1471 1571/1571/1414 1556/1556/1401
f 1638/1638/1471 1556/1556/1401 1639/1639/1472
f 1638/1638/1471 1639/1639/1472 1640/1640/1473
f 1638/1638/1471 1640/1640/1473 1641/1641/1474
f 1642/1642/1471 1643/1643/1475 1644/1644/1476
f 1642/1642/1471 1644/1644/1476 1645/1645/1477
f 1642/1642/1471 1645/1645/1477 1574/1574/1415
f 1642/1642/1471 1574/1574/1415 1573/1573/1414
f 1646/1646/1478 1555/1555/1400 1554/1554/1399
f 1646/1646/1478 1554/1554/1399 1647/1647/1479
f 1646/1646/1478 1647/1647/1479 1648/1648/1480
f 1646/1646/1478 1648/1648/1480 1649/1649/1481
f 1646/1646/1478 1649/1649/1481 1640/1640/1473
f 1646/1646/1478 1640/1640/1473 1639/1639/1472
f 1646/1646/1478 1639/1639/1472 1556/1556/1401
f 1646/1646/1478 1556/1556/1401 1555/1555/1400
f 1650/1650/1482 1311/1311/1198 1310/1310/1197
f 1650/1650/1482 1310/1310/1197 1651/1651/1483
f 1650/1650/1482 1651/1651/1483 1652/1652/1484
f 1650/1650/1482 1652/1652/1484 1653/1653/1485
f 1650/1650/1482 1653/1653/1485 1530/1530/1378
f 1650/1650/1482 1530/1530/1378 1529/1529/1377
f 1650/1650/1482 1529/1529/1377 1312/1312/1199
f 1650/1650/1482 1312/1312/1199 1311/1311/1198
f 1654/1654/1486 1655/1655/1487 1656/1656/1488
f 1654/1654/1486 1656/1656/1488 1657/1657/1489
f 1654/1654/1486 1657/1657/1489 1658/1658/1490
f 1654/1654/1486 1658/1658/1490 1659/1659/1491
f 1654/1654/1486 1659/1659/1491 1660/1660/1492
f 1654/1654/1486 1660/1660/1492 1661/1661/1493
f 1654/1654/1486 1661/1661/1493 1632/1632/1466
f 1654/1654/1486 1632/1632/1466 1655/1655/1487
f 1662/1662/1494 1649/1649/1481 1648/1648/1480
f 1662/1662/1494 1648/1648/1480 1663/1663/1495
f 1662/1662/1494 1663/1663/1495 1664/1664/1496
f 1662/1662/1494 1664/1664/1496 1665/1665/1497
f 1662/1662/1494 1665/1665/1497 1666/1666/1498
f 1662/1662/1494 1666/1666/1498 1667/1667/1499
f 1662/1662/1494 1667/1667/1499 1640/1640/1473
f 1662/1662/1494 1640/1640/1473 1649/1649/1481
f 1668/1668/1500 1653/1653/1485 1652/1652/1484
f 1668/1668/1500 1652/1652/1484 1669/1669/1501
f 1668/1668/1500 1669/1669/1501 1656/1656/1488
f 1668/1668/1500 1656/1656/1488 1655/1655/1487
f 1668/1668/1500 1655/1655/1487 1632/1632/1466
f 1668/1668/1500 1632/1632/1466 1631/1631/1465
f 1668/1668/1500 1631/1631/1465 1530/1530/1378
f 1668/1668/1500 1530/1530/1378 1653/1653/1485
f 1670/1670/1502 1641/1641/1474 1640/1640/1473
f 1670/1670/1502 1640/1640/1473 1667/1667/1499
f 1670/1670/1502 1667/1667/1499 1666/1666/1498
f 1670/1670/1502 1666/1666/1498 1671/1671/1503
f 1672/1672/1504 1673/1673/1505 1674/1674/1506
f 1672/1672/1504 1674/1674/1506 1675/1675/1507
f 1672/1672/1504 1675/1675/1507 1644/1644/1476
f 1672/1672/1504 1644/1644/1476 1643/1643/1475
f 1676/1676/1508 1677/1677/1509 1658/1658/1490
f 1676/1676/1508 1658/1658/1490 1678/1678/1510
f 1676/1676/1508 1678/1678/1510 1679/1679/1511
f 1676/1676/1508 1679/1679/1511 1680/1680/1512
f 1681/1681/1508 1682/1682/1512 1683/1683/1513
f 1681/1681/1508 1683/1683/1513 1684/1684/1514
f 1681/1681/1508 1684/1684/1514 1685/1685/1515
f 1681/1681/1508 1685/1685/1515 1686/1686/1516
f 1687/1687/1517 1671/1671/1503 1666/1666/1498
f 1687/1687/1517 1666/1666/1498 1688/1688/1518
f 1687/1687/1517 1688/1688/1518 1683/1683/1513
f 1687/1687/1517 1683/1683/1513 1682/1682/1512
f 1689/1689/1517 1680/1680/1512 1679/1679/1511
f 1689/1689/1517 1679/1679/1511 1690/1690/1519
f 1689/1689/1517 1690/1690/1519 1674/1674/1506
f 1689/1689/1517 1674/1674/1506 1673/1673/1505
f 1691/1691/1520 1692/1692/1521 1693/1693/1522
f 1691/1691/1520 1693/1693/1522 1694/1694/1523
f 1691/1691/1520 1694/1694/1523 1695/1695/1524
f 1691/1691/1520 1695/1695/1524 1696/1696/1525
f 1691/1691/1520 1696/1696/1525 1697/1697/1526
f 1691/1691/1520 1697/1697/1526 1698/1698/1527
f 1691/1691/1520 1698/1698/1527 1699/1699/1528
f 1691/1691/1520 1699/1699/1528 1692/1692/1521
f 1700/1700/1529 1665/1665/1497 1664/1664/1496
f 1700/1700/1529 1664/1664/1496 1701/1701/1530
f 1700/1700/1529 1701/1701/1530 1685/1685/1515
f 1700/1700/1529 1685/1685/1515 1684/1684/1514
f 1700/1700/1529 1684/1684/1514 1683/1683/1513
f 1700/1700/1529 1683/1683/1513 1688/1688/1518
f 1700/1700/1529 1688/1688/1518 1666/1666/1498
f 1700/1700/1529 1666/1666/1498 1665/1665/1497
f 1702/1702/1531 1703/1703/1532 1697/1697/1526
f 1702/1702/1531 1697/1697/1526 1696/1696/1525
f 1702/1702/1531 1696/1696/1525 1695/1695/1524
f 1702/1702/1531 1695/1695/1524 1704/1704/1533
f 1705/1705/1534 1706/1706/1535 1707/1707/1536
f 1705/1705/1534 1707/1707/1536 1708/1708/1537
f 1705/1705/1534 1708/1708/1537 1709/1709/1538
f 1705/1705/1534 1709/1709/1538 1710/1710/1532
f 1711/1711/1539 1712/1712/1540 1713/1713/1541
f 1711/1711/1539 1713/1713/1541 1714/1714/1542
f 1711/1711/1539 1714/1714/1542 1707/1707/1536
f 1711/1711/1539 1707/1707/1536 1706/1706/1535
f 1715/1715/1539 1704/1704/1533 1695/1695/1524
f 1715/1715/1539 1695/1695/1524 1694/1694/1523
f 1715/1715/1539 1694/1694/1523 1693/1693/1522
f 1715/1715/1539 1693/1693/1522 1716/1716/1540
f 1717/1717/1543 1718/1718/1544 1719/1719/1545
f 1717/1717/1543 1719/1719/1545 1720/1720/1546
f 1717/1717/1543 1720/1720/1546 1709/1709/1538
f 1717/1717/1543 1709/1709/1538 1708/1708/1537
f 1717/1717/1543 1708/1708/1537 1707/1707/1536
f 1717/1717/1543 1707/1707/1536 1714/1714/1542
f 1717/1717/1543 1714/1714/1542 1713/1713/1541
f 1717/1717/1543 1713/1713/1541 1718/1718/1544
f 1721/1721/1547 1722/1722/1548 1699/1699/1528
f 1721/1721/1547 1699/1699/1528 1698/1698/1527
f 1721/1721/1547 1698/1698/1527 1697/1697/1526
f 1721/1721/1547 1697/1697/1526 1703/1703/1532
f 1723/1723/1547 1710/1710/1532 1709/1709/1538
f 1723/1723/1547 1709/1709/1538 1720/1720/1546
f 1723/1723/1547 1720/1720/1546 1719/1719/1545
f 1723/1723/1547 1719/1719/1545 1724/1724/1548
f 1725/1725/1549 1582/1582/1422 1581/1581/1421
f 1725/1725/1549 1581/1581/1421 1726/1726/1550
f 1725/1725/1549 1726/1726/1550 1727/1727/1551
f 1725/1725/1549 1727/1727/1551 1728/1728/1552
f 1729/1729/1549 1730/1730/1553 1731/1731/1554
f 1729/1729/1549 1731/1731/1554 1732/1732/1555
f 1729/1729/1549 1732/1732/1555 1585/1585/1425
f 1729/1729/1549 1585/1585/1425 1584/1584/1424
f 1733/1733/1556 1734/1734/1557 1587/1587/1427
f 1733/1733/1556 1587/1587/1427 1586/1586/1426
f 1733/1733/1556 1586/1586/1426 1585/1585/1425
f 1733/1733/1556 1585/1585/1425 1732/1732/1555
f 1733/1733/1556 1732/1732/1555 1731/1731/1554
f 1733/1733/1556 1731/1731/1554 1735/1735/1558
f 1733/1733/1556 1735/1735/1558 1736/1736/1559
f 1733/1733/1556 1736/1736/1559 1734/1734/1557
f 1737/1737/1560 1738/1738/1561 1736/1736/1559
f 1737/1737/1560 1736/1736/1559 1735/1735/1558
f 1737/1737/1560 1735/1735/1558 1731/1731/1554
f 1737/1737/1560 1731/1731/1554 1730/1730/1553
f 1739/1739/1560 1728/1728/1552 1727/1727/1551
f 1739/1739/1560 1727/1727/1551 1740/1740/1562
f 1739/1739/1560 1740/1740/1562 1741/1741/1563
f 1739/1739/1560 1741/1741/1563 1742/1742/1561
f 1743/1743/1564 1744/1744/1565 1741/1741/1563
f 1743/1743/1564 1741/1741/1563 1740/1740/1562
f 1743/1743/1564 1740/1740/1562 1727/1727/1551
f 1743/1743/1564 1727/1727/1551 1726/1726/1550
f 1743/1743/1564 1726/1726/1550 1581/1581/1421
f 1743/1743/1564 1581/1581/1421 1580/1580/1420
f 1743/1743/1564 1580/1580/1420 1579/1579/1419
f 1743/1743/1564 1579/1579/1419 1744/1744/1565
f 1745/1745/1566 1746/1746/397 1747/1747/396
f 1745/1745/1566 1747/1747/396 1748/1748/1567
f 1745/1745/1566 1748/1748/1567 1749/1749/1568
f 1745/1745/1566 1749/1749/1568 1750/1750/1569
f 1745/1745/1566 1750/1750/1569 1751/1751/1570
f 1745/1745/1566 1751/1751/1570 1752/1752/1571
f 1745/1745/1566 1752/1752/1571 1753/1753/1572
f 1745/1745/1566 1753/1753/1572 1754/1754/1573
f 1745/1745/1566 1754/1754/1573 1755/1755/1574
f 1745/1745/1566 1755/1755/1574 1746/1746/397
f 1756/1756/1575 1757/1757/1576 1758/1758/1577
f 1756/1756/1575 1758/1758/1577 1759/1759/1578
f 1756/1756/1575 1759/1759/1578 1760/1760/1579
f 1756/1756/1575 1760/1760/1579 1761/1761/1580
f 1756/1756/1575 1761/1761/1580 1762/1762/1581
f 1756/1756/1575 1762/1762/1581 1763/1763/1582
f 1756/1756/1575 1763/1763/1582 1764/1764/1583
f 1756/1756/1575 1764/1764/1583 1757/1757/1576
f 1765/1765/1584 1766/1766/1585 1767/1767/1586
f 1765/1765/1584 1767/1767/1586 1768/1768/1587
f 1765/1765/1584 1768/1768/1587 1769/1769/1588
f 1765/1765/1584 1769/1769/1588 1770/1770/1589
f 1765/1765/1584 1770/1770/1589 1771/1771/1590
f 1765/1765/1584 1771/1771/1590 1772/1772/1591
f 1765/1765/1584 1772/1772/1591 1773/1773/1592
f 1765/1765/1584 1773/1773/1592 1766/1766/1585
f 1774/1774/1593 1775/1775/1594 1776/1776/425
f 1774/1774/1593 1776/1776/425 1777/1777/424
f 1774/1774/1593 1777/1777/424 1778/1778/431
f 1774/1774/1593 1778/1778/431 1779/1779/1595
f 1774/1774/1593 1779/1779/1595 1780/1780/1596
f 1774/1774/1593 1780/1780/1596 1781/1781/1597
f 1774/1774/1593 1781/1781/1597 1782/1782/1598
f 1774/1774/1593 1782/1782/1598 1775/1775/1594
f 1783/1783/1599 1784/1784/1600 1439/1439/1312
f 1783/1783/1599 1439/1439/1312 1785/1785/1601
f 1783/1783/1599 1785/1785/1601 1786/1786/1602
f 1783/1783/1599 1786/1786/1602 1787/1787/1603
f 1783/1783/1599 1787/1787/1603 1788/1788/1604
f 1783/1783/1599 1788/1788/1604 1789/1789/1605
f 1783/1783/1599 1789/1789/1605 1790/1790/1606
f 1783/1783/1599 1790/1790/1606 1784/1784/1600
f 1791/1791/1607 1792/1792/1608 1367/1367/1250
f 1791/1791/1607 1367/1367/1250 1793/1793/1609
f 1791/1791/1607 1793/1793/1609 1509/1509/1364
f 1791/1791/1607 1509/1509/1364 1794/1794/1610
f 1795/1795/1607 1796/1796/1610 1797/1797/1611
f 1795/1795/1607 1797/1797/1611 1798/1798/1612
f 1795/1795/1607 1798/1798/1612 1799/1799/1613
f 1795/1795/1607 1799/1799/1613 1800/1800/1614
f 1801/1801/1615 1802/1802/1616 1446/1446/1250
f 1801/1801/1615 1446/1446/1250 1803/1803/1614
f 1804/1804/1617 1800/1800/1614 1799/1799/1613
f 1804/1804/1617 1799/1799/1613 1805/1805/1618
f 1804/1804/1617 1805/1805/1618 1806/1806/1619
f 1804/1804/1617 1806/1806/1619 1807/1807/1620
f 1801/1801/1615 1808/1808/1621 1809/1809/1622
f 1801/1801/1615 1809/1809/1622 1802/1802/1616
f 1810/1810/1623 1811/1811/1624 1605/1605/1441
f 1810/1810/1623 1605/1605/1441 1812/1812/1625
f 1810/1810/1623 1812/1812/1625 1813/1813/1626
f 1810/1810/1623 1813/1813/1626 1814/1814/1627
f 1810/1810/1623 1814/1814/1627 1617/1617/1452
f 1810/1810/1623 1617/1617/1452 1625/1625/1459
f 1810/1810/1623 1625/1625/1459 1599/1599/1436
f 1810/1810/1623 1599/1599/1436 1811/1811/1624
f 1815/1815/1628 1816/1816/1629 1595/1595/1432
f 1815/1815/1628 1595/1595/1432 1629/1629/1463
f 1815/1815/1628 1629/1629/1463 1611/1611/1447
f 1815/1815/1628 1611/1611/1447 1610/1610/1446
f 1815/1815/1628 1610/1610/1446 1609/1609/1445
f 1815/1815/1628 1609/1609/1445 1620/1620/1454
f 1815/1815/1628 1620/1620/1454 1542/1542/1387
f 1815/1815/1628 1542/1542/1387 1816/1816/1629
f 1817/1817/1630 1818/1818/1631 1622/1622/1456
f 1817/1817/1630 1622/1622/1456 1621/1621/1455
f 1817/1817/1630 1621/1621/1455 1609/1609/1445
f 1817/1817/1630 1609/1609/1445 1608/1608/1444
f 1819/1819/1630 1618/1618/1444 1617/1617/1452
f 1819/1819/1630 1617/1617/1452 1814/1814/1627
f 1819/1819/1630 1814/1814/1627 1813/1813/1626
f 1819/1819/1630 1813/1813/1626 1820/1820/1631
f 1821/1821/1632 1822/1822/1633 1435/1435/1308
f 1821/1821/1632 1435/1435/1308 1606/1606/1442
f 1821/1821/1632 1606/1606/1442 1605/1605/1441
f 1821/1821/1632 1605/1605/1441 1811/1811/1624
f 1821/1821/1632 1811/1811/1624 1599/1599/1436
f 1821/1821/1632 1599/1599/1436 1598/1598/1435
f 1821/1821/1632 1598/1598/1435 1548/1548/1393
f 1821/1821/1632 1548/1548/1393 1822/1822/1633
f 1823/1823/1634 1485/1485/1346 1382/1382/1261
f 1823/1823/1634 1382/1382/1261 1563/1563/1406
f 1823/1823/1634 1563/1563/1406 1562/1562/1405
f 1823/1823/1634 1562/1562/1405 1824/1824/1635
f 1823/1823/1634 1824/1824/1635 1540/1540/1385
f 1823/1823/1634 1540/1540/1385 1566/1566/1409
f 1823/1823/1634 1566/1566/1409 1486/1486/1347
f 1823/1823/1634 1486/1486/1347 1485/1485/1346
f 1825/1825/1636 1826/1826/1637 1421/1421/1296
f 1825/1825/1636 1421/1421/1296 1436/1436/1309
f 1825/1825/1636 1436/1436/1309 1435/1435/1308
f 1825/1825/1636 1435/1435/1308 1822/1822/1633
f 1825/1825/1636 1822/1822/1633 1548/1548/1393
f 1825/1825/1636 1548/1548/1393 1547/1547/1392
f 1825/1825/1636 1547/1547/1392 1425/1425/1300
f 1825/1825/1636 1425/1425/1300 1826/1826/1637
f 1827/1827/1638 1824/1824/1635 1562/1562/1405
f 1827/1827/1638 1562/1562/1405 1596/1596/1433
f 1827/1827/1638 1596/1596/1433 1595/1595/1432
f 1827/1827/1638 1595/1595/1432 1816/1816/1629
f 1827/1827/1638 1816/1816/1629 1542/1542/1387
f 1827/1827/1638 1542/1542/1387 1541/1541/1386
f 1827/1827/1638 1541/1541/1386 1540/1540/1385
f 1827/1827/1638 1540/1540/1385 1824/1824/1635
f 1828/1828/1639 1490/1490/1350 1489/1489/1349
f 1828/1828/1639 1489/1489/1349 1829/1829/1640
f 1828/1828/1639 1829/1829/1640 1481/1481/160
f 1828/1828/1639 1481/1481/160 1480/1480/1344
f 1828/1828/1639 1480/1480/1344 1486/1486/1347
f 1828/1828/1639 1486/1486/1347 1565/1565/1408
f 1828/1828/1639 1565/1565/1408 1417/1417/1293
f 1828/1828/1639 1417/1417/1293 1490/1490/1350
f 1830/1830/1641 1334/1334/1217 1333/1333/1216
f 1830/1830/1641 1333/1333/1216 1831/1831/1642
f 1830/1830/1641 1831/1831/1642 1428/1428/1303
f 1830/1830/1641 1428/1428/1303 1448/1448/1318
f 1830/1830/1641 1448/1448/1318 1443/1443/1315
f 1830/1830/1641 1443/1443/1315 1832/1832/1643
f 1830/1830/1641 1832/1832/1643 1335/1335/1218
f 1830/1830/1641 1335/1335/1218 1334/1334/1217
f 1833/1833/1644 1784/1784/1600 1790/1790/1606
f 1833/1833/1644 1790/1790/1606 1834/1834/1220
f 1835/1835/1644 1336/1336/1219 1335/1335/1218
f 1835/1835/1644 1335/1335/1218 1832/1832/1643
f 1835/1835/1644 1832/1832/1643 1443/1443/1315
f 1835/1835/1644 1443/1443/1315 1442/1442/1314
f 1833/1833/1644 1440/1440/1313 1439/1439/1312
f 1833/1833/1644 1439/1439/1312 1784/1784/1600
f 1836/1836/1645 1422/1422/1297 1421/1421/1296
f 1836/1836/1645 1421/1421/1296 1826/1826/1637
f 1836/1836/1645 1826/1826/1637 1425/1425/1300
f 1836/1836/1645 1425/1425/1300 1424/1424/1299
f 1836/1836/1645 1424/1424/1299 1428/1428/1303
f 1836/1836/1645 1428/1428/1303 1831/1831/1642
f 1836/1836/1645 1831/1831/1642 1333/1333/1216
f 1836/1836/1645 1333/1333/1216 1422/1422/1297
f 1837/1837/1646 1838/1838/1647 1636/1636/1469
f 1837/1837/1646 1636/1636/1469 1839/1839/1648
f 1837/1837/1646 1839/1839/1648 1840/1840/1649
f 1837/1837/1646 1840/1840/1649 1841/1841/1650
f 1837/1837/1646 1841/1841/1650 1685/1685/1515
f 1837/1837/1646 1685/1685/1515 1701/1701/1530
f 1837/1837/1646 1701/1701/1530 1664/1664/1496
f 1837/1837/1646 1664/1664/1496 1838/1838/1647
f 1842/1842/1651 1843/1843/1652 1660/1660/1492
f 1842/1842/1651 1660/1660/1492 1659/1659/1491
f 1842/1842/1651 1659/1659/1491 1658/1658/1490
f 1842/1842/1651 1658/1658/1490 1677/1677/1509
f 1844/1844/1651 1686/1686/1516 1685/1685/1515
f 1844/1844/1651 1685/1685/1515 1841/1841/1650
f 1844/1844/1651 1841/1841/1650 1840/1840/1649
f 1844/1844/1651 1840/1840/1649 1845/1845/1652
f 1846/1846/1653 1847/1847/1654 1644/1644/1476
f 1846/1846/1653 1644/1644/1476 1675/1675/1507
f 1846/1846/1653 1675/1675/1507 1674/1674/1506
f 1846/1846/1653 1674/1674/1506 1848/1848/1655
f 1846/1846/1653 1848/1848/1655 1656/1656/1488
f 1846/1846/1653 1656/1656/1488 1669/1669/1501
f 1846/1846/1653 1669/1669/1501 1652/1652/1484
f 1846/1846/1653 1652/1652/1484 1847/1847/1654
f 1849/1849/1656 1850/1850/1657 1534/1534/1380
f 1849/1849/1656 1534/1534/1380 1637/1637/1470
f 1849/1849/1656 1637/1637/1470 1636/1636/1469
f 1849/1849/1656 1636/1636/1469 1838/1838/1647
f 1849/1849/1656 1838/1838/1647 1664/1664/1496
f 1849/1849/1656 1664/1664/1496 1663/1663/1495
f 1849/1849/1656 1663/1663/1495 1648/1648/1480
f 1849/1849/1656 1648/1648/1480 1850/1850/1657
f 1851/1851/1658 1848/1848/1655 1674/1674/1506
f 1851/1851/1658 1674/1674/1506 1690/1690/1519
f 1851/1851/1658 1690/1690/1519 1679/1679/1511
f 1851/1851/1658 1679/1679/1511 1678/1678/1510
f 1851/1851/1658 1678/1678/1510 1658/1658/1490
f 1851/1851/1658 1658/1658/1490 1657/1657/1489
f 1851/1851/1658 1657/1657/1489 1656/1656/1488
f 1851/1851/1658 1656/1656/1488 1848/1848/1655
f 1852/1852/1659 1853/1853/1660 1574/1574/1415
f 1852/1852/1659 1574/1574/1415 1645/1645/1477
f 1852/1852/1659 1645/1645/1477 1644/1644/1476
f 1852/1852/1659 1644/1644/1476 1847/1847/1654
f 1852/1852/1659 1847/1847/1654 1652/1652/1484
f 1852/1852/1659 1652/1652/1484 1651/1651/1483
f 1852/1852/1659 1651/1651/1483 1310/1310/1197
f 1852/1852/1659 1310/1310/1197 1853/1853/1660
f 1854/1854/1661 1855/1855/1662 1536/1536/1382
f 1854/1854/1661 1536/1536/1382 1535/1535/1381
f 1854/1854/1661 1535/1535/1381 1534/1534/1380
f 1854/1854/1661 1534/1534/1380 1850/1850/1657
f 1854/1854/1661 1850/1850/1657 1648/1648/1480
f 1854/1854/1661 1648/1648/1480 1647/1647/1479
f 1854/1854/1661 1647/1647/1479 1554/1554/1399
f 1854/1854/1661 1554/1554/1399 1855/1855/1662
f 1856/1856/1663 1857/1857/1664 1451/1451/1321
f 1856/1856/1663 1451/1451/1321 1569/1569/1412
f 1856/1856/1663 1569/1569/1412 1536/1536/1382
f 1856/1856/1663 1536/1536/1382 1855/1855/1662
f 1856/1856/1663 1855/1855/1662 1554/1554/1399
f 1856/1856/1663 1554/1554/1399 1553/1553/1398
f 1856/1856/1663 1553/1553/1398 1411/1411/1287
f 1856/1856/1663 1411/1411/1287 1857/1857/1664
f 1858/1858/1665 1475/1475/1339 1474/1474/151
f 1858/1858/1665 1474/1474/151 1859/1859/499
f 1858/1858/1665 1859/1859/499 1521/1521/203
f 1858/1858/1665 1521/1521/203 1520/1520/1372
f 1858/1858/1665 1520/1520/1372 1308/1308/1195
f 1858/1858/1665 1308/1308/1195 1307/1307/1194
f 1858/1858/1665 1307/1307/1194 1314/1314/1201
f 1858/1858/1665 1314/1314/1201 1475/1475/1339
f 1860/1860/1666 570/570/501 180/180/156
f 1860/1860/1666 180/180/156 1478/1478/1342
f 1860/1860/1666 1478/1478/1342 1464/1464/1333
f 1860/1860/1666 1464/1464/1333 1861/1861/1667
f 1860/1860/1666 1861/1861/1667 1317/1317/1204
f 1860/1860/1666 1317/1317/1204 1518/1518/1370
f 1860/1860/1666 1518/1518/1370 226/226/199
f 1860/1860/1666 226/226/199 570/570/501
f 1862/1862/1668 1452/1452/1322 1451/1451/1321
f 1862/1862/1668 1451/1451/1321 1857/1857/1664
f 1862/1862/1668 1857/1857/1664 1411/1411/1287
f 1862/1862/1668 1411/1411/1287 1410/1410/1286
f 1862/1862/1668 1410/1410/1286 1341/1341/1224
f 1862/1862/1668 1341/1341/1224 1863/1863/1669
f 1862/1862/1668 1863/1863/1669 1453/1453/1323
f 1862/1862/1668 1453/1453/1323 1452/1452/1322
f 1864/1864/1670 1456/1456/1326 1453/1453/1323
f 1864/1864/1670 1453/1453/1323 1863/1863/1669
f 1864/1864/1670 1863/1863/1669 1341/1341/1224
f 1864/1864/1670 1341/1341/1224 1340/1340/1223
f 1864/1864/1670 1340/1340/1223 1321/1321/1207
f 1864/1864/1670 1321/1321/1207 1865/1865/1671
f 1864/1864/1670 1865/1865/1671 1457/1457/1327
f 1864/1864/1670 1457/1457/1327 1456/1456/1326
f 1866/1866/1672 1861/1861/1667 1464/1464/1333
f 1866/1866/1672 1464/1464/1333 1463/1463/1332
f 1867/1867/1673 1462/1462/1332 1457/1457/1327
f 1867/1867/1673 1457/1457/1327 1865/1865/1671
f 1867/1867/1673 1865/1865/1671 1321/1321/1207
f 1867/1867/1673 1321/1321/1207 1320/1320/1205
f 1866/1866/1672 1318/1318/1205 1317/1317/1204
f 1866/1866/1672 1317/1317/1204 1861/1861/1667
f 1868/1868/1674 1526/1526/1374 1525/1525/1373
f 1868/1868/1674 1525/1525/1373 1575/1575/1416
f 1868/1868/1674 1575/1575/1416 1574/1574/1415
f 1868/1868/1674 1574/1574/1415 1853/1853/1660
f 1868/1868/1674 1853/1853/1660 1310/1310/1197
f 1868/1868/1674 1310/1310/1197 1309/1309/1196
f 1868/1868/1674 1309/1309/1196 1308/1308/1195
f 1868/1868/1674 1308/1308/1195 1526/1526/1374
f 1869/1869/1675 1870/1870/1676 1871/1871/1677
f 1869/1869/1675 1871/1871/1677 1872/1872/1678
f 1869/1869/1675 1872/1872/1678 1873/1873/1679
f 1869/1869/1675 1873/1873/1679 1874/1874/1680
f 1869/1869/1675 1874/1874/1680 1875/1875/1681
f 1869/1869/1675 1875/1875/1681 1876/1876/1682
f 1869/1869/1675 1876/1876/1682 1877/1877/1683
f 1869/1869/1675 1877/1877/1683 1870/1870/1676
f 1878/1878/1684 1879/1879/1685 1880/1880/1686
f 1878/1878/1684 1880/1880/1686 1881/1881/1687
f 1878/1878/1684 1881/1881/1687 1882/1882/1688
f 1878/1878/1684 1882/1882/1688 1883/1883/1689
f 1878/1878/1684 1883/1883/1689 1884/1884/1690
f 1878/1878/1684 1884/1884/1690 1885/1885/1691
f 1878/1878/1684 1885/1885/1691 1886/1886/1692
f 1878/1878/1684 1886/1886/1692 1879/1879/1685
f 1887/1887/1693 1874/1874/1680 1873/1873/1679
f 1887/1887/1693 1873/1873/1679 1888/1888/1694
f 1887/1887/1693 1888/1888/1694 1889/1889/1695
f 1887/1887/1693 1889/1889/1695 1890/1890/1696
f 1887/1887/1693 1890/1890/1696 1891/1891/1697
f 1887/1887/1693 1891/1891/1697 1892/1892/1698
f 1887/1887/1693 1892/1892/1698 1875/1875/1681
f 1887/1887/1693 1875/1875/1681 1874/1874/1680
f 1893/1893/1699 1894/1894/1700 1895/1895/1701
f 1893/1893/1699 1895/1895/1701 1896/1896/1702
f 1893/1893/1699 1896/1896/1702 1897/1897/1703
f 1893/1893/1699 1897/1897/1703 1898/1898/1704
f 1893/1893/1699 1898/1898/1704 1899/1899/1705
f 1893/1893/1699 1899/1899/1705 1900/1900/1706
f 1893/1893/1699 1900/1900/1706 1901/1901/1707
f 1893/1893/1699 1901/1901/1707 1894/1894/1700
f 1902/1902/1708 1903/1903/1709 1904/1904/1710
f 1902/1902/1708 1904/1904/1710 1905/1905/1711
f 1902/1902/1708 1905/1905/1711 1882/1882/1688
f 1902/1902/1708 1882/1882/1688 1881/1881/1687
f 1902/1902/1708 1881/1881/1687 1880/1880/1686
f 1902/1902/1708 1880/1880/1686 1906/1906/1712
f 1902/1902/1708 1906/1906/1712 1907/1907/1713
f 1902/1902/1708 1907/1907/1713 1903/1903/1709
f 1908/1908/1714 1909/1909/1715 1910/1910/550
f 1908/1908/1714 1910/1910/550 1911/1911/1716
f 1908/1908/1714 1911/1911/1716 1912/1912/556
f 1908/1908/1714 1912/1912/556 1913/1913/1717
f 1908/1908/1714 1913/1913/1717 1914/1914/1718
f 1908/1908/1714 1914/1914/1718 1915/1915/1719
f 1908/1908/1714 1915/1915/1719 1916/1916/1720
f 1908/1908/1714 1916/1916/1720 1909/1909/1715
f 1917/1917/1721 1918/1918/1722 629/629/559
f 1917/1917/1721 629/629/559 628/628/558
f 1917/1917/1721 628/628/558 634/634/564
f 1917/1917/1721 634/634/564 1919/1919/1723
f 1917/1917/1721 1919/1919/1723 1920/1920/1724
f 1917/1917/1721 1920/1920/1724 1921/1921/1725
f 1917/1917/1721 1921/1921/1725 1797/1797/1611
f 1917/1917/1721 1797/1797/1611 1918/1918/1722
f 1922/1922/1726 1923/1923/1727 1924/1924/1728
f 1922/1922/1726 1924/1924/1728 1925/1925/1729
f 1922/1922/1726 1925/1925/1729 1926/1926/1730
f 1922/1922/1726 1926/1926/1730 1927/1927/1731
f 1922/1922/1726 1927/1927/1731 1928/1928/1732
f 1922/1922/1726 1928/1928/1732 1929/1929/1733
f 1922/1922/1726 1929/1929/1733 1753/1753/1572
f 1922/1922/1726 1753/1753/1572 1923/1923/1727
f 1930/1930/1734 1931/1931/1735 1932/1932/1736
f 1930/1930/1734 1932/1932/1736 1933/1933/1737
f 1930/1930/1734 1933/1933/1737 653/653/581
f 1930/1930/1734 653/653/581 652/652/580
f 1934/1934/1734 1935/1935/580 1936/1936/579
f 1934/1934/1734 1936/1936/579 1937/1937/1738
f 1934/1934/1734 1937/1937/1738 1928/1928/1732
f 1934/1934/1734 1928/1928/1732 1938/1938/1735
f 1939/1939/1739 1940/1940/1740 1941/1941/1741
f 1939/1939/1739 1941/1941/1741 1942/1942/1742
f 1939/1939/1739 1942/1942/1742 1943/1943/1743
f 1939/1939/1739 1943/1943/1743 1944/1944/1744
f 1939/1939/1739 1944/1944/1744 1945/1945/1745
f 1939/1939/1739 1945/1945/1745 1946/1946/1746
f 1939/1939/1739 1946/1946/1746 1947/1947/1747
f 1939/1939/1739 1947/1947/1747 1940/1940/1740
f 1948/1948/1748 1949/1949/1749 1950/1950/1750
f 1948/1948/1748 1950/1950/1750 1951/1951/1751
f 1948/1948/1748 1951/1951/1751 1952/1952/1752
f 1948/1948/1748 1952/1952/1752 1953/1953/1753
f 1948/1948/1748 1953/1953/1753 1954/1954/1754
f 1948/1948/1748 1954/1954/1754 1955/1955/1755
f 1948/1948/1748 1955/1955/1755 1956/1956/1730
f 1948/1948/1748 1956/1956/1730 1949/1949/1749
f 1957/1957/1756 1958/1958/1757 1959/1959/1758
f 1957/1957/1756 1959/1959/1758 1960/1960/1759
f 1957/1957/1756 1960/1960/1759 1961/1961/1760
f 1957/1957/1756 1961/1961/1760 1962/1962/1761
f 1957/1957/1756 1962/1962/1761 1963/1963/1762
f 1957/1957/1756 1963/1963/1762 1964/1964/1763
f 1957/1957/1756 1964/1964/1763 1965/1965/1764
f 1957/1957/1756 1965/1965/1764 1958/1958/1757
f 1966/1966/1765 1967/1967/1766 1968/1968/1767
f 1966/1966/1765 1968/1968/1767 1969/1969/1768
f 1966/1966/1765 1969/1969/1768 1970/1970/1769
f 1966/1966/1765 1970/1970/1769 1971/1971/1770
f 1966/1966/1765 1971/1971/1770 1899/1899/1705
f 1966/1966/1765 1899/1899/1705 1898/1898/1704
f 1966/1966/1765 1898/1898/1704 1897/1897/1703
f 1966/1966/1765 1897/1897/1703 1967/1967/1766
f 1972/1972/1771 1937/1937/1738 1936/1936/579
f 1972/1972/1771 1936/1936/579 1973/1973/1772
f 1972/1972/1771 1973/1973/1772 1755/1755/1574
f 1972/1972/1771 1755/1755/1574 1754/1754/1573
f 1972/1972/1771 1754/1754/1573 1753/1753/1572
f 1972/1972/1771 1753/1753/1572 1929/1929/1733
f 1972/1972/1771 1929/1929/1733 1928/1928/1732
f 1972/1972/1771 1928/1928/1732 1937/1937/1738
f 1974/1974/1773 1975/1975/1774 1976/1976/1750
f 1974/1974/1773 1976/1976/1750 1977/1977/1775
f 1974/1974/1773 1977/1977/1775 1978/1978/1776
f 1974/1974/1773 1978/1978/1776 1979/1979/1777
f 1974/1974/1773 1979/1979/1777 1980/1980/1778
f 1974/1974/1773 1980/1980/1778 1981/1981/1779
f 1974/1974/1773 1981/1981/1779 1982/1982/1780
f 1974/1974/1773 1982/1982/1780 1975/1975/1774
f 1983/1983/1781 1927/1927/1731 1926/1926/1730
f 1983/1983/1781 1926/1926/1730 1984/1984/1782
f 1985/1985/1781 1986/1986/1782 1987/1987/1783
f 1985/1985/1781 1987/1987/1783 1988/1988/1784
f 1985/1985/1781 1988/1988/1784 1932/1932/1736
f 1985/1985/1781 1932/1932/1736 1931/1931/1735
f 1983/1983/1781 1938/1938/1735 1928/1928/1732
f 1983/1983/1781 1928/1928/1732 1927/1927/1731
f 1989/1989/1785 1990/1990/1786 1991/1991/631
f 1989/1989/1785 1991/1991/631 1992/1992/630
f 1989/1989/1785 1992/1992/630 1993/1993/1787
f 1989/1989/1785 1993/1993/1787 1994/1994/1788
f 1989/1989/1785 1994/1994/1788 1995/1995/1789
f 1989/1989/1785 1995/1995/1789 1996/1996/1790
f 1989/1989/1785 1996/1996/1790 1997/1997/1791
f 1989/1989/1785 1997/1997/1791 1990/1990/1786
f 1998/1998/1792 1999/1999/1793 1790/1790/1606
f 1998/1998/1792 1790/1790/1606 1789/1789/1605
f 1998/1998/1792 1789/1789/1605 1788/1788/1604
f 1998/1998/1792 1788/1788/1604 2000/2000/1794
f 1998/1998/1792 2000/2000/1794 1904/1904/1710
f 1998/1998/1792 1904/1904/1710 1903/1903/1709
f 1998/1998/1792 1903/1903/1709 1907/1907/1713
f 1998/1998/1792 1907/1907/1713 1999/1999/1793
f 2001/2001/1795 2002/2002/1796 2003/2003/1797
f 2001/2001/1795 2003/2003/1797 2004/2004/1798
f 2001/2001/1795 2004/2004/1798 1963/1963/1762
f 2001/2001/1795 1963/1963/1762 2005/2005/1799
f 2001/2001/1795 2005/2005/1799 1943/1943/1743
f 2001/2001/1795 1943/1943/1743 1942/1942/1742
f 2001/2001/1795 1942/1942/1742 1941/1941/1741
f 2001/2001/1795 1941/1941/1741 2002/2002/1796
f 2006/2006/1800 2007/2007/1801 2008/2008/1802
f 2006/2006/1800 2008/2008/1802 2009/2009/647
f 2006/2006/1800 2009/2009/647 1910/1910/550
f 2006/2006/1800 1910/1910/550 1909/1909/1715
f 2006/2006/1800 1909/1909/1715 1916/1916/1720
f 2006/2006/1800 1916/1916/1720 2010/2010/1803
f 2006/2006/1800 2010/2010/1803 2011/2011/1804
f 2006/2006/1800 2011/2011/1804 2007/2007/1801
f 2012/2012/1805 2013/2013/1806 1961/1961/1760
f 2012/2012/1805 1961/1961/1760 2014/2014/1807
f 2012/2012/1805 2014/2014/1807 2015/2015/1808
f 2012/2012/1805 2015/2015/1808 2016/2016/1809
f 2012/2012/1805 2016/2016/1809 1873/1873/1679
f 2012/2012/1805 1873/1873/1679 1872/1872/1678
f 2012/2012/1805 1872/1872/1678 1871/1871/1677
f 2012/2012/1805 1871/1871/1677 2013/2013/1806
f 2017/2017/1810 1787/1787/1603 1786/1786/1602
f 2017/2017/1810 1786/1786/1602 2018/2018/1811
f 2017/2017/1810 2018/2018/1811 2019/2019/1812
f 2017/2017/1810 2019/2019/1812 2020/2020/1813
f 2017/2017/1810 2020/2020/1813 1947/1947/1747
f 2017/2017/1810 1947/1947/1747 2021/2021/1814
f 2017/2017/1810 2021/2021/1814 1788/1788/1604
f 2017/2017/1810 1788/1788/1604 1787/1787/1603
f 2022/2022/1815 2023/2023/1816 1963/1963/1762
f 2022/2022/1815 1963/1963/1762 1962/1962/1761
f 2022/2022/1815 1962/1962/1761 1961/1961/1760
f 2022/2022/1815 1961/1961/1760 2013/2013/1806
f 2022/2022/1815 2013/2013/1806 1871/1871/1677
f 2022/2022/1815 1871/1871/1677 2024/2024/1817
f 2022/2022/1815 2024/2024/1817 2025/2025/1818
f 2022/2022/1815 2025/2025/1818 2023/2023/1816
f 2026/2026/1819 2027/2027/1820 1897/1897/1703
f 2026/2026/1819 1897/1897/1703 2028/2028/1821
f 2026/2026/1819 2028/2028/1821 2029/2029/1822
f 2026/2026/1819 2029/2029/1822 2030/2030/1823
f 2026/2026/1819 2030/2030/1823 2031/2031/1824
f 2026/2026/1819 2031/2031/1824 2032/2032/1825
f 2026/2026/1819 2032/2032/1825 2003/2003/1797
f 2026/2026/1819 2003/2003/1797 2027/2027/1820
f 2033/2033/1826 2034/2034/1827 2035/2035/1622
f 2033/2033/1826 2035/2035/1622 2036/2036/1828
f 2033/2033/1826 2036/2036/1828 2037/2037/1829
f 2033/2033/1826 2037/2037/1829 2038/2038/1830
f 2033/2033/1826 2038/2038/1830 2039/2039/1831
f 2033/2033/1826 2039/2039/1831 2040/2040/1832
f 2033/2033/1826 2040/2040/1832 2041/2041/1780
f 2033/2033/1826 2041/2041/1780 2034/2034/1827
f 2042/2042/1833 2043/2043/1834 1895/1895/1701
f 2042/2042/1833 1895/1895/1701 2044/2044/1835
f 2042/2042/1833 2044/2044/1835 1767/1767/1586
f 2042/2042/1833 1767/1767/1586 2045/2045/1836
f 2042/2042/1833 2045/2045/1836 2046/2046/1837
f 2042/2042/1833 2046/2046/1837 2047/2047/1838
f 2042/2042/1833 2047/2047/1838 2048/2048/1839
f 2042/2042/1833 2048/2048/1839 2043/2043/1834
f 2049/2049/1840 2050/2050/1841 1978/1978/1776
f 2049/2049/1840 1978/1978/1776 1977/1977/1775
f 2049/2049/1840 1977/1977/1775 1976/1976/1750
f 2049/2049/1840 1976/1976/1750 2051/2051/1749
f 2049/2049/1840 2051/2051/1749 1926/1926/1730
f 2049/2049/1840 1926/1926/1730 1925/1925/1729
f 2049/2049/1840 1925/1925/1729 1924/1924/1728
f 2049/2049/1840 1924/1924/1728 2050/2050/1841
f 2052/2052/1842 2053/2053/1843 1767/1767/1586
f 2052/2052/1842 1767/1767/1586 2044/2044/1835
f 2052/2052/1842 2044/2044/1835 1895/1895/1701
f 2052/2052/1842 1895/1895/1701 1894/1894/1700
f 2052/2052/1842 1894/1894/1700 1901/1901/1707
f 2052/2052/1842 1901/1901/1707 2054/2054/1844
f 2052/2052/1842 2054/2054/1844 2055/2055/1845
f 2052/2052/1842 2055/2055/1845 2053/2053/1843
f 2056/2056/1846 2057/2057/1847 2058/2058/696
f 2056/2056/1846 2058/2058/696 2059/2059/695
f 2056/2056/1846 2059/2059/695 2060/2060/1848
f 2056/2056/1846 2060/2060/1848 2061/2061/1849
f 2056/2056/1846 2061/2061/1849 2062/2062/1850
f 2056/2056/1846 2062/2062/1850 2063/2063/1851
f 2056/2056/1846 2063/2063/1851 1875/1875/1681
f 2056/2056/1846 1875/1875/1681 2057/2057/1847
f 2064/2064/1852 2065/2065/1853 2025/2025/1818
f 2064/2064/1852 2025/2025/1818 2024/2024/1817
f 2064/2064/1852 2024/2024/1817 1871/1871/1677
f 2064/2064/1852 1871/1871/1677 1870/1870/1676
f 2064/2064/1852 1870/1870/1676 1877/1877/1683
f 2064/2064/1852 1877/1877/1683 2066/2066/1854
f 2064/2064/1852 2066/2066/1854 1884/1884/1690
f 2064/2064/1852 1884/1884/1690 2065/2065/1853
f 2067/2067/1855 2068/2068/1856 2069/2069/1857
f 2067/2067/1855 2069/2069/1857 2070/2070/1858
f 2067/2067/1855 2070/2070/1858 1806/1806/1619
f 2067/2067/1855 1806/1806/1619 1805/1805/1618
f 2067/2067/1855 1805/1805/1618 1799/1799/1613
f 2067/2067/1855 1799/1799/1613 2071/2071/1859
f 2067/2067/1855 2071/2071/1859 2072/2072/1860
f 2067/2067/1855 2072/2072/1860 2068/2068/1856
f 2073/2073/1861 1802/1802/1616 1809/1809/1622
f 2073/2073/1861 1809/1809/1622 2074/2074/1862
f 2073/2073/1861 2074/2074/1862 1786/1786/1602
f 2073/2073/1861 1786/1786/1602 1785/1785/1601
f 2073/2073/1861 1785/1785/1601 1439/1439/1312
f 2073/2073/1861 1439/1439/1312 1438/1438/1311
f 2073/2073/1861 1438/1438/1311 1446/1446/1250
f 2073/2073/1861 1446/1446/1250 1802/1802/1616
f 2075/2075/1863 2076/2076/1782 1956/1956/1730
f 2075/2075/1863 1956/1956/1730 1955/1955/1755
f 2075/2075/1863 1955/1955/1755 1954/1954/1754
f 2075/2075/1863 1954/1954/1754 2077/2077/1864
f 2078/2078/1863 2079/2079/1865 2080/2080/1866
f 2078/2078/1863 2080/2080/1866 2081/2081/1867
f 2078/2078/1863 2081/2081/1867 1987/1987/1783
f 2078/2078/1863 1987/1987/1783 1986/1986/1782
f 2082/2082/1868 2083/2083/1869 1932/1932/1736
f 2082/2082/1868 1932/1932/1736 1988/1988/1784
f 2082/2082/1868 1988/1988/1784 1987/1987/1783
f 2082/2082/1868 1987/1987/1783 2084/2084/1870
f 2082/2082/1868 2084/2084/1870 2085/2085/1871
f 2082/2082/1868 2085/2085/1871 2086/2086/1872
f 2082/2082/1868 2086/2086/1872 1920/1920/1724
f 2082/2082/1868 1920/1920/1724 2083/2083/1869
f 2087/2087/1873 1798/1798/1612 1797/1797/1611
f 2087/2087/1873 1797/1797/1611 1921/1921/1725
f 2087/2087/1873 1921/1921/1725 1920/1920/1724
f 2087/2087/1873 1920/1920/1724 2086/2086/1872
f 2087/2087/1873 2086/2086/1872 2085/2085/1871
f 2087/2087/1873 2085/2085/1871 2088/2088/1874
f 2087/2087/1873 2088/2088/1874 1799/1799/1613
f 2087/2087/1873 1799/1799/1613 1798/1798/1612
f 2089/2089/1875 2090/2090/1876 1773/1773/1592
f 2089/2089/1875 1773/1773/1592 2091/2091/1877
f 2089/2089/1875 2091/2091/1877 2015/2015/1808
f 2089/2089/1875 2015/2015/1808 2092/2092/1878
f 2089/2089/1875 2092/2092/1878 2093/2093/1879
f 2089/2089/1875 2093/2093/1879 2094/2094/1880
f 2089/2089/1875 2094/2094/1880 2095/2095/1881
f 2089/2089/1875 2095/2095/1881 2090/2090/1876
f 2096/2096/1882 2097/2097/1883 2098/2098/1884
f 2096/2096/1882 2098/2098/1884 2099/2099/1885
f 2096/2096/1882 2099/2099/1885 2100/2100/1886
f 2096/2096/1882 2100/2100/1886 2101/2101/1887
f 2096/2096/1882 2101/2101/1887 1762/1762/1581
f 2096/2096/1882 1762/1762/1581 2102/2102/1888
f 2096/2096/1882 2102/2102/1888 2103/2103/1889
f 2096/2096/1882 2103/2103/1889 2097/2097/1883
f 2104/2104/1890 2105/2105/1891 2106/2106/1892
f 2104/2104/1890 2106/2106/1892 2107/2107/1893
f 2104/2104/1890 2107/2107/1893 2108/2108/1894
f 2104/2104/1890 2108/2108/1894 2109/2109/1895
f 2104/2104/1890 2109/2109/1895 2110/2110/1896
f 2104/2104/1890 2110/2110/1896 2111/2111/1897
f 2104/2104/1890 2111/2111/1897 1758/1758/1577
f 2104/2104/1890 1758/1758/1577 2105/2105/1891
f 2112/2112/1898 2113/2113/1899 2114/2114/1900
f 2112/2112/1898 2114/2114/1900 2115/2115/1901
f 2112/2112/1898 2115/2115/1901 2116/2116/1902
f 2112/2112/1898 2116/2116/1902 2117/2117/1903
f 2112/2112/1898 2117/2117/1903 2100/2100/1886
f 2112/2112/1898 2100/2100/1886 2099/2099/1885
f 2112/2112/1898 2099/2099/1885 2098/2098/1884
f 2112/2112/1898 2098/2098/1884 2113/2113/1899
f 2118/2118/1904 1896/1896/1702 1895/1895/1701
f 2118/2118/1904 1895/1895/1701 2043/2043/1834
f 2118/2118/1904 2043/2043/1834 2048/2048/1839
f 2118/2118/1904 2048/2048/1839 2119/2119/1905
f 2118/2118/1904 2119/2119/1905 2029/2029/1822
f 2118/2118/1904 2029/2029/1822 2028/2028/1821
f 2118/2118/1904 2028/2028/1821 1897/1897/1703
f 2118/2118/1904 1897/1897/1703 1896/1896/1702
f 2120/2120/1906 2092/2092/1878 2015/2015/1808
f 2120/2120/1906 2015/2015/1808 2014/2014/1807
f 2120/2120/1906 2014/2014/1807 1961/1961/1760
f 2120/2120/1906 1961/1961/1760 1960/1960/1759
f 2120/2120/1906 1960/1960/1759 1959/1959/1758
f 2120/2120/1906 1959/1959/1758 2121/2121/1907
f 2120/2120/1906 2121/2121/1907 2093/2093/1879
f 2120/2120/1906 2093/2093/1879 2092/2092/1878
f 2122/2122/1908 1964/1964/1763 1963/1963/1762
f 2122/2122/1908 1963/1963/1762 2004/2004/1798
f 2122/2122/1908 2004/2004/1798 2003/2003/1797
f 2122/2122/1908 2003/2003/1797 2032/2032/1825
f 2122/2122/1908 2032/2032/1825 2031/2031/1824
f 2122/2122/1908 2031/2031/1824 2123/2123/1909
f 2122/2122/1908 2123/2123/1909 1965/1965/1764
f 2122/2122/1908 1965/1965/1764 1964/1964/1763
f 2124/2124/1910 2045/2045/1836 1767/1767/1586
f 2124/2124/1910 1767/1767/1586 1766/1766/1585
f 2124/2124/1910 1766/1766/1585 1773/1773/1592
f 2124/2124/1910 1773/1773/1592 2090/2090/1876
f 2124/2124/1910 2090/2090/1876 2095/2095/1881
f 2124/2124/1910 2095/2095/1881 2125/2125/1911
f 2124/2124/1910 2125/2125/1911 2046/2046/1837
f 2124/2124/1910 2046/2046/1837 2045/2045/1836
f 2126/2126/1912 2077/2077/1864 1954/1954/1754
f 2126/2126/1912 1954/1954/1754 2127/2127/1913
f 2126/2126/1912 2127/2127/1913 2128/2128/1914
f 2126/2126/1912 2128/2128/1914 2129/2129/1915
f 2130/2130/1912 2131/2131/1916 2132/2132/1917
f 2130/2130/1912 2132/2132/1917 2133/2133/1918
f 2130/2130/1912 2133/2133/1918 2080/2080/1866
f 2130/2130/1912 2080/2080/1866 2079/2079/1865
f 2134/2134/1919 1919/1919/1723 634/634/564
f 2134/2134/1919 634/634/564 850/850/771
f 2134/2134/1919 850/850/771 653/653/581
f 2134/2134/1919 653/653/581 1933/1933/1737
f 2134/2134/1919 1933/1933/1737 1932/1932/1736
f 2134/2134/1919 1932/1932/1736 2083/2083/1869
f 2134/2134/1919 2083/2083/1869 1920/1920/1724
f 2134/2134/1919 1920/1920/1724 1919/1919/1723
f 2135/2135/1920 2136/2136/1921 2137/2137/1922
f 2135/2135/1920 2137/2137/1922 2138/2138/1923
f 2135/2135/1920 2138/2138/1923 2139/2139/1924
f 2135/2135/1920 2139/2139/1924 2140/2140/1925
f 2135/2135/1920 2140/2140/1925 2141/2141/1926
f 2135/2135/1920 2141/2141/1926 2142/2142/1927
f 2135/2135/1920 2142/2142/1927 2143/2143/1928
f 2135/2135/1920 2143/2143/1928 2136/2136/1921
f 2144/2144/1929 1807/1807/1620 1806/1806/1619
f 2144/2144/1929 1806/1806/1619 2145/2145/1930
f 2144/2144/1929 2145/2145/1930 2146/2146/1931
f 2144/2144/1929 2146/2146/1931 2147/2147/1932
f 2148/2148/1933 2149/2149/1932 2037/2037/1829
f 2148/2148/1933 2037/2037/1829 2036/2036/1828
f 2148/2148/1933 2036/2036/1828 2035/2035/1622
f 2148/2148/1933 2035/2035/1622 2150/2150/1934
f 2151/2151/1935 1794/1794/1610 1509/1509/1364
f 2151/2151/1935 1509/1509/1364 1508/1508/1363
f 2151/2151/1935 1508/1508/1363 214/214/188
f 2151/2151/1935 214/214/188 870/870/787
f 2152/2152/1936 869/869/787 629/629/559
f 2152/2152/1936 629/629/559 1918/1918/1722
f 2152/2152/1936 1918/1918/1722 1797/1797/1611
f 2152/2152/1936 1797/1797/1611 1796/1796/1610
f 2153/2153/1937 1510/1510/1365 1509/1509/1364
f 2153/2153/1937 1509/1509/1364 1793/1793/1609
f 2153/2153/1937 1793/1793/1609 1367/1367/1250
f 2153/2153/1937 1367/1367/1250 1366/1366/1249
f 2153/2153/1937 1366/1366/1249 1373/1373/1253
f 2153/2153/1937 1373/1373/1253 1510/1510/1365
f 2154/2154/1938 2071/2071/1859 1799/1799/1613
f 2154/2154/1938 1799/1799/1613 2088/2088/1874
f 2154/2154/1938 2088/2088/1874 2085/2085/1871
f 2154/2154/1938 2085/2085/1871 2084/2084/1870
f 2154/2154/1938 2084/2084/1870 1987/1987/1783
f 2154/2154/1938 1987/1987/1783 2155/2155/1939
f 2154/2154/1938 2155/2155/1939 2072/2072/1860
f 2154/2154/1938 2072/2072/1860 2071/2071/1859
f 2156/2156/1940 2157/2157/1941 2143/2143/1928
f 2156/2156/1940 2143/2143/1928 2142/2142/1927
f 2156/2156/1940 2142/2142/1927 2141/2141/1926
f 2156/2156/1940 2141/2141/1926 2158/2158/1942
f 2156/2156/1940 2158/2158/1942 2159/2159/1943
f 2156/2156/1940 2159/2159/1943 2160/2160/1944
f 2156/2156/1940 2160/2160/1944 2146/2146/1931
f 2156/2156/1940 2146/2146/1931 2157/2157/1941
f 2161/2161/1945 2070/2070/1858 2069/2069/1857
f 2161/2161/1945 2069/2069/1857 2162/2162/1946
f 2161/2161/1945 2162/2162/1946 2143/2143/1928
f 2161/2161/1945 2143/2143/1928 2157/2157/1941
f 2161/2161/1945 2157/2157/1941 2146/2146/1931
f 2161/2161/1945 2146/2146/1931 2145/2145/1930
f 2161/2161/1945 2145/2145/1930 1806/1806/1619
f 2161/2161/1945 1806/1806/1619 2070/2070/1858
f 2163/2163/1947 2155/2155/1939 1987/1987/1783
f 2163/2163/1947 1987/1987/1783 2081/2081/1867
f 2163/2163/1947 2081/2081/1867 2080/2080/1866
f 2163/2163/1947 2080/2080/1866 2164/2164/1948
f 2163/2163/1947 2164/2164/1948 2137/2137/1922
f 2163/2163/1947 2137/2137/1922 2165/2165/1949
f 2163/2163/1947 2165/2165/1949 2072/2072/1860
f 2163/2163/1947 2072/2072/1860 2155/2155/1939
f 2166/2166/1950 2068/2068/1856 2072/2072/1860
f 2166/2166/1950 2072/2072/1860 2165/2165/1949
f 2166/2166/1950 2165/2165/1949 2137/2137/1922
f 2166/2166/1950 2137/2137/1922 2136/2136/1921
f 2166/2166/1950 2136/2136/1921 2143/2143/1928
f 2166/2166/1950 2143/2143/1928 2162/2162/1946
f 2166/2166/1950 2162/2162/1946 2069/2069/1857
f 2166/2166/1950 2069/2069/1857 2068/2068/1856
f 2167/2167/1951 2168/2168/1952 2041/2041/1780
f 2167/2167/1951 2041/2041/1780 2040/2040/1832
f 2167/2167/1951 2040/2040/1832 2039/2039/1831
f 2167/2167/1951 2039/2039/1831 2169/2169/1953
f 2167/2167/1951 2169/2169/1953 1952/1952/1752
f 2167/2167/1951 1952/1952/1752 1951/1951/1751
f 2167/2167/1951 1951/1951/1751 1950/1950/1750
f 2167/2167/1951 1950/1950/1750 2168/2168/1952
f 2170/2170/1954 2171/2171/1955 2132/2132/1917
f 2170/2170/1954 2132/2132/1917 2172/2172/1956
f 2170/2170/1954 2172/2172/1956 2173/2173/1957
f 2170/2170/1954 2173/2173/1957 2174/2174/1958
f 2170/2170/1954 2174/2174/1958 2175/2175/1959
f 2170/2170/1954 2175/2175/1959 2176/2176/1960
f 2170/2170/1954 2176/2176/1960 2139/2139/1924
f 2170/2170/1954 2139/2139/1924 2171/2171/1955
f 2177/2177/1961 2158/2158/1942 2141/2141/1926
f 2177/2177/1961 2141/2141/1926 2178/2178/1962
f 2177/2177/1961 2178/2178/1962 2179/2179/1963
f 2177/2177/1961 2179/2179/1963 2180/2180/1964
f 2177/2177/1961 2180/2180/1964 2181/2181/1965
f 2177/2177/1961 2181/2181/1965 2182/2182/1966
f 2177/2177/1961 2182/2182/1966 2159/2159/1943
f 2177/2177/1961 2159/2159/1943 2158/2158/1942
f 2183/2183/1967 2184/2184/1968 2159/2159/1943
f 2183/2183/1967 2159/2159/1943 2182/2182/1966
f 2183/2183/1967 2182/2182/1966 2181/2181/1965
f 2183/2183/1967 2181/2181/1965 2185/2185/1969
f 2186/2186/1970 2187/2187/1971 2188/2188/1972
f 2186/2186/1970 2188/2188/1972 2189/2189/1973
f 2186/2186/1970 2189/2189/1973 2190/2190/1974
f 2186/2186/1970 2190/2190/1974 2191/2191/1975
f 2192/2192/1976 2164/2164/1948 2080/2080/1866
f 2192/2192/1976 2080/2080/1866 2133/2133/1918
f 2192/2192/1976 2133/2133/1918 2132/2132/1917
f 2192/2192/1976 2132/2132/1917 2171/2171/1955
f 2192/2192/1976 2171/2171/1955 2139/2139/1924
f 2192/2192/1976 2139/2139/1924 2138/2138/1923
f 2192/2192/1976 2138/2138/1923 2137/2137/1922
f 2192/2192/1976 2137/2137/1922 2164/2164/1948
f 2193/2193/1977 1953/1953/1753 1952/1952/1752
f 2193/2193/1977 1952/1952/1752 2194/2194/1978
f 2193/2193/1977 2194/2194/1978 2195/2195/1979
f 2193/2193/1977 2195/2195/1979 2196/2196/1980
f 2193/2193/1977 2196/2196/1980 2128/2128/1914
f 2193/2193/1977 2128/2128/1914 2127/2127/1913
f 2193/2193/1977 2127/2127/1913 1954/1954/1754
f 2193/2193/1977 1954/1954/1754 1953/1953/1753
f 2197/2197/1981 2038/2038/1830 2037/2037/1829
f 2197/2197/1981 2037/2037/1829 2198/2198/1982
f 2197/2197/1981 2198/2198/1982 2190/2190/1974
f 2197/2197/1981 2190/2190/1974 2199/2199/1983
f 2197/2197/1981 2199/2199/1983 2200/2200/1984
f 2197/2197/1981 2200/2200/1984 2201/2201/1985
f 2197/2197/1981 2201/2201/1985 2039/2039/1831
f 2197/2197/1981 2039/2039/1831 2038/2038/1830
f 2202/2202/1986 2147/2147/1932 2146/2146/1931
f 2202/2202/1986 2146/2146/1931 2160/2160/1944
f 2202/2202/1986 2160/2160/1944 2159/2159/1943
f 2202/2202/1986 2159/2159/1943 2184/2184/1968
f 2203/2203/1987 2191/2191/1975 2190/2190/1974
f 2203/2203/1987 2190/2190/1974 2198/2198/1982
f 2203/2203/1987 2198/2198/1982 2037/2037/1829
f 2203/2203/1987 2037/2037/1829 2149/2149/1932
f 2204/2204/1988 2169/2169/1953 2039/2039/1831
f 2204/2204/1988 2039/2039/1831 2201/2201/1985
f 2204/2204/1988 2201/2201/1985 2200/2200/1984
f 2204/2204/1988 2200/2200/1984 2205/2205/1989
f 2204/2204/1988 2205/2205/1989 2195/2195/1979
f 2204/2204/1988 2195/2195/1979 2194/2194/1978
f 2204/2204/1988 2194/2194/1978 1952/1952/1752
f 2204/2204/1988 1952/1952/1752 2169/2169/1953
f 2206/2206/1990 2180/2180/1964 2179/2179/1963
f 2206/2206/1990 2179/2179/1963 2207/2207/1991
f 2206/2206/1990 2207/2207/1991 2208/2208/1992
f 2206/2206/1990 2208/2208/1992 2209/2209/1993
f 2206/2206/1990 2209/2209/1993 2210/2210/1994
f 2206/2206/1990 2210/2210/1994 2211/2211/1995
f 2206/2206/1990 2211/2211/1995 2181/2181/1965
f 2206/2206/1990 2181/2181/1965 2180/2180/1964
f 2212/2212/1996 2185/2185/1969 2181/2181/1965
f 2212/2212/1996 2181/2181/1965 2211/2211/1995
f 2212/2212/1996 2211/2211/1995 2210/2210/1994
f 2212/2212/1996 2210/2210/1994 2213/2213/1997
f 2214/2214/1996 2215/2215/1998 2216/2216/1999
f 2214/2214/1996 2216/2216/1999 2217/2217/2000
f 2214/2214/1996 2217/2217/2000 2188/2188/1972
f 2214/2214/1996 2188/2188/1972 2187/2187/1971
f 2218/2218/2001 2219/2219/2002 2188/2188/1972
f 2218/2218/2001 2188/2188/1972 2217/2217/2000
f 2218/2218/2001 2217/2217/2000 2216/2216/1999
f 2218/2218/2001 2216/2216/1999 2220/2220/2003
f 2218/2218/2001 2220/2220/2003 2221/2221/2004
f 2218/2218/2001 2221/2221/2004 2222/2222/2005
f 2218/2218/2001 2222/2222/2005 2223/2223/2006
f 2218/2218/2001 2223/2223/2006 2219/2219/2002
f 2224/2224/2007 2140/2140/1925 2139/2139/1924
f 2224/2224/2007 2139/2139/1924 2176/2176/1960
f 2224/2224/2007 2176/2176/1960 2175/2175/1959
f 2224/2224/2007 2175/2175/1959 2225/2225/2008
f 2224/2224/2007 2225/2225/2008 2179/2179/1963
f 2224/2224/2007 2179/2179/1963 2178/2178/1962
f 2224/2224/2007 2178/2178/1962 2141/2141/1926
f 2224/2224/2007 2141/2141/1926 2140/2140/1925
f 2226/2226/2009 2129/2129/1915 2128/2128/1914
f 2226/2226/2009 2128/2128/1914 2227/2227/2010
f 2226/2226/2009 2227/2227/2010 2228/2228/2011
f 2226/2226/2009 2228/2228/2011 2229/2229/2012
f 2230/2230/2009 2231/2231/2012 2173/2173/1957
f 2230/2230/2009 2173/2173/1957 2172/2172/1956
f 2230/2230/2009 2172/2172/1956 2132/2132/1917
f 2230/2230/2009 2132/2132/1917 2131/2131/1916
f 2232/2232/2013 2196/2196/1980 2195/2195/1979
f 2232/2232/2013 2195/2195/1979 2233/2233/2014
f 2232/2232/2013 2233/2233/2014 2234/2234/2015
f 2232/2232/2013 2234/2234/2015 2235/2235/2016
f 2232/2232/2013 2235/2235/2016 2228/2228/2011
f 2232/2232/2013 2228/2228/2011 2227/2227/2010
f 2232/2232/2013 2227/2227/2010 2128/2128/1914
f 2232/2232/2013 2128/2128/1914 2196/2196/1980
f 2236/2236/2017 2205/2205/1989 2200/2200/1984
f 2236/2236/2017 2200/2200/1984 2237/2237/2018
f 2236/2236/2017 2237/2237/2018 2223/2223/2006
f 2236/2236/2017 2223/2223/2006 2238/2238/2019
f 2236/2236/2017 2238/2238/2019 2234/2234/2015
f 2236/2236/2017 2234/2234/2015 2233/2233/2014
f 2236/2236/2017 2233/2233/2014 2195/2195/1979
f 2236/2236/2017 2195/2195/1979 2205/2205/1989
f 2239/2239/2020 2199/2199/1983 2190/2190/1974
f 2239/2239/2020 2190/2190/1974 2189/2189/1973
f 2239/2239/2020 2189/2189/1973 2188/2188/1972
f 2239/2239/2020 2188/2188/1972 2219/2219/2002
f 2239/2239/2020 2219/2219/2002 2223/2223/2006
f 2239/2239/2020 2223/2223/2006 2237/2237/2018
f 2239/2239/2020 2237/2237/2018 2200/2200/1984
f 2239/2239/2020 2200/2200/1984 2199/2199/1983
f 2240/2240/2021 2241/2241/2022 2221/2221/2004
f 2240/2240/2021 2221/2221/2004 2220/2220/2003
f 2240/2240/2021 2220/2220/2003 2216/2216/1999
f 2240/2240/2021 2216/2216/1999 2215/2215/1998
f 2242/2242/2021 2213/2213/1997 2210/2210/1994
f 2242/2242/2021 2210/2210/1994 2209/2209/1993
f 2242/2242/2021 2209/2209/1993 2208/2208/1992
f 2242/2242/2021 2208/2208/1992 2243/2243/2022
f 2244/2244/2023 2245/2245/2024 2246/2246/2025
f 2244/2244/2023 2246/2246/2025 2247/2247/2026
f 2248/2248/2027 2249/2249/2026 2250/2250/2028
f 2248/2248/2027 2250/2250/2028 2251/2251/2029
f 2248/2248/2027 2251/2251/2029 2221/2221/2004
f 2248/2248/2027 2221/2221/2004 2241/2241/2022
f 2244/2244/2023 2243/2243/2022 2208/2208/1992
f 2244/2244/2023 2208/2208/1992 2245/2245/2024
f 2252/2252/2030 2253/2253/2031 2250/2250/2028
f 2252/2252/2030 2250/2250/2028 2249/2249/2026
f 2254/2254/2030 2247/2247/2026 2246/2246/2025
f 2254/2254/2030 2246/2246/2025 2255/2255/2032
f 2254/2254/2030 2255/2255/2032 2256/2256/2033
f 2254/2254/2030 2256/2256/2033 2257/2257/2034
f 2252/2252/2030 2258/2258/2035 2259/2259/2036
f 2252/2252/2030 2259/2259/2036 2253/2253/2031
f 2260/2260/2037 2174/2174/1958 2173/2173/1957
f 2260/2260/2037 2173/2173/1957 2261/2261/2038
f 2260/2260/2037 2261/2261/2038 2256/2256/2033
f 2260/2260/2037 2256/2256/2033 2255/2255/2032
f 2260/2260/2037 2255/2255/2032 2246/2246/2025
f 2260/2260/2037 2246/2246/2025 2262/2262/2039
f 2260/2260/2037 2262/2262/2039 2175/2175/1959
f 2260/2260/2037 2175/2175/1959 2174/2174/1958
f 2263/2263/2040 2225/2225/2008 2175/2175/1959
f 2263/2263/2040 2175/2175/1959 2262/2262/2039
f 2263/2263/2040 2262/2262/2039 2246/2246/2025
f 2263/2263/2040 2246/2246/2025 2245/2245/2024
f 2263/2263/2040 2245/2245/2024 2208/2208/1992
f 2263/2263/2040 2208/2208/1992 2207/2207/1991
f 2263/2263/2040 2207/2207/1991 2179/2179/1963
f 2263/2263/2040 2179/2179/1963 2225/2225/2008
f 2264/2264/2041 2229/2229/2012 2228/2228/2011
f 2264/2264/2041 2228/2228/2011 2265/2265/2042
f 2264/2264/2041 2265/2265/2042 2259/2259/2036
f 2264/2264/2041 2259/2259/2036 2258/2258/2035
f 2266/2266/2041 2257/2257/2034 2256/2256/2033
f 2266/2266/2041 2256/2256/2033 2261/2261/2038
f 2266/2266/2041 2261/2261/2038 2173/2173/1957
f 2266/2266/2041 2173/2173/1957 2231/2231/2012
f 2267/2267/2043 2235/2235/2016 2234/2234/2015
f 2267/2267/2043 2234/2234/2015 2268/2268/2044
f 2267/2267/2043 2268/2268/2044 2250/2250/2028
f 2267/2267/2043 2250/2250/2028 2253/2253/2031
f 2267/2267/2043 2253/2253/2031 2259/2259/2036
f 2267/2267/2043 2259/2259/2036 2265/2265/2042
f 2267/2267/2043 2265/2265/2042 2228/2228/2011
f 2267/2267/2043 2228/2228/2011 2235/2235/2016
f 2269/2269/2045 2238/2238/2019 2223/2223/2006
f 2269/2269/2045 2223/2223/2006 2222/2222/2005
f 2269/2269/2045 2222/2222/2005 2221/2221/2004
f 2269/2269/2045 2221/2221/2004 2251/2251/2029
f 2269/2269/2045 2251/2251/2029 2250/2250/2028
f 2269/2269/2045 2250/2250/2028 2268/2268/2044
f 2269/2269/2045 2268/2268/2044 2234/2234/2015
f 2269/2269/2045 2234/2234/2015 2238/2238/2019
f 2270/2270/2046 2271/2271/2047 2114/2114/1900
f 2270/2270/2046 2114/2114/1900 2272/2272/2048
f 2270/2270/2046 2272/2272/2048 2048/2048/1839
f 2270/2270/2046 2048/2048/1839 2047/2047/1838
f 2270/2270/2046 2047/2047/1838 2046/2046/1837
f 2270/2270/2046 2046/2046/1837 2273/2273/2049
f 2270/2270/2046 2273/2273/2049 2274/2274/2050
f 2270/2270/2046 2274/2274/2050 2271/2271/2047
f 2275/2275/2051 2097/2097/1883 2103/2103/1889
f 2275/2275/2051 2103/2103/1889 2276/2276/2052
f 2275/2275/2051 2276/2276/2052 2031/2031/1824
f 2275/2275/2051 2031/2031/1824 2030/2030/1823
f 2275/2275/2051 2030/2030/1823 2029/2029/1822
f 2275/2275/2051 2029/2029/1822 2277/2277/2053
f 2275/2275/2051 2277/2277/2053 2098/2098/1884
f 2275/2275/2051 2098/2098/1884 2097/2097/1883
f 2278/2278/2054 2279/2279/2055 2110/2110/1896
f 2278/2278/2054 2110/2110/1896 2280/2280/2056
f 2278/2278/2054 2280/2280/2056 1959/1959/1758
f 2278/2278/2054 1959/1959/1758 1958/1958/1757
f 2278/2278/2054 1958/1958/1757 1965/1965/1764
f 2278/2278/2054 1965/1965/1764 2281/2281/2057
f 2278/2278/2054 2281/2281/2057 2282/2282/2058
f 2278/2278/2054 2282/2282/2058 2279/2279/2055
f 2283/2283/2059 2284/2284/2060 2285/2285/2061
f 2283/2283/2059 2285/2285/2061 2286/2286/2062
f 2283/2283/2059 2286/2286/2062 2095/2095/1881
f 2283/2283/2059 2095/2095/1881 2094/2094/1880
f 2283/2283/2059 2094/2094/1880 2093/2093/1879
f 2283/2283/2059 2093/2093/1879 2287/2287/2063
f 2283/2283/2059 2287/2287/2063 2108/2108/1894
f 2283/2283/2059 2108/2108/1894 2284/2284/2060
f 2288/2288/2064 2289/2289/2065 2274/2274/2050
f 2288/2288/2064 2274/2274/2050 2273/2273/2049
f 2288/2288/2064 2273/2273/2049 2046/2046/1837
f 2288/2288/2064 2046/2046/1837 2125/2125/1911
f 2288/2288/2064 2125/2125/1911 2095/2095/1881
f 2288/2288/2064 2095/2095/1881 2286/2286/2062
f 2288/2288/2064 2286/2286/2062 2285/2285/2061
f 2288/2288/2064 2285/2285/2061 2289/2289/2065
f 2290/2290/2066 2113/2113/1899 2098/2098/1884
f 2290/2290/2066 2098/2098/1884 2277/2277/2053
f 2290/2290/2066 2277/2277/2053 2029/2029/1822
f 2290/2290/2066 2029/2029/1822 2119/2119/1905
f 2290/2290/2066 2119/2119/1905 2048/2048/1839
f 2290/2290/2066 2048/2048/1839 2272/2272/2048
f 2290/2290/2066 2272/2272/2048 2114/2114/1900
f 2290/2290/2066 2114/2114/1900 2113/2113/1899
f 2291/2291/2067 2292/2292/2068 2282/2282/2058
f 2291/2291/2067 2282/2282/2058 2281/2281/2057
f 2291/2291/2067 2281/2281/2057 1965/1965/1764
f 2291/2291/2067 1965/1965/1764 2123/2123/1909
f 2291/2291/2067 2123/2123/1909 2031/2031/1824
f 2291/2291/2067 2031/2031/1824 2276/2276/2052
f 2291/2291/2067 2276/2276/2052 2103/2103/1889
f 2291/2291/2067 2103/2103/1889 2292/2292/2068
f 2293/2293/2069 2109/2109/1895 2108/2108/1894
f 2293/2293/2069 2108/2108/1894 2287/2287/2063
f 2293/2293/2069 2287/2287/2063 2093/2093/1879
f 2293/2293/2069 2093/2093/1879 2121/2121/1907
f 2293/2293/2069 2121/2121/1907 1959/1959/1758
f 2293/2293/2069 1959/1959/1758 2280/2280/2056
f 2293/2293/2069 2280/2280/2056 2110/2110/1896
f 2293/2293/2069 2110/2110/1896 2109/2109/1895
f 2294/2294/2070 2295/2295/2071 2106/2106/1892
f 2294/2294/2070 2106/2106/1892 2105/2105/1891
f 2294/2294/2070 2105/2105/1891 1758/1758/1577
f 2294/2294/2070 1758/1758/1577 1757/1757/1576
f 2294/2294/2070 1757/1757/1576 1764/1764/1583
f 2294/2294/2070 1764/1764/1583 2296/2296/2072
f 2294/2294/2070 2296/2296/2072 2297/2297/2073
f 2294/2294/2070 2297/2297/2073 2295/2295/2071
f 2298/2298/2074 2299/2299/2075 2274/2274/2050
f 2298/2298/2074 2274/2274/2050 2289/2289/2065
f 2298/2298/2074 2289/2289/2065 2285/2285/2061
f 2298/2298/2074 2285/2285/2061 2300/2300/2076
f 2298/2298/2074 2300/2300/2076 2297/2297/2073
f 2298/2298/2074 2297/2297/2073 2301/2301/2077
f 2298/2298/2074 2301/2301/2077 2302/2302/2078
f 2298/2298/2074 2302/2302/2078 2299/2299/2075
f 2303/2303/2079 1883/1883/1689 1882/1882/1688
f 2303/2303/2079 1882/1882/1688 2304/2304/2080
f 2303/2303/2079 2304/2304/2080 1945/1945/1745
f 2303/2303/2079 1945/1945/1745 2305/2305/2081
f 2303/2303/2079 2305/2305/2081 2025/2025/1818
f 2303/2303/2079 2025/2025/1818 2065/2065/1853
f 2303/2303/2079 2065/2065/1853 1884/1884/1690
f 2303/2303/2079 1884/1884/1690 1883/1883/1689
f 2306/2306/2082 2307/2307/2083 2308/2308/2084
f 2306/2306/2082 2308/2308/2084 2309/2309/2085
f 2306/2306/2082 2309/2309/2085 1995/1995/1789
f 2306/2306/2082 1995/1995/1789 2310/2310/2086
f 2306/2306/2082 2310/2310/2086 2311/2311/2087
f 2306/2306/2082 2311/2311/2087 2312/2312/2088
f 2306/2306/2082 2312/2312/2088 2313/2313/2089
f 2306/2306/2082 2313/2313/2089 2307/2307/2083
f 2314/2314/2090 1876/1876/1682 1875/1875/1681
f 2314/2314/2090 1875/1875/1681 2063/2063/1851
f 2314/2314/2090 2063/2063/1851 2062/2062/1850
f 2314/2314/2090 2062/2062/1850 2315/2315/2091
f 2314/2314/2090 2315/2315/2091 2316/2316/2092
f 2314/2314/2090 2316/2316/2092 2317/2317/2093
f 2314/2314/2090 2317/2317/2093 1877/1877/1683
f 2314/2314/2090 1877/1877/1683 1876/1876/1682
f 2318/2318/2094 2319/2319/2095 2313/2313/2089
f 2318/2318/2094 2313/2313/2089 2312/2312/2088
f 2318/2318/2094 2312/2312/2088 2311/2311/2087
f 2318/2318/2094 2311/2311/2087 2320/2320/2096
f 2318/2318/2094 2320/2320/2096 2321/2321/2097
f 2318/2318/2094 2321/2321/2097 2322/2322/2098
f 2318/2318/2094 2322/2322/2098 2323/2323/2099
f 2318/2318/2094 2323/2323/2099 2319/2319/2095
f 2324/2324/2100 2325/2325/2101 2326/2326/2102
f 2324/2324/2100 2326/2326/2102 2327/2327/2103
f 2324/2324/2100 2327/2327/2103 2328/2328/2104
f 2324/2324/2100 2328/2328/2104 2329/2329/2105
f 2324/2324/2100 2329/2329/2105 2330/2330/2106
f 2324/2324/2100 2330/2330/2106 2331/2331/2107
f 2324/2324/2100 2331/2331/2107 2332/2332/2108
f 2324/2324/2100 2332/2332/2108 2325/2325/2101
f 2333/2333/2109 2334/2334/2110 2335/2335/961
f 2333/2333/2109 2335/2335/961 2336/2336/960
f 2333/2333/2109 2336/2336/960 2337/2337/2111
f 2333/2333/2109 2337/2337/2111 2338/2338/1368
f 2333/2333/2109 2338/2338/1368 1790/1790/1606
f 2333/2333/2109 1790/1790/1606 2339/2339/2112
f 2333/2333/2109 2339/2339/2112 2321/2321/2097
f 2333/2333/2109 2321/2321/2097 2334/2334/2110
f 2340/2340/2113 2315/2315/2091 2062/2062/1850
f 2340/2340/2113 2062/2062/1850 2341/2341/2114
f 2342/2342/2113 2343/2343/2114 2344/2344/2115
f 2342/2342/2113 2344/2344/2115 2345/2345/2116
f 2342/2342/2113 2345/2345/2116 2346/2346/2117
f 2342/2342/2113 2346/2346/2117 2347/2347/2118
f 2340/2340/2113 2348/2348/2118 2316/2316/2092
f 2340/2340/2113 2316/2316/2092 2315/2315/2091
f 2349/2349/2119 2319/2319/2095 2323/2323/2099
f 2349/2349/2119 2323/2323/2099 2350/2350/2120
f 2351/2351/2119 2352/2352/2120 2332/2332/2108
f 2351/2351/2119 2332/2332/2108 2353/2353/2121
f 2351/2351/2119 2353/2353/2121 2354/2354/2122
f 2351/2351/2119 2354/2354/2122 2355/2355/2123
f 2349/2349/2119 2356/2356/2123 2313/2313/2089
f 2349/2349/2119 2313/2313/2089 2319/2319/2095
f 2357/2357/2124 2358/2358/2125 2316/2316/2092
f 2357/2357/2124 2316/2316/2092 2348/2348/2118
f 2359/2359/2126 2347/2347/2118 2346/2346/2117
f 2359/2359/2126 2346/2346/2117 2360/2360/2127
f 2359/2359/2126 2360/2360/2127 2361/2361/2128
f 2359/2359/2126 2361/2361/2128 2362/2362/2129
f 2357/2357/2124 2363/2363/2129 1886/1886/1692
f 2357/2357/2124 1886/1886/1692 2358/2358/2125
f 2364/2364/2130 2365/2365/2131 2366/2366/2132
f 2364/2364/2130 2366/2366/2132 2367/2367/2133
f 2368/2368/2130 2369/2369/2133 2370/2370/2134
f 2368/2368/2130 2370/2370/2134 2371/2371/2135
f 2368/2368/2130 2371/2371/2135 2372/2372/2136
f 2368/2368/2130 2372/2372/2136 2373/2373/2137
f 2364/2364/2130 2374/2374/2137 1782/1782/1598
f 2364/2364/2130 1782/1782/1598 2365/2365/2131
f 2375/2375/2138 2061/2061/1849 2060/2060/1848
f 2375/2375/2138 2060/2060/1848 2376/2376/992
f 2377/2377/2138 2378/2378/992 2379/2379/994
f 2377/2377/2138 2379/2379/994 2380/2380/2139
f 2377/2377/2138 2380/2380/2139 2344/2344/2115
f 2377/2377/2138 2344/2344/2115 2343/2343/2114
f 2375/2375/2138 2341/2341/2114 2062/2062/1850
f 2375/2375/2138 2062/2062/1850 2061/2061/1849
f 2381/2381/2140 2066/2066/1854 1877/1877/1683
f 2381/2381/2140 1877/1877/1683 2317/2317/2093
f 2381/2381/2140 2317/2317/2093 2316/2316/2092
f 2381/2381/2140 2316/2316/2092 2358/2358/2125
f 2381/2381/2140 2358/2358/2125 1886/1886/1692
f 2381/2381/2140 1886/1886/1692 1885/1885/1691
f 2381/2381/2140 1885/1885/1691 1884/1884/1690
f 2381/2381/2140 1884/1884/1690 2066/2066/1854
f 2382/2382/2141 2383/2383/2142 2384/2384/2143
f 2382/2382/2141 2384/2384/2143 2385/2385/2144
f 2382/2382/2141 2385/2385/2144 2386/2386/2145
f 2382/2382/2141 2386/2386/2145 2387/2387/2146
f 2382/2382/2141 2387/2387/2146 2388/2388/2147
f 2382/2382/2141 2388/2388/2147 2389/2389/2148
f 2382/2382/2141 2389/2389/2148 2370/2370/2134
f 2382/2382/2141 2370/2370/2134 2383/2383/2142
f 2390/2390/2149 2391/2391/2150 2354/2354/2122
f 2390/2390/2149 2354/2354/2122 2392/2392/2151
f 2390/2390/2149 2392/2392/2151 2393/2393/2152
f 2390/2390/2149 2393/2393/2152 2394/2394/2153
f 2390/2390/2149 2394/2394/2153 2386/2386/2145
f 2390/2390/2149 2386/2386/2145 2385/2385/2144
f 2390/2390/2149 2385/2385/2144 2384/2384/2143
f 2390/2390/2149 2384/2384/2143 2391/2391/2150
f 2395/2395/2154 2371/2371/2135 2370/2370/2134
f 2395/2395/2154 2370/2370/2134 2389/2389/2148
f 2395/2395/2154 2389/2389/2148 2388/2388/2147
f 2395/2395/2154 2388/2388/2147 2396/2396/2155
f 2395/2395/2154 2396/2396/2155 2397/2397/2156
f 2395/2395/2154 2397/2397/2156 2398/2398/2157
f 2395/2395/2154 2398/2398/2157 2372/2372/2136
f 2395/2395/2154 2372/2372/2136 2371/2371/2135
f 2399/2399/2158 2360/2360/2127 2346/2346/2117
f 2399/2399/2158 2346/2346/2117 2400/2400/2159
f 2399/2399/2158 2400/2400/2159 2401/2401/2160
f 2399/2399/2158 2401/2401/2160 2402/2402/2161
f 2399/2399/2158 2402/2402/2161 2403/2403/2162
f 2399/2399/2158 2403/2403/2162 2404/2404/2163
f 2399/2399/2158 2404/2404/2163 2361/2361/2128
f 2399/2399/2158 2361/2361/2128 2360/2360/2127
f 2405/2405/2164 1775/1775/1594 1782/1782/1598
f 2405/2405/2164 1782/1782/1598 2374/2374/2137
f 2406/2406/2164 2373/2373/2137 2372/2372/2136
f 2406/2406/2164 2372/2372/2136 2407/2407/2165
f 2406/2406/2164 2407/2407/2165 2408/2408/2166
f 2406/2406/2164 2408/2408/2166 2409/2409/1021
f 2405/2405/2164 2410/2410/1020 1776/1776/425
f 2405/2405/2164 1776/1776/425 1775/1775/1594
f 2411/2411/2167 1879/1879/1685 1886/1886/1692
f 2411/2411/2167 1886/1886/1692 2363/2363/2129
f 2412/2412/2168 2362/2362/2129 2361/2361/2128
f 2412/2412/2168 2361/2361/2128 2413/2413/2169
f 2412/2412/2168 2413/2413/2169 2326/2326/2102
f 2412/2412/2168 2326/2326/2102 2414/2414/2170
f 2411/2411/2167 2415/2415/2170 1880/1880/1686
f 2411/2411/2167 1880/1880/1686 1879/1879/1685
f 2416/2416/2171 2417/2417/2172 2308/2308/2084
f 2416/2416/2171 2308/2308/2084 2418/2418/2173
f 2419/2419/2171 2420/2420/2173 2384/2384/2143
f 2419/2419/2171 2384/2384/2143 2383/2383/2142
f 2419/2419/2171 2383/2383/2142 2370/2370/2134
f 2419/2419/2171 2370/2370/2134 2369/2369/2133
f 2416/2416/2171 2367/2367/2133 2366/2366/2132
f 2416/2416/2171 2366/2366/2132 2417/2417/2172
f 2421/2421/2174 2307/2307/2083 2313/2313/2089
f 2421/2421/2174 2313/2313/2089 2356/2356/2123
f 2422/2422/2174 2355/2355/2123 2354/2354/2122
f 2422/2422/2174 2354/2354/2122 2391/2391/2150
f 2422/2422/2174 2391/2391/2150 2384/2384/2143
f 2422/2422/2174 2384/2384/2143 2420/2420/2173
f 2421/2421/2174 2418/2418/2173 2308/2308/2084
f 2421/2421/2174 2308/2308/2084 2307/2307/2083
f 2423/2423/2175 2424/2424/2176 1880/1880/1686
f 2423/2423/2175 1880/1880/1686 2415/2415/2170
f 2425/2425/2175 2414/2414/2170 2326/2326/2102
f 2425/2425/2175 2326/2326/2102 2325/2325/2101
f 2425/2425/2175 2325/2325/2101 2332/2332/2108
f 2425/2425/2175 2332/2332/2108 2352/2352/2120
f 2423/2423/2175 2350/2350/2120 2323/2323/2099
f 2423/2423/2175 2323/2323/2099 2424/2424/2176
f 2426/2426/2177 2427/2427/2178 2393/2393/2152
f 2426/2426/2177 2393/2393/2152 2428/2428/2179
f 2426/2426/2177 2428/2428/2179 2330/2330/2106
f 2426/2426/2177 2330/2330/2106 2329/2329/2105
f 2426/2426/2177 2329/2329/2105 2328/2328/2104
f 2426/2426/2177 2328/2328/2104 2429/2429/2180
f 2426/2426/2177 2429/2429/2180 2430/2430/2181
f 2426/2426/2177 2430/2430/2181 2427/2427/2178
f 2431/2431/2182 2432/2432/2183 2433/2433/2184
f 2431/2431/2182 2433/2433/2184 2434/2434/2185
f 2431/2431/2182 2434/2434/2185 2435/2435/2186
f 2431/2431/2182 2435/2435/2186 2436/2436/2187
f 2431/2431/2182 2436/2436/2187 2437/2437/1046
f 2431/2431/2182 2437/2437/1046 2438/2438/1045
f 2431/2431/2182 2438/2438/1045 2439/2439/1044
f 2431/2431/2182 2439/2439/1044 2432/2432/2183
f 2440/2440/2188 2441/2441/2189 2442/2442/2190
f 2440/2440/2188 2442/2442/2190 2443/2443/2191
f 2440/2440/2188 2443/2443/2191 2403/2403/2162
f 2440/2440/2188 2403/2403/2162 2402/2402/2161
f 2440/2440/2188 2402/2402/2161 2401/2401/2160
f 2440/2440/2188 2401/2401/2160 2444/2444/2192
f 2440/2440/2188 2444/2444/2192 2445/2445/2193
f 2440/2440/2188 2445/2445/2193 2441/2441/2189
f 2446/2446/2194 2447/2447/2195 2442/2442/2190
f 2446/2446/2194 2442/2442/2190 2448/2448/2196
f 2446/2446/2194 2448/2448/2196 2386/2386/2145
f 2446/2446/2194 2386/2386/2145 2394/2394/2153
f 2446/2446/2194 2394/2394/2153 2393/2393/2152
f 2446/2446/2194 2393/2393/2152 2427/2427/2178
f 2446/2446/2194 2427/2427/2178 2430/2430/2181
f 2446/2446/2194 2430/2430/2181 2447/2447/2195
f 2449/2449/2197 2450/2450/2198 2445/2445/2193
f 2449/2449/2197 2445/2445/2193 2444/2444/2192
f 2449/2449/2197 2444/2444/2192 2401/2401/2160
f 2449/2449/2197 2401/2401/2160 2451/2451/2199
f 2449/2449/2197 2451/2451/2199 2435/2435/2186
f 2449/2449/2197 2435/2435/2186 2434/2434/2185
f 2449/2449/2197 2434/2434/2185 2433/2433/2184
f 2449/2449/2197 2433/2433/2184 2450/2450/2198
f 2452/2452/2200 2353/2353/2121 2332/2332/2108
f 2452/2452/2200 2332/2332/2108 2331/2331/2107
f 2452/2452/2200 2331/2331/2107 2330/2330/2106
f 2452/2452/2200 2330/2330/2106 2428/2428/2179
f 2452/2452/2200 2428/2428/2179 2393/2393/2152
f 2452/2452/2200 2393/2393/2152 2392/2392/2151
f 2452/2452/2200 2392/2392/2151 2354/2354/2122
f 2452/2452/2200 2354/2354/2122 2353/2353/2121
f 2453/2453/2201 2413/2413/2169 2361/2361/2128
f 2453/2453/2201 2361/2361/2128 2404/2404/2163
f 2453/2453/2201 2404/2404/2163 2403/2403/2162
f 2453/2453/2201 2403/2403/2162 2454/2454/2202
f 2453/2453/2201 2454/2454/2202 2328/2328/2104
f 2453/2453/2201 2328/2328/2104 2327/2327/2103
f 2453/2453/2201 2327/2327/2103 2326/2326/2102
f 2453/2453/2201 2326/2326/2102 2413/2413/2169
f 2455/2455/2203 2345/2345/2116 2344/2344/2115
f 2455/2455/2203 2344/2344/2115 2456/2456/2204
f 2455/2455/2203 2456/2456/2204 2435/2435/2186
f 2455/2455/2203 2435/2435/2186 2451/2451/2199
f 2455/2455/2203 2451/2451/2199 2401/2401/2160
f 2455/2455/2203 2401/2401/2160 2400/2400/2159
f 2455/2455/2203 2400/2400/2159 2346/2346/2117
f 2455/2455/2203 2346/2346/2117 2345/2345/2116
f 2457/2457/2205 2380/2380/2139 2379/2379/994
f 2457/2457/2205 2379/2379/994 2458/2458/2206
f 2457/2457/2205 2458/2458/2206 2437/2437/1046
f 2457/2457/2205 2437/2437/1046 2436/2436/2187
f 2457/2457/2205 2436/2436/2187 2435/2435/2186
f 2457/2457/2205 2435/2435/2186 2456/2456/2204
f 2457/2457/2205 2456/2456/2204 2344/2344/2115
f 2457/2457/2205 2344/2344/2115 2380/2380/2139
f 2459/2459/2207 2407/2407/2165 2372/2372/2136
f 2459/2459/2207 2372/2372/2136 2398/2398/2157
f 2459/2459/2207 2398/2398/2157 2397/2397/2156
f 2459/2459/2207 2397/2397/2156 2460/2460/2208
f 2459/2459/2207 2460/2460/2208 2461/2461/1070
f 2459/2459/2207 2461/2461/1070 2462/2462/1069
f 2459/2459/2207 2462/2462/1069 2408/2408/2166
f 2459/2459/2207 2408/2408/2166 2407/2407/2165
f 2463/2463/2209 2396/2396/2155 2388/2388/2147
f 2463/2463/2209 2388/2388/2147 2464/2464/2210
f 2463/2463/2209 2464/2464/2210 2445/2445/2193
f 2463/2463/2209 2445/2445/2193 2450/2450/2198
f 2463/2463/2209 2450/2450/2198 2433/2433/2184
f 2463/2463/2209 2433/2433/2184 2465/2465/2211
f 2463/2463/2209 2465/2465/2211 2397/2397/2156
f 2463/2463/2209 2397/2397/2156 2396/2396/2155
f 2466/2466/2212 2454/2454/2202 2403/2403/2162
f 2466/2466/2212 2403/2403/2162 2443/2443/2191
f 2466/2466/2212 2443/2443/2191 2442/2442/2190
f 2466/2466/2212 2442/2442/2190 2447/2447/2195
f 2466/2466/2212 2447/2447/2195 2430/2430/2181
f 2466/2466/2212 2430/2430/2181 2429/2429/2180
f 2466/2466/2212 2429/2429/2180 2328/2328/2104
f 2466/2466/2212 2328/2328/2104 2454/2454/2202
f 2467/2467/2213 2387/2387/2146 2386/2386/2145
f 2467/2467/2213 2386/2386/2145 2448/2448/2196
f 2467/2467/2213 2448/2448/2196 2442/2442/2190
f 2467/2467/2213 2442/2442/2190 2441/2441/2189
f 2467/2467/2213 2441/2441/2189 2445/2445/2193
f 2467/2467/2213 2445/2445/2193 2464/2464/2210
f 2467/2467/2213 2464/2464/2210 2388/2388/2147
f 2467/2467/2213 2388/2388/2147 2387/2387/2146
f 2468/2468/2214 2460/2460/2208 2397/2397/2156
f 2468/2468/2214 2397/2397/2156 2465/2465/2211
f 2468/2468/2214 2465/2465/2211 2433/2433/2184
f 2468/2468/2214 2433/2433/2184 2432/2432/2183
f 2468/2468/2214 2432/2432/2183 2439/2439/1044
f 2468/2468/2214 2439/2439/1044 2469/2469/1078
f 2468/2468/2214 2469/2469/1078 2461/2461/1070
f 2468/2468/2214 2461/2461/1070 2460/2460/2208
f 2470/2470/2215 1999/1999/1793 1907/1907/1713
f 2470/2470/2215 1907/1907/1713 2471/2471/2216
f 2470/2470/2215 2471/2471/2216 2321/2321/2097
f 2470/2470/2215 2321/2321/2097 2339/2339/2112
f 2470/2470/2215 2339/2339/2112 1790/1790/1606
f 2470/2470/2215 1790/1790/1606 1999/1999/1793
f 2472/2472/2217 1906/1906/1712 1880/1880/1686
f 2472/2472/2217 1880/1880/1686 2424/2424/2176
f 2472/2472/2217 2424/2424/2176 2323/2323/2099
f 2472/2472/2217 2323/2323/2099 2322/2322/2098
f 2472/2472/2217 2322/2322/2098 2321/2321/2097
f 2472/2472/2217 2321/2321/2097 2471/2471/2216
f 2472/2472/2217 2471/2471/2216 1907/1907/1713
f 2472/2472/2217 1907/1907/1713 1906/1906/1712
f 2473/2473/2218 1623/1623/1457 1622/1622/1456
f 2473/2473/2218 1622/1622/1456 2474/2474/2219
f 2473/2473/2218 2474/2474/2219 1741/1741/1563
f 2473/2473/2218 1741/1741/1563 1744/1744/1565
f 2473/2473/2218 1744/1744/1565 1579/1579/1419
f 2473/2473/2218 1579/1579/1419 2475/2475/2220
f 2473/2473/2218 2475/2475/2220 1544/1544/1389
f 2473/2473/2218 1544/1544/1389 1623/1623/1457
f 2476/2476/2221 1820/1820/1631 1813/1813/1626
f 2476/2476/2221 1813/1813/1626 2477/2477/2222
f 2476/2476/2221 2477/2477/2222 1736/1736/1559
f 2476/2476/2221 1736/1736/1559 1738/1738/1561
f 2478/2478/2221 1742/1742/1561 1741/1741/1563
f 2478/2478/2221 1741/1741/1563 2474/2474/2219
f 2478/2478/2221 2474/2474/2219 1622/1622/1456
f 2478/2478/2221 1622/1622/1456 1818/1818/1631
f 2479/2479/2223 1812/1812/1625 1605/1605/1441
f 2479/2479/2223 1605/1605/1441 2480/2480/2224
f 2479/2479/2223 2480/2480/2224 1587/1587/1427
f 2479/2479/2223 1587/1587/1427 1734/1734/1557
f 2479/2479/2223 1734/1734/1557 1736/1736/1559
f 2479/2479/2223 1736/1736/1559 2477/2477/2222
f 2479/2479/2223 2477/2477/2222 1813/1813/1626
f 2479/2479/2223 1813/1813/1626 1812/1812/1625
f 2481/2481/2225 1602/1602/1439 1544/1544/1389
f 2481/2481/2225 1544/1544/1389 2475/2475/2220
f 2481/2481/2225 2475/2475/2220 1579/1579/1419
f 2481/2481/2225 1579/1579/1419 1578/1578/1418
f 2482/2482/2225 1588/1588/1418 1587/1587/1427
f 2482/2482/2225 1587/1587/1427 2480/2480/2224
f 2482/2482/2225 2480/2480/2224 1605/1605/1441
f 2482/2482/2225 1605/1605/1441 1604/1604/1440
f 2483/2483/2226 1633/1633/1467 1632/1632/1466
f 2483/2483/2226 1632/1632/1466 2484/2484/2227
f 2483/2483/2226 2484/2484/2227 1699/1699/1528
f 2483/2483/2226 1699/1699/1528 1722/1722/1548
f 2485/2485/2226 1724/1724/1548 1719/1719/1545
f 2485/2485/2226 1719/1719/1545 2486/2486/2228
f 2485/2485/2226 2486/2486/2228 1636/1636/1469
f 2485/2485/2226 1636/1636/1469 1635/1635/1467
f 2487/2487/2229 1839/1839/1648 1636/1636/1469
f 2487/2487/2229 1636/1636/1469 2486/2486/2228
f 2487/2487/2229 2486/2486/2228 1719/1719/1545
f 2487/2487/2229 1719/1719/1545 1718/1718/1544
f 2487/2487/2229 1718/1718/1544 1713/1713/1541
f 2487/2487/2229 1713/1713/1541 2488/2488/2230
f 2487/2487/2229 2488/2488/2230 1840/1840/1649
f 2487/2487/2229 1840/1840/1649 1839/1839/1648
f 2489/2489/2231 1845/1845/1652 1840/1840/1649
f 2489/2489/2231 1840/1840/1649 2488/2488/2230
f 2489/2489/2231 2488/2488/2230 1713/1713/1541
f 2489/2489/2231 1713/1713/1541 1712/1712/1540
f 2490/2490/2232 1716/1716/1540 1693/1693/1522
f 2490/2490/2232 1693/1693/1522 2491/2491/2233
f 2490/2490/2232 2491/2491/2233 1660/1660/1492
f 2490/2490/2232 1660/1660/1492 1843/1843/1652
f 2492/2492/2234 1661/1661/1493 1660/1660/1492
f 2492/2492/2234 1660/1660/1492 2491/2491/2233
f 2492/2492/2234 2491/2491/2233 1693/1693/1522
f 2492/2492/2234 1693/1693/1522 1692/1692/1521
f 2492/2492/2234 1692/1692/1521 1699/1699/1528
f 2492/2492/2234 1699/1699/1528 2484/2484/2227
f 2492/2492/2234 2484/2484/2227 1632/1632/1466
f 2492/2492/2234 1632/1632/1466 1661/1661/1493
f 2493/2493/2235 2494/2494/2236 2495/2495/2237
f 2493/2493/2235 2495/2495/2237 2496/2496/2238
f 2493/2493/2235 2496/2496/2238 2015/2015/1808
f 2493/2493/2235 2015/2015/1808 2091/2091/1877
f 2493/2493/2235 2091/2091/1877 1773/1773/1592
f 2493/2493/2235 1773/1773/1592 1772/1772/1591
f 2493/2493/2235 1772/1772/1591 1771/1771/1590
f 2493/2493/2235 1771/1771/1590 2494/2494/2236
f 2497/2497/2239 1900/1900/1706 1899/1899/1705
f 2497/2497/2239 1899/1899/1705 2498/2498/2240
f 2497/2497/2239 2498/2498/2240 2499/2499/2241
f 2497/2497/2239 2499/2499/2241 2500/2500/2242
f 2497/2497/2239 2500/2500/2242 2501/2501/2243
f 2497/2497/2239 2501/2501/2243 2502/2502/2244
f 2497/2497/2239 2502/2502/2244 1901/1901/1707
f 2497/2497/2239 1901/1901/1707 1900/1900/1706
f 2503/2503/2245 2054/2054/1844 1901/1901/1707
f 2503/2503/2245 1901/1901/1707 2502/2502/2244
f 2503/2503/2245 2502/2502/2244 2501/2501/2243
f 2503/2503/2245 2501/2501/2243 2504/2504/2246
f 2503/2503/2245 2504/2504/2246 1751/1751/1570
f 2503/2503/2245 1751/1751/1570 2505/2505/2247
f 2503/2503/2245 2505/2505/2247 2055/2055/1845
f 2503/2503/2245 2055/2055/1845 2054/2054/1844
f 2506/2506/2248 1890/1890/1696 1889/1889/1695
f 2506/2506/2248 1889/1889/1695 2507/2507/2249
f 2506/2506/2248 2507/2507/2249 1914/1914/1718
f 2506/2506/2248 1914/1914/1718 2508/2508/2250
f 2506/2506/2248 2508/2508/2250 2509/2509/2251
f 2506/2506/2248 2509/2509/2251 2510/2510/2252
f 2506/2506/2248 2510/2510/2252 1891/1891/1697
f 2506/2506/2248 1891/1891/1697 1890/1890/1696
f 2511/2511/2253 1770/1770/1589 1769/1769/1588
f 2511/2511/2253 1769/1769/1588 2512/2512/2254
f 2511/2511/2253 2512/2512/2254 1749/1749/1568
f 2511/2511/2253 1749/1749/1568 2513/2513/2255
f 2511/2511/2253 2513/2513/2255 2011/2011/1804
f 2511/2511/2253 2011/2011/1804 2514/2514/2256
f 2511/2511/2253 2514/2514/2256 1771/1771/1590
f 2511/2511/2253 1771/1771/1590 1770/1770/1589
f 2515/2515/2257 2516/2516/2258 1889/1889/1695
f 2515/2515/2257 1889/1889/1695 1888/1888/1694
f 2515/2515/2257 1888/1888/1694 1873/1873/1679
f 2515/2515/2257 1873/1873/1679 2016/2016/1809
f 2515/2515/2257 2016/2016/1809 2015/2015/1808
f 2515/2515/2257 2015/2015/1808 2496/2496/2238
f 2515/2515/2257 2496/2496/2238 2495/2495/2237
f 2515/2515/2257 2495/2495/2237 2516/2516/2258
f 2517/2517/2259 2518/2518/2260 1769/1769/1588
f 2517/2517/2259 1769/1769/1588 1768/1768/1587
f 2517/2517/2259 1768/1768/1587 1767/1767/1586
f 2517/2517/2259 1767/1767/1586 2053/2053/1843
f 2517/2517/2259 2053/2053/1843 2055/2055/1845
f 2517/2517/2259 2055/2055/1845 2518/2518/2260
f 2519/2519/2261 2520/2520/2262 1968/1968/1767
f 2519/2519/2261 1968/1968/1767 1967/1967/1766
f 2519/2519/2261 1967/1967/1766 1897/1897/1703
f 2519/2519/2261 1897/1897/1703 2027/2027/1820
f 2519/2519/2261 2027/2027/1820 2003/2003/1797
f 2519/2519/2261 2003/2003/1797 2002/2002/1796
f 2519/2519/2261 2002/2002/1796 1941/1941/1741
f 2519/2519/2261 1941/1941/1741 2520/2520/2262
f 2521/2521/2263 2522/2522/2264 1786/1786/1602
f 2521/2521/2263 1786/1786/1602 2074/2074/1862
f 2521/2521/2263 2074/2074/1862 1809/1809/1622
f 2521/2521/2263 1809/1809/1622 2523/2523/1827
f 2521/2521/2263 2523/2523/1827 1982/1982/1780
f 2521/2521/2263 1982/1982/1780 1981/1981/1779
f 2521/2521/2263 1981/1981/1779 1980/1980/1778
f 2521/2521/2263 1980/1980/1778 2522/2522/2264
f 2524/2524/2265 2111/2111/1897 2110/2110/1896
f 2524/2524/2265 2110/2110/1896 2279/2279/2055
f 2524/2524/2265 2279/2279/2055 2282/2282/2058
f 2524/2524/2265 2282/2282/2058 2525/2525/2266
f 2524/2524/2265 2525/2525/2266 1760/1760/1579
f 2524/2524/2265 1760/1760/1579 1759/1759/1578
f 2524/2524/2265 1759/1759/1578 1758/1758/1577
f 2524/2524/2265 1758/1758/1577 2111/2111/1897
f 2526/2526/2267 2527/2527/2268 2116/2116/1902
f 2526/2526/2267 2116/2116/1902 2115/2115/1901
f 2526/2526/2267 2115/2115/1901 2114/2114/1900
f 2526/2526/2267 2114/2114/1900 2271/2271/2047
f 2526/2526/2267 2271/2271/2047 2274/2274/2050
f 2526/2526/2267 2274/2274/2050 2299/2299/2075
f 2526/2526/2267 2299/2299/2075 2302/2302/2078
f 2526/2526/2267 2302/2302/2078 2527/2527/2268
f 2528/2528/2269 2296/2296/2072 1764/1764/1583
f 2528/2528/2269 1764/1764/1583 2529/2529/2270
f 2528/2528/2269 2529/2529/2270 2116/2116/1902
f 2528/2528/2269 2116/2116/1902 2527/2527/2268
f 2528/2528/2269 2527/2527/2268 2302/2302/2078
f 2528/2528/2269 2302/2302/2078 2301/2301/2077
f 2528/2528/2269 2301/2301/2077 2297/2297/2073
f 2528/2528/2269 2297/2297/2073 2296/2296/2072
f 2530/2530/2271 2102/2102/1888 1762/1762/1581
f 2530/2530/2271 1762/1762/1581 1761/1761/1580
f 2530/2530/2271 1761/1761/1580 1760/1760/1579
f 2530/2530/2271 1760/1760/1579 2525/2525/2266
f 2530/2530/2271 2525/2525/2266 2282/2282/2058
f 2530/2530/2271 2282/2282/2058 2292/2292/2068
f 2530/2530/2271 2292/2292/2068 2103/2103/1889
f 2530/2530/2271 2103/2103/1889 2102/2102/1888
f 2531/2531/2272 2300/2300/2076 2285/2285/2061
f 2531/2531/2272 2285/2285/2061 2284/2284/2060
f 2531/2531/2272 2284/2284/2060 2108/2108/1894
f 2531/2531/2272 2108/2108/1894 2107/2107/1893
f 2531/2531/2272 2107/2107/1893 2106/2106/1892
f 2531/2531/2272 2106/2106/1892 2295/2295/2071
f 2531/2531/2272 2295/2295/2071 2297/2297/2073
f 2531/2531/2272 2297/2297/2073 2300/2300/2076
f 2532/2532/2273 1763/1763/1582 1762/1762/1581
f 2532/2532/2273 1762/1762/1581 2101/2101/1887
f 2532/2532/2273 2101/2101/1887 2100/2100/1886
f 2532/2532/2273 2100/2100/1886 2117/2117/1903
f 2532/2532/2273 2117/2117/1903 2116/2116/1902
f 2532/2532/2273 2116/2116/1902 2529/2529/2270
f 2532/2532/2273 2529/2529/2270 1764/1764/1583
f 2532/2532/2273 1764/1764/1583 1763/1763/1582
f 2533/2533/2274 1979/1979/1777 1978/1978/1776
f 2533/2533/2274 1978/1978/1776 2534/2534/2275
f 2533/2533/2274 2534/2534/2275 2499/2499/2241
f 2533/2533/2274 2499/2499/2241 2535/2535/2276
f 2533/2533/2274 2535/2535/2276 2536/2536/2277
f 2533/2533/2274 2536/2536/2277 2537/2537/2278
f 2533/2533/2274 2537/2537/2278 1980/1980/1778
f 2533/2533/2274 1980/1980/1778 1979/1979/1777
f 2538/2538/2279 1969/1969/1768 1968/1968/1767
f 2538/2538/2279 1968/1968/1767 2539/2539/2280
f 2538/2538/2279 2539/2539/2280 2019/2019/1812
f 2538/2538/2279 2019/2019/1812 2540/2540/2281
f 2538/2538/2279 2540/2540/2281 2536/2536/2277
f 2538/2538/2279 2536/2536/2277 2541/2541/2282
f 2538/2538/2279 2541/2541/2282 2542/2542/2283
f 2538/2538/2279 2543/2543/2284 1970/1970/1769
f 2538/2538/2279 1970/1970/1769 1969/1969/1768
f 2544/2544/2285 2545/2545/2286 2546/2546/1151
f 2544/2544/2285 2546/2546/1151 2547/2547/1150
f 2544/2544/2285 2547/2547/1150 2548/2548/1154
f 2544/2544/2285 2548/2548/1154 2549/2549/2287
f 2544/2544/2285 2549/2549/2287 2509/2509/2251
f 2544/2544/2285 2509/2509/2251 2545/2545/2286
f 2550/2550/2288 1892/1892/1698 1891/1891/1697
f 2550/2550/2288 1891/1891/1697 2551/2551/2289
f 2550/2550/2288 2551/2551/2289 2058/2058/696
f 2550/2550/2288 2058/2058/696 2057/2057/1847
f 2550/2550/2288 2057/2057/1847 1875/1875/1681
f 2550/2550/2288 1875/1875/1681 1892/1892/1698
f 2552/2552/2290 2513/2513/2255 1749/1749/1568
f 2552/2552/2290 1749/1749/1568 1748/1748/1567
f 2552/2552/2290 1748/1748/1567 1747/1747/396
f 2552/2552/2290 1747/1747/396 2553/2553/1158
f 2552/2552/2290 2553/2553/1158 2008/2008/1802
f 2552/2552/2290 2008/2008/1802 2007/2007/1801
f 2552/2552/2290 2007/2007/1801 2011/2011/1804
f 2552/2552/2290 2011/2011/1804 2513/2513/2255
f 2554/2554/2291 2504/2504/2246 2501/2501/2243
f 2554/2554/2291 2501/2501/2243 2555/2555/2292
f 2554/2554/2291 2555/2555/2292 1924/1924/1728
f 2554/2554/2291 1924/1924/1728 1923/1923/1727
f 2554/2554/2291 1923/1923/1727 1753/1753/1572
f 2554/2554/2291 1753/1753/1572 1752/1752/1571
f 2554/2554/2291 1752/1752/1571 1751/1751/1570
f 2554/2554/2291 1751/1751/1570 2504/2504/2246
f 2556/2556/2293 1750/1750/1569 1749/1749/1568
f 2556/2556/2293 1749/1749/1568 2512/2512/2254
f 2556/2556/2293 2512/2512/2254 1769/1769/1588
f 2556/2556/2293 1769/1769/1588 2518/2518/2260
f 2556/2556/2293 2518/2518/2260 2055/2055/1845
f 2556/2556/2293 2055/2055/1845 2505/2505/2247
f 2556/2556/2293 2505/2505/2247 1751/1751/1570
f 2556/2556/2293 1751/1751/1570 1750/1750/1569
f 2557/2557/2294 2508/2508/2250 1914/1914/1718
f 2557/2557/2294 1914/1914/1718 1913/1913/1717
f 2557/2557/2294 1913/1913/1717 1912/1912/556
f 2557/2557/2294 1912/1912/556 2558/2558/1163
f 2557/2557/2294 2558/2558/1163 2546/2546/1151
f 2557/2557/2294 2546/2546/1151 2545/2545/2286
f 2557/2557/2294 2545/2545/2286 2509/2509/2251
f 2557/2557/2294 2509/2509/2251 2508/2508/2250
f 2559/2559/2295 2549/2549/2287 2548/2548/1154
f 2559/2559/2295 2548/2548/1154 2560/2560/1165
f 2559/2559/2295 2560/2560/1165 2058/2058/696
f 2559/2559/2295 2058/2058/696 2551/2551/2289
f 2559/2559/2295 2551/2551/2289 1891/1891/1697
f 2559/2559/2295 1891/1891/1697 2510/2510/2252
f 2559/2559/2295 2510/2510/2252 2509/2509/2251
f 2559/2559/2295 2509/2509/2251 2549/2549/2287
f 2561/2561/2296 1915/1915/1719 1914/1914/1718
f 2561/2561/2296 1914/1914/1718 2507/2507/2249
f 2561/2561/2296 2507/2507/2249 1889/1889/1695
f 2561/2561/2296 1889/1889/1695 2516/2516/2258
f 2561/2561/2296 2516/2516/2258 2495/2495/2237
f 2561/2561/2296 2495/2495/2237 2562/2562/2297
f 2561/2561/2296 2562/2562/2297 1916/1916/1720
f 2561/2561/2296 1916/1916/1720 1915/1915/1719
f 2563/2563/2298 2010/2010/1803 1916/1916/1720
f 2563/2563/2298 1916/1916/1720 2562/2562/2297
f 2563/2563/2298 2562/2562/2297 2495/2495/2237
f 2563/2563/2298 2495/2495/2237 2494/2494/2236
f 2563/2563/2298 2494/2494/2236 1771/1771/1590
f 2563/2563/2298 1771/1771/1590 2514/2514/2256
f 2563/2563/2298 2514/2514/2256 2011/2011/1804
f 2563/2563/2298 2011/2011/1804 2010/2010/1803
f 2564/2564/2299 2540/2540/2281 2019/2019/1812
f 2564/2564/2299 2019/2019/1812 2018/2018/1811
f 2564/2564/2299 2018/2018/1811 1786/1786/1602
f 2564/2564/2299 1786/1786/1602 2522/2522/2264
f 2564/2564/2299 2522/2522/2264 1980/1980/1778
f 2564/2564/2299 1980/1980/1778 2537/2537/2278
f 2564/2564/2299 2537/2537/2278 2536/2536/2277
f 2564/2564/2299 2536/2536/2277 2540/2540/2281
f 2565/2565/2300 2020/2020/1813 2019/2019/1812
f 2565/2565/2300 2019/2019/1812 2539/2539/2280
f 2565/2565/2300 2539/2539/2280 1968/1968/1767
f 2565/2565/2300 1968/1968/1767 2520/2520/2262
f 2565/2565/2300 2520/2520/2262 1941/1941/1741
f 2565/2565/2300 1941/1941/1741 1940/1940/1740
f 2565/2565/2300 1940/1940/1740 1947/1947/1747
f 2565/2565/2300 1947/1947/1747 2020/2020/1813
f 2566/2566/2301 2567/2567/2302 1945/1945/1745
f 2566/2566/2301 1945/1945/1745 2304/2304/2080
f 2566/2566/2301 2304/2304/2080 1882/1882/1688
f 2566/2566/2301 1882/1882/1688 1905/1905/1711
f 2566/2566/2301 1905/1905/1711 1904/1904/1710
f 2566/2566/2301 1904/1904/1710 2567/2567/2302
f 2568/2568/2303 1946/1946/1746 1945/1945/1745
f 2568/2568/2303 1945/1945/1745 2567/2567/2302
f 2568/2568/2303 2567/2567/2302 1904/1904/1710
f 2568/2568/2303 1904/1904/1710 2000/2000/1794
f 2568/2568/2303 2000/2000/1794 1788/1788/1604
f 2568/2568/2303 1788/1788/1604 2021/2021/1814
f 2568/2568/2303 2021/2021/1814 1947/1947/1747
f 2568/2568/2303 1947/1947/1747 1946/1946/1746
f 2569/2569/2304 2535/2535/2276 2499/2499/2241
f 2569/2569/2304 2499/2499/2241 2498/2498/2240
f 2569/2569/2304 2498/2498/2240 1899/1899/1705
f 2569/2569/2304 1899/1899/1705 1971/1971/1770
f 2569/2569/2304 1971/1971/1770 1970/1970/1769
f 2569/2569/2304 1970/1970/1769 2543/2543/2284
f 2569/2569/2304 2542/2542/2283 2541/2541/2282
f 2569/2569/2304 2541/2541/2282 2536/2536/2277
f 2569/2569/2304 2536/2536/2277 2535/2535/2276
f 2570/2570/2305 2500/2500/2242 2499/2499/2241
f 2570/2570/2305 2499/2499/2241 2534/2534/2275
f 2570/2570/2305 2534/2534/2275 1978/1978/1776
f 2570/2570/2305 1978/1978/1776 2050/2050/1841
f 2570/2570/2305 2050/2050/1841 1924/1924/1728
f 2570/2570/2305 1924/1924/1728 2555/2555/2292
f 2570/2570/2305 2555/2555/2292 2501/2501/2243
f 2570/2570/2305 2501/2501/2243 2500/2500/2242
f 2571/2571/2306 1944/1944/1744 1943/1943/1743
f 2571/2571/2306 1943/1943/1743 2005/2005/1799
f 2571/2571/2306 2005/2005/1799 1963/1963/1762
f 2571/2571/2306 1963/1963/1762 2023/2023/1816
f 2571/2571/2306 2023/2023/1816 2025/2025/1818
f 2571/2571/2306 2025/2025/1818 2305/2305/2081
f 2571/2571/2306 2305/2305/2081 1945/1945/1745
f 2571/2571/2306 1945/1945/1745 1944/1944/1744
f 2572/2572/2307 2310/2310/2086 1995/1995/1789
f 2572/2572/2307 1995/1995/1789 1994/1994/1788
f 2572/2572/2307 1994/1994/1788 1993/1993/1787
f 2572/2572/2307 1993/1993/1787 2573/2573/1180
f 2572/2572/2307 2573/2573/1180 2574/2574/2308
f 2572/2572/2307 2574/2574/2308 2575/2575/2309
f 2572/2572/2307 2575/2575/2309 2311/2311/2087
f 2572/2572/2307 2311/2311/2087 2310/2310/2086
f 2576/2576/2310 1779/1779/1595 1778/1778/431
f 2576/2576/2310 1778/1778/431 2577/2577/1182
f 2576/2576/2310 2577/2577/1182 2578/2578/2311
f 2576/2576/2310 2578/2578/2311 2579/2579/2312
f 2576/2576/2310 2579/2579/2312 1780/1780/1596
f 2576/2576/2310 1780/1780/1596 1779/1779/1595
f 2580/2580/2313 1996/1996/1790 1995/1995/1789
f 2580/2580/2313 1995/1995/1789 2309/2309/2085
f 2580/2580/2313 2309/2309/2085 2308/2308/2084
f 2580/2580/2313 2308/2308/2084 2417/2417/2172
f 2580/2580/2313 2417/2417/2172 2366/2366/2132
f 2580/2580/2313 2366/2366/2132 2581/2581/2314
f 2580/2580/2313 2581/2581/2314 1997/1997/1791
f 2580/2580/2313 1997/1997/1791 1996/1996/1790
f 2582/2582/2315 2320/2320/2096 2311/2311/2087
f 2582/2582/2315 2311/2311/2087 2575/2575/2309
f 2582/2582/2315 2575/2575/2309 2574/2574/2308
f 2582/2582/2315 2574/2574/2308 2583/2583/1188
f 2582/2582/2315 2583/2583/1188 2335/2335/961
f 2582/2582/2315 2335/2335/961 2334/2334/2110
f 2582/2582/2315 2334/2334/2110 2321/2321/2097
f 2582/2582/2315 2321/2321/2097 2320/2320/2096
f 2584/2584/2316 2579/2579/2312 2578/2578/2311
f 2584/2584/2316 2578/2578/2311 2585/2585/1190
f 2584/2584/2316 2585/2585/1190 1991/1991/631
f 2584/2584/2316 1991/1991/631 1990/1990/1786
f 2584/2584/2316 1990/1990/1786 1997/1997/1791
f 2584/2584/2316 1997/1997/1791 2586/2586/2317
f 2584/2584/2316 2586/2586/2317 1780/1780/1596
f 2584/2584/2316 1780/1780/1596 2579/2579/2312
f 2587/2587/2318 1781/1781/1597 1780/1780/1596
f 2587/2587/2318 1780/1780/1596 2586/2586/2317
f 2587/2587/2318 2586/2586/2317 1997/1997/1791
f 2587/2587/2318 1997/1997/1791 2581/2581/2314
f 2587/2587/2318 2581/2581/2314 2366/2366/2132
f 2587/2587/2318 2366/2366/2132 2365/2365/2131
f 2587/2587/2318 2365/2365/2131 1782/1782/1598
f 2587/2587/2318 1782/1782/1598 1781/1781/1597
f 2588/2588/2319 2589/2589/2320 2590/2590/2321
f 2588/2588/2319 2590/2590/2321 2591/2591/2322
f 2588/2588/2319 2591/2591/2322 2592/2592/2323
f 2588/2588/2319 2592/2592/2323 2593/2593/2324
f 2588/2588/2319 2593/2593/2324 2594/2594/2325
f 2588/2588/2319 2594/2594/2325 2595/2595/2326
f 2588/2588/2319 2595/2595/2326 2596/2596/2327
f 2588/2588/2319 2596/2596/2327 2589/2589/2320
f 2597/2597/2328 2598/2598/2329 2599/2599/2330
f 2597/2597/2328 2599/2599/2330 2600/2600/2331
f 2597/2597/2328 2600/2600/2331 2601/2601/2332
f 2597/2597/2328 2601/2601/2332 2602/2602/2333
f 2597/2597/2328 2602/2602/2333 2592/2592/2323
f 2597/2597/2328 2592/2592/2323 2591/2591/2322
f 2597/2597/2328 2591/2591/2322 2590/2590/2321
f 2597/2597/2328 2590/2590/2321 2598/2598/2329
f 2603/2603/2334 2604/2604/2335 2605/2605/2336
f 2603/2603/2334 2605/2605/2336 2606/2606/2337
f 2607/2607/2334 2608/2608/2337 2609/2609/2338
f 2607/2607/2334 2609/2609/2338 2610/2610/2339
f 2607/2607/2334 2610/2610/2339 2611/2611/2340
f 2607/2607/2334 2611/2611/2340 2612/2612/2341
f 2603/2603/2334 2613/2613/2341 2614/2614/2342
f 2603/2603/2334 2614/2614/2342 2604/2604/2335
f 2615/2615/2343 2602/2602/2333 2601/2601/2332
f 2615/2615/2343 2601/2601/2332 2616/2616/2344
f 2615/2615/2343 2616/2616/2344 2605/2605/2336
f 2615/2615/2343 2605/2605/2336 2604/2604/2335
f 2615/2615/2343 2604/2604/2335 2614/2614/2342
f 2615/2615/2343 2614/2614/2342 2617/2617/2345
f 2615/2615/2343 2617/2617/2345 2592/2592/2323
f 2615/2615/2343 2592/2592/2323 2602/2602/2333
f 2618/2618/2346 2610/2610/2339 2609/2609/2338
f 2618/2618/2346 2609/2609/2338 2619/2619/2347
f 2618/2618/2346 2619/2619/2347 2599/2599/2330
f 2618/2618/2346 2599/2599/2330 2598/2598/2329
f 2618/2618/2346 2598/2598/2329 2590/2590/2321
f 2618/2618/2346 2590/2590/2321 2620/2620/2348
f 2618/2618/2346 2620/2620/2348 2611/2611/2340
f 2618/2618/2346 2611/2611/2340 2610/2610/2339
f 2621/2621/2349 2622/2622/2350 2594/2594/2325
f 2621/2621/2349 2594/2594/2325 2623/2623/2351
f 2621/2621/2349 2623/2623/2351 2624/2624/2352
f 2621/2621/2349 2624/2624/2352 2625/2625/2353
f 2621/2621/2349 2625/2625/2353 2626/2626/2354
f 2621/2621/2349 2626/2626/2354 2627/2627/2355
f 2621/2621/2349 2627/2627/2355 2628/2628/2356
f 2621/2621/2349 2628/2628/2356 2622/2622/2350
f 2629/2629/2357 2630/2630/2358 2614/2614/2342
f 2629/2629/2357 2614/2614/2342 2613/2613/2341
f 2631/2631/2357 2612/2612/2341 2611/2611/2340
f 2631/2631/2357 2611/2611/2340 2632/2632/2359
f 2631/2631/2357 2632/2632/2359 2633/2633/2360
f 2631/2631/2357 2633/2633/2360 2634/2634/2361
f 2629/2629/2357 2635/2635/2361 2624/2624/2352
f 2629/2629/2357 2624/2624/2352 2630/2630/2358
f 2636/2636/2362 2593/2593/2324 2592/2592/2323
f 2636/2636/2362 2592/2592/2323 2617/2617/2345
f 2636/2636/2362 2617/2617/2345 2614/2614/2342
f 2636/2636/2362 2614/2614/2342 2630/2630/2358
f 2636/2636/2362 2630/2630/2358 2624/2624/2352
f 2636/2636/2362 2624/2624/2352 2623/2623/2351
f 2636/2636/2362 2623/2623/2351 2594/2594/2325
f 2636/2636/2362 2594/2594/2325 2593/2593/2324
f 2637/2637/2363 2632/2632/2359 2611/2611/2340
f 2637/2637/2363 2611/2611/2340 2620/2620/2348
f 2637/2637/2363 2620/2620/2348 2590/2590/2321
f 2637/2637/2363 2590/2590/2321 2589/2589/2320
f 2637/2637/2363 2589/2589/2320 2596/2596/2327
f 2637/2637/2363 2596/2596/2327 2638/2638/2364
f 2637/2637/2363 2638/2638/2364 2633/2633/2360
f 2637/2637/2363 2633/2633/2360 2632/2632/2359
f 2639/2639/2365 2640/2640/2366 2641/2641/2367
f 2639/2639/2365 2641/2641/2367 2642/2642/2368
f 2639/2639/2365 2642/2642/2368 2643/2643/2369
f 2639/2639/2365 2643/2643/2369 2644/2644/2370
f 2639/2639/2365 2644/2644/2370 2645/2645/2371
f 2639/2639/2365 2645/2645/2371 2646/2646/2372
f 2639/2639/2365 2646/2646/2372 2647/2647/2373
f 2639/2639/2365 2647/2647/2373 2640/2640/2366
f 2648/2648/2374 2649/2649/2375 2633/2633/2360
f 2648/2648/2374 2633/2633/2360 2638/2638/2364
f 2648/2648/2374 2638/2638/2364 2596/2596/2327
f 2648/2648/2374 2596/2596/2327 2650/2650/2376
f 2648/2648/2374 2650/2650/2376 2643/2643/2369
f 2648/2648/2374 2643/2643/2369 2642/2642/2368
f 2648/2648/2374 2642/2642/2368 2641/2641/2367
f 2648/2648/2374 2641/2641/2367 2649/2649/2375
f 2651/2651/2377 2650/2650/2376 2596/2596/2327
f 2651/2651/2377 2596/2596/2327 2595/2595/2326
f 2651/2651/2377 2595/2595/2326 2594/2594/2325
f 2651/2651/2377 2594/2594/2325 2622/2622/2350
f 2651/2651/2377 2622/2622/2350 2628/2628/2356
f 2651/2651/2377 2628/2628/2356 2652/2652/2378
f 2651/2651/2377 2652/2652/2378 2643/2643/2369
f 2651/2651/2377 2643/2643/2369 2650/2650/2376
f 2653/2653/2379 2625/2625/2353 2624/2624/2352
f 2653/2653/2379 2624/2624/2352 2635/2635/2361
f 2654/2654/2379 2634/2634/2361 2633/2633/2360
f 2654/2654/2379 2633/2633/2360 2649/2649/2375
f 2654/2654/2379 2649/2649/2375 2641/2641/2367
f 2654/2654/2379 2641/2641/2367 2655/2655/2380
f 2653/2653/2379 2656/2656/2381 2626/2626/2354
f 2653/2653/2379 2626/2626/2354 2625/2625/2353
f 2657/2657/2382 2658/2658/2383 2645/2645/2371
f 2657/2657/2382 2645/2645/2371 2659/2659/2384
f 2657/2657/2382 2659/2659/2384 2660/2660/2385
f 2657/2657/2382 2660/2660/2385 2661/2661/2386
f 2657/2657/2382 2661/2661/2386 2662/2662/2387
f 2657/2657/2382 2662/2662/2387 2663/2663/2388
f 2657/2657/2382 2663/2663/2388 2664/2664/2389
f 2657/2657/2382 2664/2664/2389 2658/2658/2383
f 2665/2665/2390 2644/2644/2370 2643/2643/2369
f 2665/2665/2390 2643/2643/2369 2652/2652/2378
f 2665/2665/2390 2652/2652/2378 2628/2628/2356
f 2665/2665/2390 2628/2628/2356 2666/2666/2391
f 2665/2665/2390 2666/2666/2391 2660/2660/2385
f 2665/2665/2390 2660/2660/2385 2659/2659/2384
f 2665/2665/2390 2659/2659/2384 2645/2645/2371
f 2665/2665/2390 2645/2645/2371 2644/2644/2370
f 2667/2667/2392 2668/2668/2393 2626/2626/2354
f 2667/2667/2392 2626/2626/2354 2656/2656/2381
f 2669/2669/2394 2655/2655/2380 2641/2641/2367
f 2669/2669/2394 2641/2641/2367 2640/2640/2366
f 2669/2669/2394 2640/2640/2366 2647/2647/2373
f 2669/2669/2394 2647/2647/2373 2670/2670/2395
f 2667/2667/2392 2671/2671/2395 2672/2672/2396
f 2667/2667/2392 2672/2672/2396 2668/2668/2393
f 2673/2673/2397 2666/2666/2391 2628/2628/2356
f 2673/2673/2397 2628/2628/2356 2627/2627/2355
f 2673/2673/2397 2627/2627/2355 2626/2626/2354
f 2673/2673/2397 2626/2626/2354 2668/2668/2393
f 2673/2673/2397 2668/2668/2393 2672/2672/2396
f 2673/2673/2397 2672/2672/2396 2674/2674/2398
f 2673/2673/2397 2674/2674/2398 2660/2660/2385
f 2673/2673/2397 2660/2660/2385 2666/2666/2391
f 2675/2675/2399 2676/2676/2400 2662/2662/2387
f 2675/2675/2399 2662/2662/2387 2677/2677/2401
f 2675/2675/2399 2677/2677/2401 2678/2678/2402
f 2675/2675/2399 2678/2678/2402 2679/2679/2403
f 2675/2675/2399 2679/2679/2403 2680/2680/2404
f 2675/2675/2399 2680/2680/2404 2681/2681/2405
f 2675/2675/2399 2681/2681/2405 2682/2682/2406
f 2675/2675/2399 2682/2682/2406 2676/2676/2400
f 2683/2683/2407 2684/2684/2408 2672/2672/2396
f 2683/2683/2407 2672/2672/2396 2671/2671/2395
f 2685/2685/2407 2670/2670/2395 2647/2647/2373
f 2685/2685/2407 2647/2647/2373 2686/2686/2409
f 2685/2685/2407 2686/2686/2409 2687/2687/2410
f 2685/2685/2407 2687/2687/2410 2688/2688/2411
f 2683/2683/2407 2689/2689/2411 2678/2678/2402
f 2683/2683/2407 2678/2678/2402 2684/2684/2408
f 2690/2690/2412 2661/2661/2386 2660/2660/2385
f 2690/2690/2412 2660/2660/2385 2674/2674/2398
f 2690/2690/2412 2674/2674/2398 2672/2672/2396
f 2690/2690/2412 2672/2672/2396 2684/2684/2408
f 2690/2690/2412 2684/2684/2408 2678/2678/2402
f 2690/2690/2412 2678/2678/2402 2677/2677/2401
f 2690/2690/2412 2677/2677/2401 2662/2662/2387
f 2690/2690/2412 2662/2662/2387 2661/2661/2386
f 2691/2691/2413 2686/2686/2409 2647/2647/2373
f 2691/2691/2413 2647/2647/2373 2646/2646/2372
f 2691/2691/2413 2646/2646/2372 2645/2645/2371
f 2691/2691/2413 2645/2645/2371 2658/2658/2383
f 2691/2691/2413 2658/2658/2383 2664/2664/2389
f 2691/2691/2413 2664/2664/2389 2692/2692/2414
f 2691/2691/2413 2692/2692/2414 2687/2687/2410
f 2691/2691/2413 2687/2687/2410 2686/2686/2409
f 2693/2693/2415 2694/2694/2416 2695/2695/2417
f 2693/2693/2415 2695/2695/2417 2696/2696/2418
f 2693/2693/2415 2696/2696/2418 2697/2697/2419
f 2693/2693/2415 2697/2697/2419 2698/2698/2420
f 2699/2699/2415 2698/2698/2420 2682/2682/2406
f 2699/2699/2415 2682/2682/2406 2681/2681/2405
f 2699/2699/2415 2681/2681/2405 2680/2680/2404
f 2699/2699/2415 2680/2680/2404 2700/2700/2416
f 2701/2701/2421 2702/2702/2422 2687/2687/2410
f 2701/2701/2421 2687/2687/2410 2692/2692/2414
f 2701/2701/2421 2692/2692/2414 2664/2664/2389
f 2701/2701/2421 2664/2664/2389 2703/2703/2423
f 2701/2701/2421 2703/2703/2423 2697/2697/2419
f 2701/2701/2421 2697/2697/2419 2696/2696/2418
f 2701/2701/2421 2696/2696/2418 2695/2695/2417
f 2701/2701/2421 2695/2695/2417 2702/2702/2422
f 2704/2704/2424 2703/2703/2423 2664/2664/2389
f 2704/2704/2424 2664/2664/2389 2663/2663/2388
f 2704/2704/2424 2663/2663/2388 2662/2662/2387
f 2704/2704/2424 2662/2662/2387 2676/2676/2400
f 2704/2704/2424 2676/2676/2400 2682/2682/2406
f 2704/2704/2424 2682/2682/2406 2698/2698/2420
f 2704/2704/2424 2698/2698/2420 2697/2697/2419
f 2704/2704/2424 2697/2697/2419 2703/2703/2423
f 2705/2705/2425 2679/2679/2403 2678/2678/2402
f 2705/2705/2425 2678/2678/2402 2689/2689/2411
f 2706/2706/2425 2688/2688/2411 2687/2687/2410
f 2706/2706/2425 2687/2687/2410 2702/2702/2422
f 2706/2706/2425 2702/2702/2422 2695/2695/2417
f 2706/2706/2425 2695/2695/2417 2694/2694/2416
f 2705/2705/2425 2700/2700/2416 2680/2680/2404
f 2705/2705/2425 2680/2680/2404 2679/2679/2403
